start_time_ms,open,high,low,close,volume,turnover
1755820800000,112462.7,113499.9,112277.2,112903.7,9363.3,1058235416.3025
1755835200000,112903.7,113364.4,112667.8,113050.8,5809.095,656716392.9323
1755849600000,113050.8,113280,112137.8,112280,7320.209,825235362.8179
1755864000000,112280,117276.2,111618.8,116313.7,62201.895,7129736737.51
1755878400000,116313.7,117374.5,116042.1,116604.4,19276.893,2248416938.7048
1755892800000,116604.4,117144.6,116518.3,116899.8,6878.312,803609353.2938
1755907200000,116899.8,116998,115432,115530.1,10243.135,1188653694.4251
1755921600000,115530.1,116000,115503.9,115788.4,4884.633,565606772.6996
1755936000000,115788.4,115861.5,115180,115270,4642.707,536424926.0626
1755950400000,115270,115457.9,114504.7,114792.4,13557.75,1557739354.0261
1755964800000,114792.4,115206.5,114660.9,115136.8,5193.9,597422837.1686
1755979200000,115136.8,115413,114985.8,115404.8,2452.561,282580931.7513
1755993600000,115404.8,115656.7,114943.1,115042.5,5591.194,644798080.5646
1756008000000,115042.5,115284.5,114846,114880.7,3040.78,349780260.1415
1756022400000,114880.7,115078.1,114602,114745.2,4757.169,546094994.1996
1756036800000,114745.2,114887.8,114312.8,114420.1,8162.381,935545427.4856
1756051200000,114420.1,114950,110551,112595.1,39417.701,4452166985.0052
1756065600000,112595.1,113677.4,111626,113474.8,16230.964,1830270260.4272
1756080000000,113474.8,113649.9,112133.4,112890,11480.902,1296540890.8506
1756094400000,112890,113040,111257.5,111466.7,18341.951,2055350789.689
1756108800000,111466.7,111828.8,110906.9,111199.9,16415.604,1827586699.4606
1756123200000,111199.9,112576.5,110552,112172.3,20922.524,2335264009.1731
1756137600000,112172.3,112945.4,110600,110664.1,16697.041,1871206673.3848
1756152000000,110664.1,111083,109222.6,110069.7,31922.271,3511085563.4547
1756166400000,110069.7,110069.7,108669,109846,17172.018,1879231236.364
1756180800000,109846,110499.9,109706.1,110259.1,8944.842,984786285.4037
1756195200000,110259.1,110415.4,109527.9,109853,8237.502,906533804.3954
1756209600000,109853,110793.1,109334.2,109623,21147.404,2327362326.8578
1756224000000,109623,111120.5,109412.5,111086.2,11713.07,1292253192.1147
1756238400000,111086.2,112342.4,110874,111723.1,10519.732,1174479737.8585
1756252800000,111723.1,111801,110877.7,111387.5,7700,857198457.5437
1756267200000,111387.5,111699.6,110582.7,110686,6311.701,701615890.0594
1756281600000,110686,111330.6,110312.1,111265,6370.653,706053794.7728
1756296000000,111265,112589.9,110951.4,111961.2,16796.74,1877047200.0819
1756310400000,111961.2,112588,111500,112037.4,9320.484,1044505733.7366
1756324800000,112037.4,112444.2,110823.9,111184.3,16618.977,1854776825.0936
1756339200000,111184.3,111990.2,110781.5,111945.9,5995.346,668232189.9081
1756353600000,111945.9,113345.4,111888.3,113077,11921.362,1345479228.093
1756368000000,113077,113310,112772.9,112880.2,5509.586,622684672.7913
1756382400000,112880.2,113433,112330.1,112620.5,13659.199,1541460356.912
1756396800000,112620.5,113150,111828,111842.6,10858.508,1220288818.9092
1756411200000,111842.6,112538.3,111810.1,112511.4,6012.781,674259638.7814
1756425600000,112511.4,112616.4,111250,111642,9685.155,1082070969.2327
1756440000000,111642,111800,109832.5,109946.7,14493.587,1605171158.6655
1756454400000,109946.7,110220,109346.7,110039.5,12848.76,1410819481.8787
1756468800000,110039.5,111490.7,108063.3,108336.7,35863.268,3924038419.3144
1756483200000,108336.7,108788,107888,108180.8,11317.474,1226086014.4735
1756497600000,108180.8,108530.4,107432.6,108355.3,11344.374,1224805997.5145
1756512000000,108355.3,108398,107300,108393.9,7674.033,828384985.3202
1756526400000,108393.9,108637.8,108075,108466.8,5141.158,557102054.5324
1756540800000,108466.8,108739.5,108376,108652.3,3958.408,429704859.7678
1756555200000,108652.3,108902.3,108176,108834.7,6451.695,700395868.1865
1756569600000,108834.7,108900,108583.3,108814.5,3096.432,336735345.8658
1756584000000,108814.5,108821,108436.9,108780.7,2932.073,318418382.6627
1756598400000,108780.7,109444,108763.9,109179.3,6424.515,701501872.794
1756612800000,109179.3,109191.1,108455,108640.4,4888.834,531444079.0511
1756627200000,108640.4,109065.4,108237.1,108335,7315.783,794404355.7418
1756641600000,108335,108814.7,108135.9,108750,5937.996,643657232.0772
1756656000000,108750,109197.5,108485.3,108887.9,4796.621,522218106.1855
1756670400000,108887.9,109199.1,108008.4,108200,7353.855,798862654.2024
1756684800000,108200,108447.3,107340,107607.5,13245.115,1428024444.4343
1756699200000,107607.5,109394.5,107202,109390,14153.699,1531162890.5938
1756713600000,109390,109872.8,108150,108741.7,17602.001,1921093045.2806
1756728000000,108741.7,109491.4,108529.5,108749.1,11993.682,1307592193.4601
1756742400000,108749.1,109300,108351,109188.4,6826.951,743207856.3073
1756756800000,109188.4,109423.4,107408,109191.8,16252.206,1760994983.9668
1756771200000,109191.8,110595,108850,110302.8,12754.642,1399579471.2446
1756785600000,110302.8,110590,109953,110200,6180.443,681247326.8241
1756800000000,110200,110767,109518.1,109700,9746.668,1074182332.2859
1756814400000,109700,111730,108320.7,110793.9,40130.691,4424025359.8507
1756828800000,110793.9,111102.5,110142,110746.8,10544.822,1166860179.7397
1756843200000,110746.8,111534,110655.6,111217.7,8778.065,975547201.8649
1756857600000,111217.7,111771.6,110851.8,111001.4,7300.071,812234187.0793
1756872000000,111001.4,111138.6,110476.8,111050.2,4981.308,551866583.4662
1756886400000,111050.2,111680,110854,111400.9,7295.342,811946975.824
1756900800000,111400.9,112500,110985.9,112189,24287.115,2713696775.0719
1756915200000,112189,112557,111640,112146,9191.479,1030183871.4863
1756929600000,112146,112219.9,111546.8,111661.8,3539.461,396123318.4699
1756944000000,111661.8,112138.3,111089,111110,8754.449,976642481.8146
1756958400000,111110,111285.9,110208.8,110413.7,13294.02,1470918433.5242
1756972800000,110413.7,111107.6,110364.8,110760.6,6766.661,749534701.2901
1756987200000,110760.6,111081.4,109276.7,109450.1,19907.769,2190775370.7356
1757001600000,109450.1,110161.6,109300,109747.1,10336.928,1134285529.9096
1757016000000,109747.1,111753.6,109693.7,110685.5,10721.917,1187962290.3508
1757030400000,110685.5,111450,110402.2,111276.1,8558.507,949487297.4774
1757044800000,111276.1,112985.7,111100.1,112913,14441.047,1620109212.5353
1757059200000,112913,112959,112100,112300.1,9787.327,1100586768.4124
1757073600000,112300.1,113369.4,110211.8,110659.7,55275.076,6187440697.4448
1757088000000,110659.7,111569.2,110155,111550.2,12362.462,1370230661.0426
1757102400000,111550.2,111660.7,110282.7,110623.1,12652.42,1403060112.0358
1757116800000,110623.1,111258,110505.4,111048,3434.525,380835057.2884
1757131200000,111048,111048.1,110646.4,110771,2535.333,280828954.143
1757145600000,110771,110903,110604.2,110725.5,2440.559,270254652.0292
1757160000000,110725.5,110932.6,110300,110339.4,3589.18,397140440.4966
1757174400000,110339.4,110363,109888,110000,8197.439,902612029.2841
1757188800000,110000,110234.4,109984.3,110131.5,2152.336,236983734.951
1757203200000,110131.5,110723.9,110119.4,110595.6,4214.41,465496210.613
1757217600000,110595.6,110873.7,110416.9,110715.8,3969.393,438946601.3766
1757232000000,110715.8,111317.7,110673.1,111248.3,6327.095,702773648.3178
1757246400000,111248.3,111365,110994.4,111290,3301.925,367038048.9603
1757260800000,111290,111336.8,110812.4,111220.1,4175.036,463663794.5508
1757275200000,111220.1,111558,110952.5,111086.7,4743.632,527689660.9004
1757289600000,111086.7,111346.4,110555.3,110999.6,10760.518,1193459325.099
1757304000000,110999.6,111555,110844,111229.9,5381.156,598261092.5029
1757318400000,111229.9,112147.7,111190.1,112020.1,12431.365,1389976402.7861
1757332800000,112020.1,112871.4,111832,112587.3,14637.27,1644074159.4833
1757347200000,112587.3,112630,111910,112036.8,8621.971,967947498.3022
1757361600000,112036.8,112470.1,111832.6,112011.3,4468.694,500996380.9878
1757376000000,112011.3,112056.9,111059.9,111641.8,13611.691,1517119941.0482
1757390400000,111641.8,113238.1,111551,112958.4,15239.682,1715346130.6324
1757404800000,112958.4,113137.7,112354.7,112388.7,6495.609,732622631.2708
1757419200000,112388.7,112900,110706.4,110821.8,25819.943,2886739017.3058
1757433600000,110821.8,111346.1,110713.2,111232.9,7939.564,881482632.4859
1757448000000,111232.9,111698,111021.6,111500,6835.215,761269674.4222
1757462400000,111500,111550,110865,111506.3,7341.947,816366196.0077
1757476800000,111506.3,112542.7,111255.8,112486.6,10672.874,1193358074.986
1757491200000,112486.6,112812.3,112045.6,112267.2,10517.78,1182434032.5073
1757505600000,112267.2,114250,112262.9,113811.9,32925.382,3737909089.4137
1757520000000,113811.9,114035,113100,113514.1,11612.872,1318454549.0469
1757534400000,113514.1,113969,113464,113890,7270.586,826971032.0915
1757548800000,113890,114394.7,113608.1,114340.9,6229.538,710185041.4689
1757563200000,114340.9,114414.6,113895.1,114039,7763.66,886022215.4968
1757577600000,114039,114152.1,113710.1,113965.1,7894.003,899263630.727
1757592000000,113965.1,114709,113242,114117.6,34381.165,3921622728.1536
1757606400000,114117.6,114572.5,114046.8,114369,6116.956,699363534.6864
1757620800000,114369,115446.1,114183,115440.1,11134.668,1279849177.0664
1757635200000,115440.1,116249.9,115001,115138.7,17808.696,2058650467.9745
1757649600000,115138.7,115620.2,115043.4,115056.6,7516.81,866932359.4075
1757664000000,115056.6,115240,114834.4,114885.7,7121.842,818865349.6717
1757678400000,114885.7,115441.9,114700.8,115061.8,10748.814,1236650176.4419
1757692800000,115061.8,116600,114974.4,116560,14612.311,1694670984.5874
1757707200000,116560,116560.1,115630.5,115972,9527.769,1105331112.6856
1757721600000,115972,116222,115451.5,115907.8,7135.216,826560912.1219
1757736000000,115907.8,115907.9,115594,115713.7,3240.675,374953590.3568
1757750400000,115713.7,116147.1,115709.7,115923.7,4569.561,529737579.793
1757764800000,115923.7,116012.1,115561.2,115729.5,5177.038,599275779.542
1757779200000,115729.5,115775.6,114978.2,115733.2,10478.453,1209059644.081
1757793600000,115733.2,115972.2,115693.4,115849.6,4472.572,518138147.7862
1757808000000,115849.6,116057.7,115581.5,115617.2,5017.103,581011473.7517
1757822400000,115617.2,115889.8,115380,115737,5523.082,638864438.379
1757836800000,115737,116117.8,115690,115750,4415.258,511728349.3817
1757851200000,115750,115820.7,115100,115167,8881.464,1024711842.6932
1757865600000,115167,115617.6,115135.3,115593,3680.787,424853443.0317
1757880000000,115593,116049.9,115060.1,115214.4,7171.536,828977348.3016
1757894400000,115214.4,115530,114741.6,115381.9,8430.524,970181180.4747
1757908800000,115381.9,116761.3,115340,115770,18635.998,2163401991.1645
1757923200000,115770,115775.6,114526.9,115006,16788.03,1930225996.7909
1757937600000,115006,115049.2,114316.3,114801.3,14245.806,1633382560.1885
1757952000000,114801.3,115551.2,114524.7,115259.9,10211.671,1174244459.0907
1757966400000,115259.9,115570.2,115158,115315.6,3302.903,380928716.8132
1757980800000,115315.6,115481.7,114888,115268.4,4804.093,553222560.8937
1757995200000,115268.4,115982.1,114894.6,115796.4,8871.887,1026024374.8184
1758009600000,115796.4,115949,115134.1,115225.1,6433.919,742768662.892
1758024000000,115225.1,115870,114688,115869.9,15104.354,1739024798.4857
1758038400000,115869.9,116883.6,115561.8,116753.3,17348.454,2018735011.1906
1758052800000,116753.3,116947.3,116547.6,116748.9,6171.927,720687897.1854
1758067200000,116748.9,117050,116298.4,116300.3,6086.511,709778239.9692
1758081600000,116300.3,117239.5,116100,117118.2,11250.753,1314013905.512
1758096000000,117118.2,117146.8,116200,116203.2,8679.868,1011859789.7593
1758110400000,116203.2,116489,115337.8,115822.7,16059.675,1860881938.846
1758124800000,115822.7,116266,114710,115610.1,37253.043,4305226413.8489
1758139200000,115610.1,116950,115271.4,116400.2,11527.13,1339495446.6341
1758153600000,116400.2,117864,115980.1,117560.1,16953.706,1984434408.5319
1758168000000,117560.1,117735.8,116859,117031.2,8682.884,1018053562.2947
1758182400000,117031.2,117400,116955,117026.5,5091.974,596594601.5726
1758196800000,117026.5,117800,116920,117536.4,13605.449,1597342131.8661
1758211200000,117536.4,117884,117081.8,117404.7,9078.561,1067245846.8036
1758225600000,117404.7,117620.1,116557.9,117023.5,9607.42,1124202441.2007
1758240000000,117023.5,117417.6,116809.1,116923.8,5994.872,702067744.9786
1758254400000,116923.8,117061.6,116575,116856.1,6672.687,779437404.5888
1758268800000,116856.1,117058.9,116237.7,116332.2,7611.82,887256280.458
1758283200000,116332.2,116493.4,115408,115816,15004.747,1739503260.2334
1758297600000,115816,116100,115050,115069.5,8210.248,948536893.3823
1758312000000,115069.5,115614.6,115035,115572.9,3928.015,453171814.6427
1758326400000,115572.9,115692.8,115360,115406.2,2957.473,341740584.2721
1758340800000,115406.2,115942,115366.1,115928.6,3292.013,380857318.0921
1758355200000,115928.6,115931.2,115606,115843.7,3103.5,359275205.3765
1758369600000,115843.7,116093.6,115755.1,115958.3,2888.104,334820420.4909
1758384000000,115958.3,116050,115634.1,115634.1,2980.05,345087832.3802
1758398400000,115634.1,115896.2,115558.2,115628.9,1611.906,186516224.4734
1758412800000,115628.9,115680.6,115390,115625,2592.303,299538668.5384
1758427200000,115625,115775,115454.9,115775,2006.946,232070479.1181
1758441600000,115775,115779.6,115260.1,115564.4,3146.672,363443676.8672
1758456000000,115564.4,115717.8,115414,115466.4,2175.992,251490647.9321
1758470400000,115466.4,115623.8,115117.3,115430,6123.735,706411976.7568
1758484800000,115430,115507.4,115140,115173.4,3860.689,445109450.7594
1758499200000,115173.4,115340.2,114079.8,114609.7,18102.809,2073193268.1735
1758513600000,114609.7,114618.1,111500,112458.5,37434.71,4222724227.6329
1758528000000,112458.5,112914.6,112111.2,112810.9,11107.723,1249579335.623
1758542400000,112810.9,113380.1,112307,112764.2,14871.202,1677872702.1206
1758556800000,112764.2,112833.4,111892,112058.8,8819.87,990797847.1592
1758571200000,112058.8,112936.6,111918.4,112600.7,5633.801,634006328.3683
1758585600000,112600.7,112782.6,111410,112283.5,10117.131,1133739343.886
1758600000000,112283.5,113076.8,111800,113025,9810.654,1105567443.8257
1758614400000,113025,113200,112616.6,112924.9,7415.94,837479829.014
1758628800000,112924.9,113247.1,112424.9,112819.7,11339.71,1279209245.6645
1758643200000,112819.7,112900,111471,111590,13182.788,1477508010.1331
1758657600000,111590,112179.6,111350.7,111937.5,6189.678,692265121.284
1758672000000,111937.5,112444,111603.3,111627.3,9147.227,1024965221.1232
1758686400000,111627.3,112739.5,110904.2,112537.6,14337.704,1604439804.3954
1758700800000,112537.6,113122.4,112330.3,112977.4,7061.434,796170113.3723
1758715200000,112977.4,113850,112750.1,113300,16782.779,1902333712.1924
1758729600000,113300,113900,113100.5,113370,7681.941,872250198.8262
1758744000000,113370,113595,113154.8,113255.5,3441.296,390189914.3053
1758758400000,113255.5,113457.3,112103.6,112476.1,13883.704,1564927085.2372
1758772800000,112476.1,112566.7,111373.6,111719.9,13887.543,1551966035.5414
1758787200000,111719.9,112199,111181.3,111289.1,9116.482,1018013857.6222
1758801600000,111289.1,111683.8,110517,111537.1,27809.11,3091867460.4545
1758816000000,111537.1,111625.5,108560,109332.3,31450.077,3450285045.8871
1758830400000,109332.3,109637,108676.7,108931.3,10307.936,1125658434.363
1758844800000,108931.3,109764,108738.7,109524.6,8893.618,972727307.3901
1758859200000,109524.6,109593.5,108833.4,109254.9,9010.169,984063568.0044
1758873600000,109254.9,109651.7,108550,109080.7,10058.867,1097315739.9383
1758888000000,109080.7,109758,108700,108972,15269.006,1667345958.7366
1758902400000,108972,110255.6,108951.5,109111.5,13196.803,1445845696.377
1758916800000,109111.5,109640,109033.2,109592.1,4643.722,507708665.3562
1758931200000,109592.1,109710.9,109261.6,109501.3,4933.049,539963528.1203
1758945600000,109501.3,109689.2,109286.9,109359.2,2311.744,253104507.2323
1758960000000,109359.2,109442.5,108988,109276.1,4641.913,506951260.145
1758974400000,109276.1,109434,109113.9,109342.4,3050.489,333338868.3331
1758988800000,109342.4,109400.6,109190.2,109380,2219.197,242609051.7229
1759003200000,109380,109665.5,109296.3,109585.6,2359.515,258344098.6337
1759017600000,109585.6,109747,109271,109395.1,4147.366,453943377.9413
1759032000000,109395.1,109509.4,109180.7,109469.8,1967.182,215103471.12
1759046400000,109469.8,109549,109180.7,109325.7,5106.828,558572262.4044
1759060800000,109325.7,110000,109133.8,109990.9,6439.838,705593079.7317
1759075200000,109990.9,110355,109965.2,110302.9,5917.69,651975854.8965
1759089600000,110302.9,112345.9,110242,112133.5,15317.63,1707338689.9347
1759104000000,112133.5,112282.3,111534.8,111825.9,8902.918,996114696.1229
1759118400000,111825.9,111855.6,111487.2,111820.2,5668.647,633005339.3349
1759132800000,111820.2,112415.9,111818.1,112065.9,7436.562,833347772.8975
1759147200000,112065.9,114199.5,111864,113762.5,25200.169,2855055064.1719
1759161600000,113762.5,114350,113409.4,114208.6,9492.35,1081441062.5702
1759176000000,114208.6,114377.1,113957.1,114251.4,4862.841,555327955.7577
1759190400000,114251.4,114825.7,113970.5,114311.2,9023.73,1032444928.7102
1759204800000,114311.2,114311.3,113530,113661.6,8402.876,956928479.7937
1759219200000,113661.6,113699.4,112603.9,112992,13070.582,1477943224.729
1759233600000,112992,113630,112788,113063.4,12849.302,1454070694.9665
1759248000000,113063.4,114522,112726.8,114314.7,11490.975,1305356353.1104
1759262400000,114314.7,114751.4,113716.8,114013.8,10164.905,1161292954.9585
1759276800000,114013.8,114523.9,113913.8,114134.1,8514.401,972935025.6995
1759291200000,114134.1,114700,114079.1,114493.4,7869.533,900598524.5557
1759305600000,114493.4,116759.9,114435,116730,30615.837,3547107984.2418
1759320000000,116730,117605.4,116300,117367.5,16710.362,1954265944.2269
1759334400000,117367.5,118150,116678.7,117369.3,15336.474,1800923922.7453
1759348800000,117369.3,118644,117101,118555.4,11677.829,1377343646.3591
1759363200000,118555.4,119416,118331.2,118688.5,16596.443,1972122617.0617
1759377600000,118688.5,118902.8,118202.7,118443.6,8798.882,1042479399.3503
1759392000000,118443.6,118920.8,118291.1,118703.9,5907.17,700735106.9288
1759406400000,118703.9,119872.3,118445,119865.8,28684.202,3421002386.9802
1759420800000,119865.8,120994.2,119284.6,120776.6,24736.882,2972646208.5098
1759435200000,120776.6,120861.9,120002,120484,8263.312,994891689.4738
1759449600000,120484,120506,119736.7,120168.9,7470.901,897295525.8819
1759464000000,120168.9,120276.8,119556.9,119584.8,7212.331,864342960.616
1759478400000,119584.8,120468.7,119160,120287,9792.522,1174622690.8345
1759492800000,120287,122333,119805,122222.9,23230.569,2809179634.8107
1759507200000,122222.9,123858.6,121420.5,122590,48849.484,5992970095.4866
1759521600000,122590,122669,121934,122180.2,5593.236,683985790.757
1759536000000,122180.2,122330.7,121628,122182.8,6110.615,745109243.9679
1759550400000,122182.8,122767.7,122160.3,122258.6,6163.078,754489018.527
1759564800000,122258.6,122495.6,121884.2,121914.5,4944.123,604015342.8279
1759579200000,121914.5,122490.4,121648.6,121754.7,7556.227,922272409.1431
1759593600000,121754.7,121922,121472.9,121921.9,5157.92,627706536.0041
1759608000000,121921.9,122380,121828,122359.3,3758.241,458920838.6264
1759622400000,122359.3,124384.4,122082.6,123730.2,19733.433,2437209514.8221
1759636800000,123730.2,125849.7,123683,124682.8,29576.209,3696253961.3007
1759651200000,124682.8,124815.7,122461.7,123414.4,26607.863,3283222802.5574
1759665600000,123414.4,123414.5,122601.8,122753.1,8824.977,1085973204.4695
1759680000000,122753.1,123483,122104,122543.9,12575.617,1544714052.9701
1759694400000,122543.9,123577.6,122418.7,123447.9,5971.852,734950810.5739
1759708800000,123447.9,124331,122989.1,123783.1,19747.88,2442782187.7859
1759723200000,123783.1,124140.7,123230,123344.1,9047.359,1118621830.7263
1759737600000,123344.1,124535.7,123344.1,124165.7,9714.79,1204677755.2662
1759752000000,124165.7,125396.8,124117.3,124944.7,19962.539,2490413832.4229
1759766400000,124944.7,126150,124750,125329.4,21101.736,2647403400.6116
1759780800000,125329.4,125482.5,124403.3,124606.1,9562.079,1194460381.4087
1759795200000,124606.1,125029.2,124022.9,124246.9,9480.894,1179639894.2634
1759809600000,124246.9,124625,123500,123614,11000.548,1364233213.8876
1759824000000,123614,124460.6,123200.1,124389.6,10412.906,1289982360.9102
1759838400000,124389.6,125114.2,121089.5,121817,43747.157,5374149333.4855
1759852800000,121817,122120,120545,121609.6,27359.661,3319985453.4342
1759867200000,121609.6,122270,121213,121299.4,9548.332,1163230059.4974
1759881600000,121299.4,122200,121157.6,121335.4,9331.319,1135753048.8568
1759896000000,121335.4,121869.2,121000,121564.1,7829.227,950745387.6021
1759910400000,121564.1,123184.3,121482.7,122842.1,12053.774,1477810633.8484
1759924800000,122842.1,123349,121615.6,122129.3,25963.524,3179804366.8077
1759939200000,122129.3,124162.5,122053,123385.8,19300.574,2382878393.2954
1759953600000,123385.8,123667,122689.1,123245.3,6329.416,779321954.4673
1759968000000,123245.3,123291.3,121401.6,121992.2,13027.861,1592167591.78
1759982400000,121992.2,122222.8,121633.8,121847.6,5906.04,720171392.464
1759996800000,121847.6,122787,121080,122677,12901.394,1571448773.3276
1760011200000,122677,123733.9,120612.8,121083.4,37163.038,4538873010.8708
1760025600000,121083.4,121428.3,119574,120901.1,26049.226,3137805098.774
1760040000000,120901.1,121747.3,120800,121603,6431.11,780222123.7141
1760054400000,121603,121849.7,120882,121001.7,7556.49,917094725.6801
1760068800000,121001.7,121740,120822,120903.7,7419.242,899881573.9621
1760083200000,120903.7,121744.9,120869.2,121496.2,5374.804,652382878.6407
1760097600000,121496.2,122490,118400,118962.9,42294.522,5084648374.4211
1760112000000,118962.9,119400.3,115900,116606.5,43412.453,5104501818.4674
1760126400000,116606.5,117336,101045.9,112732.5,163143.487,18164726248.6213
1760140800000,112732.5,113279.8,110930.2,112266,29134.238,3264056404.5669
1760155200000,112266,112930.8,110050,110359.6,17330.007,1935046998.9681
1760169600000,110359.6,112331.7,110104,112238,13006.189,1449088493.784
1760184000000,112238,112496.7,111724.3,111740,7841.59,879131238.5681
1760198400000,111740,112156.4,110790.2,111125.5,9175.397,1023555771.8975
1760212800000,111125.5,111300.8,109453.4,110599.9,11673.5,1289355910.0173
1760227200000,110599.9,111352.3,109503.2,110637.8,14757.592,1628030013.8385
1760241600000,110637.8,112122.4,110556,111466.7,9136.104,1019036030.3796
1760256000000,111466.7,112086.3,111081,111786.1,5998.425,669290447.0657
1760270400000,111786.1,113749.2,111121,113166.2,28364.614,3191727749.8594
1760284800000,113166.2,114700,113166.2,114298.3,22492.271,2563617836.1003
1760299200000,114298.3,115749,114203.9,114908.5,17617.641,2026320012.6401
1760313600000,114908.5,115950.6,114582.2,114792.2,10609.055,1222724099.7554
1760328000000,114792.2,115539.8,114320.9,115349.9,9940.499,1142271042.7269
1760342400000,115349.9,115404.4,113526.4,114139.1,12640.863,1446262827.965
1760356800000,114139.1,115517.9,113707.1,114267.5,26449.121,3029300012.7881
1760371200000,114267.5,115855.3,114150.3,115750,14412.388,1656524467.3318
1760385600000,115750,115838.8,114951.1,115116.7,6598.522,761776509.626
1760400000000,115116.7,115370.5,113188.1,113430.4,13606.169,1551321211.2074
1760414400000,113430.4,113641.2,111200,111659.1,31181.725,3507117861.6717
1760428800000,111659.1,112091.8,109947.4,111245.8,24486.316,2719017713.6156
1760443200000,111245.8,112885,109800,112862.2,33062.182,3679280243.8482
1760457600000,112862.2,113499.9,111659,112544.7,28582.706,3220339098.3111
1760472000000,112544.7,113550,112139,112972.1,9488.371,1071270242.7103
1760486400000,112972.1,113590,111752.7,111967.7,10989.196,1237782558.0274
1760500800000,111967.7,112635,111683,112524.2,8680.823,974592117.8856
1760515200000,112524.2,113470,111635.3,111839.9,13845.479,1557421465.2098
1760529600000,111839.9,112200,110308.1,110748,23673.979,2634930872.9866
1760544000000,110748,111525.3,110072.8,111210.1,11450.604,1269108686.8228
1760558400000,111210.1,111512.8,110413.8,110705.3,9796.503,1086745298.0936
1760572800000,110705.3,111832,110281.6,111288.3,7947.484,882990549.9145
1760587200000,111288.3,111733.1,110500,110516.3,9342.225,1037727109.3452
1760601600000,110516.3,111686.4,109533,111359.7,18501.506,2049295625.0696
1760616000000,111359.7,111962.3,108270,108463.5,34419.27,3789568051.4281
1760630400000,108463.5,109255.8,107500.3,108151.5,30663.09,3318611399.7636
1760644800000,108151.5,108468.8,107362.1,108137.8,10186.579,1099507931.9852
1760659200000,108137.8,109199.3,107875.3,109127.4,8109.088,881264485.367
1760673600000,109127.4,109186.3,105403.3,105561.6,25532.369,2731357545.5587
1760688000000,105561.6,106573.9,103437.4,105628.3,42946.425,4511191884.7193
1760702400000,105628.3,106790.9,104431.7,106729.6,28925.982,3052392548.1343
1760716800000,106729.6,107584.5,106010,106403.5,18227.773,1944881188.1308
1760731200000,106403.5,107400.6,106294.6,106364.6,7769.299,830678234.0685
1760745600000,106364.6,107252,106259.7,107017.9,6894.084,736416313.4506
1760760000000,107017.9,107476.5,106383.6,106653.5,8828.882,943584497.2442
1760774400000,106653.5,107194.2,106567,107162.5,4827.042,515704081.9307
1760788800000,107162.5,107273,106674.5,106894.6,4427.763,473538564.3863
1760803200000,106894.6,107070.5,106430.6,107025.8,3562.402,380249725.3546
1760817600000,107025.8,107314.4,106790,107122.2,2898.265,310330539.541
1760832000000,107122.2,107335.8,106688.2,107224.7,3802.657,406722531.6915
1760846400000,107224.7,107246.8,106500,106737.6,3899.543,416665608.5422
1760860800000,106737.6,108200,106060.3,107749.3,21255.176,2280026059.3931
1760875200000,107749.3,108593.3,107322.6,108448.1,9288.79,1003741478.3382
1760889600000,108448.1,109434.5,108188,108852.3,9701.334,1056912270.2594
1760904000000,108852.3,109360,108347.4,108597.3,6214.009,676316522.2093
1760918400000,108597.3,110423,107373.7,110098.3,18887.106,2049726046.084
1760932800000,110098.3,111380.9,109878.8,111148.6,15690.809,1738747103.0891
1760947200000,111148.6,111644.2,110589.8,110986.2,11069.134,1228414584.8754
1760961600000,110986.2,111692.3,110537.8,111105.5,13378.796,1486012907.4309
1760976000000,111105.5,111303.8,109785,110755,19222.875,2125502573.5235
1760990400000,110755,111238.6,110366,110490,4941.752,547410721.5202
1761004800000,110490,110508,109023,109023.1,11603.173,1272803830.2086
1761019200000,109023.1,109023.1,107412.1,108022.4,22085.649,2385630768.7115
1761033600000,108022.4,108780,107429.9,108522,11550.559,1247779960.7868
1761048000000,108522,113546,107779.7,113400,49459.507,5461535208.3763
1761062400000,113400,114000,111250.8,111736.4,27907.109,3141531408.4237
1761076800000,111736.4,111759.6,107806.8,108240.1,29748.309,3263182199.7976
1761091200000,108240.1,108646.6,107769,108163.1,11266.519,1218539040.979
1761105600000,108163.1,108600,107523.1,108280,10513.677,1136056545.372
1761120000000,108280,108328.7,106588,107484.7,18770.194,2018784447.9459
1761134400000,107484.7,109273.7,107385.8,108364.9,39209.778,4243209899.688
1761148800000,108364.9,108780.1,107394.7,107824.1,15482.232,1673242060.4003
1761163200000,107824.1,108035.8,106625.8,107522.8,15720.94,1686681238.2123
1761177600000,107522.8,108685.4,107456.7,108341.3,9105.385,984868820.9178
1761192000000,108341.3,110281.7,108304.4,109232.8,16147.906,1767437939.1517
1761206400000,109232.8,109871,108992,109208.6,8272.269,905207062.5318
1761220800000,109208.6,110079.6,108564.2,109866.2,19765.682,2160182363.458
1761235200000,109866.2,111272.4,109600,110139,19759.76,2182533147.4636
1761249600000,110139,110150,109230.5,110015,10253.979,1125278104.0825
1761264000000,110015,110813,109933.4,110411.4,6935.667,765746585.6239
1761278400000,110411.4,111512.8,110300,111034.4,11681.747,1297722243.5175
1761292800000,111034.4,111476.5,110540,111035.2,9737.832,1081349585.7901
1761307200000,111035.2,112162.2,109603.4,109994.8,32963.782,3648875474.0047
1761321600000,109994.8,110914.5,109734.6,110565.4,7299.811,805530254.573
1761336000000,110565.4,111088.9,110404.3,110964.7,4231.576,468962924.4329
1761350400000,110964.7,111217.1,110618.8,110973.5,2665.232,295662786.0477
1761364800000,110973.5,111796.4,110973.5,111463.9,6797.999,757256493.009
1761379200000,111463.9,111848.8,111349.8,111542.1,4586.232,511790262.6353
1761393600000,111542.1,111935.8,111239.8,111348.1,4435.908,495074250.7689
1761408000000,111348.1,111704,111109,111586.9,3721.274,414572919.2554
1761422400000,111586.9,111655.5,111274,111587.5,2798.763,311922783.3825
1761436800000,111587.5,111891.8,111187.8,111214.5,3536.921,394533549.4559
1761451200000,111214.5,111687.1,111201.6,111681.7,2418.239,269634874.6629
1761465600000,111681.7,113446,111668.6,113255.5,13716.712,1543820031.7605
1761480000000,113255.5,114050,113225.3,113654.4,12265.537,1393510719.1564
1761494400000,113654.4,113758.8,113236.4,113559.8,4473.378,507914132.9705
1761508800000,113559.8,115583,112797,114498.3,15008.812,1715190467.4886
1761523200000,114498.3,115421.4,114275.9,114942.5,9568.713,1099965418.3122
1761537600000,114942.5,116373.3,114900,115517.8,13070.34,1511453654.8949
1761552000000,115517.8,115578.9,114766.7,115302.1,9922.24,1142976225.5131
1761566400000,115302.1,115393.4,114426,114915.5,12128.309,1393821935.0593
1761580800000,114915.5,115756.6,114725,114895.8,8991.466,1036555456.0288
1761595200000,114895.8,114895.8,113777.3,114061.3,11010.132,1258053058.3691
1761609600000,114061.3,114501.8,113507.6,113859.3,8802.278,1003409723.4096
1761624000000,113859.3,114343.2,113341.6,114135.7,7743.659,881882598.6894
1761638400000,114135.7,114650.6,114057.1,114296.8,5512.192,630579255.1344
1761652800000,114296.8,116060.5,114072.2,114592.3,27180.362,3127078984.1525
1761667200000,114592.3,115571.8,113500.1,113620,16766.883,1919807833.7186
1761681600000,113620,113650.8,112112,112836,24038.897,2711905101.8317
1761696000000,112836,112925.4,112030,112451.6,8631.784,971095562.362
1761710400000,112451.6,113543,112435.8,113514.9,7599.742,859401035.4926
1761724800000,113514.9,113582.2,112665.3,113086.9,7176.425,811182108.5779
1761739200000,113086.9,113598,111274.7,111453.8,20856.999,2342555684.6772
1761753600000,111453.8,111976.8,109056.2,110600.4,48727.027,5394739200.7884
1761768000000,110600.4,111773,109666,109948.8,15092.237,1672455310.4945
1761782400000,109948.8,110966.7,109665,110693.4,9667.468,1067317905.2365
1761796800000,110693.4,111571.9,107842.2,111324.8,36751.804,4024434149.0092
1761811200000,111324.8,111399,109617.5,109658.1,13812.925,1523837008.9467
1761825600000,109658.1,109742.5,107220,107661.1,30105.741,3256323736.8641
1761840000000,107661.1,108172.4,106225,106481.5,25241.897,2704214714.3599
1761854400000,106481.5,108312,106257.6,108261.7,12014.175,1291354163.6352
1761868800000,108261.7,110014.6,108223,109187.5,16006.773,1746642297.6301
1761883200000,109187.5,110301.6,109064.3,109398.3,11970.936,1313059074.2201
1761897600000,109398.3,110537.3,109154.8,110374.8,11845.893,1301037285.9922
1761912000000,110374.8,111147,109314.3,110132.6,17583.71,1937411948.6071
1761926400000,110132.6,110258.2,108494.5,109797.9,18616.477,2035344843.9889
1761940800000,109797.9,109797.9,109251,109546.7,3852.052,422001580.5257
1761955200000,109546.7,110240,109333,110183.3,4655.519,510871188.6362
1761969600000,110183.3,110537.2,109874,110026.3,5883.716,648065554.2793
1761984000000,110026.3,110232,109778.5,110105.2,2813.386,309601755.8548
1761998400000,110105.2,110327.3,109661.7,110254.1,4168.434,458463761.7667
1762012800000,110254.1,110495.1,110121.6,110240.8,2597.717,286448677.7931
1762027200000,110240.8,110465,109763,110046,3341.234,367816157.886
1762041600000,110046,110215.7,109821.8,110000,1805.412,198542134.6544
1762056000000,110000,110989.5,109965.6,110847.1,4971.152,549343170.6855
1762070400000,110847.1,111180,110301.4,111146.2,5959.472,659786119.8544
1762084800000,111146.2,111200,110008.2,110046.1,7643.787,844643623.1006
1762099200000,110046.1,110283.5,109603.2,110120.1,4792.444,526974100.9074
1762113600000,110120.1,110699.8,109433,110493.5,4807.869,529038264.4246
1762128000000,110493.5,110721.3,107835.7,107876.6,13454.39,1466045639.2958
1762142400000,107876.6,108039.3,106949.3,107413.1,15523.075,1669732094.0542
1762156800000,107413.1,107877.7,106700.5,107743.9,13421.002,1440285712.1011
1762171200000,107743.9,108292,105415.2,105701,27675.551,2955535754.574
1762185600000,105701,107734.6,105178.2,107040.2,20477.894,2182528074.2077
1762200000000,107040.2,107133.8,105750,106536.4,9795.675,1043340213.4877
1762214400000,106536.4,107266.7,105783.1,107093,10194.072,1087178609.7668
1762228800000,107093,107254.7,104120,104431.3,19928.11,2093405293.0375
1762243200000,104431.3,104657.2,103550.1,104531.4,13381.134,1392025392.3967
1762257600000,104531.4,104813.5,102858.9,103152.6,23611.255,2451974711.9837
1762272000000,103152.6,103465.1,99900.1,100490.3,43306.355,4394396513.1679
1762286400000,100490.3,101867,98888.1,101441.9,32522.123,3261152947.9489
1762300800000,101441.9,102234.7,98894.6,102093.6,24250.602,2443693765.5436
1762315200000,102093.6,102312.3,101389.4,101944.7,8765.916,892809070.3804
1762329600000,101944.7,102178.1,101122.8,102024.4,9195.997,934577052.3083
1762344000000,102024.4,103750,101877.6,103676.1,20284.42,2086195988.3065
1762358400000,103676.1,104495.4,102990.4,103949.6,12838.721,1333065766.9236
1762372800000,103949.6,104500,103237.5,103835.2,8390.294,870743258.9396
1762387200000,103835.2,103923.6,102662.8,103603.3,10529.526,1087649804.7984
1762401600000,103603.3,104167,102848.2,103127.2,8187.003,846264761.088
1762416000000,103127.2,103400,102580.5,103200,6650.55,685053909.1767
1762430400000,103200,103616.4,101555.5,101964.3,24794.052,2541458552.9007
1762444800000,101964.3,102353,100234.5,101326.1,23712.682,2402066949.8289
1762459200000,101326.1,101607,100455,101296.2,9700.175,979738462.5965
1762473600000,101296.2,102331.7,100682.7,101858.5,10418.656,1057597739.0343
1762488000000,101858.5,102494.8,101530,101971.4,7576.721,772818433.5184
1762502400000,101971.4,102019.1,99754.2,100339.5,16366.087,1646789643.0292
1762516800000,100339.5,101223.7,99201.8,100755.8,23886.761,2394465527.8536
1762531200000,100755.8,103368.9,100473.4,103367,20108.31,2052402384.7897
1762545600000,103367,104047.6,102910,103300.5,9038.222,935899189.8301
1762560000000,103300.5,103378.7,102460,102520.4,7973.638,820822608.9904
1762574400000,102520.4,102797,101832.8,102292.2,6150.01,629239635.5753
1762588800000,102292.2,102633.4,101670,101803.3,5245.085,536198738.438
1762603200000,101803.3,102138.9,101408.7,101670,6531.625,664825130.0312
1762617600000,101670,102174.1,101438.9,101940,4606.356,468981742.8087
1762632000000,101940,102440,101893.3,102268.6,2666.437,272502674.7961
1762646400000,102268.6,102300,101237.3,101608.3,5663.4,575997744.8036
1762660800000,101608.3,102111.4,101586.4,101915.4,5053.041,514497422.4356
1762675200000,101915.4,102310.5,101450,102208.5,6893.22,702268066.6967
1762689600000,102208.5,104158.1,102000,103714.7,14857.113,1532658633.7519
1762704000000,103714.7,104788,103271.4,104776.3,11621.362,1209369716.3196
1762718400000,104776.3,105442.9,104050,104665,12104.498,1266924638.142
1762732800000,104665,106634.8,104211.6,105982,15617.729,1653310127.5103
1762747200000,105982,106500,105797.3,106431.9,7602.744,807157380.2918
1762761600000,106431.9,106573.9,105775,106132.5,7021.98,745373680.5907
1762776000000,106132.5,106585.7,104602.1,105025.8,18891.044,1992092868.735
1762790400000,105025.8,106033.8,104728.8,105765.8,9141.87,963804907.482
1762804800000,105765.8,106299.9,105200.4,105969.5,7396.113,782405011.6417
1762819200000,105969.5,107481,105455.1,106411.8,14087.796,1500045035.2172
1762833600000,106411.8,106500,104686,104730.1,10419.957,1096921221.8568
1762848000000,104730.1,105458.7,104711.6,105258.1,6217.42,653608381.5485
1762862400000,105258.1,105491.6,103149.2,103420.1,21752.878,2264860749.5722
1762876800000,103420.1,103709.8,102804,103082.4,12784.595,1320158790.9057
1762891200000,103082.4,103200,102420.5,103009.7,8389.613,862501248.8914
1762905600000,103009.7,103417.2,102626.3,103272.7,6395.864,659414175.1098
1762920000000,103272.7,103627.1,102959.4,103074.1,4139.105,427684428.1336
1762934400000,103074.1,105189.2,103074.1,104998.5,14434.191,1508294168.0293
1762948800000,104998.5,105316.9,101880,102110.2,25101.087,2605162740.0612
1762963200000,102110.2,102233.4,100741.8,101240.3,24410.119,2478752918.0231
1762977600000,101240.3,101961.8,101078.3,101595.6,7020.637,713529653.1552
1762992000000,101595.6,102584.7,100855,102080,12825.555,1307223889.7044
1763006400000,102080,104031.9,101579,103428,17932.678,1845968348.8078
1763020800000,103428,103767.1,102482.7,102888.6,10449.988,1076725277.4954
1763035200000,102888.6,103442,101116.4,101314,24782.482,2535302232.6041
1763049600000,101314,101484,98053.3,98619.8,39323.823,3912471261.2491
1763064000000,98619.8,100453,97931,99629,17745.716,1757608037.0621
1763078400000,99629,99901.5,98628.1,99096.3,13545.379,1344117966.8304
1763092800000,99096.3,99126.9,95858.6,97096.5,33160.047,3226480166.0444
1763107200000,97096.5,97514.7,95656.2,96123.2,14946.438,1444957833.9504
1763121600000,96123.2,97272.3,94500,96754.8,36829.427,3521241702.9051
1763136000000,96754.8,97383.4,94737.7,95740.3,20490.166,1967572366.2576
1763150400000,95740.3,95930.3,93905.9,94533.3,18828.206,1783210090.5171
1763164800000,94533.3,96777,94511.7,96381.1,11333.956,1083819400.1281
1763179200000,96381.1,96542.6,95871.3,96287.3,6398.144,615204482.9959
1763193600000,96287.3,96311.8,95573.7,95660.9,6544.238,627431058.3239
1763208000000,95660.9,96439.6,95526.6,96219.7,5033.441,483524971.0354
1763222400000,96219.7,96362.9,95667.2,95961.9,5379.718,516384377.2125
1763236800000,95961.9,95983,95038.1,95559.1,7522.782,717699335.8426
1763251200000,95559.1,95949.8,94760.9,95774.7,6100.194,581807931.455
1763265600000,95774.7,96170.1,95598.3,96060.8,3856.277,369722983.6695
1763280000000,96060.8,96594.9,95456.1,95582.5,7118.753,683562950.3594
1763294400000,95582.5,95860,94322,94535.7,10100.615,961330109.9561
1763308800000,94535.7,95533.8,93652,93990,19882.931,1876388844.3659
1763323200000,93990,94706.2,92920.1,94215.9,18331.584,1717804409.5165
1763337600000,94215.9,95522.5,93723,95464.7,12631.676,1198806744.6688
1763352000000,95464.7,95847.5,94843.1,95608.9,7912.771,753774185.2186
1763366400000,95608.9,95989,95246.6,95530.9,7833.523,749443043.788
1763380800000,95530.9,96046.2,93534,93912.4,30237.712,2860400854.4165
1763395200000,93912.4,94394.3,91556.9,91650,29844.975,2772441032.2473
1763409600000,91650,92370,91227.7,92171.4,18283.989,1678572588.311
1763424000000,92171.4,92332.8,89655,90800.8,28512.158,2594576773.2203
1763438400000,90800.8,90830.8,89243.1,90455.1,22157.935,1991921123.4416
1763452800000,90455.1,91576.2,90455,91483.2,14602.558,1331083065.9151
1763467200000,91483.2,93000,90868.8,92864.8,30605.092,2812116068.2256
1763481600000,92864.8,93800,92545,93139,19070.139,1779279981.8798
1763496000000,93139,93400,92401.9,92925,10290.541,955835830.2254
1763510400000,92925,92950,91620,91838.3,11610.634,1071182976.5788
1763524800000,91838.3,91975.2,89972.2,91812.2,21508.364,1956163461.9735
1763539200000,91812.2,91918.9,91024.4,91362.8,11175.814,1022085528.896
1763553600000,91362.8,92346.4,89801.4,89887.9,25623.756,2337977898.089
1763568000000,89887.9,90176.4,88580.3,88850.1,28345.556,2532834137.925
1763582400000,88850.1,91549.6,88571.6,91509,19934.714,1798377674.1165
1763596800000,91509,92783,91150,92421.6,13873.657,1279759950.4014
1763611200000,92421.6,93150,91666.9,92295.5,13883.97,1282755373.8875
1763625600000,92295.5,92380,91387,91879.1,9161.359,841210217.9365
1763640000000,91879.1,92500,89759.2,89809.3,29763.189,2709795244.6843
1763654400000,89809.3,89878,86050.2,86877.7,56377.663,4936065415.23
1763668800000,86877.7,88211,86280,86583,19696.901,1717584193.9641
1763683200000,86583,87460,85308,85780,22060.962,1903843904.8967
1763697600000,85780,86300,81300.8,84000.1,46033.195,3876789976.6755
1763712000000,84000.1,84669.7,81602.3,82284.7,39667.84,3290319593.0925
1763726400000,82284.7,85469.2,80607.9,82896.8,62492.264,5206450180.3205
1763740800000,82896.8,85535.7,82280,84164.6,35767.578,3008970734.0787
1763755200000,84164.6,85373,83412.2,85097.1,16053.035,1357221470.9983
1763769600000,85097.1,85592.2,84166.7,84400.6,8967.658,760319109.9814
1763784000000,84400.6,84767.1,83778,84544,7335.963,618185619.9603
1763798400000,84544,84544,83457.5,84061.2,9739.054,817794495.493
1763812800000,84061.2,84725.6,83571.2,84253,10629.456,894590995.1684
1763827200000,84253,84888,84180.8,84572,4108.526,347436988.7389
1763841600000,84572,85242,84182.7,84701.5,5036.754,426570469.6467
1763856000000,84701.5,86300,84633,86267.2,10623.985,910033362.4932
1763870400000,86267.2,86850,85371.5,85732.4,11647.149,1003438940.7916
1763884800000,85732.4,86440.5,85725,86297.3,7013.563,603821531.0327
1763899200000,86297.3,87203.9,86226.2,87029.6,11913.318,1032857525.2374
1763913600000,87029.6,87635.9,86450,87279.9,13121.422,1142859500.2812
1763928000000,87279.9,88082.9,86683.2,86802.8,14851.847,1298807421.778
1763942400000,86802.8,88026.3,85895.7,87406.4,20758.727,1806866989.0228
1763956800000,87406.4,87798.1,86392.7,87010.8,13335.242,1160876131.6121
1763971200000,87010.8,87010.8,85645,86228.9,14309.491,1233018318.1559
1763985600000,86228.9,86739.9,85211.1,86576.3,28934.714,2491843797.1077
1764000000000,86576.3,88767.1,86576.2,88278.8,25978.113,2282434314.6224
1764014400000,88278.8,89172.2,88191.3,88240.1,10530.287,934412595.4221
1764028800000,88240.1,88247.1,87400,87759.7,10239.071,899493525.6702
1764043200000,87759.7,88496,87288.4,87359.7,9486.991,834276226.0535
1764057600000,87359.7,87577,86634.9,87306.8,11222.005,977603095.4282
1764072000000,87306.8,87737.3,86050,86949,24088.982,2091938304.0939
1764086400000,86949,88126.5,86112.2,86837.3,19142.397,1667885814.797
1764100800000,86837.3,87856.4,86522,87315.5,11818.756,1030744732.7149
1764115200000,87315.5,88200,87000.1,87069.2,10245.432,897369574.0422
1764129600000,87069.2,87943.5,86840,87900,8070.772,705703100.9581
1764144000000,87900,87911.4,86615,87047.2,9223.914,803082153.7616
1764158400000,87047.2,87668.9,86252.6,86937.3,16705.379,1452406694.8023
1764172800000,86937.3,90385.6,86923.9,89926.7,26177.973,2332717672.7971
1764187200000,89926.7,90649.9,89468.1,90427,9414.487,848551572.0002
1764201600000,90427,91848.8,90025,91037,15527.087,1413811231.714
1764216000000,91037,91499,90849.4,91362,6816.411,621568335.6929
1764230400000,91362,91902.7,91170.8,91334.7,8054.814,737329585.3085
1764244800000,91334.7,91416,90410.7,90908,12583.683,1142798301.4917
1764259200000,90908,91800,90796.5,91484.4,9304.243,850074139.3782
1764273600000,91484.4,91566.5,91050,91284.2,4541.467,414901775.0188
1764288000000,91284.2,91378.8,90603.3,91161.7,6415.35,583487167.4677
1764302400000,91161.7,91683.6,90810,90851.9,7522.795,686729423.8499
1764316800000,90851.9,91977.6,90845,91371.6,11567.334,1057637037.4023
1764331200000,91371.6,93081,91319.2,92315.7,23582.072,2174914410.8944
1764345600000,92315.7,92345,90151.9,91100.8,20024.205,1821404179.5001
1764360000000,91100.8,91179,90628.9,90845.7,5793.808,527027942.6426
1764374400000,90845.7,91071.3,90464.6,90626.4,3596.156,326404790.8626
1764388800000,90626.4,90895.5,90263,90516.6,4696.021,425189564.8875
1764403200000,90516.6,90691,90325.8,90630,3276.103,296645488.6602
1764417600000,90630,91089,90482.8,91033.6,4769.308,432849734.3997
1764432000000,91033.6,91128.9,90071.3,90603.3,8286.689,750465117.0135
1764446400000,90603.3,91033.8,90346.8,90766.9,4228.803,383728563.0478
1764460800000,90766.9,91031.8,90410,90881.6,3088.391,280303420.8258
1764475200000,90881.6,91000,90622,90922.3,2434.664,221158484.9037
1764489600000,90922.3,91590,90880.9,91002.7,7580.18,691358482.4225
1764504000000,91002.7,91963.7,90943.8,91398.4,7302.68,668346085.2708
1764518400000,91398.4,91818.8,91000,91412.7,4985.398,455778102.686
1764532800000,91412.7,91609.1,90285.5,90308.6,8075.806,734076189.9932
1764547200000,90308.6,90374.4,86127.4,86322.2,37598.827,3299637480.6436
1764561600000,86322.2,86517.8,85560.2,86491.9,14281.699,1228305850.1925
1764576000000,86491.9,86888,86076.2,86087.8,9635.622,833681521.65
1764590400000,86087.8,86639.6,83755.3,84641.3,40439.567,3454461778.0427
1764604800000,84641.3,85540.5,83989.1,84975.9,22609.629,1917476646.4835
1764619200000,84975.9,86834.2,84961.5,86244.1,17337.029,1492931703.1652
1764633600000,86244.1,87325.1,86148.4,86938.9,13400.21,1160852912.1236
1764648000000,86938.9,87237.6,86770.4,86963.1,5945.091,517103833.748
1764662400000,86963.1,87662.4,86252.1,87325.4,14100.51,1224755527.9979
1764676800000,87325.4,91176.5,87006.4,90780.8,36391.671,3249446308.3973
1764691200000,90780.8,92298.9,90156.3,91855.2,24765.941,2262899590.7846
1764705600000,91855.2,91960,90674.9,91241.7,13928.847,1272796847.2063
1764720000000,91241.7,93040.2,90945,92582.8,14878.055,1371244664.9931
1764734400000,92582.8,93931.1,92577.6,92979.9,19043.423,1775822073.2044
1764748800000,92979.9,93348.7,92583.5,92960.6,9323.587,866532749.8925
1764763200000,92960.6,93685.3,91638.4,92337.8,30457.238,2818964909.1559
1764777600000,92337.8,93512,91723.1,93000.6,17280.33,1600794611.4838
1764792000000,93000.6,94189.4,92793.8,93390.1,12101.51,1131233805.265
1764806400000,93390.1,94058.1,92619.8,93500.1,11821.4,1103407785.8714
1764820800000,93500.1,93550,92740.9,93356.1,6444.564,600067679.2897
1764835200000,93356.1,93595.9,92690,92893.5,6871.809,640390796.4442
1764849600000,92893.5,93240.2,91750,92920.5,17971.351,1663504773.5067
1764864000000,92920.5,93149.9,90800,91934.3,20315.853,1867997801.7365
1764878400000,91934.3,92681.2,91631.9,92031.8,11290.046,1041051145.4504
1764892800000,92031.8,92658.3,91926.6,92106,5438.067,502166002.7605
1764907200000,92106,92457.6,91763.1,92224.4,6772.111,623501688.5748
1764921600000,92224.4,92225.4,90864.3,91304.7,11508.704,1051691924.8886
1764936000000,91304.7,91470.4,89855.2,90405.6,26407.679,2394602997.3682
1764950400000,90405.6,90462.2,88002.1,89596.4,34595.568,3080392048.8179
1764964800000,89596.4,89706.2,88849.1,89273.7,8044.872,717693255.1892
1764979200000,89273.7,89749,88986.4,89633,4074.736,364201734.6314
1764993600000,89633,89717.7,89418.4,89549,3135.314,280842679.2889
1765008000000,89549,89688.8,89162.7,89583.2,4238.83,379171465.3776
1765022400000,89583.2,90234.6,89433,89717.6,7738.263,695059477.0387
1765036800000,89717.6,89937.5,89200,89363.7,5012.369,449034411.5253
1765051200000,89363.7,89572.8,88860,89185.4,4268.167,380747996.7911
1765065600000,89185.4,89717.7,89126.9,89679.4,2844.667,254407579.4696
1765080000000,89679.4,89750,89156.2,89331.6,3132.441,280212121.2544
1765094400000,89331.6,89496.2,89013.2,89099.9,4188.163,373592599.3708
1765108800000,89099.9,89675,87680,89510.2,20171.642,1788373635.0187
1765123200000,89510.2,91726.2,89067.6,91392.9,19024.848,1723706249.2228
1765137600000,91392.9,91477,88914.6,90335.4,17129.56,1541606889.3163
1765152000000,90335.4,91666.2,89814.1,91035.6,10127.798,920419794.7191
1765166400000,91035.6,91845.6,90983.4,91526,5629.464,514571275.6144
1765180800000,91526,92261.9,91444,91930,6952.51,639173719.5659
1765195200000,91930,92090,89567.7,89907.4,24861.681,2258073077.355
1765209600000,89907.4,90473,89620,90075.8,12712.747,1144756369.1292
1765224000000,90075.8,91333,90075.8,90598,8703.489,790116257.4736
1765238400000,90598,90807.6,89770.3,90369.8,6871.368,619980017.5865
1765252800000,90369.8,90499.6,89406.7,90459.5,9190.984,827241502.708
1765267200000,90459.5,90581.5,89837.1,90340.8,6849.182,618184407.4507
1765281600000,90340.8,92859.3,89941,92670.4,21703.484,1977832487.9926
1765296000000,92670.4,94550,92651.8,93761.7,29621.647,2779789122.6451
1765310400000,93761.7,93815.1,92188.4,92636.1,13096.164,1216542800.7856
1765324800000,92636.1,92745.7,91919.4,92363,7129.677,657959021.152
1765339200000,92363,92771.3,92326.5,92747.5,4002.021,370409261.3193
1765353600000,92747.5,93292.1,91710.3,92084,10100.15,933755009.0402
1765368000000,92084,92209.6,91484.6,92020.3,9011.437,828074171.337
1765382400000,92020.3,93233.2,91614.7,92921.2,25363.722,2345988376.2809
1765396800000,92921.2,94457.8,91812,91971.7,21891.12,2033410620.6245
1765411200000,91971.7,92057.2,89336.5,89829.1,18881.314,1707952829.0191
1765425600000,89829.1,90440,89637.1,90232.8,7113.266,640920764.6384
1765440000000,90232.8,90519,89891,90197.8,5871.265,529538486.6569
1765454400000,90197.8,90638,89198.9,89827.5,19788.905,1780749471.7728
1765468800000,89827.5,91510.2,89280,90791.1,18853.316,1704789507.1518
1765483200000,90791.1,93544.9,90754.3,92483.7,21505.143,1987249576.4621
1765497600000,92483.7,92730,91393.2,92236.4,9903.921,912454046.4083
1765512000000,92236.4,92688,92040,92386.3,5438.719,502373456.9971
1765526400000,92386.3,92600,92040.5,92374.3,4756.568,439116523.8616
1765540800000,92374.3,92630.4,89736.4,89879.9,24901.326,2273317081.1257
1765555200000,89879.9,90631.8,89416.7,90153.5,20056.839,1805828806.9703
1765569600000,90153.5,90381.8,89838.3,90230.9,4033.57,363586877.4977
1765584000000,90230.9,90428.5,90069.7,90300,2721.811,245702827.9612
1765598400000,90300,90372.9,90202.8,90289.6,1642.01,148264062.017
1765612800000,90289.6,90589.8,90242.6,90305.5,3568.42,322684867.1963
1765627200000,90305.5,90460.9,89884,90050.9,5007.038,451535096.4329
1765641600000,90050.9,90239.5,89946.9,90150,2293.627,206635257.1397
1765656000000,90150,90236.2,89712.7,90186.4,3279.429,295221140.1388
1765670400000,90186.4,90440.7,90072.4,90218,2332.139,210547490.4509
1765684800000,90218,90296.3,90002.8,90204.2,2459.899,221689857.3291
1765699200000,90204.2,90246.5,88638.6,89305.1,12307.628,1100472985.5047
1765713600000,89305.1,89618.4,88816.5,88977,8124.359,724640062.4711
1765728000000,88977,89359.6,88429.3,88597.5,7857.613,697647851.7617
1765742400000,88597.5,88777,87521.9,88116,11477.422,1012115329.2722
1765756800000,88116,89986,88017.6,89241.4,11779.029,1048456937.2468
1765771200000,89241.4,89888.9,89233.2,89709.8,6128.574,549022045.8035
1765785600000,89709.8,89950,89541.1,89619.9,5329.023,478418155.4048
1765800000000,89619.9,89845,86575,86989.4,34585.865,3044068469.8169
1765814400000,86989.4,87186.9,85080,86108.4,30623.492,2635508071.7492
1765828800000,86108.4,86428.5,85462,86391.7,11031.339,947939132.9176
1765843200000,86391.7,86480,85323.9,85835.9,8843.125,759303513.9311
1765857600000,85835.9,86585.7,85222,85959.1,9713.221,835404703.5129
1765872000000,85959.1,87300,85880.7,87220.9,9355.029,811681210.2478
1765886400000,87220.9,88149.6,86072.6,87933.5,32958.63,2872173839.3232
1765900800000,87933.5,88025.2,87020,87535.5,14623.961,1280483988.4765
1765915200000,87535.5,87896.2,87298.8,87821.3,4706.597,412597574.6691
1765929600000,87821.3,87930.5,87100,87173.9,6293.762,550313291.7732
1765944000000,87173.9,87348.3,86166.3,86999.9,12019.032,1042172221.1149
1765958400000,86999.9,87100,86172.9,86946.9,8209.966,710772508.3414
1765972800000,86946.9,90341,86775.4,87185.2,47507.176,4201829936.965
1765987200000,87185.2,87739.4,85259.2,85976.9,31765.821,2743631119.7239
1766001600000,85976.9,86425.5,85610.9,86197.3,8875.168,763148150.912
1766016000000,86197.3,86846.5,85810.2,86594.5,9352.267,807641431.7812
1766030400000,86594.5,86880.9,86350,86794,5579.043,483488013.5131
1766044800000,86794,87424.1,86642.8,87255.8,6962.156,606406428.5237
1766059200000,87255.8,89483.5,87076.8,88484.3,38036.304,3363158302.4394
1766073600000,88484.3,88519.4,84415.1,84433.1,41511.956,3578414810.2653
1766088000000,84433.1,85816.1,84408.1,85470.1,17070.054,1453854883.0234
1766102400000,85470.1,87536.5,85063,86853.2,15906.492,1372890147.5743
1766116800000,86853.2,88362.4,86628.6,87913.9,13636.367,1191864786.1128
1766131200000,87913.9,88355.3,87696.4,88168.4,8736.983,769362769.0025
1766145600000,88168.4,89381,87443.9,87906.4,27416.254,2418832276.069
1766160000000,87906.4,88855.6,86713,87800.5,20032.665,1754908003.0516
1766174400000,87800.5,88441.2,87551.3,88101.1,7344.895,646697056.881
1766188800000,88101.1,88299.6,87917.7,88167.2,2745.138,241821868.0574
1766203200000,88167.2,88539.9,88073.8,88238.1,3036.199,268003735.9008
1766217600000,88238.1,88396.2,88058.4,88232.5,2560.485,225885845.088
1766232000000,88232.5,88307.3,87739.9,88133.9,4707.851,414647024.6566
1766246400000,88133.9,88391.2,88034.7,88180.1,1855.386,163625389.7483
1766260800000,88180.1,88417.3,88093.2,88314.8,2117.286,186827084.0822
1766275200000,88314.8,88394,87812.7,88039.5,3675.847,323696394.4135
1766289600000,88039.5,88160,87998.9,88130.6,1868.297,164550315.931
1766304000000,88130.6,89046.3,88087.5,88567.2,7020.173,622210438.3412
1766318400000,88567.2,88888.3,87533.7,88024.9,13980.038,1230791708.8996
1766332800000,88024.9,88598.9,87902.5,88450.7,5759.144,508165450.6508
1766347200000,88450.7,88783.1,88039.4,88629,3575.609,316134776.1691
1766361600000,88629,89606.8,87844.9,88739.2,14027.35,1244760240.2585
1766376000000,88739.2,89170,88669.1,89132.5,4328.686,384876377.8991
1766390400000,89132.5,90110.9,89050.2,89900.9,13171.158,1180798972.8461
1766404800000,89900.9,90588.8,89124.6,89687.7,20428.565,1835469742.0971
1766419200000,89687.7,90091.3,87914.2,88002.1,14464.16,1288503871.4777
1766433600000,88002.1,88784.3,87855.1,88578.3,8695.751,767751210.7627
1766448000000,88578.3,88896,87745.9,88127.2,8887.75,785249390.5107
1766462400000,88127.2,88401.1,86987.6,87522.7,11047.365,967782004.3273
1766476800000,87522.7,87847.2,87260.1,87810.1,5629.305,492962719.1648
1766491200000,87810.1,87930,86542.2,87410.2,18752.047,1637062720.6186
1766505600000,87410.2,88250,87106.1,87708.6,18616.876,1633885519.392
1766520000000,87708.6,88345.8,87113.8,87444,9891.235,866478423.5295
1766534400000,87444,87800,86800.1,87299.8,7024.04,612864026.6865
1766548800000,87299.8,87428.2,86731.8,86864,5722.676,497904459.4862
1766563200000,86864,87328.8,86672.4,87159.1,4923.932,428260007.0944
1766577600000,87159.1,87444,86363.3,87011.9,14091.151,1225559200.1546
1766592000000,87011.9,87662.5,86880.2,87530,8036.398,702006493.3174
1766606400000,87530,88032.9,87466.9,87636.3,4750.181,416660609.0626
1766620800000,87636.3,87943.6,87478.7,87806.8,2983.824,261637643.2133
1766635200000,87806.8,87832,87612.7,87799.9,1952.505,171283638.4495
1766649600000,87799.9,87864,87203.4,87484.8,5185.543,453505690.3565
1766664000000,87484.8,88565.5,87339.1,88339.1,8379.449,737454673.3955
1766678400000,88339.1,88458.6,87910.6,88114.1,5082.073,448055043.288
1766692800000,88114.1,88137.8,86902.2,87178.1,9317.988,815237984.1904
1766707200000,87178.1,89404.9,86815.9,88796.4,18120.829,1601946506.2226
1766721600000,88796.4,89539,88310,88440,9995.197,888849414.6301
1766736000000,88440,88890,88371.8,88500.9,5455.404,483751642.8853
1766750400000,88500.9,89069,86618.6,87101.2,23798.834,2086034029.3973
1766764800000,87101.2,87546,86763.2,87453,8993.472,783598614.6178
1766779200000,87453,87749,87267.3,87328.8,3852.715,337117380.8213
1766793600000,87328.8,87491.2,87200.1,87471,1796.247,156911520.084
1766808000000,87471,87670,87368.5,87492.1,1685.666,147462346.6024
1766822400000,87492.1,87635.2,87328,87434,2465.124,215703967.4193
1766836800000,87434,87558,87268.2,87518.4,1609.346,140723612.4527
1766851200000,87518.4,87550.6,87400,87526.6,1369.35,119792329.6405
1766865600000,87526.6,87958,87454,87835.6,3587.155,314617000.9856
1766880000000,87835.6,87935,87681.1,87700,2159.197,189571761.7214
1766894400000,87700,87807.6,87562.8,87711.1,2158.128,189215290.9162
1766908800000,87711.1,87982.6,87679,87850,2787.566,244866726.5126
1766923200000,87850,88064,87766,87798.9,2661.616,233914251.1581
1766937600000,87798.9,87901,87445.5,87487.9,3861.457,338423515.5905
1766952000000,87487.9,88041.1,87365.8,87909.9,3513.994,308082900.5696
1766966400000,87909.9,90150,87768.5,90100.1,17646.943,1570095257.7658
1766980800000,90100.1,90422,89444.5,89582.8,11595.027,1043020232.7588
1766995200000,89582.8,89788,87515.1,87525.5,17268.355,1525814013.9262
1767009600000,87525.5,88148.8,86753,87641.3,22212.116,1941464764.1356
1767024000000,87641.3,87962.2,87266,87323.5,6993.492,612535718.864
1767038400000,87323.5,87567.3,87029.3,87184.6,4783.736,417292325.089
1767052800000,87184.6,87379.4,86779.2,87328.7,6462.867,563005819.2521
1767067200000,87328.7,87564.5,87090.9,87441.5,3683.461,321768656.3985
1767081600000,87441.5,88200,87441.5,87867.1,10374.207,911740182.9293
1767096000000,87867.1,89127,87783.3,88969.2,19198.674,1697560681.3197
1767110400000,88969.2,89373,87909.3,88190.1,15507.305,1374109990.9972
1767124800000,88190.1,88553.2,87823.4,88458,5277.42,465524875.389
1767139200000,88458,88849.3,88126.6,88425,5814.445,514592221.6326
1767153600000,88425,88613.4,88272.7,88575.4,2872.337,254013716.3133
1767168000000,88575.4,89059.8,88350.2,88976.2,5326.552,472626587.8852
1767182400000,88976.2,89194.3,87730.5,87911.8,14845.982,1313186323.0583
1767196800000,87911.8,88012.8,87342,87500,11996.427,1051755158.7608
1767211200000,87500,87842,87177.8,87594.9,4550.782,398352973.5759
1767225600000,87594.9,88054,87574,87822,3184.551,279800700.1896
1767240000000,87822,87829.4,87515,87586.5,2831.901,248136496.1671
1767254400000,87586.5,87991.4,87581.4,87980.5,3093.023,271575708.3967
1767268800000,87980.5,88098.6,87754.3,87992.1,3571.001,313982007.8164
1767283200000,87992.1,88499,87836.3,88356.3,5590.89,493119937.3239
1767297600000,88356.3,88891.9,88209.1,88810.1,5811.167,514712200.2787
1767312000000,88810.1,89100,88325.9,88919.8,7512.356,666596172.9471
1767326400000,88919.8,89061.8,88530.4,88838.9,4929.951,437838404.4497
1767340800000,88838.9,89946,88774.3,89468.5,12293.86,1099809660.922
1767355200000,89468.5,90100,88413.6,89361,24612.461,2197743650.8374
1767369600000,89361,90958.5,89151.8,89857,25030.57,2257410188.3304
1767384000000,89857,90370.6,89575.1,89953.8,5632.353,506654724.8825
1767398400000,89953.8,90360,89908.1,90284.2,2505.366,225850239.4059
1767412800000,90284.2,90447.8,89255.1,89525,6576.743,590100943.49
1767427200000,89525,89946.1,89371.6,89706.6,4928.166,442064325.2525
1767441600000,89706.6,90200,89613,89934.3,4375.487,393679516.0656
1767456000000,89934.3,90187.8,89866.9,90093,2242.611,201964975.8777
1767470400000,90093,90706.4,89988.1,90599.9,4730.522,427862111.0744
1767484800000,90599.9,91586.4,90599.9,91184.2,9810.596,894533199.4658
1767499200000,91184.2,91775.6,91143.5,91493.7,6290.747,575034575.7605
1767513600000,91493.7,91583.6,91117.8,91258.7,4533.451,414098780.8372
1767528000000,91258.7,91379.5,90967.7,91283.8,4094.667,373350880.3608
1767542400000,91283.8,91403.4,90809,91086.5,5694.197,518780772.9178
1767556800000,91086.5,91550.6,91062.3,91490.7,3749.681,342346453.4607
1767571200000,91490.7,93396,91469,92841.5,20882.165,1932511961.9876
1767585600000,92841.5,92926.3,92108.2,92487,7093.016,656017742.3031
1767600000000,92487,93129.9,92275.6,93103.6,7395.488,685923981.2351
1767614400000,93103.6,93996.4,92350,93905,20229.885,1885955243.458
1767628800000,93905,94482.4,93200.2,94246.2,17691.225,1662522007.7051
1767643200000,94246.2,94749.9,93754,93825.5,10278.262,968246150.6656
1767657600000,93825.5,94116.4,93469,93715.8,7056.653,661420502.0089
1767672000000,93715.8,93961,93054.6,93207.7,6647.861,621740075.7316
1767686400000,93207.7,93862.9,93128.1,93814.7,5485.732,512922594.3758
1767700800000,93814.7,94405,93290.4,93597.9,16694.022,1567088876.2104
1767715200000,93597.9,93727,91217.2,92077.3,28445.707,2624297496.6202
1767729600000,92077.3,93841,92077.2,93714.6,17138.979,1597080899.307
1767744000000,93714.6,93714.6,92201.4,92779.9,10330.081,958586684.2743
1767758400000,92779.9,92889,92470,92845.2,4706.916,436269376.1825
1767772800000,92845.2,92935.4,91533.4,92051,12268.937,1128978942.273
1767787200000,92051,92259.1,90922.5,91309.4,22179.952,2030412921.6578
1767801600000,91309.4,91772,90624.3,91156.6,17418.362,1587477261.3362
1767816000000,91156.6,91450,90728.7,91332,7742.403,705396768.3943
1767830400000,91332,91641.4,90555.3,90760.1,8071.925,735042882.6285
1767844800000,90760.1,91147.9,89586.5,90489.9,15642.291,1412233394.8879
1767859200000,90489.9,90720.1,89722,90189,10834.282,977117435.7552
1767873600000,90189,90794.7,89262,90737.8,20247.983,1821255135.1414
1767888000000,90737.8,91433,90250.1,90895.5,14625.358,1329773193.8875
1767902400000,90895.5,91471.4,90512.1,91061.9,6685.781,608471973.2648
1767916800000,91061.9,91597.3,90795,91197,6529.92,595375438.1838
1767931200000,91197,91212.2,90699.7,90708.8,4105.127,373425953.3864
1767945600000,90708.8,90821.9,89650.1,90413.9,13022.316,1175439645.1276
1767960000000,90413.9,92001.6,89785,91146.1,25390.885,2306663303.192
1767974400000,91146.1,91747.8,90128.7,90280,14352.96,1305733897.8608
1767988800000,90280,90695,90076.6,90608.4,5859.933,529827083.2973
1768003200000,90608.4,90758,90481.6,90592.1,2021.481,183177655.49
1768017600000,90592.1,90650,90373.7,90643.7,1549.884,140291187.284
1768032000000,90643.7,90812.1,90575.8,90691.5,2609.296,236669462.9348
1768046400000,90691.5,90754.9,90490.2,90623,2037.754,184648479.9347
1768060800000,90623,90734.7,90467,90590.6,1655.187,149942615.7901
1768075200000,90590.6,90618.5,90332.8,90479.6,1684.252,152364577.6048
1768089600000,90479.6,90709.6,90404.5,90701.3,1267.777,114863449.6273
1768104000000,90701.3,90838.5,90545.8,90677.7,1597.54,144907161.319
1768118400000,90677.7,90780.9,90562.6,90715.6,1481.479,134361473.3686
1768132800000,90715.6,91174.1,90660,90835.4,4698.399,427104061.4741
1768147200000,90835.4,91254.5,90615.5,90642.8,3951.992,359332700.2161
1768161600000,90642.8,91000,90176.4,90962.6,7234.038,655153757.0305
1768176000000,90962.6,92500,90624.7,91773,15602.56,1430843688.2762
1768190400000,91773,92250,91339.9,91363.1,6778.189,622571349.6747
1768204800000,91363.1,91592.7,90309,90572.2,12178.77,1105128367.5948
1768219200000,90572.2,91650,90068,91634.2,17156.291,1559101971.6569
1768233600000,91634.2,92300,90955.9,91820.9,19419.433,1781532156.2366
1768248000000,91820.9,92018.3,90875.6,91248.7,6474.709,591400614.1906
1768262400000,91248.7,91517.8,91003,91380.8,5446.222,497108166.6291
1768276800000,91380.8,92248,91299.8,91920,9836.125,903621542.3494
1768291200000,91920,92660,91893.1,91964.5,9208.92,849609243.1222
1768305600000,91964.5,93415,91717.5,93414.9,24161.622,2233780648.5312
1768320000000,93414.9,94210,93034.6,94180,18397.722,1721285760.179
1768334400000,94180,96654,94026.2,95389.5,29607.522,2815666897.9507
1768348800000,95389.5,95680,95099,95675.6,7836.25,747409527.5483
1768363200000,95675.6,95774.6,94509,95189,10310.997,979903892.4413
1768377600000,95189,95317.5,94694.3,94760.3,5894.97,560085435.9516
1768392000000,94760.3,97090.1,94635.3,96708.6,24720.534,2376351426.4637
1768406400000,96708.6,97750.2,96200,97216.4,25726.2,2498136262.3795
1768420800000,97216.4,97963.2,96735.2,96900,11436.665,1113534850.9131
1768435200000,96900,96948.3,95714.3,95933,9320.991,897956326.7863
1768449600000,95933,96714.2,95913,96597.1,6921.176,666603724.4323
1768464000000,96597.1,97174.5,96235.2,96530.9,7392.045,715217684.1377
1768478400000,96530.9,97113.1,95347.7,96694.8,20815.988,2001884258.7853
1768492800000,96694.8,97034.9,95100,95458.6,16316.223,1568445596.7091
1768507200000,95458.6,95835,95071.8,95559.9,6805.541,649286546.4143
1768521600000,95559.9,95818.2,95268.5,95296.6,4576.145,437128329.7701
1768536000000,95296.6,95800,95072.9,95621.6,5963.181,569205997.1792
1768550400000,95621.6,95819,95201.6,95377.5,4386.131,418890250.3436
1768564800000,95377.5,95767.4,94241.3,94544.4,17451.654,1656762817.4112
1768579200000,94544.4,95206.5,94452.6,94967.4,8927.072,846739800.268
1768593600000,94967.4,95557.6,94629.7,95504.9,5590.94,532833593.0155
1768608000000,95504.9,95553.6,95139.4,95319.1,2109.09,201080964.8843
1768622400000,95319.1,95341.3,94989.1,95053.4,1892.477,180122570.8889
1768636800000,95053.4,95269,94967.9,95269,1819.168,173110623.5933
1768651200000,95269,95653.3,95140.8,95530,3285.175,313422441.2447
1768665600000,95530,95530,95164,95247.2,2911.372,277504825.686
1768680000000,95247.2,95378.9,94970.1,95103,2605.045,247883071.3712
1768694400000,95103,95198.6,94816.4,95154.6,3300.283,313575275.9553
1768708800000,95154.6,95220,94980,94988,1867.54,177584961.6521
1768723200000,94988,95269,94973.9,95137.8,2009.678,191166767.5247
1768737600000,95137.8,95339.9,94840.9,95060,3938.732,374381111.6117
1768752000000,95060,95480,95013.9,95328.2,2793.916,266158077.8043
1768766400000,95328.2,95490.5,93545,93624.6,12802.867,1208754891.8821
1768780800000,93624.6,93624.6,91800.2,92636.7,25618.104,2372202298.3252
1768795200000,92636.7,92814.5,92340.1,92780.1,4472.02,413973126.3742
1768809600000,92780.1,93314,92631.3,93144.7,7006.585,651805498.9227
1768824000000,93144.7,93190.1,92648.3,93010.1,6157.741,572095872.9083
1768838400000,93010.1,93377,92869.7,93050.7,5237.327,487737526.0089
1768852800000,93050.7,93299.9,92111.2,92584.3,7551.571,699616570.1216
1768867200000,92584.3,92847.1,92203.1,92396.4,5911.463,547027362.8319
1768881600000,92396.4,92435.6,90720.5,91124.9,20423.45,1867281053.9084
1768896000000,91124.9,91415.9,90610.1,91177.3,8023.061,730420304.0311
1768910400000,91177.3,91339,89800.5,90635.2,23899.824,2164467634.5652
1768924800000,90635.2,90920,89228.2,89680.8,17545.452,1576221885.7605
1768939200000,89680.8,89826,87773.1,88379.9,18179.241,1612297540.1722
1768953600000,88379.9,89560,88202.2,89382.6,7733.043,687952994.8177
1768968000000,89382.6,90099.6,89048.3,89175,7923.922,709833557.5244
1768982400000,89175,89452.7,88642.2,88750.9,6026.058,536966085.9081
1768996800000,88750.9,90542.2,88145.2,90235.2,26399.579,2360285109.7283
1769011200000,90235.2,90440.3,87212,90329.5,38191.097,3389047391.0386
1769025600000,90329.5,90361.5,89311.5,89410.1,12710.375,1142500822.776
1769040000000,89410.1,90337.9,89410,89849.5,7424.724,667751033.8474
1769054400000,89849.5,90174.1,89747,89772.6,4898.493,440691663.8416
1769068800000,89772.6,90100,89701.9,89895,3603.998,324114989.6175
1769083200000,89895,90296.8,88462.3,88945.4,21692.28,1937044449.7519
1769097600000,88945.4,89883.9,88621,89730.9,12710.726,1135060853.4231
1769112000000,89730.9,89909.2,89104,89511.7,5684.972,508546321.7228
1769126400000,89511.7,89946,89399,89896,3551.598,318610363.7911
1769140800000,89896,90062.7,89353.3,89483.2,4411.397,395438467.5424
1769155200000,89483.2,89582.2,88806.8,89168.3,6821.036,607955603.4942
1769169600000,89168.3,89822.8,88500,89707.1,13520.938,1204895904.9514
1769184000000,89707.1,91180,89432.5,89936.6,22907.129,2068963498.1922
1769198400000,89936.6,90113.7,89162,89551.7,5968.224,534360861.8223
1769212800000,89551.7,89883.4,89375,89724.4,1795.046,160861411.1045
1769227200000,89724.4,89810.1,89513.8,89570.1,1547.667,138774179.8425
1769241600000,89570.1,89650,89532.7,89545.3,1235.304,110658814.9989
1769256000000,89545.3,89550,89105.7,89236.1,3718.504,332255710.7896
1769270400000,89236.1,89432.9,89113.2,89281.7,2766.852,246978154.2508
1769284800000,89281.7,89455.7,89156.3,89177.1,1459.971,130408330.5663
1769299200000,89177.1,89271.8,88800.1,88915.5,2414.783,215025559.2375
1769313600000,88915.5,89074.5,88586.3,88620,3443.851,305878708.1311
1769328000000,88620,88726.9,88100,88522.8,5901.263,521752010.2841
1769342400000,88522.8,88937.4,88314,88407.9,5828.242,516717267.3931
1769356800000,88407.9,88417.3,86142.3,86453.1,26284.739,2295020958.8435
1769371200000,86453.1,86997.7,86031.4,86625.6,14957.738,1293075064.9651
1769385600000,86625.6,87929.7,86446.8,87241.2,10994.609,959395220.0814
1769400000000,87241.2,88043.4,87188,87964.3,5748.555,504562502.5259
1769414400000,87964.3,88355,87555,87816,6003.533,527620684.1526
1769428800000,87816,88843.9,87268.8,87598.9,17844.582,1570353062.5209
1769443200000,87598.9,88524.2,86923.3,87969.1,13302.022,1167203123.8784
1769457600000,87969.1,88631.2,87489.5,88305.1,6433.805,566365071.8272
1769472000000,88305.1,88893.3,88150,88740,5056.89,447757119.1662
1769486400000,88740,88977.7,88225.6,88282.8,4204.682,372142368.2782
1769500800000,88282.8,88364.6,87688.1,87937,6011.5,528898723.6173
1769515200000,87937,88400,87502,87990.6,10739.991,944064342.8255
1769529600000,87990.6,88786.4,87234,88373.1,18680.715,1644809885.4413
1769544000000,88373.1,89499.8,88331.3,89202.3,14738.718,1313654713.1311
1769558400000,89202.3,89460.4,88923.8,89080,4093.481,365187419.7944
1769572800000,89080,89366.3,88800,89105,4505.054,401135863.6089
1769587200000,89105,90132,88815.6,90039.7,10705.47,957952210.472
1769601600000,90039.7,90455.7,88836.3,89439.8,18749.289,1682305505.7537
1769616000000,89439.8,90597,88951.1,89350.5,20856.487,1869735567.7494
1769630400000,89350.5,89864.1,88813,89261.7,8871.082,791958997.0446
1769644800000,89261.7,89312.7,87650,88012.2,12492.162,1103674762.0081
1769659200000,88012.2,88389.8,87857.8,88314.5,4337.338,382625507.97
1769673600000,88314.5,88458.8,87690.6,87786,8196.602,721161358.6247
1769688000000,87786,88142.7,84300.3,84891.6,34311.313,2952705706.2107
1769702400000,84891.6,85595.7,83311,83967.6,36259.13,3058361084.7625
1769716800000,83967.6,84703.2,83773.2,84599.8,7641.599,644226379.1954
1769731200000,84599.8,84692.3,81000,82628.9,34358.744,2830029632.6193
1769745600000,82628.9,83297.9,82009.8,82755.3,13488.892,1116453083.7446
1769760000000,82755.3,83263.5,82081.7,83103.7,10454.08,863490953.0164
1769774400000,83103.7,83771.2,82316.3,82838.7,19263.357,1599204485.995
1769788800000,82838.7,84635.7,81832,84210.7,27689.711,2305832849.2306
1769803200000,84210.7,84481.5,83505,84222.5,11864.773,996615130.3749
1769817600000,84222.5,84254.3,83778.4,83990.6,3782.639,317949721.201
1769832000000,83990.6,84116.4,83360.3,83506.1,4662.884,390494701.6384
1769846400000,83506.1,83599.1,82530,82978.6,7455.554,618910951.1216
1769860800000,82978.6,83113.3,80750,81255.2,22609.668,1845611613.2858
1769875200000,81255.2,82264.5,75689.6,77719.1,79818.317,6298666405.0713
1769889600000,77719.1,79239.7,77033.2,78704.4,22255.099,1739125213.5302
1769904000000,78704.4,79388.5,78252,78829.7,8372.237,659417561.4097
1769918400000,78829.7,79074.3,77836.9,78315.5,8722.597,684679264.6447
1769932800000,78315.5,79187,78116,78715.1,7831.337,615646306.7842
1769947200000,78715.1,78734.5,76725.4,77564.3,20752.1,1613700555.5257
1769961600000,77564.3,78409.1,76950.6,77143.8,13882.563,1077840522.0152
1769976000000,77143.8,77770.7,75663.2,76938.5,26342.734,2022927557.3743
1769990400000,76938.5,78177.9,74567.3,76268.9,30900.03,2355331867.5691
1770004800000,76268.9,76932.9,74849.3,76606.1,22348.159,1695889538.9945
1770019200000,76606.1,77939,76576.2,77727.2,13282.113,1026468490.8654
1770033600000,77727.2,79388,77492.3,78794.9,26702.763,2092009417.9213
1770048000000,78794.9,79245.4,78228.6,78290.1,12181.861,959652385.7812
1770062400000,78290.1,78951.1,77850.9,78693.9,7041.38,552176712.4666
1770076800000,78693.9,79177.7,77600.1,78709.6,9711.448,761844321.3616
1770091200000,78709.6,78967.5,77909.8,78755.2,6935.861,544751250.3021
1770105600000,78755.2,79040,77870.9,78034.7,9000.846,705037594.0112
1770120000000,78034.7,78417.2,77004.1,78097.1,20818.088,1619420576.0086
1770134400000,78097.1,78106.3,72889.7,74889.3,64436.783,4831195043.9677
1770148800000,74889.3,76913.8,74543.8,75723.2,25034.126,1901090890.1798
1770163200000,75723.2,76991.2,75414,76673,12667.291,966776619.1757
1770177600000,76673,76812.2,76076,76484.2,5560.912,425227061.093
1770192000000,76484.2,76578.8,75635.2,75998.9,10609.33,807677913.5595
1770206400000,75998.9,76244.9,73728.3,74094.8,31464.292,2356807472.2218
1770220800000,74094.8,74213.5,72090.4,73894.6,46951.433,3437691308.5515
1770235200000,73894.6,74136,71805.2,73130.3,21669.487,1579796827.3375
1770249600000,73130.3,73312.1,71120.2,71189.1,25536.05,1841788190.3956
1770264000000,71189.1,71600,70085.7,70716.4,27890.061,1976719640.7305
1770278400000,70716.4,71936.3,69865.8,70287.8,24088.783,1706531566.1112
1770292800000,70287.8,70866.3,66655.2,67450.8,69995.024,4802379916.2984
1770307200000,67450.8,68668.8,65148.5,65232.2,57174.174,3813843962.6606
1770321600000,65232.2,65675,62250,62872.7,81321.923,5184365643.3527
1770336000000,62872.7,65972.8,59888,64138.7,79026.033,4952159930.2337
1770350400000,64138.7,66799.9,63926.9,64813.6,32061.862,2097948135.3422
1770364800000,64813.6,66730,64434.1,66588.8,19094.238,1251952531.041
1770379200000,66588.8,69151.4,66080,68578.9,37859.374,2562702707.6636
1770393600000,68578.9,71479.8,68373.7,70689.8,45584.805,3196938242.928
1770408000000,70689.8,71719.9,69788.2,70532.3,17473.911,1234329691.2323
1770422400000,70532.3,70880,69676.2,70879.1,10975.146,770658944.0075
1770436800000,70879.1,71653.2,67307.3,68066.4,33330.07,2306307485.9951
1770451200000,68066.4,68783.7,67577.3,67946.2,14476.74,987249635.1006
1770465600000,67946.2,69972.1,67880.3,69116.4,25380.554,1753191212.5722
1770480000000,69116.4,69950,68489.4,69338.2,22270.748,1543573638.6693
1770494400000,69338.2,69691,68742,69248.2,5175.133,358630361.303
1770508800000,69248.2,69675.1,68839,69062.5,4661.991,322832409.2251
1770523200000,69062.5,69691.3,68926.5,69663.7,4338.08,300657239.6274
1770537600000,69663.7,71184,69467.9,70953.3,17192.879,1209827100.1536
1770552000000,70953.3,71524.7,70656.6,71153,11902.273,846418663.6562
1770566400000,71153,71494.9,70195.5,71387.8,9010.446,638406920.1197
1770580800000,71387.8,72254.1,69945,70289.8,16607.251,1178774546.2456
1770595200000,70289.8,71418.4,70018,71265.3,10550.497,745150477.55
1770609600000,71265.3,71314.3,70271.3,70387.1,7127.859,504081632.0855
1770624000000,70387.1,70581.8,68384,68900,20197.991,1399583599.828
1770638400000,68900,69843.6,68207.2,69533,19789.88,1367311997.517
1770652800000,69533,71065.5,69051.9,70933.4,19260.335,1353670022.1295
1770667200000,70933.4,71119.9,69780.7,70110.8,9715.88,684138316.6238
1770681600000,70110.8,70508.8,69149.3,69470.5,10046.123,701834226.0367
1770696000000,69470.5,69874.9,68603.7,68885.9,10707.295,741329634.7759
1770710400000,68885.9,69385.2,68365,68486.5,8639.737,595458475.9022
1770724800000,68486.5,69552.7,67869,69251,25388.941,1745988501.3877
1770739200000,69251,69982.2,68565,69028.3,14444.649,1000832796.0093
1770753600000,69028.3,69100,68315,68804.3,6343.053,435690737.6971
1770768000000,68804.3,69265.8,67956.1,68151.3,9263.292,636498661.7731
1770782400000,68151.3,68290,66501.5,67000.1,21502.977,1446208077.0729
1770796800000,67000.1,67089.9,66306.8,67023.7,11412.603,761825439.8093
1770811200000,67023.7,68812.6,65705,66485.2,46528.234,3119528304.7701
1770825600000,66485.2,67837.7,65840,67552.4,21620.132,1443438782.3077
1770840000000,67552.4,68329,66755.3,67044.5,11267.219,760779418.1319
1770854400000,67044.5,68019.9,67017,67554.5,9636.044,650886267.9067
1770868800000,67554.5,67668.4,66626.7,67183.3,7618.706,511242698.6155
1770883200000,67183.3,68271.4,66858.1,68049,10541.587,712717161.2757
1770897600000,68049,68396,66955.7,67100.9,21594.171,1461503100.7005
1770912000000,67100.9,67205.6,65065,65759.9,38098.642,2510600906.9575
1770926400000,65759.9,66459.2,65183.2,66244.8,10517.379,692232981.9482
1770940800000,66244.8,66793.4,65824.7,66532.4,9062.22,601453124.4859
1770955200000,66532.4,66650.9,65972.5,66185.1,7917.688,524832828.3467
1770969600000,66185.1,67199.9,66151.7,67136,8951.418,597916044.9509
1770984000000,67136,69292.2,66818.3,68653,35881.304,2436010745.468
1770998400000,68653,69450,68504.1,68898.8,16571.046,1144196630.0195
1771012800000,68898.8,69053.5,68632.4,68819.2,6045.38,416128492.0619
1771027200000,68819.2,69118,68731.7,68938.7,3204.763,220877619.0877
1771041600000,68938.7,69316,68691.1,69185,3475.457,239637786.6004
1771056000000,69185,70550,69180,70470.4,12747.13,890555766.5437
1771070400000,70470.4,70507,69190,69756.4,15588.967,1086518617.9381
1771084800000,69756.4,69900,69253.7,69847.8,4476.538,311775916.2254
1771099200000,69847.8,70240,69625.4,69790.1,5660.968,395795263.176
1771113600000,69790.1,69976.9,69200,69926.9,6904.364,480349597.4297
1771128000000,69926.9,70899.5,69925.2,70786.6,9226.26,649351204.744
1771142400000,70786.6,70937,70144.8,70265.9,6267.524,441387987.7714
1771156800000,70265.9,70388.4,68735.6,69060.9,16397.741,1137019220.9183
1771171200000,69060.9,69080,68051.7,68263,15078.603,1033120509.78
1771185600000,68263,69055,68100,68800,6673.632,458151434.6924
1771200000000,68800,69040,68108.8,68389.3,5054.513,346554613.5222
1771214400000,68389.3,68875,68202,68554.6,5554.101,380641907.9341
1771228800000,68554.6,69029.2,68300,68777,6524.611,448428862.1799
1771243200000,68777,70099.1,67243.6,67505.6,30514.832,2089943062.4486
1771257600000,67505.6,68211.3,67468.5,67878.2,8592.801,582950906.0879
1771272000000,67878.2,68968.8,67787.7,68863.8,7089.149,485893213.5275
1771286400000,68863.8,69228.5,68321.6,68440.9,7059.095,485415778.9001
1771300800000,68440.9,68677.7,67852.4,68350,6054.005,413213624.9615
1771315200000,68350,68447.7,67650,67822.8,6350.726,431606776.8418
1771329600000,67822.8,68340.2,66556.6,67361,24416.125,1645222083.5838
1771344000000,67361,68217.9,66826.2,67768.4,23991.411,1621776474.2379
1771358400000,67768.4,67930.8,67341.3,67474.9,5496.059,371611847.7698
1771372800000,67474.9,67677.4,66843.5,67591.4,5763.001,387579245.4017
1771387200000,67591.4,68200,67461.5,68080.3,5844.866,396350232.423
1771401600000,68080.3,68440,67028.5,67330.2,11348.97,769004815.5781
1771416000000,67330.2,68326.7,66668.2,67666.7,19279.34,1299445718.5897
1771430400000,67666.7,67679.7,65814.6,66138.1,20557.769,1371052379.9339
1771444800000,66138.1,66514.1,66032.3,66426,6554.297,434509420.9015
1771459200000,66426,66982.5,66304,66952.6,5492.059,366340412.8127
1771473600000,66952.6,67307.9,66650,67179.4,6161.901,412806195.8113
1771488000000,67179.4,67179.4,66436,66462.4,7503.265,501450662.2817
1771502400000,66462.4,66722.7,65573.5,66378.2,23718.511,1570225525.9491
1771516800000,66378.2,67187.1,65844.7,67028.6,16775.988,1117739191.1514
1771531200000,67028.6,67167.6,66622,66982.1,5290.097,353999019.4259
1771545600000,66982.1,67494.7,66923.1,67332,6814.954,458421082.7495
1771560000000,67332,68000,67079.7,67802.9,9495.72,642372908.6534
1771574400000,67802.9,68299.9,67255,67299.9,11241.358,762958890.4818
1771588800000,67299.9,68079.9,66427.5,67553.4,35361.444,2373183918.1674
1771603200000,67553.4,68017.7,66926.8,67623.3,23989.596,1619950973.5449
1771617600000,67623.3,68211,67486.3,67989.2,5592.792,379623073.9773
1771632000000,67989.2,68075.7,67511,67647.1,3754.859,254658107.046
1771646400000,67647.1,67900,67561.4,67822.9,2119.292,143622634.8581
1771660800000,67822.9,68293.1,67779.5,68070,4941.179,336568523.8295
1771675200000,68070,68687.1,67867.5,68570.5,7729.912,528210119.5593
1771689600000,68570.5,68646.7,68074.6,68521.8,7004.606,478936425.6919
1771704000000,68521.8,68579,67846.5,67934.5,6755.304,460801533.4243
1771718400000,67934.5,68186.4,67751.5,68010,4770.783,324140360.2244
1771732800000,68010,68149.5,67834.2,67974,3270.274,222315916.5194
1771747200000,67974,68224.4,67865.6,68184.9,2887.584,196517720.6853
1771761600000,68184.9,68200,67262.2,67656,11880.698,803648116.5638
1771776000000,67656,67690,67143.5,67386,4863.134,327695491.1385
1771790400000,67386,67722,67291.5,67610.5,3551.877,239837890.3812
1771804800000,67610.5,67652.2,64220,64895.1,35845.294,2343603367.9074
1771819200000,64895.1,65979.5,64636.3,65916.7,11598.024,757789498.8646
1771833600000,65916.7,66574.8,65528,66166.4,12201.403,806790560.3877
1771848000000,66166.4,66497.9,65488,65620.5,17868.806,1179119041.232
1771862400000,65620.5,65691,64015.9,64262.9,29262.526,1895171587.9364
1771876800000,64262.9,64985.2,63833,64615.3,12958.699,834958324.7389
1771891200000,64615.3,64979.7,63248.8,63557.3,27286.44,1747628929.4868
1771905600000,63557.3,63598.6,62649.2,63152.8,18176.449,1147024720.2708
1771920000000,63152.8,63401.6,62888,63191.1,8645.338,546266024.373
1771934400000,63191.1,63999,62422.3,63944.3,25585.86,1617467444.4078
1771948800000,63944.3,64710.8,63666,64402,19810.196,1271835586.4404
1771963200000,64402,64564,63795.8,64032.5,7692.936,493262372.3756
1771977600000,64032.5,66298.1,63869.5,65371.1,26589.14,1743155889.116
1771992000000,65371.1,65668.7,64730.5,65010.5,14113.732,919373511.4746
1772006400000,65010.5,65668.6,64935.8,65399.8,8590.119,561572275.3289
1772020800000,65399.8,67550,65280.3,67367.2,32287.67,2149227823.6227
1772035200000,67367.2,69545.1,67366.8,69008.6,40404.391,2770270020.8038
1772049600000,69008.6,69989.8,67563.6,67958.3,26574.156,1828253373.1886
1772064000000,67958.3,68697.3,67688,68192.9,13719.06,935443611.0461
1772078400000,68192.9,68841.7,67781.9,67805.5,9535.921,651410704.4483
1772092800000,67805.5,68710,67751.5,68016.2,9613.897,655875880.0578
1772107200000,68016.2,68270.4,66725,67357.5,24590.127,1660254100.3867
1772121600000,67357.5,67888,66451.1,67555,24737.632,1659664330.6542
1772136000000,67555,67800,67111,67447.5,8095.737,546026436.199
1772150400000,67447.5,67679.4,66850,67569.9,8485.576,570471876.1103
1772164800000,67569.9,68185.6,67411.7,67642.9,9378.863,635292062.2423
1772179200000,67642.9,68126.9,65920,66082.6,19560.019,1308113069.5489
1772193600000,66082.6,66309,65616.8,66070,19500.105,1286676500.3945
1772208000000,66070,66096.6,65079,65364.6,16906.346,1106975844.8912
1772222400000,65364.6,65926.8,64888,65833.4,9165.138,600417149.6745
1772236800000,65833.4,65993.4,65680,65757.5,4559.06,300197026.5153
1772251200000,65757.5,65790.2,62972.3,63787.6,33625.511,2157764637.2315
1772265600000,63787.6,64289.9,63324.5,63814.2,17142.679,1092446826.3516
1772280000000,63814.2,65330,63796,64802,24284.274,1569244691.3766
1772294400000,64802,66638,64640,66316.4,20081.223,1318552302.7409
1772308800000,66316.4,67739.5,66150,66939.6,19932.006,1332341645.824
1772323200000,66939.6,68183.2,65973.2,67477.7,20087.385,1351267834.7927
1772337600000,67477.7,67588.6,66756.6,67121.5,8968.834,602320343.672
1772352000000,67121.5,67276.9,66177.6,66443.5,9830.342,654633052.0207
1772366400000,66443.5,67336.7,66069.2,66813.9,14174.888,947161754.306
1772380800000,66813.9,67100,65680,65925.6,18067.862,1196551965.2198
1772395200000,65925.6,66464.6,65001,65746.9,19099.63,1252795167.8788
1772409600000,65746.9,67078.9,65719.3,66796.1,13599.541,903600164.7626
1772424000000,66796.1,66974,65510,65977.6,10897.537,722226262.9408
1772438400000,65977.6,66711.9,65614.7,66333,11137.365,737013076.3252
1772452800000,66333,69570,65238.5,69096.9,43155.103,2911186529.6913
1772467200000,69096.9,70066,68526.5,68930.7,26576.157,1840912680.5271
1772481600000,68930.7,69500,68533.8,68799.9,11206.697,774486909.1652
1772496000000,68799.9,69222,68183.6,68353.5,8716.012,598408601.8617
1772510400000,68353.5,68537.5,67766.4,68141.9,10729.684,730640893.3711
1772524800000,68141.9,68281,66304,66999.3,22565.207,1512349362.9536
1772539200000,66999.3,67950,66054.3,67703.4,29049.821,1947608633.713
1772553600000,67703.4,68967.8,67432.2,68405.9,30546.84,2085185999.2641
1772568000000,68405.9,68849.2,67780,68299.5,11031.837,753099075.8435
1772582400000,68299.5,68880,67348.4,67697.1,12945.095,881893517.2512
1772596800000,67697.1,69624.2,67424,69460.2,16293.006,1113916751.0514
1772611200000,69460.2,71872.3,69110,71080.1,36558.924,2592388699.5514
1772625600000,71080.1,73450.1,70546.7,73351.1,39811.912,2865873960.5852
1772640000000,73351.1,74021.8,72495.6,73576.4,24618.483,1804462334.1355
1772654400000,73576.4,73672.9,72280,72640.4,13328.842,972854611.9975
1772668800000,72640.4,73250,72268,72460.1,11369.18,825856892.8182
1772683200000,72460.1,73068.9,71733.1,72025.6,15246.647,1103379882.8508
1772697600000,72025.6,73537.9,71709.1,72878.8,16157.234,1175968799.4396
1772712000000,72878.8,73035,71111.1,71622.8,29339.88,2115254690.1157
1772726400000,71622.8,71628.7,70610,70883.5,22299.326,1583678483.3024
1772740800000,70883.5,71536.6,70696.2,70847.6,9595.495,682691277.8329
1772755200000,70847.6,71384.5,70336.2,71038.7,9404.552,667059740.9046
1772769600000,71038.7,71158.2,70100.1,71035.1,13512.776,953525411.8604
1772784000000,71035.1,71044,70150.1,70183.7,8870.189,626101560.6687
1772798400000,70183.7,70299,68130.1,68461,40207.106,2781134201.2697
1772812800000,68461,68766.2,67720,68091.2,17616.145,1201872474.8269
1772827200000,68091.2,68405.3,67729.1,68075.5,8130.826,553146424.2239
1772841600000,68075.5,68536.8,68012,68058.2,4967.128,338948414.2677
1772856000000,68058.2,68119.3,67400.7,67804.8,8537.399,578642850.8324
1772870400000,67804.8,68212.7,67676.7,67972.3,5790.147,393535576.7211
1772884800000,67972.3,68071.4,67565.2,67841.4,6272.672,425754480.5619
1772899200000,67841.4,67917.9,66885.4,67044.1,8741.558,588943577.8702
1772913600000,67044.1,67449.3,67031.1,67227.1,5054.3,340060907.5038
1772928000000,67227.1,67449.4,66772.4,66972.2,6420.019,430668280.2333
1772942400000,66972.2,67432.9,66480,67274.9,8222.825,550883208.7957
1772956800000,67274.9,68167.7,67118.4,67479.2,11741.535,794551680.0176
1772971200000,67479.2,67629.4,66777.7,67176.7,11384.392,764392396.3136
1772985600000,67176.7,67435,66710.5,67297.6,8272.798,554427111.8001
1773000000000,67297.6,67487.7,65580,65943.8,21669.163,1435586821.7508
1773014400000,65943.8,67672.3,65782.7,67171.4,17212.521,1147817781.533
1773028800000,67171.4,68038.7,66830.7,67506.5,16026.573,1080969090.361
1773043200000,67506.5,68431.5,67280.5,67724,14520.589,984419708.8007
1773057600000,67724,69444.4,67713.9,68820,27113.06,1864381156.6439
1773072000000,68820,69500,68200,68944.8,17735.029,1220442484.7621
1773086400000,68944.8,69118.8,68331.6,68390.7,7490.495,515227059.5466
1773100800000,68390.7,70600,68355,69392.6,20124.011,1401974711.9926
1773115200000,69392.6,70539.9,69392.6,70385.8,12358.732,865590270.972
1773129600000,70385.8,71300,70330.2,70560.3,18892.376,1338086228.9832
1773144000000,70560.3,71762.8,69227.3,71311,39626.331,2791430935.8998
1773158400000,71311,71687,69650.5,70003.3,21981.654,1550442202.7852
1773172800000,70003.3,70374,69405.1,69907.5,10693.732,746704955.1701
1773187200000,69907.5,70162.3,69448.6,69515.7,7474.97,521915079.9445
1773201600000,69515.7,70239,69318.6,69621.6,11321.305,789591346.1106
1773216000000,69621.6,69765,69121.4,69136.1,8064.936,560353867.4477
1773230400000,69136.1,71067.5,68921.8,70200,41886.182,2938128849.9544
1773244800000,70200,71300,70120,70606.6,18214.128,1287807051.4209
1773259200000,70606.6,70900,70080,70150.8,6599.552,464972910.2552
1773273600000,70150.8,70319.1,69172.5,69395.7,10252.255,714198967.5552
1773288000000,69395.7,69829.8,69150,69786.6,7288.735,506463145.9618
1773302400000,69786.6,70772.4,69540,70389.3,15197.854,1065528711.281
1773316800000,70389.3,70638.9,69300,70287.7,26743.272,1871972079.9287
1773331200000,70287.7,70533.9,69728.8,70394.3,14721.824,1033632969.5973
1773345600000,70394.3,70737.8,69964.5,70482,9415.163,662322908.9102
1773360000000,70482,71996.9,70345.6,71370.5,20785.879,1483426565.1443
1773374400000,71370.5,71647.7,71145,71591.3,7718.645,551178184.6163
1773388800000,71591.3,72551.8,71350,72194.4,17897.639,1289894802.5381
1773403200000,72194.4,73869.8,71689.8,71788.3,41743.544,3040013962.7377
1773417600000,71788.3,72217.8,70777,71133.2,25323.492,1807930502.1546
1773432000000,71133.2,71468,70517.2,70884,11970.48,849424554.7728
1773446400000,70884,71133,70421.2,71037.8,6913.776,489398759.086
1773460800000,71037.8,71263.8,70262,70558.5,7424.644,525306320.973
1773475200000,70558.5,70754.8,70332.3,70699.4,4733.009,333946744.8596
1773489600000,70699.4,70900,70444.3,70545.6,5750.138,406409221.1784
1773504000000,70545.6,70704.3,70449.9,70663.1,2535.095,178963743.3795
1773518400000,70663.1,71226.9,70602.3,71178,4120.257,292124199.6083
1773532800000,71178,71600,70811.9,71319.6,6938.442,494296177.3826
1773547200000,71319.6,71820,71290.9,71427,6336.317,453256691.7507
1773561600000,71427,71912.3,71427,71806.1,5487.589,393614222.654
1773576000000,71806.1,71806.2,71230.6,71447.5,7545.018,539117704.8894
1773590400000,71447.5,71963.6,71231.8,71514.6,7317.571,523418444.3186
1773604800000,71514.6,73217.2,71383.3,72777.5,21220.978,1535711604.3506
1773619200000,72777.5,74297.5,72226.3,73548.3,19075.712,1397162315.3815
1773633600000,73548.3,74488.2,73352.1,73426.9,16002.996,1181371870.9133
1773648000000,73426.9,73826.2,72805.6,73515,12427.447,911330887.8679
1773662400000,73515,74499.8,72945.1,73232.9,25346.058,1868752568.689
1773676800000,73232.9,74398.3,73124,73931.9,14349.875,1060277748.3749
1773691200000,73931.9,74900,73824.1,74854.7,15972.654,1190274616.9951
1773705600000,74854.7,76053.9,74229.7,74434.7,24522.117,1843690039.3812
1773720000000,74434.7,74657.5,73742.8,74219.9,13528.685,1003699702.8581
1773734400000,74219.9,74436.6,73493,73996.1,12095.9,894367051.6808
1773748800000,73996.1,74876.6,73323.9,73877.5,21946.522,1623174533.7266
1773763200000,73877.5,74780.9,73822.1,74469.5,10490.151,780421791.4238
1773777600000,74469.5,74777.9,73820.7,73861.6,8226.326,611069720.6703
1773792000000,73861.6,74640.2,73463.5,74417.6,7996.367,592598593.2552
1773806400000,74417.6,74457.9,73658,73845,6554.642,485126753.7366
1773820800000,73845,74249.9,72720,72902.3,14642.763,1075633044.5167
1773835200000,72902.3,72938.1,70807.9,71440.4,39766.836,2858310697.1297
1773849600000,71440.4,71967.6,70821,71027,18487.356,1319460339.9822
1773864000000,71027,71396.9,70452,71213.7,11814.66,838746151.8645
1773878400000,71213.7,71588.2,70847.9,71174.1,6963.234,495664551.3272
1773892800000,71174.1,71174.1,69432.9,70155.6,17688.323,1243376813.152
1773907200000,70155.6,70525.6,69855.6,69921.2,9949.862,698193294.3806
1773921600000,69921.2,70136,68750,69376.9,33138.31,2300259813.9509
1773936000000,69376.9,70591,69086.4,70241.2,16809.229,1174038724.9392
1773950400000,70241.2,70707.2,69679.4,69881.8,10601.602,743745010.0781
1773964800000,69881.8,70793.2,69800,70697.8,7711.763,542691604.5465
1773979200000,70697.8,70933,70164.1,70815.2,10270.307,725192526.5331
1773993600000,70815.2,71343.9,70170.6,70443.9,16269.68,1151347910.6979
1774008000000,70443.9,70648,69431.7,69833.4,24908.082,1742623357.5166
1774022400000,69833.4,70163.2,69338,70152.2,14444.792,1008218939.6063
1774036800000,70152.2,70892.8,69718,70476.1,10406.446,732808887.4574
1774051200000,70476.1,70800,70408.2,70640.2,3866.124,272970373.9175
1774065600000,70640.2,70850,70580.9,70684.3,3974.38,281036028.6336
1774080000000,70684.3,70724.8,70452.5,70610.3,3363.552,237419673.0518
1774094400000,70610.3,71068,70415.9,70591.5,6260.844,442933892.1493
1774108800000,70591.5,70623.8,70154.8,70358.6,6427.446,452274994.056
1774123200000,70358.6,70477,68500,68870.5,11423.179,793467202.3636
1774137600000,68870.5,69557.3,68166.8,69304.1,14896.124,1026371622.6243
1774152000000,69304.1,69487.3,68851,68884,5197.226,359431803.2332
1774166400000,68884,68954.5,68060,68181.5,9726.463,666808175.3181
1774180800000,68181.5,69042.4,68158.2,68817.5,10012.387,687868188.7197
1774195200000,68817.5,68859.6,68089.3,68160.5,6826.88,467178457.407
1774209600000,68160.5,68478.1,67300.1,67828.1,16497.262,1120317180.1253
1774224000000,67828.1,68570,67412.7,68050,11005.846,748008446.9386
1774238400000,68050,68885.3,67470.7,68304,14344.218,978158556.9321
1774252800000,68304,71487,67880,70094.5,46062.914,3230748449.6718
1774267200000,70094.5,71788,69640.5,70092.1,37715.063,2672376330.5384
1774281600000,70092.1,71224.1,70092,70639.5,17947.82,1268645885.3236
1774296000000,70639.5,70991.6,70352.6,70865,6963.248,492426129.8485
1774310400000,70865,71072.4,70224.2,70505.2,7405.5,522636949.6855
1774324800000,70505.2,71393.8,70081,71269.9,12701.789,897559800.5751
1774339200000,71269.9,71349.9,70799.8,71122.8,9835.679,699038890.43
1774353600000,71122.8,71156.9,69460,69830.1,27287.96,1914817181.6388
1774368000000,69830.1,69986.3,68849.2,69336.6,20351.867,1410859040.5529
1774382400000,69336.6,70823.1,69250,70518.3,20750.218,1456010064.688
1774396800000,70518.3,71021.6,70379.2,70688.9,8426.229,595567172.2836
1774411200000,70688.9,71323.5,70670.4,70904.3,10383.718,737975901.325
1774425600000,70904.3,71984.8,70763.4,71644.6,15592.377,1114277509.3612
1774440000000,71644.6,71930,70515.5,70788.4,25203.251,1796039470.5778
1774454400000,70788.4,71731,70633.1,70850,14684.846,1043990005.0591
1774468800000,70850,71630.4,70600,71304.3,6896.369,490261879.9189
1774483200000,71304.3,71420.9,70646.2,70876.8,5938.608,421751920.6633
1774497600000,70876.8,70884.9,69750,70052.7,13377.175,938885792.5425
1774512000000,70052.7,70117,69151.3,69237,14516.94,1010701936.9679
1774526400000,69237,69846.2,68590,69056,21021.423,1456866179.451
1774540800000,69056,69136,68100.6,68505.8,14297.279,980872359.3478
1774555200000,68505.8,69506,68383.9,68793.4,15506.381,1070327373.4148
1774569600000,68793.4,69150,68482.8,68738.9,6813.322,468791882.7521
1774584000000,68738.9,68935.3,68255.2,68500.8,10775.1,738933946.1601
1774598400000,68500.8,68594,66174.6,66667.9,29176.351,1963483176.8877
1774612800000,66667.9,66745.8,65688.3,66086,26303.882,1741969106.9154
1774627200000,66086,66300.3,65504.7,66015.6,18914.344,1246445082.8013
1774641600000,66015.6,66396.7,65786.2,66374.7,6580.727,434730678.7658
1774656000000,66374.7,66493.6,65880.7,66197.4,6639.55,439360744.5351
1774670400000,66197.4,66541.4,66071.2,66529.4,3584.683,237855038.903
1774684800000,66529.4,66534.8,66068.2,66288.1,4855.29,321939451.988
1774699200000,66288.1,67287.8,66190.8,66983.9,12499.013,835211358.3356
1774713600000,66983.9,67072,66636.5,66879.9,5351.235,357778193.2841
1774728000000,66879.9,66979.2,66239.1,66345.4,6225.808,414503954.3826
1774742400000,66345.4,67113.3,66250,66879.3,5335.975,355671887.6751
1774756800000,66879.3,66909.7,66511.3,66625.7,3926.596,261840130.544
1774771200000,66625.7,66979.9,66369.6,66774.2,5532.734,368690108.8888
1774785600000,66774.2,66845,66276.6,66499.3,7268.965,483820616.3479
1774800000000,66499.3,66639.4,66111.2,66320.5,5006.784,332288677.1246
1774814400000,66320.5,66765.9,64935.7,65990.7,20807.797,1370227875.0096
1774828800000,65990.7,67442.5,65747.8,67143.6,20126.934,1342093531.7381
1774843200000,67143.6,67802.3,67129.2,67595,10282.443,693473773.0939
1774857600000,67595,68000,67324.1,67649.5,10516.137,711523603.1435
1774872000000,67649.5,68199.9,67050.1,67602.7,20997.534,1420380769.5677
1774886400000,67602.7,67626.2,66184.2,66512.2,16434.796,1097774623.6619
1774900800000,66512.2,66961,66374.3,66767.3,6545.7,436423137.6374
1774915200000,66767.3,68397.1,66504.5,67677.8,16150.087,1092270774.2819
1774929600000,67677.8,67865.6,67067.9,67344.9,9458.951,638205048.1858
1774944000000,67344.9,67475.7,65950,66649.7,21026.165,1399375227.8063
1774958400000,66649.7,67744.7,66403.4,66710,26240.726,1758791382.9662
1774972800000,66710,68599.9,66699,67802.9,23281.852,1578345934.412
1774987200000,67802.9,68400,67790.6,68244.6,8614.551,586722701.9704
1775001600000,68244.6,68333,67543.8,68134.9,10156.825,690131922.4968
1775016000000,68134.9,69301,67973.7,68662.3,18823.272,1293439262.1039
1775030400000,68662.3,68858.8,68342.7,68674.7,9127.077,625861792.0755
1775044800000,68674.7,68933,67831.7,68879.5,18613.399,1273048011.7356
1775059200000,68879.5,69164.4,67900,68140.7,13660.638,934887854.677
1775073600000,68140.7,68498.3,67922,68086,5052.183,344478724.8139
1775088000000,68086,68645.7,66444,66540,24962.009,1683032117.7702
1775102400000,66540,66900,66171.1,66889,10640.417,707886075.6204
1775116800000,66889,66889.1,66106,66176.4,9318.005,618585179.0165
1775131200000,66176.4,67081.1,65666,66814.9,23555.024,1564021866.148
1775145600000,66814.9,67403.9,66568.2,66946.3,14790.286,990416271.4628
1775160000000,66946.3,67089.8,66680,66870.9,4435.378,296716368.8091
1775174400000,66870.9,66976.3,66240,66544.4,7729.41,514509497.9161
1775188800000,66544.4,67230,66373,67011.9,8336.798,557048946.8368
1775203200000,67011.9,67273.3,66647.2,66987.7,7502.803,502076355.1504
1775217600000,66987.7,67344.9,66468.9,66809.1,12331.326,824039161.9309
1775232000000,66809.1,67046.2,66726,66859.2,4090.226,273476031.8078
1775246400000,66859.2,66946,66785.2,66932.7,2300.773,153854218.3101
1775260800000,66932.7,66945.5,66778.7,66799.6,1772.79,118510071.5979
1775275200000,66799.6,67022.1,66737,66980.5,2539.542,169904994.1678
1775289600000,66980.5,67199.9,66857,67136.5,3981.84,266947651.2407
1775304000000,67136.5,67543,66983.3,67352.4,6243.349,419762211.6556
1775318400000,67352.4,67526,67215.3,67262.2,4133.352,278392512.7481
1775332800000,67262.2,67445.9,67125.1,67266.7,2685.45,180687781.1902
1775347200000,67266.7,67274.4,66905.1,67110,3179.49,213289063.1348
1775361600000,67110,67159,66567,66780.5,5556.071,371136112.4222
1775376000000,66780.5,67115.9,66774.6,66972.7,3271.901,219027523.2536
1775390400000,66972.7,67828.6,66638,67268.6,12945.949,869742306.6069
1775404800000,67268.6,67551.9,67142.7,67331.8,4653.402,313264378.4
1775419200000,67331.8,69115.9,67298.4,69002.4,18542.304,1264297521.2712
1775433600000,69002.4,69564,68733.6,69099.7,13577.66,939167796.5643
1775448000000,69099.7,69322.9,68769.3,69085.1,6333.582,437201104.7796
1775462400000,69085.1,70250,69043.7,69584.3,13805.275,962532615.9309
1775476800000,69584.3,69939.5,69120,69925.8,15930.849,1107067914.7196
1775491200000,69925.8,70351.7,69226.3,69700.5,16609.209,1158470277.1496
1775505600000,69700.5,69950,68272,68807.5,14241.561,981865158.0029
1775520000000,68807.5,69087.5,68224.7,68741.3,8944.256,613967421.7596
1775534400000,68741.3,68944,68404,68582.5,5513.145,378377322.5204
1775548800000,68582.5,69224.3,68015.1,68299.9,15708.839,1077938064.3325
1775563200000,68299.9,68641.4,67679,68132.6,17738.872,1208616071.6369
1775577600000,68132.6,69089.5,68037,68976.5,15645.266,1072526138.9661
1775592000000,68976.5,72766.4,68976.5,71894.6,53389.02,3783164384.4274
1775606400000,71894.6,72107,71201.1,71255.1,13161.012,942435641.3156
1775620800000,71255.1,71928.3,71244.1,71612.6,7701.189,551795470.471
1775635200000,71612.6,71953.2,71341.3,71650,7180.388,514323440.6212
1775649600000,71650,72850,70666.4,71270.6,34729.535,2491834666.9177
1775664000000,71270.6,71966.5,70976.8,71283.5,18657.16,1332760820.6794
1775678400000,71283.5,71733.9,70870,71033.2,8724.588,621616500.711
1775692800000,71033.2,71163.6,70417.2,70958.9,11701.764,828919281.33
1775707200000,70958.9,71080,70662.5,70950.9,6905.711,489645501.0071
1775721600000,70950.9,71582.7,70829.1,71120,11391.464,811687657.5482
1775736000000,71120,72338.4,70478.4,72118.3,27726.583,1978236679.8815
1775750400000,72118.3,72541.1,71695.5,72053.4,22473.581,1620376115.7995
1775764800000,72053.4,73141.6,71560,71755,22815.51,1649236058.1705
1775779200000,71755,72366.5,71550.2,71841.4,9011.374,648511148.0947
1775793600000,71841.4,72250,71377.6,71459.3,7194.428,517066381.8521
1775808000000,71459.3,72236.4,71394.5,72097.2,7064.473,507358603.6088
1775822400000,72097.2,73268,71877,72429.7,24746.061,1796491438.6161
1775836800000,72429.7,73238.8,72352.2,73203.7,12496.303,910896054.9189
1775851200000,73203.7,73454.9,72664.1,72920,10785.548,788273901.1514
1775865600000,72920,73063,72623.9,72831.6,4011.072,292228749.6424
1775880000000,72831.6,72923,72571.4,72715.8,4194.301,305040087.3716
1775894400000,72715.8,72887.1,72580.9,72871.5,3560.012,259084090.3454
1775908800000,72871.5,72957.5,72481.3,72823.2,5550.234,403601864.1548
1775923200000,72823.2,73800,72780,73658.9,11916.377,874238747.7247
1775937600000,73658.9,73671.3,72859.6,73011.6,7573.017,554870540.0156
1775952000000,73011.6,73104,71267.8,71561.6,19217.477,1382801864.8611
1775966400000,71561.6,71749.9,71380.1,71635,5001.208,358019025.8854
1775980800000,71635,71740,71309.4,71426.7,4397.365,314460847.4705
1775995200000,71426.7,71466.6,70567,70848.5,16040.716,1138298861.7158
1776009600000,70848.5,71200,70777,71049.3,5344.796,379503390.1922
1776024000000,71049.3,71418.5,70450,70715,12234.28,867256028.778
1776038400000,70715,71247.8,70580.6,70947.1,5498.093,390372874.1422
1776052800000,70947.1,71128.5,70628,70776,5343.015,378649171.6955
1776067200000,70776,70954.2,70523.4,70889,6454.623,456504854.4958
1776081600000,70889,72421.6,70724.3,71826.1,28145.342,2015752147.8247
1776096000000,71826.1,73447.3,71626.8,73275.6,25576.684,1854190268.7003
1776110400000,73275.6,74868.2,72967.5,74383.7,23450.093,1735493821.9359
1776124800000,74383.7,74565,73932,74413.4,8037.636,597140956.9671
1776139200000,74413.4,74932.4,74128.6,74527.2,7927.221,590736319.6811
1776153600000,74527.2,74900,74270.6,74342.2,7512.764,560033075.2741
1776168000000,74342.2,76010.3,74226.9,75272.3,32624.012,2451326515.4659
1776182400000,75272.3,75649,73783.7,74170.3,20955.724,1561289013.0114
1776196800000,74170.3,74395,73754.5,74092.2,9330.256,691270868.9762
1776211200000,74092.2,74765.6,74070.8,74299.9,8342.986,620877836.6721
1776225600000,74299.9,74398.4,73455.5,73701.9,9548.071,705659992.9144
1776240000000,73701.9,74222,73630.1,74158,9054.195,669914527.3268
1776254400000,74158,74474.6,73519,73798.3,18675.511,1383217393.363
1776268800000,73798.3,75246.7,73714.4,74960.3,13662.405,1017907493.387
1776283200000,74960.3,75396,74456.9,74778.3,10313.134,771498885.7713
1776297600000,74778.3,75225,74381.1,74847,7547.73,564457736.1886
1776312000000,74847,75136.2,74578,74668.9,5384.691,403215636.6564
1776326400000,74668.9,74865,74229,74524.9,10510.587,783113092.9702
1776340800000,74524.9,74976.9,73235.8,74657,27700.107,2053724612.0162
1776355200000,74657,75388,73837.6,75317.4,19301.882,1439139822.812
1776369600000,75317.4,75506.2,74755.1,75105.6,7420.321,557023945.8449
1776384000000,75105.6,75116.8,74480.2,74569.1,7163.782,535399062.5906
1776398400000,74569.1,75066.2,74491.6,75047.1,7185.14,537328212.7549
1776412800000,75047.1,76333,74952,75553.4,20621.872,1558624306.2719
1776427200000,75553.4,78043.4,75486.2,77736.7,43270.941,3330222741.8075
1776441600000,77736.7,78332.6,76900,77350.2,17102.038,1325932905.3798
1776456000000,77350.2,77570.9,76837.8,77018.5,6128.785,473355176.8291
1776470400000,77018.5,77379.9,76904.4,76964.3,5829.13,449761711.9849
1776484800000,76964.3,77232.8,76825,76955.9,3584.3,276128058.3726
1776499200000,76955.9,77011,75702.1,75993.2,14172.253,1081214826.6402
1776513600000,75993.2,76384.4,75728.1,76120.7,7903.497,601576705.53
1776528000000,76120.7,76174.4,75380,75605,8675.903,656977048.3073
1776542400000,75605,75868.1,75547.5,75650,3372.012,255296014.7237
1776556800000,75650,75809.7,75302.8,75477.4,4132.467,312123969.0356
1776571200000,75477.4,75748.7,74810.3,75209,8327.205,626685715.2334
1776585600000,75209,75619,74881.2,75564.6,7431.655,558958414.564
1776600000000,75564.6,76211.8,75338.6,75813.4,11547.329,875075809.5227
1776614400000,75813.4,75822,74550,74919,12035.724,903198214.4494
1776628800000,74919,74921.4,73700.1,73765.8,13915.545,1031810511.9787
1776643200000,73765.8,74700,73653.6,74598.8,9157.009,680293787.6376
1776657600000,74598.8,75544.5,74057.3,74785.8,13634.676,1019940639.4113
1776672000000,74785.8,75371.4,74564.6,75153.2,8347.259,625813473.2842
1776686400000,75153.2,75759,74655,75667.3,21127.744,1589685721.3492
1776700800000,75667.3,76444.8,75241.9,76246.5,13363.215,1014200830.7749
1776715200000,76246.5,76528.2,75562.9,75789.1,6914.074,525416174.8102
1776729600000,75789.1,76234.5,75440,75667.4,8168.478,619037345.6218
1776744000000,75667.4,76283.3,75556.1,76056,5906.823,448433727.5202
1776758400000,76056,76934.1,76024.4,76415.4,11321.845,865918883.6355
1776772800000,76415.4,76559.6,75359.7,75791,19869.514,1508991116.4507
1776787200000,75791,76147.4,74769.6,74984.9,17143.725,1293156327.8962
1776801600000,74984.9,76396.8,74940,76294.8,10570.567,799652735.5995
1776816000000,76294.8,77700,76100,77492,18956.597,1458768524.7594
1776830400000,77492,78432,77320,77976,15594.06,1215576131.4755
1776844800000,77976,78406.5,77886.7,78264.6,8737.398,682284372.9019
1776859200000,78264.6,79387.8,78056.4,79224.1,23447.535,1845952074.9115
1776873600000,79224.1,79423.5,78577.7,78794.2,10837.235,855174407.1782
1776888000000,78794.2,78877.6,78110,78139.5,7001.451,549410195.3764
1776902400000,78139.5,78548.1,77407.9,77699.4,14990.485,1168567692.8211
1776916800000,77699.4,78310,77625.5,78018,9459.013,737842363.9264
1776931200000,78018,78144.6,77114.5,77650.2,12303.656,954304535.5756
1776945600000,77650.2,78633,77347.8,78339.3,17553.502,1368095386.9858
1776960000000,78339.3,78479,76900,77671.8,27371.226,2127310190.0544
1776974400000,77671.8,78297,77603.6,78214.3,6164.314,480787751.293
1776988800000,78214.3,78537,77508.3,77700.1,8412.76,656487622.6404
1777003200000,77700.1,78017.7,77416,77627.1,7278.924,565500174.3156
1777017600000,77627.1,78357.5,77358.9,78200,12503.454,973859568.7128
1777032000000,78200,78430.2,77495,78004.2,20352.919,1586383968.4456
1777046400000,78004.2,78022.8,77311.9,77589.4,9777.81,758858967.5391
1777060800000,77589.4,77729.1,77200,77404.9,4480.576,347085358.876
1777075200000,77404.9,77668.1,77234.3,77630.1,2341.342,181407270.849
1777089600000,77630.1,77655.5,77402.2,77457.4,2214.098,171582863.7229
1777104000000,77457.4,77847.6,77447.1,77647.5,3390.825,263434918.5108
1777118400000,77647.5,77717.9,77256.6,77287,3351.906,259842088.8407
1777132800000,77287,77415.7,77090.2,77278.8,4605.655,355903177.4996
1777147200000,77278.8,77634.2,77263.3,77591.4,3173.292,245860455.3749
1777161600000,77591.4,77610.5,77284.7,77356.1,2146.692,166303323.0026
1777176000000,77356.1,78179.9,77336.7,78069.3,7179.675,559322701.0496
1777190400000,78069.3,78176,77880.6,78052.4,3288.293,256532105.1334
1777204800000,78052.4,78150,77689.8,78010.6,6345.169,494358199.6463
1777219200000,78010.6,78483.4,77794.3,78182.9,6630.18,518218324.9147
1777233600000,78182.9,78942.3,77777.2,78622.1,18877.358,1479435068.4295
1777248000000,78622.1,79457.4,78338.7,79069.9,14191.678,1122241790.038
1777262400000,79069.9,79152.5,77424,77558.2,17698.134,1379419042.1398
1777276800000,77558.2,77950,77503.6,77794.8,5993.868,466095668.1638
1777291200000,77794.8,78244.4,76512,76755.6,23515.352,1820690453.0891
1777305600000,76755.6,76900,76415.8,76849.2,9162.489,702707165.4246
1777320000000,76849.2,77415.6,76720,77328.7,5175.255,398537310.789
1777334400000,77328.7,77448.2,76597,76765.5,8659.5,666527591.8343
1777348800000,76765.5,77118.8,76323,76826.7,8275.734,634690263.6744
1777363200000,76826.7,76955.6,76071.3,76193.3,7626.333,583229887.8959
1777377600000,76193.3,76395.4,75620.9,76024,14143.817,1075205586.3141
1777392000000,76024,76347.4,75838,76285.9,6829.078,519798713.1002
1777406400000,76285.9,76442.1,76136.1,76300,3962.13,302383359.6375
1777420800000,76300,77093.9,76140.2,76954.7,7195.381,551211085.6144
1777435200000,76954.7,77420,76844.7,77001.9,9149.151,705832246.1214
1777449600000,77001.9,77860,76911.1,77544,12411.549,962057019.1007
1777464000000,77544,77551.5,75661.7,75888.3,20313.313,1555431911.9587
1777478400000,75888.3,76248.6,74900,75517,22091.026,1667879847.875
1777492800000,75517,76060.7,75445.4,75750,6383.604,483591084.7826
1777507200000,75750,76429.1,75431.7,75882.6,9767.697,742033957.2781
1777521600000,75882.6,76146,75272.9,76128.4,7170.374,542689363.7985
1777536000000,76128.4,76323.5,75805.3,76032,7018.085,533731759.9624
1777550400000,76032,76644.3,76003.7,76422.1,11414.04,871348371.9147
1777564800000,76422.1,76480,76065,76360.4,5295.253,403990136.5197
1777579200000,76360.4,76547.3,76141.1,76301,3904.778,298095053.2168
1777593600000,76301,77429.4,76269.5,77078.9,9179.024,706088450.3431
1777608000000,77078.9,77169.7,76835.3,77102,5337.53,411162340.9504
1777622400000,77102,77580,77005.8,77420.1,7988.033,617576562.5421
1777636800000,77420.1,78900,77355.6,78399.2,25667.99,2008430509.773
1777651200000,78399.2,78649,78080,78311.1,7577.327,593767475.278
1777665600000,78311.1,78382.3,77703,78189.3,5900.416,460601255.7589
1777680000000,78189.3,78493.9,78110.4,78371.6,2992.667,234356393.1384
1777694400000,78371.6,78439.1,77992.6,78187.1,3911.031,305814866.1159
1777708800000,78187.1,78363.7,78050,78105.9,2665.032,208411813.2458
1777723200000,78105.9,78450,78065.1,78450,2790.05,218454137.4357
1777737600000,78450,78569,78265.3,78445.8,2324.61,182296100.2845
1777752000000,78445.8,79182.5,78367,78655.1,6686.433,526926405.0658
1777766400000,78655.1,78728.3,78060.7,78156.9,4761.623,372710421.3726
1777780800000,78156.9,78433.1,78025,78320.1,3733.779,292136227.9338
1777795200000,78320.1,78820.3,78307.6,78631.2,5001.7,392957427.2908
1777809600000,78631.2,78861.6,78550.2,78631.5,4406.936,346781827.9449
1777824000000,78631.5,78820,78522.6,78733.5,2746.633,216098196.2026
1777838400000,78733.5,79421,78444,78529.9,13518.478,1067294218.078
1777852800000,78529.9,80433,78220,80279.5,27049.875,2153405107.3226
1777867200000,80279.5,80600.9,79455,79662.5,11153.646,892861118.8438
1777881600000,79662.5,79886.9,78170.4,78753.7,22762.754,1795563842.1508
1777896000000,78753.7,80507,78430.5,79983.5,25767.175,2049798931.919
1777910400000,79983.5,80742.2,79567.9,80007.2,13775.701,1104541434.6076
1777924800000,80007.2,80360,79705.7,79818.9,4427.571,354268375.3067
1777939200000,79818.9,81064,79752.5,80839,10204.926,821972265.4069
1777953600000,80839,81300,80675,80821.9,9534.294,771962936.2093
1777968000000,80821.9,81084.6,80474.4,80972.9,7224.643,583484851.5983
1777982400000,80972.9,81694.6,80876.8,81490.6,18056.108,1468899863.6147
1777996800000,81490.6,81643.3,81005,81553,7401.48,602135874.4013
1778011200000,81553,81787,80711.3,80851.6,12720.316,1033318492.7291
1778025600000,80851.6,81750,80638,81543.4,10814.782,878137658.0925
1778040000000,81543.4,81600,81013.4,81332.1,6154.698,500618556.2787
1778054400000,81332.1,82811,81276.4,82486.4,18211.762,1495642996.0211
1778068800000,82486.4,82514.7,81086.7,81662.2,18663.121,1525335433.2595
1778083200000,81662.2,81880,81133.4,81411.8,7496.166,610869326.7754
1778097600000,81411.8,81664.1,80929.1,81394.2,5887.064,478704080.3326
1778112000000,81394.2,81442.7,80788,80807.2,7069.301,572907561.734
1778126400000,80807.2,81671,80675.9,81481.3,8010.627,650305562.0697
1778140800000,81481.3,81564,80532.2,80835,9507.745,769573616.6834
1778155200000,80835,81148,79635,79864,18470.918,1483947495.8122
1778169600000,79864,80247.1,79461.7,80112,11237.962,898276298.2538
1778184000000,80112,80348.5,79539,79975.4,5458.426,435969693.0786
1778198400000,79975.4,80105.5,79120,79533,7619.391,606432269.7872
1778212800000,79533,79740.9,79204,79642.6,5343.315,424902188.4252
1778227200000,79642.6,80300,79630,80185.2,8354.331,668208238.3077
1778241600000,80185.2,80477.6,79505,80120.6,15783.105,1261448455.0287
1778256000000,80120.6,80274.8,79689.7,80143.2,7380.904,590461040.8389
1778270400000,80143.2,80385.6,80046.2,80158.1,2842.03,227941301.4599
1778284800000,80158.1,80537.3,80083,80345.6,3446.78,276770727.8497
1778299200000,80345.6,80641.4,80084,80189.3,4068.565,326674430.1938
1778313600000,80189.3,80400,80116.5,80307.8,2907.415,233360579.0469
1778328000000,80307.8,80567.5,80182.7,80493,3273.091,263063106.7559
1778342400000,80493,81049.9,80446.2,80893.9,6071.341,490308758.6041
1778356800000,80893.9,80898.5,80570,80628,1662.832,134224346.5413
1778371200000,80628,80850,80523.8,80733.4,3799.274,306542635.2809
1778385600000,80733.4,80808,80603.9,80698.8,2219.541,179119232.3872
1778400000000,80698.8,80947.5,80643.6,80783.4,3677.915,297157533.9139
1778414400000,80783.4,81400,80744.2,81376.4,6226.316,504682734.5674
1778428800000,81376.4,81552.7,81100.1,81396.1,5590.865,454763899.246
1778443200000,81396.1,82450,80206.3,82181.9,23153.447,1883671811.7792
1778457600000,82181.9,82350,80482.1,80695.7,13560.334,1101976702.6042
1778472000000,80695.7,81017,80598.8,80705,4508.525,364155142.1832
1778486400000,80705,81168.9,80580.2,81161.4,4750.899,384455136.9585
1778500800000,81161.4,81425,80410,81403.8,12040.07,975537611.2339
1778515200000,81403.8,82107.6,81304.3,81920.3,12344.221,1009305835.5609
1778529600000,81920.3,82039.1,81551,81699.8,3599.872,294356977.727
1778544000000,81699.8,81768.1,80660.1,81015.5,8873.674,720040600.9593
1778558400000,81015.5,81278.6,80760,80816.1,6066.799,491657901.5149
1778572800000,80816.1,80939.8,80460,80738,7058.83,569840382.6804
1778587200000,80738,81000,80115,80292,16691.14,1345098293.1141
1778601600000,80292,80830,79800.1,80791.6,10894.841,875380003.4103
1778616000000,80791.6,80840,80382.9,80459.8,3502.578,282388164.1178
1778630400000,80459.8,81274.4,80362.9,81214.2,6444.005,521756290.0304
1778644800000,81214.2,81245.8,80850,80981.1,3652.604,296002586.173
1778659200000,80981.1,81305.9,80456.1,80460.1,6950.475,562273078.1109
1778673600000,80460.1,80560,78754.2,78792.5,25089.417,1999306148.7945
1778688000000,78792.5,79769.7,78724.9,79608.6,10885.386,862711053.6937
1778702400000,79608.6,79743.2,79185.7,79285.8,5089.814,404270804.1824
1778716800000,79285.8,79663.9,78863.2,79003,7833.053,621270156.9551
1778731200000,79003,79974.3,78930.1,79711,7271.016,578985304.504
1778745600000,79711,79900,79191,79215,6678.882,531326787.8943
1778760000000,79215,81295.5,79190.5,81244,21908.564,1761116244.1875
1778774400000,81244,81999,81018.8,81374.5,22616.803,1844124253.8755
1778788800000,81374.5,81542.9,81018,81052.6,5116.52,415922919.0654
1778803200000,81052.6,81639.1,80700,81019,9981.726,809756091.048
1778817600000,81019,81065.8,80258,80788.9,12941.285,1043251864.4266
1778832000000,80788.9,80800.8,80312,80578.5,9495.419,764500232.3191
1778846400000,80578.5,80604.3,78610,79120.2,29535.674,2342936085.389
1778860800000,79120.2,79525.1,79003.3,79092.9,6222.284,493020130.8306
1778875200000,79092.9,79183.4,78846.1,79069.5,3758.202,297077984.5911
1778889600000,79069.5,79192.8,78964.8,79030,2164.45,171182821.4309
1778904000000,79030,79088.3,78010,78329.8,10657.301,836597886.6437
1778918400000,78329.8,78500,77601,78041.1,10548.107,823011762.2282
1778932800000,78041.1,78318,77795.4,78189.9,4798.603,374526193.0706
1778947200000,78189.9,78337.4,78072.9,78226.9,3796.34,296893732.3975
1778961600000,78226.9,78288.4,78084.1,78106.5,2030.159,158768211.5026
1778976000000,78106.5,78207.1,77675,77984.9,4950.271,385631981.6445
1778990400000,77984.9,78284.4,77956.4,78142.9,3503.699,273670063.4486
1779004800000,78142.9,78569.9,77995.2,78382.9,4855.205,380273221.7803
1779019200000,78382.9,78528.7,77792.2,78002.8,5649.032,441224866.7603
1779033600000,78002.8,78444.4,77781.6,78370,4303.77,336049062.4381
1779048000000,78370,78457.1,76671.5,77416.4,16965.81,1315177928.3084
1779062400000,77416.4,77443.8,76659.1,76900.4,12073.837,929616203.2987
1779076800000,76900.4,77061.5,76540,77043.1,10064.973,773614349.6471
1779091200000,77043.1,77378.1,76616.2,77262,7785.576,599317523.7181
1779105600000,77262,77766.4,75999.9,76381.2,30448.904,2337801938.4571
1779120000000,76381.2,76972.9,76105.3,76903.8,14706.6,1125418399.8185
1779134400000,76903.8,77193.3,76753.8,76963.9,7420.613,571371517.7187
1779148800000,76963.9,77377.6,76433.4,76755.2,7227.057,555743445.8753
1779163200000,76755.2,77256.7,76600.1,77196.8,4560.874,350958111.547
1779177600000,77196.8,77298.1,76588.3,76671,6531.351,502201915.5872
1779192000000,76671,77024.9,76105,76497,12212.394,935065081.3573
1779206400000,76497,77054,76379.4,76789.5,7000.624,537736338.069
1779220800000,76789.5,77014.9,76613,76806.1,3532.482,271489269.2229
1779235200000,76806.1,76898,76465.9,76688.7,4332.574,332195293.6179
1779249600000,76688.7,77445,76643.6,77253.9,6396.299,493724861.7306
1779264000000,77253.9,77635,77163.6,77350.1,5498.826,425871578.1837
1779278400000,77350.1,77838.9,76850,77421.9,16123.801,1247356317.1026
1779292800000,77421.9,77691.9,76977.7,77638.1,7810.597,604447716.6036
1779307200000,77638.1,77738.6,77176.9,77518.9,4493.565,348317163.8363
1779321600000,77518.9,78142.8,77476,78050,6686.704,521021074.7899
1779336000000,78050,78153.6,77479.5,77840.1,5981.924,465207578.9781
1779350400000,77840.1,78173,77073.4,77159.5,10654.58,826081867.1785
1779364800000,77159.5,77375,76680.1,77225.5,12397.704,955240813.9218
1779379200000,77225.5,78070.1,76970,77666.6,15822.028,1228392821.7859
1779393600000,77666.6,77782.8,77498.7,77588.4,3284.373,255054390.8523
1779408000000,77588.4,77771.7,77280.1,77738.7,4443.079,344571822.7501
1779422400000,77738.7,77865,77227.6,77366.9,6514.694,504716217.6131
1779436800000,77366.9,77504,77155,77394.9,4818.766,372456109.6191
1779451200000,77394.9,77550,76530,76755.9,14284.266,1099474359.0652
1779465600000,76755.9,77070,75611.7,75831.3,20701.842,1579017729.6119
1779480000000,75831.3,76065.7,75311,75509.6,8508.134,644397640.4454
1779494400000,75509.6,75626.4,75185.1,75592.4,6129.865,462282445.1016
1779508800000,75592.4,75614.1,74221.4,74568.3,11902.226,891668420.5488
1779523200000,74568.3,74844.7,74302.7,74757.8,8039.45,599621098.6607
1779537600000,74757.8,75674.2,74607.9,75487.4,11371.284,855311965.7066
1779552000000,75487.4,75992.3,75327.8,75949.8,8266.35,625517923.8898
1779566400000,75949.8,77371.9,75906.2,76709,21527.454,1650691496.3881
1779580800000,76709,76980,76591.1,76704.8,3135.308,240766353.8143
1779595200000,76704.8,77056.9,76613.7,76778.5,4976.403,382256075.5474
1779609600000,76778.5,77490,76701.6,77280.6,6990.166,538746516.2978
1779624000000,77280.6,77290,76144.1,76329.9,12188.793,933803477.9238
1779638400000,76329.9,76760,76329.9,76734.9,4650.13,356147434.1134
1779652800000,76734.9,77200,76062.2,77032.5,10752.706,823923077.438
1779667200000,77032.5,77449.9,76859.9,76994.4,5682.144,438292145.4341
1779681600000,76994.4,77641,76952.4,77381.7,9533.514,737415046.6464
1779696000000,77381.7,77682,77244.8,77327.7,4624.021,358228598.2109
1779710400000,77327.7,77885,77247.9,77597.9,6728.183,521681448.2178
1779724800000,77597.9,77788,77310,77402.7,4401.508,341396290.7277
1779739200000,77402.7,77472,76974.1,77280.5,5809.692,448691266.4693
1779753600000,77280.5,77316.3,76436,76625.3,9486.55,727861410.421
1779768000000,76625.3,77023.1,76559.9,76687.1,5582.963,428492084.2607
1779782400000,76687.1,77589.1,76536.2,77159.9,10935.522,843626452.338
1779796800000,77159.9,78049,76216.4,76464.2,29601.642,2279187200.5502
1779811200000,76464.2,76689.1,75733,76019.8,17944.579,1366387337.6224
1779825600000,76019.8,76143.1,75627.9,75897.4,5846.857,443662384.9288
1779840000000,75897.4,76077.9,75550,75621.3,5407.481,410049599.2749
1779854400000,75621.3,75929.1,75235.7,75920,9423.104,712092565.5431
1779868800000,75920,76028.5,75655,75729.6,6171.893,468208777.8571
1779883200000,75729.6,76136.8,74707.5,75297.1,22927.312,1724987059.0711
1779897600000,75297.1,75379,74626.9,75034.6,12126.591,909337473.6875
1779912000000,75034.6,75379,74201.2,74412.4,14018.103,1045913179.9138
1779926400000,74412.4,74557.7,73020,73231.8,18679.827,1379041462.8938
1779940800000,73231.8,73479.6,72687.4,73460.3,14676.538,1071966551.7769
1779955200000,73460.3,73588.9,73171.7,73474.1,6591.577,483725170.4045
1779969600000,73474.1,73561.4,72552,72896.6,26425.484,1930287836.5788
1779984000000,72896.6,73729,72696.2,73397.4,12208.694,895469369.1041
1779998400000,73397.4,73920,73195.7,73597.6,7960.729,585712446.6253
1780012800000,73597.6,73853.8,73140.5,73264,8742.019,642492280.7032
1780027200000,73264,73911.1,73169.5,73480,8254.993,607218790.1834
1780041600000,73480,73877.5,73311.2,73449.9,5103.658,375911169.7037
1780056000000,73449.9,74187.8,72460.7,73774.1,31899.405,2338393997.9202
1780070400000,73774.1,74310,73123.9,73491.1,19140.793,1411454020.6165
1780084800000,73491.1,73819.7,73276.2,73437.3,5223.571,383876590.3418
1780099200000,73437.3,73756.4,73372.7,73495.8,2889.108,212589647.4257
1780113600000,73495.8,73694.2,73160.3,73515.7,5332.696,391673734.3247
1780128000000,73515.7,73646,73464.9,73569.4,1616.334,118889891.2369
1780142400000,73569.4,74076.8,73556,73889.3,4920.815,363419749.6378
1780156800000,73889.3,74117.7,73780.4,73978.8,3493.421,258383465.6047
1780171200000,73978.8,74025.3,73740.4,73854.1,2967.04,219204777.8103
1780185600000,73854.1,74246.1,73817.6,74109.9,5153.625,381684534.6299
1780200000000,74109.9,74197.4,73800,73842.4,2721.069,201404268.3688
1780214400000,73842.4,74003.4,73687.6,73911,3239.131,239237050.2233
1780228800000,73911,74007.2,73467.8,73617,7304.031,538098676.5102
1780243200000,73617,73699.5,73351,73520.6,4344.459,319422271.5783
1780257600000,73520.6,74173.8,73452.3,73649.6,7216.921,532344714.4875
1780272000000,73649.6,74057.6,73176,73726.2,7136.325,525735393.5441
1780286400000,73726.2,73806,72654.8,72770.2,10887.089,796273288.6124
1780300800000,72770.2,73064.9,72160.5,72449.7,15435.863,1121862271.1442
1780315200000,72449.7,72590,71040,71103.9,37862.932,2716341079.3711
1780329600000,71103.9,71800,70650.4,71576.1,17637.372,1257547312.5505
1780344000000,71576.1,71683.1,70805,71391.3,9769.841,695938425.4861
1780358400000,71391.3,71398.4,70063.9,70933.9,17499.682,1236990410.7076
1780372800000,70933.9,71039.2,69705.1,70080.8,17567.917,1234843756.2073
1780387200000,70080.8,70150.7,69290,69434.2,14398.827,1002241374.352
1780401600000,69434.2,69519,67030.4,67269.4,50275.328,3427914378.3884
1780416000000,67269.4,68112.1,66356,67287.9,30787.235,2072190233.2926
1780430400000,67287.9,67891.4,66160,66725.2,27803.105,1861335888.2973
1780444800000,66725.2,67174.6,65400,65818.7,20923.698,1388738128.6375
1780459200000,65818.7,67497.5,65797.2,67188.5,21332.5,1427610620.1928
1780473600000,67188.5,67450,66627.5,67044.9,11483.074,770286359.494
1780488000000,67044.9,67220,66041.3,66046.9,18439.66,1229090103.8665
1780502400000,66046.9,66346.9,65201.2,65428.4,25141.954,1654224572.5268
1780516800000,65428.4,65827.8,64035.3,64115.2,29630.292,1925275791.3773
1780531200000,64115.2,64500,61333,64335.8,52983.519,3340904259.1564
1780545600000,64335.8,64734.4,63376.4,63562.6,19393.792,1242644470.9806
1780560000000,63562.6,63881.6,62133,62519.2,28932.98,1816057286.0919
1780574400000,62519.2,64473.6,62355.7,63866.9,32598.853,2075268953.7203
1780588800000,63866.9,64121.5,62904.7,63597.3,18085.713,1150158563.2919
1780603200000,63597.3,63893.6,63072.4,63849.1,11470.29,727917495.1693
1780617600000,63849.1,63954.5,62297.6,62695.3,12291.045,774055591.6483
1780632000000,62695.3,63684.4,61076.6,63080.1,39999.908,2491623174.1834
1780646400000,63080.1,63268.5,61925.2,61925.2,18734.737,1173038912.6798
1780660800000,61925.2,62430,60013,60400.7,50811.779,3101298523.6976
1780675200000,60400.7,61529.7,59081.4,60269.6,52174.865,3143978830.4078
1780689600000,60269.6,61992.8,59902.9,61026.6,34604.321,2121114408.0651
1780704000000,61026.6,61496.4,60488.7,60661.7,10694.646,652370093.0698
1780718400000,60661.7,61268.3,59428.7,60975.3,30673.283,1855303783.3172
1780732800000,60975.3,61473,60073.8,60771.6,15275.559,927395142.8134
1780747200000,60771.6,61168.3,60350.6,60754.3,12002.597,729802681.8789
1780761600000,60754.3,60950,60365.4,60557.8,8515.826,516219078.9287
1780776000000,60557.8,60967.8,60394,60855.6,6989.383,424359378.8709
1780790400000,60855.6,61747,60711.1,61668.6,13884.131,851442000.9914
1780804800000,61668.6,62381.8,61443.2,62368.6,12838.989,795331891.7454
1780819200000,62368.6,62950,62220.1,62598.2,15093.296,944133831.9197
1780833600000,62598.2,62617.3,61524.5,62070.7,21651.172,1340531761.0562
1780848000000,62070.7,62313.4,61138.5,61299.8,12755.656,787084347.1721
1780862400000,61299.8,64250,61178.7,63306.5,32071.236,2014187077.7103
1780876800000,63306.5,63842.9,62678.8,63095.9,11187.174,707286507.2752
1780891200000,63095.9,63331.4,62374,63263.5,10258.675,644922149.6106
1780905600000,63263.5,63888.6,62951.3,63451.4,12877.922,815928471.7712
1780920000000,63451.4,64220.9,62672.7,63745.6,28619.965,1820127757.0596
1780934400000,63745.6,64025.9,63226.3,63342.1,10703.509,680083710.0811
1780948800000,63342.1,63840.7,62939,63056.4,10615.317,672246811.4162
1780963200000,63056.4,63155.2,62386.1,62844.7,12161.418,762439203.3846
1780977600000,62844.7,63501,62718.5,63170.6,11365.111,718095946.2878
1780992000000,63170.6,63182.3,62462.9,62676.2,11488.195,720758612.7998
1781006400000,62676.2,62878,61000.3,61104.9,31522.904,1949161899.5757
1781020800000,61104.9,62087.1,60705,62071.5,25430.709,1562323644.0232
1781035200000,62071.5,62250.1,61520,61699.9,10705.522,661988631.2648
1781049600000,61699.9,61948.5,61206,61517.2,9099.38,560222227.5855
1781064000000,61517.2,61766.4,61039.8,61655.2,8913.019,546988083.4048
1781078400000,61655.2,61702.6,60614.5,60998,14222.891,869576203.3991
1781092800000,60998,62846.8,60917.1,62606.5,29654.997,1836811337.0377
1781107200000,62606.5,62620,61550.4,61916.4,15852.486,982757516.5085
1781121600000,61916.4,61922.3,61069.5,61476.4,13173.493,809394772.716
1781136000000,61476.4,63023.2,61476.4,62671.5,16871.743,1050278841.023
1781150400000,62671.5,63037.9,62518.2,62692.6,8078.345,506595606.5402
1781164800000,62692.6,63235.9,62692.1,63075.2,7695.799,484680165.3562
1781179200000,63075.2,63216.6,62468.2,62726.3,18008.615,1131513295.2644
1781193600000,62726.3,63900,62315,63580.1,23915.799,1512592406.9985
1781208000000,63580.1,63699.9,63239.8,63600,6048.007,383881842.6033
1781222400000,63600,63780,63258,63494.7,6033.242,383123515.2183
1781236800000,63494.7,63849.6,62810,63063.2,10555.615,667508870.6031
1781251200000,63063.2,63934.9,63061,63730.5,10225.513,650733376.0609
1781265600000,63730.5,64371.8,63010.1,63565.7,23415.782,1491717838.661
1781280000000,63565.7,64080.8,63477.3,63549.1,8559.483,545883214.87
1781294400000,63549.1,63666.9,63358.7,63547.1,4404.738,279672570.3135
1781308800000,63547.1,63816.6,63372.8,63493.9,4551.259,289556040.3418
1781323200000,63493.9,63867.3,63445.8,63821.6,4924.359,313554712.3281
1781337600000,63821.6,63947.9,63694.6,63936.3,4005.667,255646684.3189
1781352000000,63936.3,64316.4,63884.7,64263.6,6859.668,439906364.3791
1781366400000,64263.6,64310.9,63876.1,64267,7936.646,508305885.6536
1781380800000,64267,64746.9,64185.1,64416.6,6491.441,418487308.3247
1781395200000,64416.6,64685.9,64337.8,64508.8,3144.667,202891201.2641
1781409600000,64508.8,64528.3,64176.6,64401.5,4034.431,259536037.3327
1781424000000,64401.5,64641.8,64288.2,64516.1,4149.914,267687959.7505
1781438400000,64516.1,64533.1,63831,63991.6,7847.072,503125878.4517
1781452800000,63991.6,64211.1,63643.7,63775.1,5742.524,366709135.7358
1781467200000,63775.1,65770,63760.9,65710,27550.769,1791762421.2723
1781481600000,65710,65983,65317,65895.4,8522.913,559400598.9484
1781496000000,65895.4,65997.9,65564.4,65644,6728.265,442463139.6013
1781510400000,65644,66372.8,65468.6,66202.4,12393.678,817465343.2411
1781524800000,66202.4,67276,66067.3,67256.4,23227.693,1547723361.0229
1781539200000,67256.4,67265.8,66275.2,66580.1,11812.7,789488746.7334
1781553600000,66580.1,66656.3,66060.1,66287.2,6334.733,420158937.7814
1781568000000,66287.2,66434.7,65605.5,66121.5,11432.238,753923812.6719
1781582400000,66121.5,66566.9,65763.1,66338.4,8565.146,566884322.7894
1781596800000,66338.4,66970,66304.8,66460.3,11157.042,743132215.2043
1781611200000,66460.3,66795.3,65327.4,65835.3,17953.331,1184579500.0771
1781625600000,65835.3,66263.6,65525,65656.3,7472.173,491947463.5079
1781640000000,65656.3,65918.4,65558.8,65640,3573.587,234852106.2421
1781654400000,65640,66108.3,65421.3,65828.4,6125.871,402977172.7417
1781668800000,65828.4,66020.9,65159.5,65505.9,7000.013,458711060.231
1781683200000,65505.9,65545.3,64529.6,64773.7,12223.378,793531573.496
1781697600000,64773.7,65838.6,64552.6,65712.8,17691.176,1153135473.1088
1781712000000,65712.8,66444.7,64001.8,64267.2,37346.105,2436280720.3336
1781726400000,64267.2,64502.8,63869.6,64476.6,8882.461,570754877.5848
1781740800000,64476.6,64781.8,64220,64255.4,6089.267,392747169.0795
1781755200000,64255.4,64478.2,63656.3,64467.1,11689.092,748166902.8084
1781769600000,64467.1,64619.4,63851.1,63943,10457.649,671301477.7735
1781784000000,63943,64409.8,62216.9,62326.1,35852.596,2273205482.0169
1781798400000,62326.1,62971.6,62216.4,62915.9,18737.507,1173508437.9102
1781812800000,62915.9,63238.3,62703.9,62920.1,6595.602,415277679.074
1781827200000,62920.1,63076.6,62345.3,62742.7,8735.303,547810001.215
1781841600000,62742.7,62888.6,62365.1,62589.8,9553.785,598350474.8119
1781856000000,62589.8,62755.5,62271.6,62596.7,7947.769,496547014.6562
1781870400000,62596.7,63397.3,62309.7,63187,15134.311,952655900.6642
1781884800000,63187,63363.5,62827.2,62999.9,6740.316,425339244.3702
1781899200000,62999.9,63641.1,62926.9,63508.9,5091.751,322366714.1227
1781913600000,63508.9,63767.2,63286,63443.1,5145.801,326803889.7839
1781928000000,63443.1,63945.7,63365,63624.3,6719.291,427988306.5832
1781942400000,63624.3,63790.4,63360,63652.9,5849.785,371801770.573
1781956800000,63652.9,64356.6,63154.5,64135.6,16480.558,1050911727.6791
1781971200000,64135.6,64140.6,63700.8,63908.6,4825.41,308307072.3515
1781985600000,63908.6,64339.3,63822.7,64265.4,3212.342,206020845.1976
1782000000000,64265.4,64449,64169.2,64394.1,3455.762,222146096.4953
1782014400000,64394.1,64589.1,64137,64158.5,4109.954,264302932.7938
1782028800000,64158.5,64452.2,63867.9,64140,7402.647,474930168.3149
1782043200000,64140,64327.1,63915.6,64194.3,5330.595,341667879.3295
1782057600000,64194.3,64267.5,63909.8,64169.9,3132.229,200797068.6387
1782072000000,64169.9,64239.7,63209.3,63283.4,12677.968,806764258.6106
1782086400000,63283.4,64827.6,63279.8,63931.6,18718.692,1201296587.2218
1782100800000,63931.6,64387.6,63835,64184.1,7724.638,495323842.5467
1782115200000,64184.1,64757.2,64008.7,64630.4,8588.75,552932785.8933
1782129600000,64630.4,65596,64558.4,64801,26485.407,1722908176.2129
1782144000000,64801,64828.5,64203.5,64445.2,14059.99,907216807.1814
1782158400000,64445.2,64635,63771,63989.3,8939.96,573785908.9884
1782172800000,63989.3,64252.8,63796.9,64035.1,7662.718,490875421.3775
1782187200000,64035.1,64063.7,62530,62853.8,19053.074,1202785882.3501
1782201600000,62853.8,62916.5,61878.4,62470.1,19725.452,1230086956.0042
1782216000000,62470.1,62822.5,61921.9,62459.2,20503.943,1278808164.8775
1782230400000,62459.2,62804.4,62068,62358.3,9279.755,579352696.1006
1782244800000,62358.3,62772.3,62337.5,62693.7,4738.551,296415185.1173
1782259200000,62693.7,63113.4,62427,62707.1,8151.31,511973894.9854
1782273600000,62707.1,63060.4,62501,62629.9,5530.139,347053969.2823
1782288000000,62629.9,63232.7,62277,62887.9,8227.191,515661555.3568
1782302400000,62887.9,62950,60220,60238.3,42611.441,2613747899.2527
1782316800000,60238.3,60637.1,59065.8,59923.7,36828.429,2201202873.4469
1782331200000,59923.7,61239.6,59814.4,61054.7,21940.215,1333325616.9053
1782345600000,61054.7,61146,60650,60853.3,7225.68,439600803.0551
1782360000000,60853.3,61942.3,60755.1,61881.2,13692.632,842421191.3284
1782374400000,61881.2,61894.7,61031.2,61252.3,11553.729,709864019.1672
1782388800000,61252.3,61765.8,58042.6,59531.7,74394.561,4430447233.5839
1782403200000,59531.7,60037.7,59103.7,59295.3,20683.521,1230310428.6667
1782417600000,59295.3,60236.8,59290.8,59767.3,13717.98,820503871.5817
1782432000000,59767.3,60101.7,58289.5,60003.6,27868.746,1646605502.1949
1782446400000,60003.6,60731.3,59672.2,60487,15600.283,938704653.8093
1782460800000,60487,60539.3,59214.1,59389.2,15378.916,919785375.3476
1782475200000,59389.2,60475.3,58450,60291.9,44181.139,2629487719.268
1782489600000,60291.9,60585,59505,59735.5,11744.51,704603151.3956
1782504000000,59735.5,60090,59541.5,60073.4,6384.556,381885966.8125
1782518400000,60073.4,60392,59839.4,60277.2,4895.864,294447315.459
1782532800000,60277.2,60557.7,60082.3,60525.6,5560.405,335430704.0892
1782547200000,60525.6,60525.6,60170,60335.4,3637.346,219553568.6973
1782561600000,60335.4,60918.3,60209.5,60812.8,8030.188,486677786.1136
1782576000000,60812.8,60823.3,60025,60141.3,8692.875,525487543.5143
1782590400000,60141.3,60450,59807.5,59995.3,6526.404,392548764.4643
1782604800000,59995.3,60308.4,59943.5,60169.7,3322.545,199799714.3007
1782619200000,60169.7,60236.4,59715.9,60188.8,5876.903,352461077.7719
1782633600000,60188.8,60522.5,60032.7,60320.4,4896.018,295046724.8572
1782648000000,60320.4,60443.5,59784.9,59862.2,6292.134,377943149.4749
1782662400000,59862.2,59919.6,59225.4,59450.6,10912.982,650054844.9872
1782676800000,59450.6,59882.3,58860,59550.4,13806.231,820640916.6812
1782691200000,59550.4,60223.4,58850.6,60017.7,17764.42,1057140436.5857
1782705600000,60017.7,60321.7,59340,59988.7,11491.637,688246261.8695
1782720000000,59988.7,60307.7,59704.2,59933.1,13225.024,793507235.02
1782734400000,59933.1,60775,58973.4,59793.1,44363.841,2654126855.8863
1782748800000,59793.1,60666,59555.6,60401.7,15737.004,948516868.0127
1782763200000,60401.7,60578.9,60169.5,60224,4241.09,255948716.5815
1782777600000,60224,60249,59566,59587.3,9848.546,589601259.3923
1782792000000,59587.3,59690.3,59324.3,59495.9,8180.559,486674432.1474
1782806400000,59495.9,59528.3,59090,59160.1,9741.401,577471013.0029
1782820800000,59160.1,59247.3,58156.7,58358.8,40491.737,2374181286.3896
1782835200000,58358.8,58823.4,58233.4,58793.5,10081.897,589828042.0355
1782849600000,58793.5,58860,58472.2,58603.5,4345.542,254836052.0732
1782864000000,58603.5,59325.6,57755.8,59177.2,22102.571,1295637012.6271
1782878400000,59177.2,59444,58499.9,58747.7,11730.047,691382054.9611
1782892800000,58747.7,59078.6,58463,58592,9048.743,531583463.2211
1782907200000,58592,60522,58293.9,60121.7,35500.421,2112512027.9815
1782921600000,60121.7,60333,59759.4,60002.7,12898.59,774890633.729
1782936000000,60002.7,61325.3,59845.5,60000,19250.249,1165276967.7777
1782950400000,60000,61107.5,59556.1,61038.9,13927.117,838402511.4464
1782964800000,61038.9,61039,60075,60126.7,10559.565,638929035.0433
1782979200000,60126.7,61400,60110.7,61329,16897.008,1030093257.5258
1782993600000,61329,62188.7,61115.6,61588.7,25948.778,1600177912.6078
1783008000000,61588.7,61925,61107.2,61445.2,13230.041,814235958.592
1783022400000,61445.2,61637.4,61305.7,61532.7,4931.446,303122616.2384
1783036800000,61532.7,61707.7,61210.4,61406.2,6082.743,373755265.3876
1783051200000,61406.2,61849.9,61307.9,61740.1,5496.045,338812548.852
1783065600000,61740.1,62078.9,61466.3,61990.1,7141.083,441385482.5295
1783080000000,61990.1,62374.6,61666.6,61896.3,12350.134,765809806.7669
1783094400000,61896.3,62291.6,61881.7,62174.3,5032.466,312712435.3459
1783108800000,62174.3,62946.1,62150,62555.6,11679.052,731378542.8797
1783123200000,62555.6,62940.1,62375.1,62600,6257.765,391938104.8508
1783137600000,62600,62724.3,62311.8,62542.5,3942.479,246454226.0907
1783152000000,62542.5,62650,62386.6,62457.1,3035.545,189710301.4582
1783166400000,62457.1,63066.7,62457.1,62909.5,7086.088,444801749.1659
1783180800000,62909.5,63450,62754.8,63263.2,9555.765,603288786.1326
1783195200000,63263.2,63430,62900.1,63112.2,4276.829,270192708.2126
1783209600000,63112.2,63115,62560.7,62738.6,7019.27,440778713.5428
1783224000000,62738.6,63036.9,62621.6,62989.5,4735.745,297425865.3857
1783238400000,62989.5,63086.2,62389.4,62625.8,7266.9,455711355.0245
1783252800000,62625.8,62924.4,62526.8,62709.7,6058.681,380033507.3799
1783267200000,62709.7,62857.9,62569.8,62744.4,5148.995,322750521.8145
1783281600000,62744.4,63987.1,62578.8,63614.4,14981.52,950648541.9701
1783296000000,63614.4,63895,63103,63269.9,10135.176,643573897.6643
1783310400000,63269.9,63369.8,62852.7,63058.3,8288.087,522570665.0723
1783324800000,63058.3,63216.9,62438,62447.8,10755.114,675553929.1603
1783339200000,62447.8,63530,61272.5,63524,53207.375,3305813009.4321
1783353600000,63524,63969.3,63358.7,63720.6,22439.649,1428979283.9959
1783368000000,63720.6,64703.2,63577.7,64020,13495.049,866418014.9848
1783382400000,64020,64303,63111.3,63165.1,17186.838,1095459926.0275
1783396800000,63165.1,63425.8,62761.6,63062.7,13425.139,847378922.7115
1783411200000,63062.7,63469.8,62953,63378.7,10813.67,683978697.1808
1783425600000,63378.7,64125.5,62635.5,63916.2,30384.625,1926347612.9043
1783440000000,63916.2,64234,63354.5,63793.1,14100.419,900386222.9463
1783454400000,63793.1,63883.5,63173.1,63332.5,7372.035,468252116.798
1783468800000,63332.5,63743.7,62496,62734.2,13635.357,859745970.8396
1783483200000,62734.2,62877.9,62444.1,62855.3,8299.477,520220521.7028
1783497600000,62855.3,62918.1,61680.4,62278.3,20621.838,1280915450.2737
1783512000000,62278.3,62400,61500,61673.6,18144.176,1123008280.8614
1783526400000,61673.6,62375.7,61661.6,62255.7,9200.172,571165428.2019
1783540800000,62255.7,62331,61920,62256,4760.642,295934396.5139
1783555200000,62256,62629,61667.6,61943.8,11036.95,685114774.1218
1783569600000,61943.8,63266,61927.6,62977.6,16411.974,1028419660.9308
1783584000000,62977.6,63072.7,62583,62756.6,6411.571,402824296.7802
1783598400000,62756.6,63249.8,62429.1,62831.5,20662.258,1297777307.5232
1783612800000,62831.5,63479.9,62524,63219.2,11559.845,728680392.1319
1783627200000,63219.2,63395,63030.8,63196.8,3919.042,247834225.3256
1783641600000,63196.8,64030,62890.6,63929.4,13722.444,873283171.3934
1783656000000,63929.4,64183.8,63782.1,63966,7178.113,459302242.0818
1783670400000,63966,64499.9,63962.1,64408.2,10350.839,665510897.4887
1783684800000,64408.2,64688.2,63750.1,64021.6,15590.78,1000853520.6427
1783699200000,64021.6,64207.9,63713,63901.8,7500.633,479521396.9621
1783713600000,63901.8,64192.8,63635,64141.1,5047.859,322701931.2865
1783728000000,64141.1,64292.1,63942.8,64124.7,2800.985,179506086.881
1783742400000,64124.7,64260.1,64052.2,64136.7,2546.24,163397196.4409
1783756800000,64136.7,64286.5,64122.2,64183.5,2196.815,140994885.1551
1783771200000,64183.5,64490.9,63855.5,64145.9,6463.814,415049589.7643
1783785600000,64145.9,64373.3,64057.7,64265.5,3438.391,220842756.0492
1783800000000,64265.5,64442,63762.6,63782.3,5473.896,350633853.1091
1783814400000,63782.3,64192,63660,64192,5998.619,383602565.2963
1783828800000,64192,64219.9,63594.3,63857.4,7331.015,468182505.4759
1783843200000,63857.4,64076.7,63730.3,63983,4359.37,278650455.1594
1783857600000,63983,64282.2,63928.1,64150,3898.153,249846747.5433
1783872000000,64150,64250,63975,64205.4,2858.11,183171408.1135
1783886400000,64205.4,64234.5,63625.1,63745,6168.084,393883089.1592
1783900800000,63745,64412,62700,62779,21309.857,1353289729.6161
1783915200000,62779,63031.7,62394.5,62947.9,11955.75,750242883.6123
1783929600000,62947.9,63249.7,62811.4,62878.7,8372.131,527590249.8482
1783944000000,62878.7,62969.6,62073,62584.9,19589.301,1225050268.7182
1783958400000,62584.9,62606.5,61777.6,62253.3,12716.58,789807056.2286
1783972800000,62253.3,62328.4,61848,62311.4,7199.438,447132242.6726
1783987200000,62311.4,62652.5,62235.4,62545.8,8527.22,532740153.3973
1784001600000,62545.8,62861.8,62480.6,62521.9,6246.065,391469027.4609
1784016000000,62521.9,62900,62464,62812.3,4898.792,307147498.0322
1784030400000,62812.3,65000,62755,64739.7,41047.988,2623837335.2403
1784044800000,64739.7,64882.1,64251,64550.9,12412.85,801934018.5416
1784059200000,64550.9,65084.1,64388.5,65013.4,8557.544,554318810.4397
1784073600000,65013.4,65037,64460.9,64765.2,5607.93,362789750.5367
1784088000000,64765.2,65273.7,64449.1,64524,10954.117,710286053.2386
1784102400000,64524,64894.2,64524,64702.4,4735.025,306335394.5331
1784116800000,64702.4,65566.6,64574.4,65384.9,22023.015,1436034697.4412
1784131200000,65384.9,65428,64687.6,64951.6,9961.406,647381053.1349
1784145600000,64951.6,65037.4,64641.5,64717.1,3506.693,227378396.7753
1784160000000,64717.1,64821.6,64337.9,64589,6049.674,390767822.4638
1784174400000,64589,64974.7,64051.2,64197.9,7686.273,496060202.739
1784188800000,64197.9,64333,63848.7,64218.1,8387.44,537602090.411
1784203200000,64218.1,64878.4,63824,64675.3,16680.663,1074632125.8303
1784217600000,64675.3,64687.9,63952.6,64236,9312.307,598429762.4763
1784232000000,64236,64248,63701.8,63795.3,4694.7,300286083.5189
1784246400000,63795.3,64033.2,63351.2,63537.9,9843.575,626421740.4993
1784260800000,63537.9,63556.4,62673.1,62791.6,16299.787,1026869489.3392
1784275200000,62791.6,63331,62609.7,63265.9,9721.301,612252608.7628
1784289600000,63265.9,63498.9,62502,63443.3,23024.529,1451287917.9374
1784304000000,63443.3,64360,63277.4,64120.7,16519.795,1055858891.1
1784318400000,64120.7,64189.8,63853,63911.1,3827.784,245050252.6428
1784332800000,63911.1,64012.7,63858.7,63988.1,1618.915,103493687.0606
1784347200000,63988.1,63994.5,63894,63974.3,1386.911,88699708.4793
1784361600000,63974.3,64060,63902,64026.1,1270.349,81261304.2657
1784376000000,64026.1,64232.6,63926.1,64091,3540.425,226877915.607
1784390400000,64091,64650.5,64054.1,64525.2,7182.893,462516525.09
1784404800000,64525.2,64847.1,64473.4,64806,6480.286,419281964.4253
1784419200000,64806,64948,64595.7,64689,4411.141,285687009.8432
1784433600000,64689,64794.5,64587.8,64696,3409.003,220503623.1294
1784448000000,64696,64729.4,64410,64446.4,4062.994,262344037.1084
1784462400000,64446.4,64641.7,64250,64548,4655.83,299974547.1289
1784476800000,64548,64734.1,64224.3,64432.2,4884.623,314985473.8105
1784491200000,64432.2,64880.4,64313,64698.2,5894.515,380727114.5269
1784505600000,64698.2,65100,64372.3,64842.1,10582.192,685613147.9146
1784520000000,64842.1,64844.4,63678.8,64247.2,12335.953,790653111.3678
1784534400000,64247.2,65053.9,63802.6,64975.9,11743.623,756446869.9972
1784548800000,64975.9,65718,64030,65573.8,21532.944,1396000921.0546
1784563200000,65573.8,65769.3,65013.1,65117.5,12996.08,849921879.9626
1784577600000,65117.5,65423.5,65025.3,65221.1,4857.978,316825755.3662
1784592000000,65221.1,65636.7,65114,65537.9,6760.838,442072964.0484
1784606400000,65537.9,66244.9,65446.2,66163.9,11220.682,738702867.009
1784620800000,66163.9,66394,66109.4,66320.1,8538.899,565692202.6393
1784635200000,66320.1,66937.7,66236.1,66640.4,16835.92,1121809130.1873
1784649600000,66640.4,66733.7,66026,66411.1,9528.847,632153388.4653
1784664000000,66411.1,66546.7,66170.7,66524,3635.508,241205219.215
1784678400000,66524,66709.5,66136.7,66175.4,5233.336,347650135.7496
1784692800000,66175.4,66402.9,65666.6,65812.3,8515.307,561729232.0525
1784707200000,65812.3,66131.8,65810.3,65987.3,6228.914,410901183.9845
1784721600000,65987.3,66175.4,65509.8,66008.2,14537.799,956683568.5625
1784736000000,66008.2,66364.7,65647.8,65883.7,8521.88,562637181.0749
1784750400000,65883.7,66100,65757.8,66080.8,4120.253,271714560.5448
1784764800000,66080.8,66285.5,65536.8,65621.7,6200.359,408437525.2094
1784779200000,65621.7,65784.7,65314.9,65402.7,6227.678,408075049.1786
1784793600000,65402.7,65756.7,65369.7,65530.1,4349.376,285403946.9435
1784808000000,65530.1,65558.1,64684,64927.2,18377.606,1195020500.4322
1784822400000,64927.2,64932.2,64581.8,64819.5,7468.892,483693649.712
1784836800000,64819.5,65198.3,64805.2,65065.8,6135.541,399301027.3987
1784851200000,65065.8,65442.3,64712.8,65419.9,7471.44,486199641.1944
1784865600000,65419.9,65784.7,65207.7,65472.8,7877.268,515837936.5441
1784880000000,65472.8,65488,64815.1,65047.8,7229.031,470519781.3413
1784894400000,65047.8,65109.8,63700.7,64059.8,29661.803,1903665139.233
1784908800000,64059.8,64255.1,63845,64192.3,6057.446,388077330.739
1784923200000,64192.3,64249.7,64081,64113,2511.885,161118213.8114
1784937600000,64113,64145,63975,64044.3,2481.467,158909067.7793
1784952000000,64044.3,64171.9,63910,63967.6,2397.38,153492099.5259
1784966400000,63967.6,64072,63750.1,64029.1,3797.371,242637573.3594
1784980800000,64029.1,64241.2,63996,64145.5,2455.633,157505190.9958
1784995200000,64145.5,64422.4,64075.6,64355.3,4048.19,260235084.8378
1785009600000,64355.3,64406.7,64215.9,64335.1,2347.872,151027231.6917
1785024000000,64335.1,64550.9,64313.1,64516,2305.673,148621370.8829
1785038400000,64516,64568.9,64256.8,64342.3,2992.859,192714733.6712
1785052800000,64342.3,64550,64318.1,64479.7,2273.044,146536909.7474
1785067200000,64479.7,64800,64375.6,64733.1,6266.968,405028592.9569
1785081600000,64733.1,64912,64634.7,64667.5,3558.029,230383245.3603
1785096000000,64667.5,65559.4,64601.6,65376,10288.893,670759848.6052
1785110400000,65376,65398.1,64868.1,65259.3,6093.855,396975094.4145
1785124800000,65259.3,65749.2,65183.9,65201.4,7436.033,486488779.715
1785139200000,65201.4,65406.2,65051.2,65072.6,4891.661,318978268.2692
1785153600000,65072.6,65692.9,64374.1,64514.6,22499.194,1461759667.2212
1785168000000,64514.6,65069.6,64476.4,64946.7,7622.76,494223978.3716
1785182400000,64946.7,65025.1,63565,63724.5,13889.316,889328642.7795
1785196800000,63724.5,63793.6,63023.1,63310.3,13866.646,878160453.6227
1785211200000,63310.3,63630,63183.4,63465.8,6198.336,393255028.2789
1785225600000,63465.8,63567.5,63250.1,63427.3,6755.86,428442195.5192
1785240000000,63427.3,64048.7,62707.4,63899.8,23112.764,1464200410.6124
1785254400000,63899.8,64087.5,63471.3,63872.3,8519.175,543281230.1766
1785268800000,63872.3,64047.8,63525,63901.7,6901.469,440455796.3928
1785283200000,63901.7,64174.2,63622.4,63719.9,7645.014,488490569.4172
1785297600000,63719.9,64540.8,63557.2,64537.9,8440.739,541554601.1871
1785312000000,64537.9,64721.3,64240,64484.7,8064.574,520169208.2274
1785326400000,64484.7,64690.3,63860.2,63941.4,15121.267,971273209.9467
1785340800000,63941.4,64733,63464.8,63556.1,28509.624,1827474776.3411
1785355200000,63556.1,64098.8,63176,63952.6,12052.917,767285865.4275
1785369600000,63952.6,64390,63580,64141.4,7448.58,477021710.3052
1785384000000,64141.4,64166,63879.9,63984.1,4494.086,287717863.7645
1785398400000,63984.1,64868.6,63950,64758,8494.913,547994011.6214
1785412800000,64758,65186.3,64569.3,64700,13457.855,872625124.9876
1785427200000,64700,64965,64654.3,64776.5,4202.061,272336082.9763
1785441600000,64776.5,65080,64635.3,64751.1,6959.797,451454276.1682
1785456000000,64751.1,65391.6,64139.3,64334.4,14229.458,919948650.4847
1785470400000,64334.4,64458,63785.4,63905.1,9021.045,578736744.4391
1785484800000,63905.1,63982.8,63567.3,63773.3,8359.242,533337122.4749
1785499200000,63773.3,63801,62384.9,62691,30001.68,1887687707.9374
1785513600000,62691,63268.2,62677,62939.3,8789.04,553640198.7656
1785528000000,62939.3,63030,62804.4,62857.8,3551.007,223477094.3887
1785542400000,62857.8,63070,62856.6,62974.2,2471.031,155601795.5781
1785556800000,62974.2,63110.3,62963,63011.1,1699.181,107105297.6863
1785571200000,63011.1,63118.3,62950.4,63049,1752.842,110509435.2722
1785585600000,63049,63109.5,62968,62972.7,1608.332,101426741.8471
1785600000000,62972.7,62999.6,62240,62496.8,11128.981,696373432.4029
1785614400000,62496.8,62843.3,62453.3,62790.3,4026.862,252511703.7727
1785628800000,62790.3,63550.5,62782.1,63439.9,11164.013,706147291.8877
1785643200000,63439.9,63617.2,63376.6,63469.1,3669.961,232950342.2569
1785657600000,63469.1,63508.1,62953,62999.8,6664.705,421340132.3047
1785672000000,62999.8,63217.1,62970,63074.8,3335.049,210427201.8355
1785686400000,63074.8,63590,63030.1,63424.9,4407.599,279073440.8096
1785700800000,63424.9,63770,63304.8,63545.9,6677.529,424159691.6896
1785715200000,63545.9,63574.4,62741.8,62830,6897.127,435440509.0341
1785729600000,62830,62968.3,62500,62591.5,7909.192,496061402.6259
1785744000000,62591.5,62832,62266.6,62533.9,10271,642734267.146
1785758400000,62533.9,63970,62404.4,63661.8,28140.917,1781799012.8867
1785772800000,63661.8,64067.8,63624.2,63838.2,8442.617,539119854.7542
1785787200000,63838.2,64000,63361.2,63504,6158.074,391819750.8497
1785801600000,63504,63964.5,63286.4,63776.3,8434.264,536961857.667
1785816000000,63776.3,64230,63474.7,63662.7,9513.254,607709830.2623
1785830400000,63662.7,63920,63423.9,63891.1,5733.39,364947185.6832
1785844800000,63891.1,64269.1,63581.5,64095,14991.106,958490699.5916
1785859200000,64095,64388.3,63857.6,64206,8228.251,527987614.9079
1785873600000,64206,64500,63977,64076.5,8399.387,539564449.8807
1785888000000,64076.5,64488,63918.5,64153.9,9273.331,595240530.9915
1785902400000,64153.9,64500,63958.7,64141.4,6327.017,406335970.6833
1785916800000,64141.4,64262.4,63984,64045,4065.196,260656786.1984
1785931200000,64045,64717.5,63850,64352,26372.927,1696837684.874
1785945600000,64352,64912.3,64352,64806.4,8551.881,553344301.7748
1785960000000,64806.4,65000,64543.8,64627.3,7497.4,485725697.8926
1785974400000,64627.3,64691,64405,64493.9,4204.001,271328863.6457
1785988800000,64493.9,64980,64462.5,64791.2,5849.288,379094021.6123
1786003200000,64791.2,64977,64471.4,64591.8,7314.907,473249356.8756
1786017600000,64591.8,64961,64137.1,64600.7,17551.227,1132447313.6741
1786032000000,64600.7,64807.7,64315.7,64412.4,5876.467,379218861.0184
1786046400000,64412.4,64502.3,64155,64288.4,4133.068,265934372.9037
1786060800000,64288.4,64528.4,64191.7,64257.1,6009.453,386552562.466
1786075200000,64257.1,64435.3,64112,64288.8,6561.709,421823194.6955
1786089600000,64288.8,65198.3,64266.4,65001.8,14903.419,966218065.5172
1786104000000,65001.8,65366.8,64751.9,64889.9,21625.757,1407777235.1783
1786118400000,64889.9,65050,64494.7,64922.5,9245.032,598612934.2343
1786132800000,64922.5,65080,64800.7,64883.1,2594.304,168435454.1027
1786147200000,64883.1,65048.9,64773.4,64998.7,2414.18,156693441.1984
1786161600000,64998.7,65034.8,64919.5,64934.4,1338.992,86991154.538
1786176000000,64934.4,65022.5,64915.2,64930.5,1412.619,91765920.5887
1786190400000,64930.5,65175.3,64880,65043.1,3186.511,207275042.606
1786204800000,65043.1,65129.3,64975.4,65036.9,1455.184,94643939.4075
1786219200000,65036.9,65060.4,64896.7,64929.4,1240.856,80621035.7719
1786233600000,64929.4,64974.8,64694.4,64758.4,3279.419,212567911.7643
1786248000000,64758.4,64830.7,64741.6,64792.4,1966.367,127409047.0643
1786262400000,64792.4,64979.9,64761,64921.7,2819.117,182913627.1401
1786276800000,64921.7,65282.3,64863.4,65203,6060.512,394741919.6984
1786291200000,65203,65238.8,65146,65154.1,1395.57,90979327.7022
1786305600000,65154.1,65547,64801.1,64863.5,8436.613,549665695.6129
1786320000000,64863.5,65372.7,64791,64948.7,8383.758,545314767.7288
1786334400000,64948.7,65344.9,64892.7,65183.8,4081.895,265988289.9842
1786348800000,65183.8,65300,64924.2,65100.3,4725.418,307535278.451
1786363200000,65100.3,65215.8,64142.2,64256,23441.475,1512619502.9148
1786377600000,64256,64326.5,63779.2,64020,15833.003,1013021471.2986
1786392000000,64020,64174.4,63880.8,63946.8,3573.051,228743438.2982
1786406400000,63946.8,64154.4,63855.9,64112.5,3169.613,202861101.8084
1786420800000,64112.5,64128.9,63804.1,64034.9,3962.71,253493101.3939
1786435200000,64034.9,64376.7,64011.4,64350,5357.438,344071105.1823
1786449600000,64350,64486.3,63395.2,63580.7,19434.475,1241519694.5537
1786464000000,63580.7,63643.8,63183.1,63503.3,11029.08,699529675.0157
1786478400000,63503.3,63744.5,63503.3,63560.5,7118.132,452953828.8118
1786492800000,63560.5,63879.1,63494.2,63800,4322.057,275472547.8192
1786507200000,63800,63867.7,63570.1,63800.3,4445.19,283222967.9731
1786521600000,63800.3,64224.2,63738.5,64209.8,8339.366,533907600.9904
1786536000000,64209.8,64477,63280,63413,24699.783,1577237098.2847
1786550400000,63413,63546,63260.1,63396,5521.354,350130627.3514
1786564800000,63396,63633,63330,63450.8,4130.381,262114558.7614
1786579200000,63450.8,63690,63341.7,63622.1,5318.005,337848054.4562
1786593600000,63622.1,63994.4,63563,63838,6865.3,438068766.9579
1786608000000,63838,63887.8,63317.5,63459.7,9006.882,572801395.3218
1786622400000,63459.7,63975.7,63386,63386,11671.243,743497217.3077
1786636800000,63386,63548,62810.5,63388.5,18121.185,1145001627.6242
1786651200000,63388.5,63617,63337.4,63461.9,4574.563,290347913.7517
1786665600000,63461.9,63597.6,63268,63288.2,3927.181,249231117.4696
1786680000000,63288.2,63451.5,62870.1,62870.2,9983.412,629791579.9326
1786694400000,62870.2,62953.8,62651,62834.7,11657.216,732113398.7277
1786708800000,62834.7,63058.2,62505.1,62952.3,12783.858,801842270.565
1786723200000,62952.3,63218,62796.3,62935.4,7707.987,485853954.3896
1786737600000,62935.4,63040,62761.8,63018.5,2685.33,168893080.0323
1786752000000,63018.5,63159.9,62961.1,63026.1,2032.52,128124141.823
1786766400000,63026.1,63129.4,63000.8,63047.1,1745.888,110095850.9654
1786780800000,63047.1,63056,62883.3,62989.9,2009.994,126576013.7919
1786795200000,62989.9,63099.7,62914.5,63065.7,1777.069,111970142.116
1786809600000,63065.7,63095.2,63000.1,63095.2,1120.337,70640828.5936
1786824000000,63095.2,63146,63041.6,63059.2,1266.25,79898300.5177
1786838400000,63059.2,63126.3,62970.1,63098.1,1888.294,119048284.9761
1786852800000,63098.1,63130.4,63003.8,63027.4,1031.016,65000340.1815
1786867200000,63027.4,63040.1,62930.2,62987,1315.438,82847157.0729
1786881600000,62987,63116.8,62959,63111,1215.058,76612368.6028
1786896000000,63111,63366,63056.9,63075.8,4207.757,265961499.406
1786910400000,63075.8,63112.6,62676.4,62873.2,5424.207,341011126.873
1786924800000,62873.2,63500,62711.4,63399.9,9148.644,578003330.7636
1786939200000,63399.9,63715.8,63399.9,63502,9606.49,610348736.7427
1786953600000,63502,63766.4,63270.1,63594.9,8325.071,528660017.1118
1786968000000,63594.9,64197.1,63411,64171.2,15147.915,966277021.2071
1786982400000,64171.2,64664,63939.1,64275.1,14885.214,957000271.3434
1786996800000,64275.1,64548,64231,64498.1,4322.793,278222095.9007
1787011200000,64498.1,64535.9,64007.6,64144.2,5978.688,383764971.3149
1787025600000,64144.2,64430.4,64055,64172,5601.377,359747091.4089
1787040000000,64172,64377,64051.3,64323.1,3810.096,244664402.8105
1787054400000,64323.1,65041.7,64017.8,64832.4,18481.845,1193661591.2246
1787068800000,64832.4,64868.7,64610.5,64617,5839.721,378014297.0562
1787083200000,64617,64757.9,64530.7,64693.2,3292.61,212724687.2503
1787097600000,64693.2,64710.1,64241.9,64293.5,6645.788,428078327.1567
1787112000000,64293.5,64380,64136,64271,5244.909,337085022.5957
1787126400000,64271,64510.9,64215.6,64479,4597.165,296028926.8209
1787140800000,64479,69893.2,64437.4,68523.3,85688.957,5722159698.0331
1787155200000,68523.3,69000,67792.4,68399.9,22353.639,1527956700.1123
1787169600000,68399.9,70052.6,68350.7,69305,27487.188,1905624881.7364
1787184000000,69305,69899.5,68875,69173.8,12439.208,863541071.2633
1787198400000,69173.8,70018,69145.6,69820.2,10739.551,747681066.2043
1787212800000,69820.2,72516.8,69777.1,71884.6,41352.544,2959405765.2953
1787227200000,71884.6,72825.6,71028.8,72432.8,28289.074,2033356059.6779
1787241600000,72432.8,72947.5,72167,72648.1,13275.127,963485391.5155
1787256000000,72648.1,73399.7,72439.7,72992.3,12013.747,875931095.3463
1787270400000,72992.3,75750,72987.5,74482.8,30881.048,2300371992.3407
1787284800000,74482.8,76913,74482.8,76312.4,26842.548,2033668504.812
1787299200000,76312.4,79559.2,76260.7,76753.7,52025.807,4045475450.6273
1787313600000,76753.7,77896.3,76219,77224.7,22045.2,1699924470.9537
1787328000000,77224.7,77704.1,76602.8,76985.9,11030.663,851122613.5577
1787342400000,76985.9,78751.9,76796.3,78307.5,14198.265,1109221364.8606
