start_time_ms,open,high,low,close,volume,turnover
1755820800000,112462.7,112818.9,112430.2,112594.7,1597.055,179858326.5745
1755824400000,112594.7,112892.2,112277.2,112801.3,1384.249,155897562.3784
1755828000000,112801.3,113499.9,112736.8,113123.1,4634.732,524862497.4322
1755831600000,113123.1,113416.3,112851.7,112903.7,1747.264,197617029.9174
1755835200000,112903.7,113231.7,112667.8,112814.5,1813.618,204925396.4848
1755838800000,112814.5,113260.5,112805.1,113210.1,1042.238,117800044.8091
1755842400000,113210.1,113364.4,112792.4,112955.3,1565.504,177023422.7231
1755846000000,112955.3,113226.6,112905.2,113050.8,1387.735,156967528.9153
1755849600000,113050.8,113280,112905.4,112949,1907.589,215790180.1229
1755853200000,112949,113106.7,112767.3,113035.3,1663.51,187838143.9208
1755856800000,113035.3,113049.6,112485,112511.5,1540.634,173563881.7017
1755860400000,112511.5,112607.4,112137.8,112280,2208.476,248043157.0725
1755864000000,112280,112683.7,111618.8,112302.5,9004.835,1009056693.5353
1755867600000,112302.5,112621.6,111864.9,112430.5,5367.486,602772327.1511
1755871200000,112430.5,116064,112417.9,115746,34072.954,3912662318.6291
1755874800000,115746,117276.2,115741.7,116313.7,13756.62,1605245398.1945
1755878400000,116313.7,116771.8,116042.1,116088.6,6959.146,809883665.2727
1755882000000,116088.6,116966.3,116088.6,116941.2,6306.085,735599616.8606
1755885600000,116941.2,117374.5,116682.1,116752.2,4126.807,483082430.4989
1755889200000,116752.2,116868.8,116433.1,116604.4,1884.855,219851226.0726
1755892800000,116604.4,117066.9,116518.3,117022.1,2589.371,302636379.9599
1755896400000,117022.1,117144.6,116769.6,116991.5,1789.534,209254792.201
1755900000000,116991.5,117010.4,116521.5,116729.9,1813.299,211612150.5054
1755903600000,116729.9,116900,116635.6,116899.8,686.108,80106030.6275
1755907200000,116899.8,116998,116670.8,116830.2,1057.615,123581651.3391
1755910800000,116830.2,116844.4,116265,116417.3,1737.405,202374205.761
1755914400000,116417.3,116514.5,115452,115895.5,5358.656,621008434.2142
1755918000000,115895.5,116026.3,115432,115530.1,2089.459,241689403.1108
1755921600000,115530.1,115941.4,115503.9,115880.7,1693.307,195990619.6995
1755925200000,115880.7,116000,115759,115920.7,995.492,115377952.1032
1755928800000,115920.7,115999.6,115661.8,115750.6,1257.359,145599483.7105
1755932400000,115750.6,115908.9,115636.4,115788.4,938.475,108638717.1864
1755936000000,115788.4,115861.5,115581.6,115720.6,795.142,92028880.0938
1755939600000,115720.6,115772.8,115580.6,115746.1,749.529,86682307.459
1755943200000,115746.1,115756.8,115550,115550,785.498,90831872.3081
1755946800000,115550,115609,115180,115270,2312.538,266881866.2017
1755950400000,115270,115457.9,115135.2,115191.9,1889.41,217871521.7301
1755954000000,115191.9,115191.9,114713.7,114833.9,5232.322,601169830.2916
1755957600000,114833.9,115066.8,114531.2,114602.3,3538.884,406213891.8034
1755961200000,114602.3,114936.3,114504.7,114792.4,2897.134,332484110.201
1755964800000,114792.4,115092.8,114660.9,114996.7,1541.112,177061617.5936
1755968400000,114996.7,115183.2,114892.6,115099.5,2197.323,252800714.746
1755972000000,115099.5,115206.5,115035.6,115140,875.246,100776792.918
1755975600000,115140,115170.5,115024.1,115136.8,580.219,66783711.911
1755979200000,115136.8,115328.4,115089.9,115328.4,740.051,85272171.0172
1755982800000,115328.4,115328.4,114985.8,115022.2,758.611,87341006.92
1755986400000,115022.2,115299.6,115022.2,115294,409.424,47174126.6521
1755990000000,115294,115413,115224.4,115404.8,544.475,62793627.162
1755993600000,115404.8,115580,115290.6,115363.7,1411.874,162976414.3828
1755997200000,115363.7,115571,115172,115459.6,1333.632,153884592.1915
1756000800000,115459.6,115656.7,115000,115003.2,1683.756,194276267.3497
1756004400000,115003.2,115166.1,114943.1,115042.5,1161.932,133660806.6406
1756008000000,115042.5,115284.5,115042.5,115179.2,724.238,83408170.8192
1756011600000,115179.2,115217.9,114934.8,115002.4,813.725,93623738.5106
1756015200000,115002.4,115078.2,114846,114860.1,893.194,102663549.0716
1756018800000,114860.1,115120.5,114854.7,114880.7,609.623,70084801.7401
1756022400000,114880.7,114987.9,114760,114856,957.584,109955726.1932
1756026000000,114856,115078.1,114688.2,114858.5,1007.301,115709717.9798
1756029600000,114858.5,114966.7,114602,114786,1542.005,176983948.9521
1756033200000,114786,114908.2,114630,114745.2,1250.279,143445601.0745
1756036800000,114745.2,114840.6,114603.5,114691.5,845.833,97028296.2923
1756040400000,114691.5,114887.8,114572,114577.3,1869.808,214482821.0625
1756044000000,114577.3,114675,114312.8,114530.1,2799.955,320543591.1535
1756047600000,114530.1,114865.4,114420,114420.1,2646.785,303490718.9773
1756051200000,114420.1,114576.7,114250.1,114290,1724.463,197291679.9336
1756054800000,114290,114608,114254,114442.3,1882.093,215376858.5954
1756058400000,114442.3,114950,114329.1,114656.9,3526.329,404509218.1086
1756062000000,114656.9,114820.2,110551,112595.1,32284.816,3634989228.3676
1756065600000,112595.1,112999,111626,112782.7,8051.986,905379252.0723
1756069200000,112782.7,113404.4,112353.8,112989.6,3011.068,339864727.9285
1756072800000,112989.6,113490,112601.2,113437,3059.572,345723461.023
1756076400000,113437,113677.4,113335.5,113474.8,2108.338,239302819.4034
1756080000000,113474.8,113517.9,112133.4,112628.4,5346,602619929.4351
1756083600000,112628.4,113125,112588,113049.9,2512.252,283488790.9029
1756087200000,113049.9,113623.6,113041.6,113390.2,1826.626,207070936.1411
1756090800000,113390.2,113649.9,112863,112890,1796.024,203361234.3715
1756094400000,112890,113040,112561.8,112735.8,3267.253,368465684.2758
1756098000000,112735.8,112827.6,112300,112300.1,1629.073,183310719.9977
1756101600000,112300.1,112445.3,111734.6,111899.5,5198.791,582689149.6767
1756105200000,111899.5,112143.1,111257.5,111466.7,8246.834,920885235.7388
1756108800000,111466.7,111800.3,110937.3,111376.6,5473.816,609880620.0393
1756112400000,111376.6,111828.8,111199.2,111764.9,3944.442,439638815.6326
1756116000000,111764.9,111788.2,110912.1,110970.1,4233.309,471016904.2849
1756119600000,110970.1,111273,110906.9,111199.9,2764.037,307050359.5038
1756123200000,111199.9,111675.7,111036.4,111564.1,2813.135,313375098.6007
1756126800000,111564.1,111737.7,110552,111479.9,7971.79,885802626.4039
1756130400000,111479.9,112313.2,111300,112239.5,6485.145,726113935.4393
1756134000000,112239.5,112576.5,111802,112172.3,3652.454,409972348.7292
1756137600000,112172.3,112945.4,111989.5,112476.6,4029.57,453750664.9142
1756141200000,112476.6,112788.5,112132.8,112419.3,3968.544,446152865.9893
1756144800000,112419.3,112600,112216.7,112368.3,1913.049,215004693.9855
1756148400000,112368.3,112408.7,110600,110664.1,6785.878,756298448.4958
1756152000000,110664.1,111083,109304.1,109520.7,21295.048,2343186718.6641
1756155600000,109520.7,110240,109222.6,109850.4,6075.807,666652065.6086
1756159200000,109850.4,110567.6,109850.3,110093.4,2622.043,289054517.33
1756162800000,110093.4,110244.6,109735.6,110069.7,1929.373,212192261.852
1756166400000,110069.7,110069.7,108891.4,109071.5,9038.339,988907683.6273
1756170000000,109071.5,109887.4,108669,109860.1,4899.226,535346298.8617
1756173600000,109860.1,109994,109471.6,109692.3,1915.592,210252150.7336
1756177200000,109692.3,109910,109400,109846,1318.861,144725103.1414
1756180800000,109846,110210.9,109846,110057.7,1782.129,196112484.3681
1756184400000,110057.7,110346,110026.7,110164.4,1480.53,163185097.5538
1756188000000,110164.4,110312,109839.4,109953.7,2209.407,243109615.8564
1756191600000,109953.7,110499.9,109706.1,110259.1,3472.776,382379087.6254
1756195200000,110259.1,110415.4,109953,110047,2226.493,245307236.3826
1756198800000,110047,110384,109975.7,110113.6,1886.825,207918738.1809
1756202400000,110113.6,110385.6,109997.9,110176.7,1198.497,132126409.0759
1756206000000,110176.7,110193.5,109527.9,109853,2925.687,321181420.756
1756209600000,109853,110793.1,109576,110173.7,6228.116,686249209.4397
1756213200000,110173.7,110230.1,109334.2,110049.9,5297.159,581809446.1894
1756216800000,110049.9,110522.4,109750,110350.1,5112.275,563553666.7425
1756220400000,110350.1,110544,109505.9,109623,4509.854,495750004.4862
1756224000000,109623,110166.8,109412.5,110154.8,2758.001,302595054.7003
1756227600000,110154.8,110198,109547.8,109964.8,1801.284,197866508.2347
1756231200000,109964.8,110973,109937.3,110685,3836.998,423958707.9009
1756234800000,110685,111120.5,110483.2,111086.2,3316.787,367832921.2788
1756238400000,111086.2,111354.8,110874,111298.4,2137.51,237666990.3807
1756242000000,111298.4,111571,111074.5,111558.4,1508.555,167898343.7185
1756245600000,111558.4,111901.4,111510.3,111865.6,3482.356,389025585.4418
1756249200000,111865.6,112342.4,111686.8,111723.1,3391.311,379888818.3175
1756252800000,111723.1,111801,111305,111329.7,1871.923,208817704.6866
1756256400000,111329.7,111450.5,111058.5,111270,1733.876,192885664.1049
1756260000000,111270,111437,111066.6,111095.5,1568.445,174500439.486
1756263600000,111095.5,111700,110877.7,111387.5,2525.756,280994649.2662
1756267200000,111387.5,111699.6,111369.4,111525.8,1561.511,174177252.1177
1756270800000,111525.8,111641.4,111269.9,111318.6,1164.834,129767406.2466
1756274400000,111318.6,111340.9,110979.9,111003.4,1288.39,143221718.715
1756278000000,111003.4,111092.9,110582.7,110686,2296.966,254449512.9801
1756281600000,110686,110810.8,110312.1,110702.7,2444.426,270301221.8328
1756285200000,110702.7,111088.3,110659.2,110768.2,1742.14,193130257.4624
1756288800000,110768.2,111216,110764.2,110928.1,1216.498,135029574.8302
1756292400000,110928.1,111330.6,110928.1,111265,967.589,107592740.6474
1756296000000,111265,111346.4,110971.2,111289.9,1658.103,184314203.6047
1756299600000,111289.9,111850,110951.4,111439.9,4660.797,519566871.4781
1756303200000,111439.9,112589.9,111222.3,111756.8,7284.608,816203822.6762
1756306800000,111756.8,112038.6,111432.1,111961.2,3193.232,356962302.3229
1756310400000,111961.2,112222,111500,112072.7,2495.984,279275287.8325
1756314000000,112072.7,112420.5,111852,112304.5,1456.916,163454464.1801
1756317600000,112304.5,112588,111875.7,111913.5,2434.989,273562057.3465
1756321200000,111913.5,112190.8,111537.1,112037.4,2932.595,328213924.3775
1756324800000,112037.4,112393.1,110823.9,112387.7,9182.06,1025409606.27
1756328400000,112387.7,112444.2,111293.1,111472.5,3538.095,395690821.5652
1756332000000,111472.5,111540,110937,111354.4,2967.25,330083178.3927
1756335600000,111354.4,111475.6,111031.3,111184.3,931.572,103593218.8657
1756339200000,111184.3,111483.4,110781.5,111290.5,1947.489,216367546.2057
1756342800000,111290.5,111663.6,111274.8,111591,1289.042,143740429.9322
1756346400000,111591,111715.4,111380.7,111438,1087.013,121236448.1739
1756350000000,111438,111990.2,111336.3,111945.9,1671.802,186887765.5963
1756353600000,111945.9,113040,111888.3,112923.6,4371.431,492249021.6961
1756357200000,112923.6,113123.3,112666.8,112811.4,2860.677,322939453.859
1756360800000,112811.4,113261.9,112672.9,113168.5,2037.446,230197747.7211
1756364400000,113168.5,113345.4,112952.4,113077,2651.808,300093004.8168
1756368000000,113077,113310,112917.9,113082.9,2538.319,287139736.172
1756371600000,113082.9,113098.6,112803.8,112824.9,1117.083,126156533.2604
1756375200000,112824.9,113076.7,112772.9,113076.6,994.563,112311008.8122
1756378800000,113076.6,113110.8,112800.1,112880.2,859.621,97077394.5467
1756382400000,112880.2,113287.7,112723.6,113190.2,2278.405,257392396.8333
1756386000000,113190.2,113433,112501.1,112780.5,4175.056,471358668.2287
1756389600000,112780.5,113276.4,112451.7,113110.3,3862.403,436124746.9216
1756393200000,113110.3,113218.8,112330.1,112620.5,3343.335,376584544.9284
1756396800000,112620.5,113150,112272.6,112272.6,2688.987,303234031.327
1756400400000,112272.6,112582.5,112138.9,112350.5,3430.074,385315455.5781
1756404000000,112350.5,112670.1,112180.1,112322.2,1580.853,177659413.2533
1756407600000,112322.2,112548,111828,111842.6,3158.594,354079918.7508
1756411200000,111842.6,112063.3,111810.1,111837,1661.751,185999717.1303
1756414800000,111837,112092.4,111836.9,111962.2,1152.263,128999530.1783
1756418400000,111962.2,112498.2,111962.2,112310.8,2035.12,228476853.4022
1756422000000,112310.8,112538.3,112254.7,112511.4,1163.647,130783538.0706
1756425600000,112511.4,112616.4,112080,112170.2,1355.836,152321462.1921
1756429200000,112170.2,112233,111360.5,111432.3,5222.548,583273286.9172
1756432800000,111432.3,111761.9,111312.2,111370.8,1741.399,194165387.0761
1756436400000,111370.8,111786.7,111250,111642,1365.372,152310833.0473
1756440000000,111642,111800,111375.2,111450.4,1131.06,126203957.8991
1756443600000,111450.4,111540,111075.1,111253.9,1840.459,204707618.0647
1756447200000,111253.9,111361.3,110918,111230,3772.563,419151736.6105
1756450800000,111230,111235.7,109832.5,109946.7,7749.505,855107846.0912
1756454400000,109946.7,110220,109537.2,109577.4,5119.314,562552644.369
1756458000000,109577.4,109866.1,109346.7,109707.5,3881.165,425316584.1817
1756461600000,109707.5,109970,109684,109942.5,1800.798,197821130.0655
1756465200000,109942.5,110100,109757.7,110039.5,2047.483,225129123.2625
1756468800000,110039.5,111490.7,110012.9,110664,9566.419,1059398048.8319
1756472400000,110664,110732,108817.7,109063.3,9233.842,1012253214.7929
1756476000000,109063.3,109484.6,108063.3,108174.1,11988.065,1302164785.581
1756479600000,108174.1,108673.3,108139.2,108336.7,5074.942,550222370.1086
1756483200000,108336.7,108788,108084.8,108654.7,2646.236,287228560.9148
1756486800000,108654.7,108688.7,108107,108414.8,2033.631,220384872.5844
1756490400000,108414.8,108463.2,108040.3,108100.1,2148.293,232384805.4256
1756494000000,108100.1,108705,107888,108180.8,4489.314,486087775.5487
1756497600000,108180.8,108234.9,107500,107758.1,5597.125,603385850.8719
1756501200000,107758.1,108442.8,107432.6,108410.1,3663.387,395590498.0411
1756504800000,108410.1,108450,108168.5,108365.9,969.412,104982143.2426
1756508400000,108365.9,108530.4,108305.2,108355.3,1114.45,120847505.3589
1756512000000,108355.3,108397.4,108103.6,108272.1,1160.985,125666512.1414
1756515600000,108272.1,108330.3,107300,107413.5,2574.133,277440032.1876
1756519200000,107413.5,107919.8,107348.9,107750.1,1770.484,190699000.861
1756522800000,107750.1,108398,107744,108393.9,2168.431,234579440.1302
1756526400000,108393.9,108637.8,108330.6,108396.1,1531.464,166121266.385
1756530000000,108396.1,108435.6,108100,108314.9,1625.283,176012954.1808
1756533600000,108314.9,108524.4,108171,108288.2,1043.878,113085574.8237
1756537200000,108288.2,108470.1,108075,108466.8,940.533,101882259.1429
1756540800000,108466.8,108739.5,108440,108548.1,1401.975,152241878.1432
1756544400000,108548.1,108586,108438.6,108491.1,840.902,91242703.1945
1756548000000,108491.1,108685.9,108376,108404.7,948.858,102973905.1509
1756551600000,108404.7,108707.6,108400,108652.3,766.673,83246373.2792
1756555200000,108652.3,108662.1,108307.9,108589.3,1167.631,126650059.8878
1756558800000,108589.3,108589.4,108176,108510.2,1497.625,162309327.5151
1756562400000,108510.2,108705,108352.6,108643.7,1628.228,176689280.7298
1756566000000,108643.7,108902.3,108525,108834.7,2158.211,234747200.0538
1756569600000,108834.7,108856.5,108641.3,108787.8,1143.72,124390777.8178
1756573200000,108787.8,108878.3,108583.3,108762.1,702.594,76399977.2266
1756576800000,108762.1,108826,108592.6,108723.8,620.163,67414716.9674
1756580400000,108723.8,108900,108625,108814.5,629.955,68529873.854
1756584000000,108814.5,108821,108550.1,108621.7,928.006,100829401.1939
1756587600000,108621.7,108654.1,108481.8,108552.2,1130.999,122794415.8264
1756591200000,108552.2,108560,108436.9,108501.7,469.201,50910628.9707
1756594800000,108501.7,108787.4,108496.4,108780.7,403.867,43883936.6717
1756598400000,108780.7,109360,108763.9,109357.5,3044.667,332216973.5258
1756602000000,109357.5,109444,109086.3,109380.1,1908.586,208565666.0172
1756605600000,109380.1,109402.7,109123.8,109175.8,734.511,80253902.2676
1756609200000,109175.8,109327.3,109102.7,109179.3,736.751,80465330.9834
1756612800000,109179.3,109191.1,108622.3,108773.5,1855.032,201899729.325
1756616400000,108773.5,108773.6,108500.3,108708.7,1293.705,140532029.4113
1756620000000,108708.7,108719,108455,108654.9,1088.03,118145600.6867
1756623600000,108654.9,108776.5,108603.2,108640.4,652.067,70866719.6281
1756627200000,108640.4,108973.5,108640.4,108951.9,990.309,107779925.7985
1756630800000,108951.9,109065.4,108389.5,108469.8,2749.488,298964051.6138
1756634400000,108469.8,108588.9,108237.1,108512.2,2388.504,258929921.0459
1756638000000,108512.2,108552.5,108268,108335,1187.482,128730457.2836
1756641600000,108335,108441,108261,108266.2,972.779,105382587.094
1756645200000,108266.2,108400,108135.9,108370.8,1662.557,179968826.798
1756648800000,108370.8,108458.6,108200,108413.3,1188.744,128774338.5019
1756652400000,108413.3,108814.7,108400.1,108750,2113.916,229531479.6833
1756656000000,108750,108923.2,108485.3,108871,1968.333,214008317.3001
1756659600000,108871,108950,108784.1,108945,986.237,107401560.4446
1756663200000,108945,109197.5,108863.7,109086.3,1064.553,116078865.1027
1756666800000,109086.3,109125.6,108861,108887.9,777.498,84729363.3381
1756670400000,108887.9,109079.4,108825.2,109074.9,880.27,95928229.567
1756674000000,109074.9,109074.9,108900.5,108987.6,433.871,47285587.5222
1756677600000,108987.6,109199.1,108702.4,108846.5,2030.822,221287575.0231
1756681200000,108846.5,108870.4,108008.4,108200,4008.892,434361262.0901
1756684800000,108200,108363,107564.7,108170,5513.149,594929216.2439
1756688400000,108170,108447.3,107920,108096.1,2287.682,247379147.1088
1756692000000,108096.1,108150.6,107375.9,107582.7,3383.703,364186439.6246
1756695600000,107582.7,107722.9,107340,107607.5,2060.581,221529641.457
1756699200000,107607.5,107719.8,107215.6,107366.7,2549.494,273786200.1241
1756702800000,107366.7,107944,107202,107817.6,2753.939,296343671.2622
1756706400000,107817.6,108090.9,107547.4,108023,1593.257,171859888.9672
1756710000000,108023,109394.5,107945.3,109390,7257.009,789173130.2403
1756713600000,109390,109780,109383.1,109568,5405.31,592234199.3609
1756717200000,109568,109872.8,109456.2,109487.9,3239.035,355233955.5506
1756720800000,109487.9,109511.7,108150,108533.2,6091.815,662403234.5844
1756724400000,108533.2,108826.5,108415.5,108741.7,2865.841,311221655.7847
1756728000000,108741.7,109129.7,108594.3,109070.2,2275.935,247856794.4642
1756731600000,109070.2,109491.4,108891.4,108984,4528.1,494486702.5679
1756735200000,108984,109298.2,108778.8,109122.2,2535.955,276500743.3865
1756738800000,109122.2,109353.4,108529.5,108749.1,2653.692,288747953.0415
1756742400000,108749.1,109066,108600.4,108750,1704.728,185580296.1279
1756746000000,108750,108923,108351,108879.6,2644.256,287220522.2732
1756749600000,108879.6,109248,108869.8,109194.6,1563.836,170571854.5628
1756753200000,109194.6,109300,109126.8,109188.4,914.131,99835183.3434
1756756800000,109188.4,109198.8,108237.1,108840,4774.158,518892673.4384
1756760400000,108840,108901.4,107408,107750,5302.527,572306007.2842
1756764000000,107750,108462.5,107536.3,108380.9,3053.14,329691947.3443
1756767600000,108380.9,109423.4,108365.4,109191.8,3122.381,340104355.8999
1756771200000,109191.8,109296,108850,109000,2199.514,239828327.8843
1756774800000,109000,109580,108952.9,109280.2,2365.73,258556508.3028
1756778400000,109280.2,110240,109142.3,110211.5,3301.893,362207195.7004
1756782000000,110211.5,110595,110013.3,110302.8,4887.505,538987439.3571
1756785600000,110302.8,110399.8,110114.2,110280.6,1317.173,145207700.9846
1756789200000,110280.6,110305.4,110013.3,110170.1,1243.122,136923492.5523
1756792800000,110170.1,110590,110129.8,110333.5,1563.942,172624883.5052
1756796400000,110333.5,110369,109953,110200,2056.206,226491249.782
1756800000000,110200,110767,110020,110332.8,2921.255,322517269.8808
1756803600000,110332.8,110669.6,110227,110426.9,2168.347,239379824.044
1756807200000,110426.9,110458.7,110071,110220.4,1709.501,188428437.11
1756810800000,110220.4,110226.3,109518.1,109700,2947.565,323856801.2511
1756814400000,109700,109812,108320.7,108740.1,9521.804,1037405817.3658
1756818000000,108740.1,111240,108677.5,111122.9,14763.316,1625010313.9101
1756821600000,111122.9,111730,110750,111320.7,9960.086,1108213496.1103
1756825200000,111320.7,111496.1,110570,110793.9,5885.485,653395732.4645
1756828800000,110793.9,111102.5,110423.6,110748.9,3642.89,403386076.2024
1756832400000,110748.9,111039.7,110570.3,110861.1,2017.512,223597042.6588
1756836000000,110861.1,110900,110142,110594.4,3364.861,371809890.9964
1756839600000,110594.4,110800,110393.1,110746.8,1519.559,168067169.8821
1756843200000,110746.8,111412.5,110655.6,111380.4,3773.453,419235179.0282
1756846800000,111380.4,111534,111100,111100,1887.135,210095862.9705
1756850400000,111100,111249.3,110835.8,111247.6,2088.345,231881723.8694
1756854000000,111247.6,111249.3,110984.5,111217.7,1029.132,114334435.9968
1756857600000,111217.7,111771.6,111200,111296.2,2799.448,312095512.2231
1756861200000,111296.2,111372.4,110862.4,111139.1,1738.873,193151227.3279
1756864800000,111139.1,111465.5,110990,111346.7,1374.723,152933439.1746
1756868400000,111346.7,111377.7,110851.8,111001.4,1387.027,154054008.3537
1756872000000,111001.4,111138.6,110786,110974.6,989.264,109762106.2325
1756875600000,110974.6,111032,110608.8,110652.7,1091.811,120929039.6314
1756879200000,110652.7,110853.6,110521.2,110681.5,1172.62,129783111.1471
1756882800000,110681.5,111075,110476.8,111050.2,1727.613,191392326.4552
1756886400000,111050.2,111250,110939.3,110992.4,1594.898,177193533.2554
1756890000000,110992.4,111289,110854,111266.1,1726.294,191821787.8986
1756893600000,111266.1,111459.6,111120.1,111415.8,1677.135,186753251.99
1756897200000,111415.8,111680,111349.9,111400.9,2297.015,256178402.68
1756900800000,111400.9,111840,110985.9,111065.6,3701.9,412371283.6582
1756904400000,111065.6,111888,111019.9,111428.6,6040.436,673364939.9608
1756908000000,111428.6,112500,111080,112239.6,11089.435,1240480228.5388
1756911600000,112239.6,112349.6,111877,112189,3455.344,387480322.9141
1756915200000,112189,112320.7,111640,111820.6,2630.296,294408224.1248
1756918800000,111820.6,112557,111810,112279.4,2718.364,305291406.638
1756922400000,112279.4,112498,111756.1,111965,2395.404,268469061.7338
1756926000000,111965,112197.7,111716.1,112146,1447.415,162015178.9897
1756929600000,112146,112219.9,111991,112169.9,864.235,96887629.2565
1756933200000,112169.9,112200,111704.3,111923.5,1054.153,118020316.2817
1756936800000,111923.5,112101.6,111770.2,111908.8,632.852,70857866.9763
1756940400000,111908.8,111940.4,111546.8,111661.8,988.221,110357505.9554
1756944000000,111661.8,112138.3,111557,112019.3,1577.556,176533875.6586
1756947600000,112019.3,112033,111580.5,111900,1253.5,140100856.1308
1756951200000,111900,111942.1,111333,111410.7,3463.058,386124764.6097
1756954800000,111410.7,111683.1,111089,111110,2460.335,273882985.4155
1756958400000,111110,111285.9,110855.6,110872.1,2129.018,236450944.2372
1756962000000,110872.1,110880,110500.1,110614.2,5641.221,624456645.167
1756965600000,110614.2,110673.9,110208.8,110345.7,2937.425,324388650.7711
1756969200000,110345.7,110622.3,110292,110413.7,2586.356,285622193.3489
1756972800000,110413.7,110809.3,110364.8,110597.4,2092.209,231454068.9742
1756976400000,110597.4,110817.9,110597.4,110781.5,911.948,101000238.2317
1756980000000,110781.5,111107.6,110581,110581.1,2151.018,238550840.9928
1756983600000,110581.1,111000.5,110480.3,110760.6,1611.486,178529553.0914
1756987200000,110760.6,111081.4,110451,110882.7,2701.923,299253119.4612
1756990800000,110882.7,110930,110147.4,110427.5,3953.207,436839130.3298
1756994400000,110427.5,110484,109647,109800,7937.597,872759986.0118
1756998000000,109800,109821.8,109276.7,109450.1,5315.042,581923134.9328
1757001600000,109450.1,109640,109300,109371.3,2525.517,276434079.1604
1757005200000,109371.3,109892.4,109359.7,109730.1,3320.35,364150319.686
1757008800000,109730.1,110161.6,109641.9,109922,3363.173,369780513.324
1757012400000,109922,110072.9,109665.1,109747.1,1127.888,123920617.7392
1757016000000,109747.1,110373,109693.7,110363,2278.281,251056276.2215
1757019600000,110363,110522.4,110270,110440.1,1249.123,137902304.6964
1757023200000,110440.1,111555,110431.8,111450.4,3647.006,404549573.6768
1757026800000,111450.4,111753.6,110555.5,110685.5,3547.507,394454135.7561
1757030400000,110685.5,110907,110402.2,110429.1,2980.386,329711240.284
1757034000000,110429.1,111106,110414.6,111080,1614.559,178938122.2142
1757037600000,111080,111450,110999.7,111300.2,2633.168,292940430.0881
1757041200000,111300.2,111302.4,111051.6,111276.1,1330.394,147897504.8911
1757044800000,111276.1,111439.9,111100.1,111392.4,1018.195,113294240.9397
1757048400000,111392.4,111680,111360,111529.7,1717.399,191515461.9793
1757052000000,111529.7,111875.9,111463.4,111860.4,2249.269,251117873.0395
1757055600000,111860.4,112985.7,111841.6,112913,9456.184,1064181636.5768
1757059200000,112913,112959,112565.7,112592.5,3232.669,364516492.1802
1757062800000,112592.5,112598.3,112102.5,112270.1,3144.76,353188080.2794
1757066400000,112270.1,112551,112153.4,112211.2,2046.985,229894716.1977
1757070000000,112211.2,112398.5,112100,112300.1,1362.913,152987479.7551
1757073600000,112300.1,113369.4,111967,113175,18812.09,2120942765.7779
1757077200000,113175,113280.2,112668.6,113043.1,7510.351,848365638.2662
1757080800000,113043.1,113043.1,110423.1,110520,22276.008,2479381687.4048
1757084400000,110520,110959.7,110211.8,110659.7,6676.627,738750605.9959
1757088000000,110659.7,110897.7,110477.7,110763,2378.304,263218045.9222
1757091600000,110763,110774.4,110155,110559.6,2944.025,325157657.9652
1757095200000,110559.6,111256.8,110514.6,111156,4555.642,505361654.261
1757098800000,111156,111569.2,111068.2,111550.2,2484.491,276493302.8942
1757102400000,111550.2,111605.6,111243.3,111603.9,1710.677,190617160.3178
1757106000000,111603.9,111660.7,110282.7,110555,8912.632,987901269.5047
1757109600000,110555,110892.4,110450.1,110750,1307.164,144648332.5081
1757113200000,110750,110830,110543.7,110623.1,721.947,79893349.7052
1757116800000,110623.1,110793.8,110505.4,110734.6,783.065,86648487.6249
1757120400000,110734.6,110886.9,110691.1,110818.3,652.21,72259538.8576
1757124000000,110818.3,111169.7,110675,111161.8,1007.991,111811527.7916
1757127600000,111161.8,111258,110946.1,111048,991.259,110115503.0143
1757131200000,111048,111048.1,110736.9,110829.2,971.386,107662457.142
1757134800000,110829.2,110833.2,110646.4,110674.8,742.977,82263456.9103
1757138400000,110674.8,110770.8,110652.8,110697.2,438.292,48521957.3164
1757142000000,110697.2,110771,110691,110771,382.678,42381082.7743
1757145600000,110771,110903,110710.7,110883.5,655.868,72677144.7009
1757149200000,110883.5,110883.5,110630,110651,692.833,76717034.4082
1757152800000,110651,110755.8,110613.9,110730.2,470.148,52046462.0265
1757156400000,110730.2,110830.5,110604.2,110725.5,621.71,68814010.8936
1757160000000,110725.5,110850.1,110691,110775.2,503.491,55776430.8452
1757163600000,110775.2,110896.5,110757,110880.2,617.097,68390129.5506
1757167200000,110880.2,110932.6,110713.4,110749.5,602.7,66792839.5513
1757170800000,110749.5,110794.5,110300,110339.4,1865.892,206181040.5495
1757174400000,110339.4,110363,109888,110201.6,5211.916,573892098.2841
1757178000000,110201.6,110224.9,109931.4,110090.6,1029.419,113330513.6395
1757181600000,110090.6,110243.1,110000,110181.1,1278.78,140813059.3155
1757185200000,110181.1,110210.8,109947.2,110000,677.324,74576358.045
1757188800000,110000,110130,109984.3,110130,759.953,83638195.2417
1757192400000,110130,110176,110028.6,110158.7,571.529,62941199.2207
1757196000000,110158.7,110195.2,110024.3,110124.7,443.244,48806033.8621
1757199600000,110124.7,110234.4,110053.2,110131.5,377.61,41598306.6265
1757203200000,110131.5,110335.7,110119.4,110301.9,828.22,91299369.9351
1757206800000,110301.9,110552.8,110274.4,110507.4,1313.343,145027771.2836
1757210400000,110507.4,110666.4,110393.4,110610.7,1253.018,138476738.2022
1757214000000,110610.7,110723.9,110545.1,110595.6,819.829,90692331.1921
1757217600000,110595.6,110598.1,110454.9,110534.7,696.766,77007933.7548
1757221200000,110534.7,110666,110534.7,110624,551.77,61028428.1356
1757224800000,110624,110633.3,110427.2,110469.7,724.574,80080243.1515
1757228400000,110469.7,110873.7,110416.9,110715.8,1996.283,220829996.3347
1757232000000,110715.8,111317.7,110673.1,111021.7,3569.042,396395614.9067
1757235600000,111021.7,111200,110833.8,111065.7,1408.723,156408977.7122
1757239200000,111065.7,111186.4,110985,111162.8,588.431,65358741.2954
1757242800000,111162.8,111248.3,111128,111248.3,760.899,84610314.4035
1757246400000,111248.3,111250,111020.8,111076.7,935.537,103944245.5762
1757250000000,111076.7,111197,110994.4,111174.7,469.854,52198317.2298
1757253600000,111174.7,111365,111012.5,111093.8,1141.864,126957418.3772
1757257200000,111093.8,111335.7,111056.6,111290,754.67,83938067.7771
1757260800000,111290,111336.8,111118.5,111160,608.802,67713295.8621
1757264400000,111160,111206.5,110835,110929.5,1814.222,201340794.8954
1757268000000,110929.5,111030.8,110812.4,111009.9,571.482,63386528.9066
1757271600000,111009.9,111260.9,110992.3,111220.1,1180.53,131223174.8867
1757275200000,111220.1,111333,111099.1,111282,1078.909,119990080.6146
1757278800000,111282,111293.8,111001.9,111001.9,557.984,62025616.4123
1757282400000,111001.9,111310,110952.5,111206,1048.037,116480760.0266
1757286000000,111206,111558,111012.3,111086.7,2058.702,229193203.8469
1757289600000,111086.7,111246.5,110575.6,110767.7,4332.417,480390671.3716
1757293200000,110767.7,110960,110648.8,110847,3282.668,363795862.4544
1757296800000,110847,111346.4,110555.3,111190,1684.762,186952477.7402
1757300400000,111190,111300,110961.3,110999.6,1460.671,162320313.5328
1757304000000,110999.6,111171.3,110863.5,110936.7,1141.854,126725500.5277
1757307600000,110936.7,111025.3,110844,110980.7,547.721,60750646.4487
1757311200000,110980.7,111160.8,110855.5,111060.2,729.819,81036404.1227
1757314800000,111060.2,111555,111050.1,111229.9,2961.762,329748541.4038
1757318400000,111229.9,111883.5,111190.1,111630.5,3744.298,417863582.9299
1757322000000,111630.5,112064.5,111525,112045,3661.971,409588603.2886
1757325600000,112045,112147.7,111850.3,111998.3,2592.716,290414243.54
1757329200000,111998.3,112086.8,111720.4,112020.1,2432.38,272109973.0276
1757332800000,112020.1,112120.3,111881.5,111997.7,1180.782,132235647.1379
1757336400000,111997.7,112349.3,111836.7,111865.9,5366.505,601918343.8397
1757340000000,111865.9,112733,111832,112592.9,5013.482,563253040.6567
1757343600000,112592.9,112871.4,112480,112587.3,3076.501,346667127.849
1757347200000,112587.3,112630,112223.8,112348.8,3389.148,380863145.5676
1757350800000,112348.8,112488,112016.7,112154.5,1880.105,211007170.2462
1757354400000,112154.5,112468.1,112122.5,112412.7,1375.443,154437808.1022
1757358000000,112412.7,112412.7,111910,112036.8,1977.275,221639374.3862
1757361600000,112036.8,112092.7,111832.6,111906,1406.021,157382623.3933
1757365200000,111906,112304.1,111856.1,112289.6,1152.87,129271139.7733
1757368800000,112289.6,112470.1,112154,112196.3,1143.878,128496191.6552
1757372400000,112196.3,112258.3,111931,112011.3,765.925,85846426.166
1757376000000,112011.3,112056.9,111375.1,111598,5689.798,635022548.823
1757379600000,111598,111705,111201.1,111311,3807.315,423975857.763
1757383200000,111311,111398.2,111059.9,111271.5,2206.549,245440813.4294
1757386800000,111271.5,111676.7,111179.9,111641.8,1908.029,212680721.0328
1757390400000,111641.8,112049.6,111551,111954.5,2976.611,332930850.7134
1757394000000,111954.5,112174.5,111775.2,112125.2,1712.92,191796547.7963
1757397600000,112125.2,113119.5,112087.7,112975.5,5882.71,663115280.5438
1757401200000,112975.5,113238.1,112692.2,112958.4,4667.441,527503451.5789
1757404800000,112958.4,113137.7,112840,112957.9,1709.635,193151797.5687
1757408400000,112957.9,113019.9,112860,112923.4,966.307,109114849.6316
1757412000000,112923.4,113004.6,112570,112670.1,2529.393,285119385.3747
1757415600000,112670.1,112751.5,112354.7,112388.7,1290.274,145236598.6958
1757419200000,112388.7,112776.2,112333.7,112615.3,1932.272,217560358.8017
1757422800000,112615.3,112893.6,112414.7,112700,2614.775,294655219.867
1757426400000,112700,112900,111452.7,111697,11847.803,1326921561.8017
1757430000000,111697,111793.3,110706.4,110821.8,9425.093,1047601876.8354
1757433600000,110821.8,111087,110713.2,110900.1,2793.88,309821252.5066
1757437200000,110900.1,111147.1,110817.6,110976.6,1675.086,185929389.5051
1757440800000,110976.6,111262,110862.5,111088.4,2142.265,237988035.9287
1757444400000,111088.4,111346.1,111061.1,111232.9,1328.333,147743954.5455
1757448000000,111232.9,111498.6,111021.6,111495.5,2701.615,300592194.4775
1757451600000,111495.5,111698,111211,111254.5,1764.078,196671011.23
1757455200000,111254.5,111601,111200,111509.7,1595.124,177713005.6303
1757458800000,111509.7,111540,111303.5,111500,774.398,86293463.0844
1757462400000,111500,111526.8,110878.1,110967.6,2585.898,287296561.2265
1757466000000,110967.6,111173.1,110865,110965.1,1449.192,160855388.1565
1757469600000,110965.1,111526,110965,111377.3,2245.83,249986540.5606
1757473200000,111377.3,111550,111337.4,111506.3,1061.027,118227706.0641
1757476800000,111506.3,111611.9,111350.3,111486.1,897.41,100050052.3153
1757480400000,111486.1,111714.3,111255.8,111536.3,3272.119,364695717.2055
1757484000000,111536.3,111927.7,111351.7,111750.1,2251.692,251519641.7241
1757487600000,111750.1,112542.7,111710,112486.6,4251.653,477092663.7411
1757491200000,112486.6,112812.3,112282,112335.8,5450.223,613713768.8602
1757494800000,112335.8,112386,112045.6,112220.9,2391.862,268332066.3755
1757498400000,112220.9,112395.6,112153.1,112222.2,1414.517,158829037.3685
1757502000000,112222.2,112366.7,112084,112267.2,1261.178,141559159.9031
1757505600000,112267.2,113510,112262.9,113380.3,13675.572,1546833347.0996
1757509200000,113380.3,114250,113343.5,113889.1,11856.659,1348748275.7381
1757512800000,113889.1,114217.4,113740,113854.9,4749.954,541399423.7964
1757516400000,113854.9,114060.1,113667.3,113811.9,2643.197,300928042.7796
1757520000000,113811.9,113894,113510,113712.4,3076.795,349708991.5451
1757523600000,113712.4,114035,113361.3,113671.7,2464.513,280140703.1619
1757527200000,113671.7,113841.9,113283.5,113545.1,3657.456,415098480.3669
1757530800000,113545.1,113582.7,113100,113514.1,2414.108,273506373.973
1757534400000,113514.1,113958.7,113485.3,113515.8,2791.611,317305968.0681
1757538000000,113515.8,113780,113464,113765.9,1645.954,187122108.0916
1757541600000,113765.9,113934,113650.8,113830,1335.081,151959934.1164
1757545200000,113830,113969,113725.3,113890,1497.94,170583021.8154
1757548800000,113890,113943.5,113608.1,113820.5,923.641,105099932.7368
1757552400000,113820.5,114126.2,113765.4,113840.8,1527.02,173971607.7034
1757556000000,113840.8,113926.8,113659.7,113765.4,1117.425,127177185.4662
1757559600000,113765.4,114394.7,113762.5,114340.9,2661.452,303936315.5625
1757563200000,114340.9,114361.3,114013.6,114114.8,1776.955,202909189.6719
1757566800000,114114.8,114283,113902.5,114207.2,2290.196,261271378.7161
1757570400000,114207.2,114414.6,114003.2,114277.5,1316.068,150377429.1632
1757574000000,114277.5,114282.5,113895.1,114039,2380.441,271464217.9456
1757577600000,114039,114152.1,113913,113995.6,1505.005,171610402.6991
1757581200000,113995.6,114019.9,113710.1,113848.4,3597.143,409548752.7976
1757584800000,113848.4,114059.2,113828.8,113995,1484.801,169178393.8798
1757588400000,113995,114050,113850.7,113965.1,1307.054,148926081.3505
1757592000000,113965.1,114499.5,113242,113941.3,14370.928,1637354890.126
1757595600000,113941.3,114709,113381.6,114600.5,10572.488,1205396333.8488
1757599200000,114600.5,114650,113889.6,114419.3,5703.564,651890249.4851
1757602800000,114419.3,114670,113939.4,114117.6,3734.185,426981254.6937
1757606400000,114117.6,114538.6,114117.5,114433.4,2008.47,229686428.1536
1757610000000,114433.4,114559.2,114248.3,114539.7,1458.957,166947619.6356
1757613600000,114539.7,114572.5,114046.8,114260.1,1563.899,178645210.8231
1757617200000,114260.1,114470.6,114122.4,114369,1085.63,124084276.0741
1757620800000,114369,114440.3,114183,114358.1,1310.305,149782926.2142
1757624400000,114358.1,114485,114337.6,114437.1,588.169,67295426.7551
1757628000000,114437.1,115224.9,114384.2,115036.3,6217.46,714682032.7378
1757631600000,115036.3,115446.1,115036.3,115440.1,3018.734,348088791.3593
1757635200000,115440.1,116249.9,115352.1,115768.1,8203.936,949832880.106
1757638800000,115768.1,115953.6,115301.9,115322.6,4656.718,538393187.9234
1757642400000,115322.6,115597,115206.1,115331.5,2242.952,258842849.6433
1757646000000,115331.5,115380.4,115001,115138.7,2705.09,311581550.3018
1757649600000,115138.7,115478.9,115043.4,115316.5,2394.072,276001331.2755
1757653200000,115316.5,115620.2,115271.2,115559.4,2149.294,248186254.6827
1757656800000,115559.4,115559.4,115210,115249.9,1646.476,189907755.4392
1757660400000,115249.9,115367.1,115050,115056.6,1326.968,152837018.0101
1757664000000,115056.6,115240,114911.9,115017,2702.888,310864805.5488
1757667600000,115017,115100,114834.4,115002,1564.269,179809104.2534
1757671200000,115002,115039,114878.4,114926,959.825,110332551.2342
1757674800000,114926,115139,114837.6,114885.7,1894.86,217858888.6353
1757678400000,114885.7,115138,114700.8,115045.9,2408.739,276826685.1956
1757682000000,115045.9,115175.1,114775.3,115107,2142.301,246285331.8329
1757685600000,115107,115441.9,114816.9,115219,4177.13,481052403.1983
1757689200000,115219,115248,114869,115061.8,2020.644,232485756.2151
1757692800000,115061.8,115478.8,114974.4,115434.7,2196.312,253156527.583
1757696400000,115434.7,115895.7,115330,115756,4370.804,505860958.0976
1757700000000,115756,116456,115702,116434.1,4648.011,540151267.6065
1757703600000,116434.1,116600,116185,116560,3397.184,395502231.3003
1757707200000,116560,116560.1,115888.5,116078.6,3736.594,433903267.7857
1757710800000,116078.6,116086.6,115630.5,115773.9,2353.405,272622982.9318
1757714400000,115773.9,116289.9,115773.9,115953.5,2034.761,236079308.3522
1757718000000,115953.5,116129.6,115854.5,115972,1403.009,162725553.6159
1757721600000,115972,116222,115883.8,116138.4,1397.538,162156581.3001
1757725200000,116138.4,116221.9,115451.5,115693.5,3066.48,354964049.6177
1757728800000,115693.5,115966.3,115609.8,115833.3,2032.873,235467537.1669
1757732400000,115833.3,115972.2,115809.2,115907.8,638.325,73972744.0372
1757736000000,115907.8,115907.9,115628,115646.2,754.584,87341687.5086
1757739600000,115646.2,115802.8,115594,115665.8,1049.802,121430516.9035
1757743200000,115665.8,115760.1,115600,115690.4,754.052,87213301.384
1757746800000,115690.4,115801,115634.6,115713.7,682.237,78968084.5607
1757750400000,115713.7,116010,115709.7,115915.9,1098.758,127279332.8654
1757754000000,115915.9,115997,115804.8,115970.1,1214.062,140708770.7644
1757757600000,115970.1,116147.1,115850.3,115890.6,1628.349,188925689.1331
1757761200000,115890.6,115961.1,115827.2,115923.7,628.392,72823787.0301
1757764800000,115923.7,116012.1,115807.7,115943.6,725.225,84053767.2062
1757768400000,115943.6,115950.7,115561.6,115714.7,1637.161,189502440.7419
1757772000000,115714.7,115909.1,115561.2,115750.1,1779.813,205985918.8146
1757775600000,115750.1,115886,115576.5,115729.5,1034.839,119733652.7793
1757779200000,115729.5,115775.6,114978.2,115274.9,5579.231,643436827.8418
1757782800000,115274.9,115536.4,115109.5,115495.7,2373.999,273798606.8622
1757786400000,115495.7,115600,115348.5,115568.1,962.326,111131396.3783
1757790000000,115568.1,115739.9,115505,115733.2,1562.897,180692812.9987
1757793600000,115733.2,115972.2,115733.1,115835.5,2372.526,274895530.6416
1757797200000,115835.5,115936.9,115781.3,115854.2,537.315,62252009.9488
1757800800000,115854.2,115891.2,115693.4,115817.8,846.627,98027208.6485
1757804400000,115817.8,115941.5,115779.3,115849.6,716.104,82963398.5473
1757808000000,115849.6,115955.2,115750.2,115872.7,686.052,79505831.5402
1757811600000,115872.7,115935.8,115663.6,115897.1,668.789,77436923.8329
1757815200000,115897.1,116057.7,115666.2,115799.8,2577.533,298599016.3021
1757818800000,115799.8,115813.2,115581.5,115617.2,1084.729,125469702.0765
1757822400000,115617.2,115723.2,115380,115683.3,2343.217,270812327.3427
1757826000000,115683.3,115882.7,115667.5,115801.3,961.022,111285790.6926
1757829600000,115801.3,115889.8,115624.8,115677.3,1551.612,179551851.4644
1757833200000,115677.3,115786.3,115655.7,115737,667.231,77214468.8793
1757836800000,115737,115950.6,115691,115889,918.087,106367725.3427
1757840400000,115889,116117.8,115843.3,115991.4,1312.536,152284162.5131
1757844000000,115991.4,116081.3,115894,115984.8,677.609,78588086.6218
1757847600000,115984.8,116064,115690,115750,1507.026,174488374.9041
1757851200000,115750,115820.7,115598.4,115719.5,864.414,100025901.9097
1757854800000,115719.5,115737.6,115150.1,115286.3,3393.23,391384457.1389
1757858400000,115286.3,115666.7,115100,115350.4,3244.774,374360256.9873
1757862000000,115350.4,115382,115142.5,115167,1379.046,158941226.6573
1757865600000,115167,115492.4,115135.3,115431.3,1351.896,155941158.2357
1757869200000,115431.3,115617.6,115353.5,115510.5,898.752,103819953.4199
1757872800000,115510.5,115510.6,115302.1,115337.3,697.357,80477710.3876
1757876400000,115337.3,115593,115260.1,115593,732.782,84614620.9885
1757880000000,115593,115800,115568.9,115753.3,880.424,101856921.7498
1757883600000,115753.3,116049.9,115552.3,116018.7,1602.136,185643014.9792
1757887200000,116018.7,116036.6,115761.2,115962.4,1150.299,133350046.7194
1757890800000,115962.4,115962.5,115060.1,115214.4,3538.677,408127364.8532
1757894400000,115214.4,115228.1,114905.7,115025.1,2864.765,329574886.5081
1757898000000,115025.1,115233.9,114741.6,115168.3,3643.507,418852519.9969
1757901600000,115168.3,115401.6,115150.5,115320,1265.65,145961359.2612
1757905200000,115320,115530,115294.3,115381.9,656.602,75792414.7085
1757908800000,115381.9,116150.4,115340,116013.9,3579.938,414946719.8648
1757912400000,116013.9,116547.2,115958.3,116478.3,3602.473,418955324.6033
1757916000000,116478.3,116761.3,115982.1,116073.8,5444.99,633493413.664
1757919600000,116073.8,116360,115519.2,115770,6008.597,696006533.0324
1757923200000,115770,115775.6,114633.2,114690.5,6888.339,793482660.2847
1757926800000,114690.5,115151.1,114526.9,114806.4,5837.007,670133483.5012
1757930400000,114806.4,114887.4,114656.8,114703.9,1776.616,203881425.9162
1757934000000,114703.9,115150,114672.4,115006,2286.068,262728427.0888
1757937600000,115006,115031.7,114616.8,114686,1674.09,192196870.8595
1757941200000,114686,115049.2,114316.3,114604.2,5985.427,686168369.3572
1757944800000,114604.2,114999.8,114401,114622.5,3516.807,403324296.2827
1757948400000,114622.5,114876.6,114340,114801.3,3069.482,351693023.6891
1757952000000,114801.3,114888,114524.7,114621.2,2394.336,274645480.6276
1757955600000,114621.2,115087.5,114552.4,115075.9,2086.918,239535768.7214
1757959200000,115075.9,115326,114843,115277.9,2489.521,286457707.6784
1757962800000,115277.9,115551.2,114924.7,115259.9,3240.896,373605502.0633
1757966400000,115259.9,115470.9,115158,115347.2,1095.418,126294421.4028
1757970000000,115347.2,115494.2,115217,115463.9,735.285,84831090.5769
1757973600000,115463.9,115570.2,115169,115246.7,944.206,108907883.2667
1757977200000,115246.7,115439.8,115181,115315.6,527.994,60895321.5668
1757980800000,115315.6,115315.7,114888,115041.9,1371.013,157733893.1117
1757984400000,115041.9,115481.7,114960.1,114987.1,1921.886,221441170.4545
1757988000000,114987.1,115200.7,114978,114988,569.68,65553102.689
1757991600000,114988,115400,114988,115268.4,941.514,108494394.6385
1757995200000,115268.4,115532.5,114894.6,115474.6,1861.324,214539022.0415
1757998800000,115474.6,115927.1,115405.8,115906.3,3137.686,363117292.3566
1758002400000,115906.3,115982.1,115550,115721.5,2548.582,295035946.6804
1758006000000,115721.5,115860,115689.7,115796.4,1324.295,153332113.7399
1758009600000,115796.4,115949,115482.3,115629.9,1761.864,203828032.0325
1758013200000,115629.9,115692.8,115399.9,115435.9,846.992,97857435.6971
1758016800000,115435.9,115545.5,115300,115313.5,1560.841,180117443.1345
1758020400000,115313.5,115375.8,115134.1,115225.1,2264.222,260965752.0279
1758024000000,115225.1,115411.4,115215.9,115385.7,1345.317,155145757.3706
1758027600000,115385.7,115512.3,114688,115159.9,6278.617,722212086.6697
1758031200000,115159.9,115267.4,114760,115230.4,4471.687,514392282.0535
1758034800000,115230.4,115870,114964.6,115869.9,3008.733,347274672.3919
1758038400000,115869.9,116047.9,115561.8,116043.1,3480.349,403083185.0918
1758042000000,116043.1,116883.6,116025.3,116413.5,8871.364,1033552386.4369
1758045600000,116413.5,116741,116167.5,116376.8,3289.426,383036111.9081
1758049200000,116376.8,116789.9,116335.2,116753.3,1707.315,199063327.7538
1758052800000,116753.3,116860,116651.1,116779,1944.48,227084945.6674
1758056400000,116779,116947.3,116547.6,116748.1,1657.624,193501879.0754
1758060000000,116748.1,116911.7,116655,116800,1444.85,168790122.2135
1758063600000,116800,116867,116557.5,116748.9,1124.973,131310950.2291
1758067200000,116748.9,116789.7,116502.4,116523.9,988.865,115312198.2571
1758070800000,116523.9,116719.3,116462,116615,1045.206,121847003.489
1758074400000,116615,117050,116501.5,116623.3,1877.42,219307993.6444
1758078000000,116623.3,116703.6,116298.4,116300.3,2175.02,253311044.5787
1758081600000,116300.3,116436.1,116100,116259.2,1690.716,196537426.3787
1758085200000,116259.2,117159.2,116252.4,117059.2,5524.976,644976846.2592
1758088800000,117059.2,117233,116921.9,117167.4,2294.662,268615222.9548
1758092400000,117167.4,117239.5,117062.5,117118.2,1740.399,203884409.9193
1758096000000,117118.2,117146.8,116625.9,116813.3,3757.994,438914208.6858
1758099600000,116813.3,116813.3,116519.6,116519.7,1266.824,147770759.5431
1758103200000,116519.7,116581.4,116205.8,116329,1883.43,219213173.6846
1758106800000,116329,116333,116200,116203.2,1771.62,205961647.8458
1758110400000,116203.2,116489,116045.3,116146.9,3110.512,361521849.3112
1758114000000,116146.9,116283,115831,116051.8,4589.068,532473703.6039
1758117600000,116051.8,116190,115337.8,115548.7,6137.868,709839215.84
1758121200000,115548.7,115833.4,115476,115822.7,2222.227,257047170.0909
1758124800000,115822.7,115822.7,115317.2,115593.5,3121.673,360699487.3026
1758128400000,115593.5,116250,115400,115429.5,4985.865,577723499.701
1758132000000,115429.5,116266,114710,115205.5,22306.143,2575946411.9393
1758135600000,115205.5,115978.7,115049.8,115610.1,6839.362,790857014.906
1758139200000,115610.1,116117.2,115447.8,115565.4,2712.283,314028546.6213
1758142800000,115565.4,116100,115271.4,116011.9,2084.269,241228298.9848
1758146400000,116011.9,116800,116004.9,116528.4,3092.91,359890049.7001
1758150000000,116528.4,116950,116300,116400.2,3637.668,424348551.3279
1758153600000,116400.2,116434,115980.1,116296.2,3008.297,349554183.9249
1758157200000,116296.2,116851.6,116284.6,116611.5,2491.043,290466024.5766
1758160800000,116611.5,116932.7,116380.3,116914.1,1658.878,193548755.7849
1758164400000,116914.1,117864,116864.5,117560.1,9795.488,1150865444.2455
1758168000000,117560.1,117735.8,117198.6,117579.9,3145.717,369458928.0845
1758171600000,117579.9,117595,117142.6,117240.4,1848.315,216817626.7256
1758175200000,117240.4,117308.9,116859,117051.2,2506.782,293352870.5049
1758178800000,117051.2,117187.2,117000,117031.2,1182.07,138424136.9797
1758182400000,117031.2,117400,116965,117189,1908.288,223632919.0428
1758186000000,117189,117323.9,117073.8,117264.9,1070.403,125447308.6838
1758189600000,117264.9,117278.8,117015.8,117155.3,1084.898,127064751.7909
1758193200000,117155.3,117267,116955,117026.5,1028.385,120449622.0551
1758196800000,117026.5,117246.3,116920,117068.3,1743.571,204181217.2642
1758200400000,117068.3,117628.8,116948.3,117365.2,4689.243,549999559.3714
1758204000000,117365.2,117800,117337.3,117580,4074.06,479227080.9264
1758207600000,117580,117673.5,117260,117536.4,3098.575,363934274.3041
1758211200000,117536.4,117794.9,117458.2,117525.9,2420.874,284801202.5288
1758214800000,117525.9,117731.1,117381,117555.9,1631.554,191774410.434
1758218400000,117555.9,117884,117470.3,117785,2074.864,244311013.9552
1758222000000,117785,117785.1,117081.8,117404.7,2951.269,346359219.8856
1758225600000,117404.7,117620.1,117281.5,117450.2,1182.569,138941185.2037
1758229200000,117450.2,117461,117239.1,117239.1,625.257,73368889.5486
1758232800000,117239.1,117291.7,116998.9,117013.2,1612.248,188877578.3878
1758236400000,117013.2,117190.6,116557.9,117023.5,6187.346,723014788.0606
1758240000000,117023.5,117408.4,116962,117374.6,1739.919,203946131.6489
1758243600000,117374.6,117417.6,117058.5,117187.5,1081.015,126723782.6461
1758247200000,117187.5,117239.2,116965,117062.8,1321.799,154730742.4546
1758250800000,117062.8,117262.1,116809.1,116923.8,1852.139,216667088.229
1758254400000,116923.8,117061.6,116635.9,116942.5,2388.234,279075107.9147
1758258000000,116942.5,116973.5,116734.3,116841.4,917.086,107179269.5116
1758261600000,116841.4,116841.4,116575,116626.4,1211.268,141353480.2847
1758265200000,116626.4,116957.8,116624.3,116856.1,2156.099,251829546.8778
1758268800000,116856.1,117058.9,116833.2,116855,1419.216,165991566.5301
1758272400000,116855,116946.7,116420,116430,1962.07,228840950.0671
1758276000000,116430,116531.8,116375.1,116477.3,2226.941,259309770.044
1758279600000,116477.3,116508.6,116237.7,116332.2,2003.593,233113993.8168
1758283200000,116332.2,116493.4,116070,116114.7,2428.806,282317967.7915
1758286800000,116114.7,116418.9,116010.4,116230,2509.265,291535658.5453
1758290400000,116230,116430,115720,115842.4,4627.151,536662083.838
1758294000000,115842.4,115896.4,115408,115816,5439.525,628987550.0586
1758297600000,115816,116100,115730.1,116027.4,1748.388,202671458.2474
1758301200000,116027.4,116036,115480.3,115481.1,1970.194,227904721.0606
1758304800000,115481.1,115583.8,115310,115365.5,2186.072,252348221.1329
1758308400000,115365.5,115434.4,115050,115069.5,2305.594,265612492.9414
1758312000000,115069.5,115390.9,115035,115310.3,1570.264,180963815.754
1758315600000,115310.3,115497.4,115249.9,115419.1,940.925,108552903.6093
1758319200000,115419.1,115614.6,115419.1,115547.4,756.349,87381751.1148
1758322800000,115547.4,115591.8,115390.7,115572.9,660.477,76273344.1646
1758326400000,115572.9,115692.8,115507.1,115676.6,1336.151,154447981.8201
1758330000000,115676.6,115687.8,115561,115562.5,546.801,63221502.1348
1758333600000,115562.5,115564.1,115400,115550.8,614.612,70978746.9895
1758337200000,115550.8,115559.6,115360,115406.2,459.909,53092353.3277
1758340800000,115406.2,115549.2,115366.1,115536.4,518.42,59854189.9464
1758344400000,115536.4,115670.4,115459.5,115666.6,473.103,54681363.5116
1758348000000,115666.6,115681.9,115564.5,115642.6,482.181,55755251.9682
1758351600000,115642.6,115942,115621.8,115928.6,1818.309,210566512.6659
1758355200000,115928.6,115931.2,115650.1,115666.8,1014.812,117509861.6931
1758358800000,115666.8,115756.1,115606,115623,564.472,65297872.0601
1758362400000,115623,115756.6,115622.9,115699.6,365.038,42235103.5892
1758366000000,115699.6,115879.1,115699.5,115843.7,1159.178,134232368.0341
1758369600000,115843.7,115919.6,115755.1,115841.3,667.962,77383884.0921
1758373200000,115841.3,115911.9,115812.5,115877.7,429.224,49734534.4343
1758376800000,115877.7,115991.2,115833.9,115922,620.166,71885713.9974
1758380400000,115922,116093.6,115910,115958.3,1170.752,135816287.9671
1758384000000,115958.3,116026.7,115834.5,116002.8,692.456,80282219.2845
1758387600000,116002.8,116050,115765.8,115780.5,857.795,99389543.4566
1758391200000,115780.5,115780.6,115638.6,115658.3,896.1,103676441.8828
1758394800000,115658.3,115757.2,115634.1,115634.1,533.699,61739627.7563
1758398400000,115634.1,115745.1,115630.2,115670.5,374.297,43307239.8165
1758402000000,115670.5,115896.2,115666.6,115732.1,551.904,63899339.0888
1758405600000,115732.1,115754.6,115675.6,115718.4,271.97,31470687.4498
1758409200000,115718.4,115728.2,115558.2,115628.9,413.735,47838958.1183
1758412800000,115628.9,115680.6,115500.1,115598.6,803.23,92841011.9447
1758416400000,115598.6,115600.1,115438.2,115455.1,583.23,67363327.5014
1758420000000,115455.1,115660.1,115390,115626.8,751.893,86852122.9158
1758423600000,115626.8,115670.5,115565.7,115625,453.95,52482206.1765
1758427200000,115625,115639.9,115455,115464.7,329.558,38077273.5651
1758430800000,115464.7,115627.8,115454.9,115627.8,408.526,47191524.5665
1758434400000,115627.8,115765.6,115627.7,115647.1,804.02,93038233.4286
1758438000000,115647.1,115775,115580,115775,464.842,53763447.5579
1758441600000,115775,115779.6,115522.5,115592.1,423.907,49004862.12
1758445200000,115592.1,115674.5,115260.1,115635.3,1689.731,195047632.777
1758448800000,115635.3,115670,115451.1,115479,447.53,51719338.5721
1758452400000,115479,115655,115464.7,115564.4,585.504,67671843.3981
1758456000000,115564.4,115717.8,115564.4,115623.9,458.872,53080607.4499
1758459600000,115623.9,115711,115569.9,115618.8,403.72,46687319.5343
1758463200000,115618.8,115647,115435.9,115443.6,733.42,84746316.8472
1758466800000,115443.6,115554.8,115414,115466.4,579.98,66976404.1007
1758470400000,115466.4,115500,115117.3,115267.8,2053.288,236641860.5233
1758474000000,115267.8,115600.1,115185.9,115581.2,2942.697,339525885.2233
1758477600000,115581.2,115623.8,115465.1,115488.7,739.024,85396362.8132
1758481200000,115488.7,115488.7,115266.7,115430,388.726,44847868.197
1758484800000,115430,115451.9,115233,115240.4,887.506,102356854.1144
1758488400000,115240.4,115383.6,115184,115361,1012.33,116672277.4106
1758492000000,115361,115507.4,115140,115479.7,970.248,111912242.5072
1758495600000,115479.7,115481.2,115145.2,115173.4,990.605,114168076.7272
1758499200000,115173.4,115340.2,114199.1,114330.4,8205.332,941198982.6657
1758502800000,114330.4,114692.7,114183,114204.3,4813.526,550797662.6699
1758506400000,114204.3,114564.8,114079.8,114129.9,3620.757,413808447.0259
1758510000000,114129.9,114611,114129.9,114609.7,1463.194,167388175.812
1758513600000,114609.7,114618.1,114348.8,114386.2,855.664,97940519.3719
1758517200000,114386.2,114496.1,113472.4,113608.8,4212.722,480081492.8026
1758520800000,113608.8,113627.1,111500,112764.1,27516.786,3098225259.3103
1758524400000,112764.1,112960,112401.1,112458.5,4849.538,546476956.1481
1758528000000,112458.5,112724,112380.1,112560,3363.477,378599456.0313
1758531600000,112560,112620.5,112111.2,112284.6,3129.87,351475100.9505
1758535200000,112284.6,112807.6,112198.8,112735.8,3064.839,344735285.5705
1758538800000,112735.8,112914.6,112610.2,112810.9,1549.537,174769493.0707
1758542400000,112810.9,112822.5,112450,112677.5,1767.749,199076229.7258
1758546000000,112677.5,113100,112307,113077.3,4736.582,533765219.9621
1758549600000,113077.3,113380.1,112697.9,112874.3,5691.584,643551605.716
1758553200000,112874.3,112992.7,112507,112764.2,2675.287,301479646.7167
1758556800000,112764.2,112833.4,112512.4,112548.2,1218.917,137337560.655
1758560400000,112548.2,112574,112175.5,112325.7,2285.265,256737903.8091
1758564000000,112325.7,112774,112281.6,112372.7,1560.344,175611270.3796
1758567600000,112372.7,112544,111892,112058.8,3755.344,421111112.3155
1758571200000,112058.8,112936.6,111918.4,112740.9,2755.008,309653051.843
1758574800000,112740.9,112923,112547.9,112921,1481.545,166965797.9737
1758578400000,112921,112921,112532.4,112581,750.989,84617204.4335
1758582000000,112581,112690.9,112530,112600.7,646.259,72770274.1181
1758585600000,112600.7,112782.6,112316.1,112338.2,1179.967,132800352.3092
1758589200000,112338.2,112469,112078.1,112082.4,1242.145,139433817.6475
1758592800000,112082.4,112424.1,111604.9,111740.9,3460.836,387569559.1686
1758596400000,111740.9,112385.2,111410,112283.5,4234.183,473935614.7607
1758600000000,112283.5,112415.7,111800,112376.9,1891.032,212043777.9015
1758603600000,112376.9,112847.5,112355,112600.1,2554.901,287824994.4775
1758607200000,112600.1,113076.8,112547.7,112919.9,3306.854,373316041.8111
1758610800000,112919.9,113054.5,112810.2,113025,2057.867,232382629.6356
1758614400000,113025,113100,112869.7,113065.6,1532.221,173171028.2202
1758618000000,113065.6,113200,112796.6,112875.1,2579.455,291499826.4338
1758621600000,112875.1,112945.5,112751.1,112905.2,1828.642,206380582.6821
1758625200000,112905.2,113025.2,112616.6,112924.9,1475.622,166428391.6779
1758628800000,112924.9,112999.8,112741.1,112873.3,1113.34,125675113.9331
1758632400000,112873.3,112967.8,112656.3,112888,1498.031,168996531.2877
1758636000000,112888,113247.1,112481.3,112593.2,5054.845,570295410.854
1758639600000,112593.2,113008.6,112424.9,112819.7,3673.494,414242189.5897
1758643200000,112819.7,112900,112407,112741.8,2845.464,320449527.666
1758646800000,112741.8,112760,111812.7,111893.9,4045.822,453835541.3038
1758650400000,111893.9,112141,111627.6,111712.8,3727.369,416864755.3786
1758654000000,111712.8,111943,111471,111590,2564.133,286358185.7847
1758657600000,111590,111935.5,111350.7,111922.4,2851.478,318356286.8278
1758661200000,111922.4,112151.3,111820.4,112099.5,1352.615,151477146.6194
1758664800000,112099.5,112164.2,111933,112102.5,957.013,107254770.6868
1758668400000,112102.5,112179.6,111801.7,111937.5,1028.572,115176917.15
1758672000000,111937.5,112342.2,111757,112157.4,2221.358,249016397.7319
1758675600000,112157.4,112444,112067.7,112386.5,1274.427,143148569.5914
1758679200000,112386.5,112444,111835.4,112067,2972.632,333215457.3255
1758682800000,112067,112168.6,111603.3,111627.3,2678.81,299584796.4744
1758686400000,111627.3,112333.3,110904.2,112112.4,9155.76,1021554849.9891
1758690000000,112112.4,112620,112070,112595,2301.613,258625725.5989
1758693600000,112595,112739.5,112465.1,112544.9,1766.253,198889337.6277
1758697200000,112544.9,112693.6,112401.5,112537.6,1114.078,125369891.1797
1758700800000,112537.6,112603,112330.3,112566.1,1587.6,178528435.6687
1758704400000,112566.1,112777,112439.6,112685.6,1183.482,133277364.6693
1758708000000,112685.6,112923.7,112598.9,112891.1,1665.23,187750048.3444
1758711600000,112891.1,113122.4,112825,112977.4,2625.122,296614264.6899
1758715200000,112977.4,113059.5,112868,113015,928.96,104940274.0859
1758718800000,113015,113185.2,112750.1,112783.5,3095.364,349674507.3278
1758722400000,112783.5,113850,112783.5,113670.8,7568.16,858530505.1903
1758726000000,113670.8,113844.1,113196.6,113300,5190.295,589188425.5884
1758729600000,113300,113717.5,113100.5,113673.2,2448.857,277718856.8562
1758733200000,113673.2,113900,113556.7,113711.3,2339.925,266222754.372
1758736800000,113711.3,113780,113463.5,113599.5,1281.092,145502950.028
1758740400000,113599.5,113635.1,113217.4,113370,1612.067,182805637.57
1758744000000,113370,113561.4,113337,113446.2,882.864,100173534.7689
1758747600000,113446.2,113540.4,113224.6,113292.6,878.836,99685587.9909
1758751200000,113292.6,113595,113203,113288.8,928.302,105252671.7129
1758754800000,113288.8,113378.5,113154.8,113255.5,751.294,85078119.8326
1758758400000,113255.5,113457.3,112849.4,113010,2649.362,299766393.6928
1758762000000,113010,113323.3,112388.9,112609.3,4578.909,516253305.2816
1758765600000,112609.3,113154.2,112440,112846.6,2519.957,284257997.1129
1758769200000,112846.6,112855.9,112103.6,112476.1,4135.476,464649389.1499
1758772800000,112476.1,112566.7,111510,111679.5,6361.387,711341458.9408
1758776400000,111679.5,111994.7,111540.1,111684.3,3212.114,359009682.9733
1758780000000,111684.3,111799.6,111437.3,111470.7,2211.468,246828301.325
1758783600000,111470.7,111837.8,111373.6,111719.9,2102.574,234786592.3023
1758787200000,111719.9,111988.8,111634,111681.6,1648.413,184308934.7294
1758790800000,111681.6,112199,111520,111520.1,3149.159,352335868.9927
1758794400000,111520.1,111826.9,111461.5,111597,1400.46,156331428.4352
1758798000000,111597,111683.1,111181.3,111289.1,2918.45,325037625.4649
1758801600000,111289.1,111597.8,110855.4,111044.3,8025.837,893110239.7771
1758805200000,111044.3,111664.2,110517,110935.3,10511.718,1166919266.6737
1758808800000,110935.3,111683.8,110905.2,111474,4512.339,502813453.754
1758812400000,111474,111545.8,110790.1,111537.1,4759.216,529024500.2497
1758816000000,111537.1,111625.5,110837.9,110886.3,2790.549,310415685.4566
1758819600000,110886.3,110913.1,108600,108782.7,16300.392,1788742419.6046
1758823200000,108782.7,109760,108560,109712.4,9151.746,999483658.0128
1758826800000,109712.4,109940.3,109252.3,109332.3,3207.39,351643282.8131
1758830400000,109332.3,109448,108994.8,109128.9,2646.014,288972588.4624
1758834000000,109128.9,109618,109025.6,109350.9,2403.152,262820064.9898
1758837600000,109350.9,109540.4,109193.8,109370.3,1307.217,142989683.9378
1758841200000,109370.3,109637,108676.7,108931.3,3951.553,430876096.973
1758844800000,108931.3,109561.5,108738.7,109420.5,4080.478,445602041.5633
1758848400000,109420.5,109725.2,109250.1,109630,2149.349,235444204.5362
1758852000000,109630,109764,109433.6,109574.7,1235.008,135361705.6977
1758855600000,109574.7,109593.6,109251,109524.6,1428.783,156319355.5929
1758859200000,109524.6,109593.5,109186.2,109298.9,1199.696,131223219.9007
1758862800000,109298.9,109540,109026,109188.1,1417.537,154860745.645
1758866400000,109188.1,109580,108956,109296.4,2415.766,264087551.5807
1758870000000,109296.4,109539,108833.4,109254.9,3977.17,433892050.878
1758873600000,109254.9,109568,109247.6,109523.6,2161.284,236507817.9358
1758877200000,109523.6,109651.7,109338.6,109515.5,1398.56,153152165.2896
1758880800000,109515.5,109529.9,108642.2,108840.6,3620.889,394415155.3005
1758884400000,108840.6,109174.7,108550,109080.7,2878.134,313240601.4124
1758888000000,109080.7,109555,108763.6,109330.5,4410.788,481585224.5813
1758891600000,109330.5,109758,108943.5,109626.3,3920.541,428989736.4775
1758895200000,109626.3,109738.7,108700,108790.3,4242.162,462783392.4354
1758898800000,108790.3,109321.4,108745.6,108972,2695.515,293987605.2424
1758902400000,108972,109571.8,108971.9,109407.1,2194.958,240012239.6299
1758906000000,109407.1,109966,109330.2,109856.1,3676.898,403548983.6545
1758909600000,109856.1,110255.6,109648,109674.5,2738.899,301264906.0397
1758913200000,109674.5,109678,108951.5,109111.5,4586.048,501019567.0529
1758916800000,109111.5,109351,109033.2,109245.4,1968.163,214938476.5831
1758920400000,109245.4,109499.1,109130.7,109418.2,1074.661,117469546.7692
1758924000000,109418.2,109561.1,109295.4,109518.4,901.496,98678409.4264
1758927600000,109518.4,109640,109375,109592.1,699.402,76622232.5775
1758931200000,109592.1,109617.9,109431.3,109607,673.183,73729209.3762
1758934800000,109607,109625,109261.6,109370.5,1824.341,199574384.6184
1758938400000,109370.5,109427.5,109263.1,109354.7,800.885,87576328.43
1758942000000,109354.7,109710.9,109320.3,109501.3,1634.64,179083605.6957
1758945600000,109501.3,109689.2,109455.3,109606.1,816.41,89450439.9577
1758949200000,109606.1,109638.4,109532.2,109588.1,318.71,34924247.2678
1758952800000,109588.1,109588.1,109430,109491,318.088,34827177.5482
1758956400000,109491,109527.7,109286.9,109359.2,858.536,93902642.4586
1758960000000,109359.2,109359.2,109200.3,109212.6,1519.569,166033006.9332
1758963600000,109212.6,109316.2,108988,109256.5,2043.668,222997136.6559
1758967200000,109256.5,109442.5,109206.3,109388.3,776.302,84872362.419
1758970800000,109388.3,109400,109241.3,109276.1,302.374,33048754.1369
1758974400000,109276.1,109434,109186.1,109351.6,672.917,73555606.8874
1758978000000,109351.6,109358.2,109237.1,109260.1,537.183,58715515.4529
1758981600000,109260.1,109356.3,109196.3,109235.4,650.5,71070652.0447
1758985200000,109235.4,109399.9,109113.9,109342.4,1189.889,129997093.9481
1758988800000,109342.4,109388.8,109261.5,109350.2,751.225,82133266.1391
1758992400000,109350.2,109376.1,109190.2,109329.1,831.732,90893280.312
1758996000000,109329.1,109400,109291,109380.9,359.865,39355464.1768
1758999600000,109380.9,109400.6,109339.7,109380,276.375,30227041.095
1759003200000,109380,109398.6,109296.3,109342.1,356.797,39012140.9854
1759006800000,109342.1,109445.9,109339.8,109428.7,371.379,40628674.6083
1759010400000,109428.7,109665.5,109421.5,109555.4,1088.637,119264210.2396
1759014000000,109555.4,109628.5,109407.3,109585.6,542.702,59439072.8004
1759017600000,109585.6,109747,109493.3,109561.1,1006.044,110277364.867
1759021200000,109561.1,109610.8,109271,109301.5,1688.365,184712531.7087
1759024800000,109301.5,109500,109291.3,109390.7,1090.206,119262641.6248
1759028400000,109390.7,109494,109348.5,109395.1,362.751,39690839.7408
1759032000000,109395.1,109440.3,109295.9,109327,342.083,37406899.2958
1759035600000,109327,109360.3,109283.4,109298.2,400.376,43765913.9917
1759039200000,109298.2,109411.2,109180.7,109366.5,607.59,66405345.689
1759042800000,109366.5,109509.4,109290,109469.8,617.133,67525312.1435
1759046400000,109469.8,109549,109371.5,109470.6,1107.928,121294363.949
1759050000000,109470.6,109520.9,109252,109464.8,1956.259,214038923.1103
1759053600000,109464.8,109464.8,109294.4,109308.4,729.608,79791736.6847
1759057200000,109308.4,109411.1,109180.7,109325.7,1313.033,143447238.6604
1759060800000,109325.7,109406.3,109133.8,109255.9,1482.893,162035503.309
1759064400000,109255.9,109647.8,109255.8,109588.5,1736.377,190078513.5328
1759068000000,109588.5,109863.1,109455,109805.4,1579.319,173188981.4476
1759071600000,109805.4,110000,109663.7,109990.9,1641.249,180290081.4423
1759075200000,109990.9,110355,109965.2,110179.9,3070.732,338219788.1086
1759078800000,110179.9,110349.9,110078.2,110165.5,1594.324,175746942.4201
1759082400000,110165.5,110250,110010.2,110250,677.276,74584331.2448
1759086000000,110250,110350.4,110065.5,110302.9,575.358,63424793.123
1759089600000,110302.9,110912.8,110242,110763.7,3272.231,362149541.3051
1759093200000,110763.7,110858.6,110578.6,110786.8,795.037,88032705.7609
1759096800000,110786.8,111985.3,110781.5,111892.9,7091.087,790921674.016
1759100400000,111892.9,112345.9,111892.9,112133.5,4159.275,466234768.8527
1759104000000,112133.5,112282.3,111932.7,112216.5,2700.965,302720877.1495
1759107600000,112216.5,112280,111662.8,111812.2,2225.67,249215252.952
1759111200000,111812.2,111992.9,111583.9,111694.8,2425.291,271004791.8836
1759114800000,111694.8,111825.9,111534.8,111825.9,1550.992,173173774.1378
1759118400000,111825.9,111855.6,111689.6,111761.2,1258.752,140708306.9081
1759122000000,111761.2,111770,111500.1,111707.8,1338.791,149428041.5721
1759125600000,111707.8,111820.9,111576.3,111591.3,1117.126,124772768.4085
1759129200000,111591.3,111820.3,111487.2,111820.2,1953.978,218096222.4462
1759132800000,111820.2,112415.9,111818.1,112051,3614.626,405170809.3944
1759136400000,112051,112181.2,111938,112065.4,1336.963,149811681.0197
1759140000000,112065.4,112200.5,111976,112055.1,1096.528,122894064.7079
1759143600000,112055.1,112081.3,111871.3,112065.9,1388.445,155471217.7755
1759147200000,112065.9,112482.3,111891.6,111974,2483.854,278656349.4979
1759150800000,111974,113453.9,111864,113184.5,9678.258,1092441164.8273
1759154400000,113184.5,114199.5,113157.6,113995.1,9328.906,1061685856.7609
1759158000000,113995.1,114081.4,113620.4,113762.5,3709.151,422271693.0858
1759161600000,113762.5,114028.5,113562.6,113587.5,2411.081,274471099.8855
1759165200000,113587.5,114171.2,113409.4,114022.3,3227.863,367398610.8721
1759168800000,114022.3,114120,113829,113987,1354.005,154328635.6174
1759172400000,113987,114350,113804.1,114208.6,2499.401,285242716.1952
1759176000000,114208.6,114377.1,114063.6,114187.1,1988.024,227130932.8422
1759179600000,114187.1,114294.6,114031,114110.4,930.785,106262446.4929
1759183200000,114110.4,114177.6,113957.1,114131.6,798.245,91045129.5088
1759186800000,114131.6,114348.7,114131.6,114251.4,1145.787,130889446.9138
1759190400000,114251.4,114825.7,113970.5,114475.2,4334.63,495854160.5496
1759194000000,114475.2,114741.9,114210.2,114461.4,2348.73,268874952.2546
1759197600000,114461.4,114554.6,114303.9,114412.4,1348.643,154343589.6342
1759201200000,114412.4,114475,114247,114311.2,991.727,113372226.2718
1759204800000,114311.2,114311.3,114035.2,114035.2,1091.401,124591503.2661
1759208400000,114035.2,114160,113759.3,113869.8,2242.741,255518817.4638
1759212000000,113869.8,114050,113800,113846.7,2411.905,274714304.8664
1759215600000,113846.7,113946,113530,113661.6,2656.829,302103854.1974
1759219200000,113661.6,113699.4,113300,113405.4,2720.219,308738004.6838
1759222800000,113405.4,113419.1,112694.1,112737.8,4802.528,542977068.3793
1759226400000,112737.8,113037,112603.9,112871.7,3329.527,375746114.4811
1759230000000,112871.7,113078.3,112738.9,112992,2218.308,250482037.1848
1759233600000,112992,113200,112906,112937.5,2209.377,249783798.8856
1759237200000,112937.5,113630,112788,113343.8,4555.033,515794125.4225
1759240800000,113343.8,113584.9,112832.1,113545.9,3597.121,407073402.0155
1759244400000,113545.9,113554.9,112856,113063.4,2487.771,281419368.6429
1759248000000,113063.4,113249.9,112726.8,112786.1,2231.083,251929903.9301
1759251600000,112786.1,113470.3,112761.2,113197.6,2187.464,247609633.2237
1759255200000,113197.6,113675,113121.3,113674.9,1726.338,195903191.8521
1759258800000,113674.9,114522,113660,114314.7,5346.09,609913624.1045
1759262400000,114314.7,114696.4,114073.7,114594.8,3700.882,423196355.4216
1759266000000,114594.8,114751.4,114079.7,114121.9,3124.854,357691743.2541
1759269600000,114121.9,114325,113834.9,113894.6,1819.148,207352778.4051
1759273200000,113894.6,114022.4,113716.8,114013.8,1520.021,173052077.8777
1759276800000,114013.8,114262.2,113913.8,114197.1,1758.164,200607915.8895
1759280400000,114197.1,114517.5,114100,114514.1,2113.359,241612315.2121
1759284000000,114514.1,114523.9,114225.1,114233.6,1948.678,222874819.6852
1759287600000,114233.6,114500,114039.6,114134.1,2694.2,307839974.9127
1759291200000,114134.1,114679.9,114079.1,114243.1,3384.894,387384778.9224
1759294800000,114243.1,114700,114219,114533.2,1447.66,165778806.6206
1759298400000,114533.2,114592.1,114177.3,114211.2,1869.551,213836054.3005
1759302000000,114211.2,114548.3,114190,114493.4,1167.428,133598884.7122
1759305600000,114493.4,116582.1,114435,116061.7,18971.088,2192516718.3811
1759309200000,116061.7,116480,115888,116359.9,5331.325,619626012.1777
1759312800000,116359.9,116500,116130.9,116224.5,2756.038,320519102.811
1759316400000,116224.5,116759.9,116215.9,116730,3557.386,414446150.872
1759320000000,116730,116838.9,116300,116352.3,3663.073,427068894.2349
1759323600000,116352.3,116775.4,116352.3,116755.6,2496.296,290915943.6692
1759327200000,116755.6,117395.9,116643.6,117239.7,7488.432,876870357.9327
1759330800000,117239.7,117605.4,117011.8,117367.5,3062.561,359410748.3901
1759334400000,117367.5,118150,117251.5,117480,6887.335,811182426.1384
1759338000000,117480,117636.4,116678.7,116736.9,4426.486,518342970.9917
1759341600000,116736.9,117279.1,116723.9,117186,2055.805,240502472.7973
1759345200000,117186,117564,117154.5,117369.3,1966.848,230896052.8179
1759348800000,117369.3,117475.3,117101,117472.5,1403.096,164545329.7476
1759352400000,117472.5,117532.6,117261.2,117499.9,994.948,116813487.2799
1759356000000,117499.9,118037,117499.9,117684.5,3133.042,368942760.8595
1759359600000,117684.5,118644,117619.4,118555.4,6146.743,727042068.4721
1759363200000,118555.4,119416,118356,118399.5,8669.003,1030820815.4532
1759366800000,118399.5,118863.1,118331.2,118580,2127.377,252314893.1192
1759370400000,118580,118744,118430.1,118694.6,1613.16,191320558.3723
1759374000000,118694.6,119060.7,118650,118688.5,4186.903,497666350.117
1759377600000,118688.5,118902.8,118361.2,118604.8,2596.426,307888945.5879
1759381200000,118604.8,118636.4,118202.7,118315.4,2350.473,278237353.1119
1759384800000,118315.4,118620,118233.4,118587.1,2466.617,292222998.6849
1759388400000,118587.1,118630.7,118366,118443.6,1385.366,164130101.9656
1759392000000,118443.6,118650,118291.1,118647,1486.325,176107299.9556
1759395600000,118647,118841.3,118519.1,118829.9,1659.186,196887242.0691
1759399200000,118829.9,118920.8,118518.1,118569.3,1476.365,175202580.0214
1759402800000,118569.3,118840.5,118483.8,118703.9,1285.294,152537984.8827
1759406400000,118703.9,119374,118680.2,119374,3928.929,467975936.8755
1759410000000,119374,119800,118877,119580.2,7690.641,918450084.9732
1759413600000,119580.2,119764,118585,118743.2,8423.256,1003845804.2907
1759417200000,118743.2,119872.3,118445,119865.8,8641.376,1030730560.8408
1759420800000,119865.8,120288,119549.1,119690.8,7372.561,884185379.2348
1759424400000,119690.8,119899.9,119284.6,119850,4050.339,484160544.0954
1759428000000,119850,120660.2,119838.1,120458.3,6816.596,819572272.0235
1759431600000,120458.3,120994.2,120401.2,120776.6,6497.386,784728013.1561
1759435200000,120776.6,120861.9,120240.9,120578.8,2786.647,335865568.578
1759438800000,120578.8,120705.3,120060.6,120074.9,1784.905,214860126.2775
1759442400000,120074.9,120363.7,120002,120193.5,1459.884,175456510.8952
1759446000000,120193.5,120622.7,120171.4,120484,2231.876,268709483.7231
1759449600000,120484,120506,119991.3,120090.1,2192.177,263389259.4694
1759453200000,120090.1,120240,119736.7,119802.1,1794.373,215277601.6814
1759456800000,119802.1,120211.2,119791.3,120105.3,1650.759,198080098.3062
1759460400000,120105.3,120445.8,120091,120168.9,1833.592,220548566.4249
1759464000000,120168.9,120276.8,119946.2,119996.8,1225.337,147148133.1245
1759467600000,119996.8,120023.3,119651.8,119864.8,2036.051,243975666.4744
1759471200000,119864.8,120019.3,119707,119864.3,1626.848,195035470.7333
1759474800000,119864.3,119964.7,119556.9,119584.8,2324.095,278183690.2838
1759478400000,119584.8,120020,119160,119979,4112.342,491682669.2073
1759482000000,119979,120324,119941.9,120252.8,2562.668,307894922.9932
1759485600000,120252.8,120468.7,120200,120371.4,1499.262,180442875.8413
1759489200000,120371.4,120424.2,120068.7,120287,1618.25,194602222.7927
1759492800000,120287,120349,120023,120284.6,1364.868,164056247.1829
1759496400000,120284.6,120646.9,120034,120293.7,3572.907,429903176.58
1759500000000,120293.7,120940,119805,120849,7257.749,873959209.7488
1759503600000,120849,122333,120575.9,122222.9,11035.045,1341261001.299
1759507200000,122222.9,123858.6,122222.9,122491.4,23122.837,2845892951.8751
1759510800000,122491.4,123092.9,121552.9,122036.8,17272.379,2112512709.173
1759514400000,122036.8,122706.3,121420.5,122502.8,5027.843,614351632.6864
1759518000000,122502.8,122920.9,122316.3,122590,3426.425,420212801.7521
1759521600000,122590,122669,121966.3,122395.4,2632.433,321958349.7
1759525200000,122395.4,122397.4,121934,122237.1,1574.161,192410068.7333
1759528800000,122237.1,122599,122237.1,122409.1,732.819,89708401.4602
1759532400000,122409.1,122409.1,122105.5,122180.2,653.823,79908970.8635
1759536000000,122180.2,122241.9,121925.1,122057,1567.383,191326308.1928
1759539600000,122057,122065,121639.6,121814,1625.355,198051469.9202
1759543200000,121814,121988,121628,121806.8,1571.4,191371332.5277
1759546800000,121806.8,122330.7,121774.6,122182.8,1346.477,164360133.3272
1759550400000,122182.8,122477.4,122160.3,122441.6,1506.566,184288675.8878
1759554000000,122441.6,122767.7,122346,122484.2,2284.487,279937435
1759557600000,122484.2,122561.2,122331.5,122383,1257.789,154017566.0887
1759561200000,122383,122404.3,122189,122258.6,1114.236,136245341.5505
1759564800000,122258.6,122495.6,122143.9,122217,1630.939,199487847.7675
1759568400000,122217,122417.7,122115.7,122153.6,748.194,91473117.4483
1759572000000,122153.6,122294.5,122024.2,122064.6,789.555,96426685.7888
1759575600000,122064.6,122166.1,121884.2,121914.5,1775.435,216627691.8233
1759579200000,121914.5,122062.5,121893.7,121950.7,797.703,97301535.7821
1759582800000,121950.7,122490.4,121950,122335.1,2370.987,290016616.7001
1759586400000,122335.1,122426.1,121933.4,121934,1405.551,171703778.2473
1759590000000,121934,122084.6,121648.6,121754.7,2981.986,363250478.4136
1759593600000,121754.7,121918.5,121551.8,121677.9,2393.943,291328959.5703
1759597200000,121677.9,121868.4,121620.4,121717,802.186,97653617.6977
1759600800000,121717,121793.3,121472.9,121547.2,967.417,117660669.4902
1759604400000,121547.2,121922,121540.2,121921.9,994.374,121063289.2459
1759608000000,121921.9,122042,121834.8,121834.8,1265.748,154372762.0152
1759611600000,121834.8,122300,121828,122157.5,1247.167,152331790.3906
1759615200000,122157.5,122331.2,122089,122237,562.073,68688075.7051
1759618800000,122237,122380,122153.5,122359.3,683.253,83528210.5155
1759622400000,122359.3,122393.2,122107.6,122111.4,688.857,84197258.3243
1759626000000,122111.4,122378.3,122082.6,122334,818.815,100096613.8433
1759629600000,122334,124384.4,122293.7,124002,13874.199,1714153249.8546
1759633200000,124002,124134,123305.6,123730.2,4351.562,538762392.7999
1759636800000,123730.2,125849.7,123683,125140.1,17280.384,2159360316.0288
1759640400000,125140.1,125400,124787.2,125094.5,5947.067,744157672.7074
1759644000000,125094.5,125188,124752.1,124950,2511.983,313865152.2902
1759647600000,124950,125120,124577.2,124682.8,3836.775,478870820.2743
1759651200000,124682.8,124815.7,124462.8,124551.5,2076.292,258789245.7538
1759654800000,124551.5,124622.8,122724.6,122973.8,15599.546,1925970259.119
1759658400000,122973.8,123103.6,122461.7,122980.2,5187.102,637061076.4578
1759662000000,122980.2,123513,122790.9,123414.4,3744.923,461402221.2268
1759665600000,123414.4,123414.5,122859.6,123039,3675.813,452558565.2243
1759669200000,123039,123308.3,123010.9,123120,1719.12,211768255.2082
1759672800000,123120,123290,122717.7,122978,2173.482,267340391.3941
1759676400000,122978,122978,122601.8,122753.1,1256.562,154305992.6429
1759680000000,122753.1,123300,122104,123212.6,6284.904,771091577.6912
1759683600000,123212.6,123483,122840.2,123016.9,2764.172,340564563.8753
1759687200000,123016.9,123171,122807.1,122966.9,1243.109,152900318.1738
1759690800000,122966.9,122988.1,122449.2,122543.9,2283.432,280157593.2298
1759694400000,122543.9,123013.2,122418.7,122656.4,1239.906,152183079.1505
1759698000000,122656.4,122750,122450.1,122697.8,685.392,84027265.2012
1759701600000,122697.8,123233.7,122696.8,123192.4,1716.534,211192051.5566
1759705200000,123192.4,123577.6,123161.6,123447.9,2330.02,287548414.6656
1759708800000,123447.9,124331,122989.1,123303.6,10459.199,1293233717.2103
1759712400000,123303.6,124203.3,123144.5,123990.1,3860.04,477722313.3387
1759716000000,123990.1,124227.8,123427,124083.1,4382.628,542231807.884
1759719600000,124083.1,124097.9,123695,123783.1,1046.013,129594349.3529
1759723200000,123783.1,123959,123532,123550,1079.091,133530515.1454
1759726800000,123550,123723.7,123251.9,123539.8,2559.553,315927544.3273
1759730400000,123539.8,124140.7,123539.8,123911.3,2507.884,310682537.5754
1759734000000,123911.3,123995.9,123230,123344.1,2900.831,358481233.6782
1759737600000,123344.1,123858,123344.1,123812.6,1304.379,161270210.5388
1759741200000,123812.6,124038.4,123729.8,123922.6,1725.694,213779719.4637
1759744800000,123922.6,124115,123857.6,123927.3,1585.785,196649061.1419
1759748400000,123927.3,124535.7,123684.5,124165.7,5098.932,632978764.1218
1759752000000,124165.7,124662,124117.3,124504.9,3135.277,390139073.5767
1759755600000,124504.9,125049.9,124329.2,124980,7296.899,909790284.6356
1759759200000,124980,125280.4,124271.7,124465.6,6516.122,813640304.3948
1759762800000,124465.6,125396.8,124447.6,124944.7,3014.241,376844169.8158
1759766400000,124944.7,125488.9,124750,125410.6,3769.962,471374120.6839
1759770000000,125410.6,125780,125064.9,125239.8,5985.107,750638375.237
1759773600000,125239.8,126150,125000,125981.3,5647.2,709722440.6344
1759777200000,125981.3,126093.1,125151.9,125329.4,5699.467,715668464.0563
1759780800000,125329.4,125482.5,124960.5,125140,2385.077,298546638.3626
1759784400000,125140,125207.7,124403.3,125044.7,4116.932,513706356.5688
1759788000000,125044.7,125215.7,124711.2,124980.8,2056.76,257072904.766
1759791600000,124980.8,125039.3,124562.6,124606.1,1003.31,125134481.7113
1759795200000,124606.1,124887.2,124526.6,124825.4,1343.279,167510178.9382
1759798800000,124825.4,125029.2,124359.5,124652.8,2108.637,262745281.6985
1759802400000,124652.8,124652.9,124047.5,124196.7,4667.199,580251421.5914
1759806000000,124196.7,124500,124022.9,124246.9,1361.779,169133012.0353
1759809600000,124246.9,124625,124034.6,124423.5,1690.118,210199417.8555
1759813200000,124423.5,124572.3,124170,124333,2220.505,276203844.6844
1759816800000,124333,124398,123716.9,123840.7,4234.534,524685123.2477
1759820400000,123840.7,124000.8,123500,123614,2855.391,353144828.1
1759824000000,123614,123945.8,123200.1,123801,4868.138,601357091.201
1759827600000,123801,124200,123790.4,124030.2,2110.798,261843960.1352
1759831200000,124030.2,124355.5,123942.6,124211.3,1431.618,177806147.3492
1759834800000,124211.3,124460.6,124114,124389.6,2002.352,248975162.2248
1759838400000,124389.6,125114.2,124272.7,124863.9,3499.996,436463822.9226
1759842000000,124863.9,125019.6,123316.9,123845.7,9648.89,1196315765.2483
1759845600000,123845.7,123962.8,122523.7,122716,11732.973,1442650071.7227
1759849200000,122716,122841.6,121089.5,121817,18865.298,2298719673.5919
1759852800000,121817,122120,120661.4,121689.6,11341.573,1378054830.6827
1759856400000,121689.6,121843.6,121065.3,121110,5218.922,633667364.708
1759860000000,121110,121300,120545,120849.4,5659.607,683969688.0119
1759863600000,120849.4,121994,120814,121609.6,5139.559,624293570.0316
1759867200000,121609.6,122210.1,121609.5,121924.7,2610.724,318608255.4396
1759870800000,121924.7,122270,121737.5,121981,2178.315,265721454.0081
1759874400000,121981,122145,121750.2,121977.1,1187.085,144727536.0705
1759878000000,121977.1,121986.5,121213,121299.4,3572.208,434172813.9792
1759881600000,121299.4,122084.4,121221,121895.9,3941.03,479791093.9907
1759885200000,121895.9,122019.3,121538.7,121913.5,1624.352,197876446.3771
1759888800000,121913.5,122200,121773.2,121997.5,1269.308,154857046.3992
1759892400000,121997.5,121997.5,121157.6,121335.4,2496.629,303228462.0898
1759896000000,121335.4,121869.2,121010.1,121859.2,1891.694,229712216.0743
1759899600000,121859.2,121859.3,121118.5,121334.3,1961.211,238074377.94
1759903200000,121334.3,121832,121000,121754.8,2180.281,264652345.0324
1759906800000,121754.8,121850,121285.6,121564.1,1796.041,218306448.5554
1759910400000,121564.1,122834.6,121482.7,122341.1,4374.978,535046097.1102
1759914000000,122341.1,122626.5,122340,122500,2017.847,247139539.5497
1759917600000,122500,123078.1,122469.3,122913.7,2849.395,349931181.8951
1759921200000,122913.7,123184.3,122710,122842.1,2811.554,345693815.2934
1759924800000,122842.1,123029.1,122485,122604.3,2987.406,366561618.6087
1759928400000,122604.3,122749.8,121615.6,122560.1,8914.088,1089161104.5355
1759932000000,122560.1,123349,122013.8,122267.8,10366.712,1272460282.6274
1759935600000,122267.8,122575,121871,122129.3,3695.318,451621361.0361
1759939200000,122129.3,123099.3,122053,123002.6,3255.01,399223869.1729
1759942800000,123002.6,124140,122906.3,124007.5,9861.097,1219447205.651
1759946400000,124007.5,124162.5,123382,123408,3531.807,436889738.7426
1759950000000,123408,123700,123099.4,123385.8,2652.66,327317579.7289
1759953600000,123385.8,123667,122689.1,122775.7,2992.32,368287527.5254
1759957200000,122775.7,123262.8,122722.8,123222.6,1497.444,184284902.309
1759960800000,123222.6,123354.6,123130.9,123130.9,738.673,91039787.9031
1759964400000,123130.9,123475.5,123000,123245.3,1100.979,135709736.7298
1759968000000,123245.3,123291.3,122739.2,122768,1837.096,225848583.4013
1759971600000,122768,122801,122265.8,122479.4,3914.456,479642874.1475
1759975200000,122479.4,122498.4,121401.6,121553.5,4408.551,537226619.4772
1759978800000,121553.5,122065,121541.1,121992.2,2867.758,349449514.754
1759982400000,121992.2,122222.8,121845.6,122091.7,1388.398,169451349.1895
1759986000000,122091.7,122149.7,121775.5,122051,1751.522,213570994.4554
1759989600000,122051,122142.7,121820,121896.1,1391.978,169758342.5057
1759993200000,121896.1,122010.4,121633.8,121847.6,1374.142,167390706.3134
1759996800000,121847.6,121909.2,121080,121191.7,5263.477,638926997.3961
1760000400000,121191.7,121788.4,121191.7,121749.9,2119.249,257669345.2321
1760004000000,121749.9,122294.1,121588.4,122104.1,2604.69,317697459.5119
1760007600000,122104.1,122787,122104,122677,2913.978,357154971.1875
1760011200000,122677,123733.9,122642.9,123503,7112.296,876721366.1081
1760014800000,123503,123603.4,122187.1,122353.9,8127.143,998690317.3934
1760018400000,122353.9,122552,120688.1,121264.5,15930.002,1937468269.6169
1760022000000,121264.5,121700,120612.8,121083.4,5993.597,725993057.7524
1760025600000,121083.4,121428.3,119600.9,119750.1,11566.018,1392784304.9745
1760029200000,119750.1,120998,119574,120915.9,8343.329,1003717601.3211
1760032800000,120915.9,121050,120298.6,120593,3728.168,449783911.7203
1760036400000,120593,121064.8,120593,120901.1,2411.711,291519280.7581
1760040000000,120901.1,121164.8,120800,121052.6,1420.714,171872336.6063
1760043600000,121052.6,121488.8,121000.1,121430,2226.397,270032969.82
1760047200000,121430,121747.3,121350.7,121646.4,1318.289,160237290.5756
1760050800000,121646.4,121697.4,121307.2,121603,1465.71,178079526.7122
1760054400000,121603,121841.7,121542.6,121709.6,1173.78,142843498.2961
1760058000000,121709.6,121849.7,121452.8,121609,1087.848,132336248.9141
1760061600000,121609,121632.1,120882,121040.4,3147.079,381510154.9131
1760065200000,121040.4,121548.3,120888.8,121001.7,2147.783,260404823.5568
1760068800000,121001.7,121366.2,121001.3,121210.3,1356.634,164399912.6721
1760072400000,121210.3,121584.8,120955,121544.3,1829.62,221912600.7647
1760076000000,121544.3,121740,121200.1,121329.8,2236.724,271819376.613
1760079600000,121329.8,121361.3,120822,120903.7,1996.264,241749683.9123
1760083200000,120903.7,121611.8,120869.2,121575,1929.043,233873768.3747
1760086800000,121575,121744.9,121225.4,121267,1571.729,190975201.9071
1760090400000,121267,121496,121168.9,121445.6,905.137,109815940.8713
1760094000000,121445.6,121617.2,121361.5,121496.2,968.895,117717967.4876
1760097600000,121496.2,121641.4,121370,121552.2,806.228,97954392.1852
1760101200000,121552.2,122490,121296.5,121600.1,6974.227,850209586.1002
1760104800000,121600.1,122036.8,120371.2,120407.9,8083.441,979606777.4575
1760108400000,120407.9,120566.7,118400,118962.9,26430.626,3156877618.6782
1760112000000,118962.9,119400.3,118154.3,118154.3,11270.658,1338712889.0332
1760115600000,118154.3,118385,117515.7,117584.6,11167.472,1316509851.7043
1760119200000,117584.6,117800,117150.1,117161.6,4665.656,548083569.5095
1760122800000,117161.6,117260,115900,116606.5,16308.667,1901195508.2204
1760126400000,116606.5,117336,112526.5,114225.1,23808.373,2739144178.5321
1760130000000,114225.1,115073.3,101045.9,113182.2,99629.395,10938495133.2392
1760133600000,113182.2,113956.9,110389.3,113513.3,27986.412,3157412273.7935
1760137200000,113513.3,114793.5,112550.1,112732.5,11719.307,1329674663.0565
1760140800000,112732.5,113134.1,111526.4,112442.1,8576.065,963017013.7527
1760144400000,112442.1,112470,110930.2,111031.2,7187.945,801352671.7807
1760148000000,111031.2,113230.4,111009.3,113157.1,6982.866,783051360.5434
1760151600000,113157.1,113279.8,111750,112266,6387.362,716635358.4901
1760155200000,112266,112930.8,111642.5,112916.2,3626.752,407373046.9744
1760158800000,112916.2,112916.3,111921.2,112347.4,3305.165,371373361.9537
1760162400000,112347.4,112738.3,111913.6,111995,2559.566,287410824.0633
1760166000000,111995,112052,110050,110359.6,7838.524,868889765.9767
1760169600000,110359.6,111498,110104,111286.5,5244.288,581234906.3912
1760173200000,111286.5,111858.5,111220.6,111598.7,3455.154,385509732.2258
1760176800000,111598.7,112238.5,111587.9,112079.7,2209.86,247431675.4416
1760180400000,112079.7,112331.7,111646.3,112238,2096.887,234912179.7254
1760184000000,112238,112431.5,111981,112347.4,1467.735,164712159.2911
1760187600000,112347.4,112496.7,111832.1,112232.2,1845.904,207064350.7323
1760191200000,112232.2,112325,111788.7,111934.7,2686.326,300976463.6626
1760194800000,111934.7,112366,111724.3,111740,1841.625,206378264.8821
1760198400000,111740,112056.4,111386,111810.3,2629.079,293603059.0771
1760202000000,111810.3,112156.4,111668.1,111946.3,1824.873,204315358.0925
1760205600000,111946.3,111994.9,111771.1,111900.1,605.263,67712162.3136
1760209200000,111900.1,111988.6,110790.2,111125.5,4116.182,457925192.4143
1760212800000,111125.5,111300.8,109617,110194.6,5502.474,607499589.6079
1760216400000,110194.6,110948.8,109453.4,110834.3,3710.421,409016673.7204
1760220000000,110834.3,111230,110568.7,110978,1422.159,157778164.861
1760223600000,110978,111056.4,110581.7,110599.9,1038.446,115061481.828
1760227200000,110599.9,110637.3,109503.2,109588.5,3135.167,345101958.8803
1760230800000,109588.5,110259.1,109579.5,109920,2778.399,305360320.2609
1760234400000,109920,110670.3,109525.4,110060.1,3556.058,391472520.2746
1760238000000,110060.1,111352.3,109937.9,110637.8,5287.968,586095214.4227
1760241600000,110637.8,111889,110556,111468.3,3095.719,344713169.9408
1760245200000,111468.3,111765,111114,111649.9,1342.874,149618854.1176
1760248800000,111649.9,112122.4,111551.4,111633.2,3137.052,350609184.3974
1760252400000,111633.2,111899.4,111432.9,111466.7,1560.459,174094821.9238
1760256000000,111466.7,111770.8,111231.3,111255.8,1743.495,194366291.684
1760259600000,111255.8,111850,111081,111776.3,1577.326,175714677.8905
1760263200000,111776.3,111970,111371.9,111589.3,1097.448,122567367.2214
1760266800000,111589.3,112086.3,111391.8,111786.1,1580.156,176642110.2698
1760270400000,111786.1,112267,111465.7,111733.8,2361.629,264350387.4206
1760274000000,111733.8,111887.9,111200,111248.9,2050.282,228675584.5651
1760277600000,111248.9,113034.2,111121,112337.7,9886.58,1109714668.0434
1760281200000,112337.7,113749.2,112044.3,113166.2,14066.123,1588987109.8303
1760284800000,113166.2,114700,113166.2,114039.9,11179.273,1273718565.3257
1760288400000,114039.9,114440,113448.2,113779.5,6451.546,735667477.4559
1760292000000,113779.5,114210.6,113492.3,113823.6,2684.14,305619921.3511
1760295600000,113823.6,114368.8,113765.6,114298.3,2177.312,248611871.9676
1760299200000,114298.3,115432.3,114291.1,114878.1,5357.638,615794709.1661
1760302800000,114878.1,115599.9,114203.9,114854.9,5304.311,609301475.5821
1760306400000,114854.9,115749,114843.3,115178.6,4230.504,487892576.2303
1760310000000,115178.6,115314.5,114701.9,114908.5,2725.188,313331251.6616
1760313600000,114908.5,115870,114728,115233.1,4062.848,468219210.3447
1760317200000,115233.1,115724.6,115032.1,115665,1842.677,212754394.4224
1760320800000,115665,115950.6,114954.7,115284.2,2245.614,259129383.0213
1760324400000,115284.2,115593.2,114582.2,114792.2,2457.916,282621111.967
1760328000000,114792.2,114986.5,114320.9,114673.5,3156.034,361839113.1931
1760331600000,114673.5,114799.8,114463.4,114572.7,1374.004,157437535.293
1760335200000,114572.7,115344.7,114355.9,115180,2796.251,321493835.8319
1760338800000,115180,115539.8,114973.6,115349.9,2614.21,301500558.4089
1760342400000,115349.9,115404.4,115083.7,115208.9,1091.651,125812605.7249
1760346000000,115208.9,115214.3,114661.8,115070.4,2005.736,230536539.2554
1760349600000,115070.4,115118.9,114689.7,114764,1044.293,119947256.1655
1760353200000,114764,114764,113526.4,114139.1,8499.183,969966426.8192
1760356800000,114139.1,114770.9,113875,114360.3,4803.177,549222400.7426
1760360400000,114360.3,115517.9,114150.9,115303,9641.586,1107242587.3996
1760364000000,115303,115426.6,113707.1,113976.5,8140.39,931213793.8389
1760367600000,113976.5,114686.8,113909.7,114267.5,3863.968,441621230.807
1760371200000,114267.5,115150,114207.5,114600,4376.302,501754408.4663
1760374800000,114600,115027.8,114150.3,115001.6,3385.34,387810692.7127
1760378400000,115001.6,115337.1,114668.5,115103.6,2842.286,326945183.0337
1760382000000,115103.6,115855.3,115021,115750,3808.46,440014183.1191
1760385600000,115750,115838.8,115344.6,115660.1,2211.627,255554825.8409
1760389200000,115660.1,115753.4,115490.9,115667.9,862.041,99652038.9604
1760392800000,115667.9,115790,115369.4,115458,1241.971,143573584.4598
1760396400000,115458,115460,114951.1,115116.7,2282.883,262996060.3649
1760400000000,115116.7,115370.5,114802.6,114913.4,1759.448,202480126.4665
1760403600000,114913.4,114950,114079.9,114219.4,2695.971,308699483.8555
1760407200000,114219.4,114244,113560.2,113560.2,4725.209,538225925.332
1760410800000,113560.2,113639,113188.1,113430.4,4425.541,501915675.5534
1760414400000,113430.4,113523.5,112697,113017.7,7996.291,904207390.6406
1760418000000,113017.7,113641.2,112319.2,112425.3,8809.453,994754809.3246
1760421600000,112425.3,112670.1,111200,111913.2,9002.527,1007573775.6799
1760425200000,111913.2,112141.6,111374.9,111659.1,5373.454,600581886.0266
1760428800000,111659.1,112091.8,111433.3,111742,3864.242,431898394.6297
1760432400000,111742,111948,110963.5,111230.6,4719.194,525521401.0084
1760436000000,111230.6,111280,109947.4,110556.3,9382.601,1036690916.4265
1760439600000,110556.3,111590.7,110535.6,111245.8,6520.279,724907001.551
1760443200000,111245.8,111293.1,110661.2,110748.7,4817.802,534629180.5491
1760446800000,110748.7,111300,109800,110955,10774.025,1190593236.571
1760450400000,110955,112224.2,110854.7,111382.3,8638.676,964737615.0965
1760454000000,111382.3,112885,111000.2,112862.2,8831.679,989320211.6316
1760457600000,112862.2,113226.3,112142.5,112295.5,9302.995,1047832586.8215
1760461200000,112295.5,112927.3,111659,112743.3,6555.058,737003177.7646
1760464800000,112743.3,113434.9,112592.3,112789.3,4670.622,527946159.9025
1760468400000,112789.3,113499.9,111935.3,112544.7,8054.031,907557173.8225
1760472000000,112544.7,112941.4,112139,112940.3,3638.588,409668897.4057
1760475600000,112940.3,113154.9,112629.3,113063.7,1844.193,208111754.4204
1760479200000,113063.7,113550,112756.8,113140.7,2103.251,238102110.1134
1760482800000,113140.7,113474.1,112952.6,112972.1,1902.339,215387480.7708
1760486400000,112972.1,113073.3,112540,112927,2401.437,270886077.4073
1760490000000,112927,112955.9,112250.2,112677.9,2181.005,245447155.8667
1760493600000,112677.9,113590,112608.8,112767.8,3089.234,349444271.3991
1760497200000,112767.8,112823.6,111752.7,111967.7,3317.52,372005053.3543
1760500800000,111967.7,112419.4,111683,112296.7,2206.746,247408637.1303
1760504400000,112296.7,112615.6,112122,112374.6,2327.676,261599665.6151
1760508000000,112374.6,112530,111820.3,112398.9,2506.521,281206911.679
1760511600000,112398.9,112635,112170,112524.2,1639.88,184376903.4612
1760515200000,112524.2,113470,112472.2,112887.7,4141.742,468011050.173
1760518800000,112887.7,113067.2,112312.6,112496.3,2759.07,310728761.5331
1760522400000,112496.3,112610.5,112016.5,112200,2592.792,291132344.7321
1760526000000,112200,112560,111635.3,111839.9,4351.875,487549308.7716
1760529600000,111839.9,112045.4,111293.8,111654,3383.964,377817566.1796
1760533200000,111654,111948,110625.2,111330.1,6453.21,717947850.2584
1760536800000,111330.1,112200,110735.2,111003.1,8102.529,903682461.7634
1760540400000,111003.1,111533.2,110308.1,110748,5734.276,635482994.7852
1760544000000,110748,111083.4,110542.4,110690.4,2442.086,270566251.0568
1760547600000,110690.4,111138.8,110072.8,111131.3,4714.336,521008318.6091
1760551200000,111131.3,111449.9,110762.3,111380.2,2183.375,242637490.7778
1760554800000,111380.2,111525.3,111003.9,111210.1,2110.807,234896626.3791
1760558400000,111210.1,111512.8,110442.5,111058.1,4168.599,462769776.1473
1760562000000,111058.1,111381.6,110413.8,110793.7,2749.211,304822781.9872
1760565600000,110793.7,111340,110600,110600.1,1570.727,174319169.4579
1760569200000,110600.1,110962.6,110512.7,110705.3,1307.966,144833570.5012
1760572800000,110705.3,110810.5,110281.6,110379.5,1982.868,219134724.2163
1760576400000,110379.5,111300.1,110363,111261.6,1793.144,198917864.1739
1760580000000,111261.6,111500,110949.5,111469.3,1764.091,196401937.0863
1760583600000,111469.3,111832,111214.8,111288.3,2407.381,268536024.438
1760587200000,111288.3,111625.4,110755,110916.3,1857.305,206406629.2873
1760590800000,110916.3,111432.8,110646,110879.9,1883.661,209103116.1622
1760594400000,110879.9,111682.6,110853.3,111623.7,2081.308,231739252.6697
1760598000000,111623.7,111733.1,110500,110516.3,3519.951,390478111.226
1760601600000,110516.3,110838.9,110328,110752.7,1763.577,195008109.8588
1760605200000,110752.7,111620,109533,111102,11321.776,1251409913.4307
1760608800000,111102,111686.4,110970.1,111424.7,3574.117,398036617.2391
1760612400000,111424.7,111524.3,110953.8,111359.7,1842.036,204840984.541
1760616000000,111359.7,111962.3,111280,111465.1,3379.525,377107350.7767
1760619600000,111465.1,111505.6,110611.1,110787.5,4021.954,446616408.4431
1760623200000,110787.5,111374.4,109627.2,110445.5,10742.951,1186898941.6897
1760626800000,110445.5,110681.8,108270,108463.5,16274.84,1778945350.5186
1760630400000,108463.5,109255.8,107500.3,109197.4,12984.984,1405302733.3327
1760634000000,109197.4,109214.7,108138.2,108226.1,5769.491,626536879.2373
1760637600000,108226.1,108622.7,107622.4,108604.3,6311.421,681894801.8601
1760641200000,108604.3,108710.1,107608.5,108151.5,5597.194,604876985.3335
1760644800000,108151.5,108392.3,107362.1,107787.9,4167.983,449250472.5482
1760648400000,107787.9,108420,107516.7,108381.6,1985.56,214524037.3386
1760652000000,108381.6,108468.8,107702.7,107736.7,1812,195685365.2845
1760655600000,107736.7,108394.5,107651.3,108137.8,2221.036,240048056.8139
1760659200000,108137.8,108800,107875.3,108759.7,2767.885,300220368.6302
1760662800000,108759.7,109070.9,108455,108782.2,1996.014,217123170.4267
1760666400000,108782.2,109042.2,108327.4,108932.4,1965.321,213510794.937
1760670000000,108932.4,109199.3,108836.8,109127.4,1379.868,150410151.3731
1760673600000,109127.4,109186.3,108716.8,108729.8,1449.213,157822313.7851
1760677200000,108729.8,108876.5,108231.1,108330.4,2577.503,279841994.0713
1760680800000,108330.4,108466.9,106558.1,106697,10228.658,1097956849.6144
1760684400000,106697,106857.4,105403.3,105561.6,11276.995,1195736388.0879
1760688000000,105561.6,105664.8,104409.4,104834.9,13357.489,1403355904.8626
1760691600000,104834.9,105590,104432.9,104473.9,5010.115,526246395.7297
1760695200000,104473.9,104870.1,103437.4,104710,11188.465,1165573934.1149
1760698800000,104710,106573.9,104612.2,105628.3,13390.356,1416015650.0121
1760702400000,105628.3,106021.8,105147.1,105295.5,4674.726,493534628.2453
1760706000000,105295.5,106136.3,104808.2,105791.9,7846.452,827662918.7529
1760709600000,105791.9,105950,104431.7,105117.9,8874.988,933363633.1439
1760713200000,105117.9,106790.9,105034.6,106729.6,7529.816,797831367.9922
1760716800000,106729.6,107584.5,106179.7,106324.5,9427.833,1007934368.9883
1760720400000,106324.5,106679.6,106010,106381.8,4321.119,459559592.5874
1760724000000,106381.8,107042.3,106381.8,106586,2475.613,264160297.0613
1760727600000,106586,106848.3,106173.7,106403.5,2003.208,213226929.4938
1760731200000,106403.5,107125.7,106294.6,106973.1,1552.331,165812526.4046
1760734800000,106973.1,107400.6,106950.1,107232.5,2617.534,280767071.9336
1760738400000,107232.5,107372,106722.5,106928.7,1306.584,139804799.4628
1760742000000,106928.7,106941.5,106302,106364.6,2292.85,244293836.2675
1760745600000,106364.6,106792.9,106259.7,106791,1704.244,181553603.1988
1760749200000,106791,107252,106756.1,107096.2,1885.803,201892966.5269
1760752800000,107096.2,107250,106432.2,106531,2193.251,234275396.3568
1760756400000,106531,107078.8,106509.5,107017.9,1110.786,118694347.3681
1760760000000,107017.9,107027.6,106383.6,106414.7,2223.904,237015490.2736
1760763600000,106414.7,106789.3,106414.7,106756.4,1216.637,129683661.71
1760767200000,106756.4,106902.3,106652,106790.6,886.852,94731431.1251
1760770800000,106790.6,107476.5,106557.5,106653.5,4501.489,482153914.1355
1760774400000,106653.5,106949.4,106567,106673.1,1443.245,154052422.0434
1760778000000,106673.1,106916.9,106583,106848,886.892,94651737.8088
1760781600000,106848,107109,106724.1,106877.9,1397.991,149481684.1862
1760785200000,106877.9,107194.2,106711.2,107162.5,1098.914,117518237.8923
1760788800000,107162.5,107273,106916.3,107018.7,815.706,87352277.0759
1760792400000,107018.7,107059.1,106754.2,106853.2,1024.217,109483886.329
1760796000000,106853.2,107101.2,106674.5,106992.1,1591.045,170081774.8128
1760799600000,106992.1,107115.9,106768,106894.6,996.795,106620626.1686
1760803200000,106894.6,107020.1,106430.6,106610.5,1560.549,166423299.9063
1760806800000,106610.5,106916.4,106512.8,106831.8,874.443,93355374.4324
1760810400000,106831.8,106882.1,106677.2,106809.2,431.874,46107524.4769
1760814000000,106809.2,107070.5,106711.1,107025.8,695.536,74363526.539
1760817600000,107025.8,107314.4,106934.8,106949.8,1271.071,136150711.2295
1760821200000,106949.8,107193.2,106790,107107.5,849.318,90879360.8723
1760824800000,107107.5,107245.7,107002.4,107072.6,435.422,46638811.6032
1760828400000,107072.6,107155.1,106950.6,107122.2,342.454,36661655.836
1760832000000,107122.2,107219.6,106700,106849.5,1302.104,139209839.5126
1760835600000,106849.5,106955.9,106688.2,106935.4,984.292,105187975.3959
1760839200000,106935.4,106960,106753.4,106803.6,345.871,36963626.5094
1760842800000,106803.6,107335.8,106743,107224.7,1170.39,125361090.2736
1760846400000,107224.7,107246.8,106906.4,107000.1,1132.649,121230022.7267
1760850000000,107000.1,107138.4,106754.6,106837.9,847.151,90561285.9191
1760853600000,106837.9,106865.4,106500,106723.6,1205.789,128648650.0128
1760857200000,106723.6,106881.5,106635.7,106737.6,713.954,76225649.8836
1760860800000,106737.6,107202.4,106175.2,106392.8,3679.044,392100323.295
1760864400000,106392.8,108167.7,106060.3,107357.3,9699.859,1039529170.8217
1760868000000,107357.3,107862,106899.1,107839.9,3800.508,408513447.0003
1760871600000,107839.9,108200,107593.5,107749.3,4075.765,439883118.2761
1760875200000,107749.3,107820.8,107400,107628.1,1545.895,166288975.6386
1760878800000,107628.1,108195.3,107322.6,108049.5,2118.031,228160607.8835
1760882400000,108049.5,108494.9,107833.1,108371.3,3095.287,335024163.2625
1760886000000,108371.3,108593.3,108275.3,108448.1,2529.577,274267731.5536
1760889600000,108448.1,108936.3,108188,108589.5,2424.938,263330779.6261
1760893200000,108589.5,109434.5,108571,109060.9,3846.741,419573119.9114
1760896800000,109060.9,109391.4,108983,109330.1,1353.89,147845050.9131
1760900400000,109330.1,109330.1,108688.2,108852.3,2075.765,226163319.8088
1760904000000,108852.3,108952.2,108740,108781.6,896.551,97578259.9941
1760907600000,108781.6,108822.1,108562.6,108696.6,1430.77,155519854.5904
1760911200000,108696.6,109360,108696.6,109099.9,2064.214,225218027.1643
1760914800000,109099.9,109099.9,108347.4,108597.3,1822.474,198000380.4605
1760918400000,108597.3,108597.3,107373.7,108004.5,7159.733,772295104.008
1760922000000,108004.5,108259.3,107848.3,108005.4,1967.236,212523946.7087
1760925600000,108005.4,108934.5,107800.1,108716.6,3912.583,424334577.8622
1760929200000,108716.6,110423,108500.9,110098.3,5847.554,640572417.5051
1760932800000,110098.3,110491.1,109878.8,110380.2,3554.665,391678021.5055
1760936400000,110380.2,111120.4,110234.8,110996.1,4719.715,522575116.6506
1760940000000,110996.1,111351,110950,111251.4,4586.287,509782601.9447
1760943600000,111251.4,111380.9,111018.9,111148.6,2830.142,314711362.9883
1760947200000,111148.6,111644.2,110913.1,111061.5,3475.908,386642390.701
1760950800000,111061.5,111180,110671.5,110935.3,3080.096,341475704.0972
1760954400000,110935.3,111099.9,110631.6,110710,2780.268,308333071.2222
1760958000000,110710,111007.1,110589.8,110986.2,1732.862,191963418.855
1760961600000,110986.2,111271.6,110736.9,110813.4,2407.875,267273948.3225
1760965200000,110813.4,111192.8,110537.8,111129.4,3639.948,403380731.8847
1760968800000,111129.4,111366.4,110700,111180.9,3310.175,367724139.1221
1760972400000,111180.9,111692.3,110956.1,111105.5,4020.798,447634088.1016
1760976000000,111105.5,111303.8,110061.8,110640.9,9148.487,1012719105.9388
1760979600000,110640.9,111050,109785,110250.1,6217.423,685944106.8728
1760983200000,110250.1,110922.5,110168.3,110884,1945.468,215097995.6401
1760986800000,110884,111044.9,110478.7,110755,1911.497,211741365.0718
1760990400000,110755,111238.6,110594.9,111056.1,1453.614,161283626.1219
1760994000000,111056.1,111222,110400.1,110518.4,1764.101,195424246.4167
1760997600000,110518.4,110830.7,110366,110745.8,881.996,97586695.4573
1761001200000,110745.8,110784.6,110464.2,110490,842.041,93116153.5243
1761004800000,110490,110508,110117.3,110401.9,1705.457,188147644.7761
1761008400000,110401.9,110458,109376.5,109816.2,4260.087,467766549.031
1761012000000,109816.2,109874.5,109250.2,109472.2,3112.793,340935733.707
1761015600000,109472.2,109575,109023,109023.1,2524.836,275953902.6945
1761019200000,109023.1,109023.1,107585,107747.3,10639.203,1152059220.2062
1761022800000,107747.3,107956.7,107412.1,107494.8,6064.586,652995381.813
1761026400000,107494.8,108172,107432.1,107855.4,3344.532,360733242.5011
1761030000000,107855.4,108150,107600.2,108022.4,2037.328,219842924.1912
1761033600000,108022.4,108054,107429.9,107650.8,3276.099,352750175.7632
1761037200000,107650.8,107838.4,107500,107708.6,1192.735,128452283.2577
1761040800000,107708.6,108780,107517.1,108442.1,4568.484,494267950.3896
1761044400000,108442.1,108595.2,108100,108522,2513.241,272309551.3763
1761048000000,108522,109440.4,108402.7,108736.8,7773.444,847563972.1405
1761051600000,108736.8,108859.2,107779.7,108389.5,9331.427,1011367966.4404
1761055200000,108389.5,112332.4,108350.5,112159.8,18439.34,2034512658.658
1761058800000,112159.8,113546,111693.5,113400,13915.296,1568090611.1374
1761062400000,113400,114000,112422,112533.2,10848.785,1229491735.9958
1761066000000,112533.2,112996,111732.9,111977.7,9454.401,1062133563.942
1761069600000,111977.7,112261.4,111250.8,111949.4,5127.438,572992568.1803
1761073200000,111949.4,112172.7,111507.2,111736.4,2476.485,276913540.3056
1761076800000,111736.4,111759.6,110364.7,110740,7355.892,815471316.8542
1761080400000,110740,111079.8,110037.6,110768.6,3414.271,377444106.032
1761084000000,110768.6,110768.6,107806.8,109007.1,14223.62,1553407337.3424
1761087600000,109007.1,109377.5,107970.7,108240.1,4754.526,516859439.569
1761091200000,108240.1,108590.1,107769,107913.4,4475.445,483731421.3644
1761094800000,107913.4,108413.7,107913.4,108307.4,2768.342,299472259.0032
1761098400000,108307.4,108646.6,108142.9,108153.7,2166.809,234846839.5816
1761102000000,108153.7,108174,107810.1,108163.1,1855.923,200488521.0298
1761105600000,108163.1,108589.7,108100,108570,1953.964,211794647.3877
1761109200000,108570,108600,107845.1,108124.3,2675.384,289256061.6976
1761112800000,108124.3,108313.4,107902.4,107936,1767.51,191018549.2214
1761116400000,107936,108280,107523.1,108280,4116.819,443987287.0653
1761120000000,108280,108328.7,108039.6,108186.9,1357.919,146898840.1509
1761123600000,108186.9,108239.1,107720,107915.6,2035.207,219760333.6405
1761127200000,107915.6,108072.2,107581,107611.9,1973.985,212773350.8721
1761130800000,107611.9,108179.6,106588,107484.7,13403.083,1439351923.2824
1761134400000,107484.7,108369.3,107385.8,107987.3,5768.029,622444583.844
1761138000000,107987.3,109273.7,107566.4,108734.5,10017.051,1084977682.2139
1761141600000,108734.5,108995.1,107441.7,108927,14141.749,1529663304.0283
1761145200000,108927,109127.3,107675.6,108364.9,9282.949,1006124329.6018
1761148800000,108364.9,108780.1,107788.5,108172.1,6175.386,668659089.8484
1761152400000,108172.1,108307.8,107500,107736.3,2928.916,316033855.3803
1761156000000,107736.3,108169,107394.7,107978.3,2798.804,301829809.1349
1761159600000,107978.3,108377.1,107617.7,107824.1,3579.126,386719306.0367
1761163200000,107824.1,108035.8,107439.9,107646,2649.72,285391237.9881
1761166800000,107646,107700.4,106625.8,107158.7,7114.837,761308008.0944
1761170400000,107158.7,107706.8,106847.9,107141.8,2940.605,315382317.1956
1761174000000,107141.8,107921.4,107114.1,107522.8,3015.778,324599674.9342
1761177600000,107522.8,107953.7,107456.7,107819.8,1609.274,173265190.9066
1761181200000,107819.8,108519.6,107769.3,108114.4,4532.911,490518056.9146
1761184800000,108114.4,108385.8,108023.8,108385.8,1380.565,149388946.7873
1761188400000,108385.8,108685.4,108284.2,108341.3,1582.635,171696626.3093
1761192000000,108341.3,108926.6,108304.4,108600.1,2176.327,236440686.8322
1761195600000,108600.1,108962,108572.3,108904.9,1388.213,150994989.2471
1761199200000,108904.9,110281.7,108800.8,110200.1,7798.973,855805258.6015
1761202800000,110200.1,110222.9,109117.9,109232.8,4784.393,524197004.4709
1761206400000,109232.8,109871,109202.2,109461.3,2567.694,281404654.0471
1761210000000,109461.3,109498,109081.2,109392.4,1697.221,185468598.6436
1761213600000,109392.4,109688.3,109330.2,109387.8,1781.318,195070424.2567
1761217200000,109387.8,109629.7,108992,109208.6,2226.036,243263385.5844
1761220800000,109208.6,109209.6,108634.9,109129.8,4290.575,467320845.0119
1761224400000,109129.8,109598.5,108755.4,109448,3841.372,419752222.4287
1761228000000,109448,109798.6,108564.2,109551.3,7268.071,793681436.5101
1761231600000,109551.3,110079.6,109422.1,109866.2,4365.664,479427859.5073
1761235200000,109866.2,110560,109600.2,110216.5,4138.63,455820667.2265
1761238800000,110216.5,111271.5,109600,111208.3,8449.735,934086152.7597
1761242400000,111208.3,111272.4,110185.5,110525.5,4731.209,523489324.8507
1761246000000,110525.5,110577.5,110062.7,110139,2440.186,269137002.6267
1761249600000,110139,110150,109230.5,109447.1,4714.251,517394756.1131
1761253200000,109447.1,109665.8,109289.9,109490.4,2163.323,236915304.8627
1761256800000,109490.4,110118,109460,109870,2543.998,279449638.1096
1761260400000,109870,110052.6,109768.1,110015,832.407,91518404.9971
1761264000000,110015,110655,109933.4,110446.4,2448.617,270103757.5155
1761267600000,110446.4,110627.2,110090,110539.8,1460.296,161166885.3132
1761271200000,110539.8,110813,110300,110527.8,1713.06,189441330.279
1761274800000,110527.8,110598.2,110235,110411.4,1313.694,145034612.5162
1761278400000,110411.4,111490,110300,111123,4086.155,453915962.9984
1761282000000,111123,111288.1,110894.9,111213.2,2071.178,230076947.6453
1761285600000,111213.2,111480.1,111079.7,111439.5,1716.752,191074396.8045
1761289200000,111439.5,111512.8,110740.6,111034.4,3807.662,422654936.0693
1761292800000,111034.4,111274.4,110605.5,111056,3645.609,404516627.2108
1761296400000,111056,111476.5,110959.2,111305.2,2272.52,252894192.1089
1761300000000,111305.2,111305.2,111017.2,111091.8,1282.251,142524626.687
1761303600000,111091.8,111245.9,110540,111035.2,2537.452,281414139.7834
1761307200000,111035.2,112162.2,110835.6,111268.2,10964.291,1222327313.2219
1761310800000,111268.2,111417.3,110307.1,110879.6,5872.451,650831258.3406
1761314400000,110879.6,110879.6,109603.4,110159.7,12026.78,1323582507.1361
1761318000000,110159.7,110608.5,109822,109994.8,4100.26,452134395.3061
1761321600000,109994.8,110332.9,109734.6,110218.8,2226.036,244951657.6985
1761325200000,110218.8,110523.2,110104.5,110154.3,1984.916,218998535.9116
1761328800000,110154.3,110624.6,110081.8,110550.6,1334.683,147382463.633
1761332400000,110550.6,110914.5,110470,110565.4,1754.176,194197597.3299
1761336000000,110565.4,110996,110404.3,110840.1,1215.273,134478907.0143
1761339600000,110840.1,111072.8,110566.2,111029.2,1740.26,192891759.1687
1761343200000,111029.2,111088.9,110865.8,110969.9,690,76571923.3827
1761346800000,110969.9,111080,110826.1,110964.7,586.043,65020334.8672
1761350400000,110964.7,111000.9,110618.8,110730.4,881.331,97644865.2476
1761354000000,110730.4,111217.1,110700,111027.7,963.531,106952529.368
1761357600000,111027.7,111086.2,110903.5,110981.3,385.547,42791073.5801
1761361200000,110981.3,111091.8,110949.4,110973.5,434.823,48274317.852
1761364800000,110973.5,111407.9,110973.5,111184.6,1574.243,175157892.8491
1761368400000,111184.6,111398.3,111040.6,111344.9,1013.814,112744427.9225
1761372000000,111344.9,111500,111210.2,111318,1461.658,162797754.1046
1761375600000,111318,111796.4,111318,111463.9,2748.284,306556418.1328
1761379200000,111463.9,111787.9,111450,111740.1,1260.151,140666139.6065
1761382800000,111740.1,111848.8,111417.3,111494.5,1345.539,150226455.4061
1761386400000,111494.5,111711.2,111349.8,111529.1,1345.578,150063295.7917
1761390000000,111529.1,111647.7,111443.1,111542.1,634.964,70834371.831
1761393600000,111542.1,111935.8,111486,111875.8,1290.668,144224129.9819
1761397200000,111875.8,111907,111467.9,111640,1114.814,124507130.2022
1761400800000,111640,111740,111485,111561.1,760.673,84897922.2328
1761404400000,111561.1,111561.1,111239.8,111348.1,1269.753,141445068.352
1761408000000,111348.1,111448.9,111109,111336.5,1260.56,140246168.9726
1761411600000,111336.5,111424.8,111204.9,111332.5,813.088,90487525.8033
1761415200000,111332.5,111704,111269.2,111678.9,1206.344,134589161.6699
1761418800000,111678.9,111697,111529.1,111586.9,441.282,49250062.8096
1761422400000,111586.9,111636,111274,111399.2,1393.304,155261350.4809
1761426000000,111399.2,111451.1,111274.3,111435.1,549.234,61167885.6944
1761429600000,111435.1,111655.5,111350.7,111573.5,501.906,55969658.0245
1761433200000,111573.5,111634.5,111472.5,111587.5,354.319,39523889.1827
1761436800000,111587.5,111891.8,111487.8,111674.2,1096.634,122527863.747
1761440400000,111674.2,111807.5,111477,111598,724.781,80933373.8606
1761444000000,111598,111663.6,111360.7,111407.6,561.293,62580409.7445
1761447600000,111407.6,111457.1,111187.8,111214.5,1154.213,128491902.1038
1761451200000,111214.5,111442,111201.6,111378,509.731,56737265.1316
1761454800000,111378,111620.4,111305.2,111557.5,1111.929,123998341.3108
1761458400000,111557.5,111653.9,111480,111574.4,424.489,47358922.872
1761462000000,111574.4,111687.1,111558.2,111681.7,372.09,41540345.3485
1761465600000,111681.7,111810,111670.8,111734.9,672.79,75192649.5016
1761469200000,111734.9,112750.7,111668.6,112490.4,6510.742,731305545.9859
1761472800000,112490.4,112540.6,112123.3,112441.3,1514.308,170105906.7006
1761476400000,112441.3,113446,112370.1,113255.5,5018.872,567215929.5724
1761480000000,113255.5,113799.9,113241.5,113539.7,4149.67,471232349.8552
1761483600000,113539.7,114050,113225.3,113688,3934.783,447196981.2632
1761487200000,113688,113870.9,113490,113542.1,2710.199,308138614.0426
1761490800000,113542.1,113700,113390.3,113654.4,1470.885,166942773.9954
1761494400000,113654.4,113741.8,113236.4,113483.1,2035.554,231033850.7874
1761498000000,113483.1,113723.1,113400,113400,920.249,104513729.075
1761501600000,113400,113758.8,113400,113554.8,1016.625,115477672.4749
1761505200000,113554.8,113676.1,113466.3,113559.8,500.95,56888880.6332
1761508800000,113559.8,113559.8,113152.6,113262.7,1341.512,152063405.6694
1761512400000,113262.7,113551.3,112797,113451.1,2289.736,259117874.3373
1761516000000,113451.1,115583,113451.1,114643.8,9234.992,1058529537.4224
1761519600000,114643.8,114939.8,114318.6,114498.3,2142.572,245479650.0595
1761523200000,114498.3,115175.5,114275.9,114719.5,3390.871,389308277.5174
1761526800000,114719.5,115354,114658,115232.3,2183.945,251363979.7402
1761530400000,115232.3,115421.4,114776,114832.9,2567.108,295271435.6033
1761534000000,114832.9,115226.6,114783,114942.5,1426.789,164021725.4513
1761537600000,114942.5,115264,114900,115229.2,1373.085,158118647.697
1761541200000,115229.2,115619.2,115229.1,115503.5,3095.288,357382393.5498
1761544800000,115503.5,116085.3,115303,116001.3,4282.292,495604406.5224
1761548400000,116001.3,116373.3,115407.1,115517.8,4319.675,500348207.1257
1761552000000,115517.8,115578.9,114850.2,114999.9,3692.899,425422964.2709
1761555600000,114999.9,115365.5,114766.7,115194.7,3183.113,366228222.9891
1761559200000,115194.7,115505.9,115066.6,115399.9,1510.427,174216723.782
1761562800000,115399.9,115488,115057.6,115302.1,1535.801,177108314.4711
1761566400000,115302.1,115385,114916.7,115012,2004.749,230774375.6198
1761570000000,115012,115393.4,114510.2,115216.2,4385.699,504235996.6746
1761573600000,115216.2,115332.2,114426,114752.6,4210.394,483236619.4114
1761577200000,114752.6,115199.9,114722.6,114915.5,1527.467,175574943.3535
1761580800000,114915.5,115605.6,114819.6,115444.8,2816.269,324786558.2297
1761584400000,115444.8,115687.6,115254.1,115650.9,1654.324,191041870.4544
1761588000000,115650.9,115756.6,115265.4,115287.5,1918.536,221545650.612
1761591600000,115287.5,115296.1,114725,114895.8,2602.337,299181376.7327
1761595200000,114895.8,114895.8,114222.7,114398.1,2761.004,316327082.9929
1761598800000,114398.1,114573.6,114049.3,114234.2,2907.312,332292223.3998
1761602400000,114234.2,114549.9,114003,114065.5,2256.794,257863246.3051
1761606000000,114065.5,114166.7,113777.3,114061.3,3085.022,351570505.6713
1761609600000,114061.3,114317,113710.4,113925,2514.309,286614673.4778
1761613200000,113925,114501.8,113925,114369.5,2086.09,238348260.8036
1761616800000,114369.5,114427.9,113507.6,113875.3,2546.852,290046769.1814
1761620400000,113875.3,114050.3,113660.8,113859.3,1655.027,188400019.9468
1761624000000,113859.3,114023.1,113700,113900.1,1156.622,131688702.3222
1761627600000,113900.1,113946.3,113341.6,113555.6,2396.589,272356267.3078
1761631200000,113555.6,114140,113555.6,114061.9,2021.944,230263778.271
1761634800000,114061.9,114343.2,114033.8,114135.7,2168.504,247573850.7884
1761638400000,114135.7,114448.7,114057.1,114372,1290.262,147495506.3771
1761642000000,114372,114617.9,114136.2,114467.2,1691.898,193514693.8093
1761645600000,114467.2,114565,114353.6,114549,1079.329,123535406.9043
1761649200000,114549,114650.6,114228.8,114296.8,1450.703,166033648.0437
1761652800000,114296.8,114478.6,114072.2,114409.2,1805.196,206258769.7419
1761656400000,114409.2,115488,114409.2,115481.6,7339.306,844230558.5945
1761660000000,115481.6,116060.5,114182.3,115027.9,13116.642,1511224652.1529
1761663600000,115027.9,115350,114460,114592.3,4919.218,565365003.6632
1761667200000,114592.3,115450,114477.5,115291.4,4039.385,464689096.6337
1761670800000,115291.4,115571.8,115179.3,115267.7,1799.876,207713838.6751
1761674400000,115267.7,115337.5,114586,114984.2,2325.228,267223670.2533
1761678000000,114984.2,115033,113500.1,113620,8602.394,980181228.1565
1761681600000,113620,113650.8,112234.2,112728.9,15652.491,1766098233.9936
1761685200000,112728.9,113160,112112,112929.2,4864.348,547901155.9721
1761688800000,112929.2,113242.2,112761.7,113157.8,1971.275,222796759.8602
1761692400000,113157.8,113157.8,112700.1,112836,1550.783,175108952.0058
1761696000000,112836,112843.7,112375.1,112375.2,2593.076,292022900.0029
1761699600000,112375.2,112925.4,112030,112429.9,3883.551,436648345.1685
1761703200000,112429.9,112728,112330.6,112610.5,1114.046,125357257.3973
1761706800000,112610.5,112621.3,112255,112451.6,1041.111,117067059.7933
1761710400000,112451.6,112840.5,112435.8,112751.9,1252.095,141090866.248
1761714000000,112751.9,113349.3,112749.9,112968.7,2715.653,307023758.2597
1761717600000,112968.7,113296.3,112900,113232.7,1316.984,148916367.9985
1761721200000,113232.7,113543,113170,113514.9,2315.01,262370042.9864
1761724800000,113514.9,113582.2,112885.2,113004,2478.203,280573484.6957
1761728400000,113004,113059.3,112700.7,112918.3,1811.262,204454963.8115
1761732000000,112918.3,113159.8,112665.3,112813.1,1458.763,164727652.6404
1761735600000,112813.1,113207.2,112700,113086.9,1428.197,161426007.4303
1761739200000,113086.9,113275,113003.3,113107.5,798.318,90318514.1745
1761742800000,113107.5,113598,112614.7,112814,4433.25,501420056.5727
1761746400000,112814,112873.2,112164.2,112430.7,4938.674,555515972.3613
1761750000000,112430.7,112505,111274.7,111453.8,10686.757,1195301141.5687
1761753600000,111453.8,111458.7,110888,111056,8624.228,958463134.2434
1761757200000,111056,111869.6,110950,111810.9,3975.012,443117598.0547
1761760800000,111810.9,111976.8,109056.2,110753.9,27825.189,3073882439.2522
1761764400000,110753.9,111423.5,110080.9,110600.4,8302.598,919276029.2381
1761768000000,110600.4,111507.9,110337.3,111382.3,4721.153,523627938.7516
1761771600000,111382.3,111773,111324.4,111572.7,1678.031,187140526.7363
1761775200000,111572.7,111578.1,110845.3,110967.2,3475.19,386530872.7751
1761778800000,110967.2,111023.1,109666,109948.8,5217.863,575155972.2315
1761782400000,109948.8,110535,109665,110496.4,3902.542,429733666.1225
1761786000000,110496.4,110684.6,110180,110400,2476.882,273651097.401
1761789600000,110400,110966.7,110269,110927.9,1936.92,214387662.3826
1761793200000,110927.9,110938.9,110467.5,110693.4,1351.124,149545479.3304
1761796800000,110693.4,110703.5,107842.2,108497.5,18815.025,2051064881.4211
1761800400000,108497.5,110401.5,108350,110201.3,10154.472,1110989667.0369
1761804000000,110201.3,110937.1,109924.3,110729.2,3857.604,425916105.7318
1761807600000,110729.2,111571.9,110600,111324.8,3924.703,436463494.8194
1761811200000,111324.8,111399,110619.6,110668.4,3206.647,355727115.5668
1761814800000,110668.4,110760,110055,110121.8,4967.918,548191134.8937
1761818400000,110121.8,110182.4,109749.1,110060,3445.222,378936867.2727
1761822000000,110060,110101.2,109617.5,109658.1,2193.138,240981891.2135
1761825600000,109658.1,109742.5,108220.2,108326.6,7860.265,856028309.5969
1761829200000,108326.6,108687.8,107309,107560,12165.549,1313325744.9814
1761832800000,107560,108313.9,107533.1,108208,5732.164,618936687.2507
1761836400000,108208,108280,107220,107661.1,4347.763,468032995.0351
1761840000000,107661.1,108172.4,107489.8,108102.3,3068.136,331235649.1973
1761843600000,108102.3,108108.1,106675.5,107432.7,11131.538,1193402536.7486
1761847200000,107432.7,107511.1,106705.6,106774.8,3656.431,391650744.2249
1761850800000,106774.8,107106.5,106225,106481.5,7385.792,787925784.1891
1761854400000,106481.5,107646.2,106257.6,107447.1,4377.267,468383410.5675
1761858000000,107447.1,107932.4,107330.2,107876.2,2638.766,284067318.8796
1761861600000,107876.2,107914.1,107352.7,107880,2232.432,240272964.714
1761865200000,107880,108312,107550,108261.7,2765.71,298630469.4741
1761868800000,108261.7,109565.4,108223,109288.8,5598.572,609347864.3723
1761872400000,109288.8,110014.6,109134.6,109589.9,3872.48,424666867.5474
1761876000000,109589.9,109649.9,108518.8,108815.2,4029.837,439468075.8557
1761879600000,108815.2,109285.2,108567.1,109187.5,2505.884,273159489.8547
1761883200000,109187.5,110301.6,109064.3,110045.9,4440.715,487557805.2666
1761886800000,110045.9,110045.9,109650,109866.3,2351.477,258268489.603
1761890400000,109866.3,109930,109475.2,109597.7,2139.468,234520224.4696
1761894000000,109597.7,109781.6,109169.3,109398.3,3039.276,332712554.8809
1761897600000,109398.3,110077,109154.8,110027.1,4090.154,448401054.4606
1761901200000,110027.1,110445.4,109761.4,109822.2,3009.788,331278043.9989
1761904800000,109822.2,110069.9,109656.4,109772.6,1334.792,146615285.8636
1761908400000,109772.6,110537.3,109409.2,110374.8,3411.159,374742901.6691
1761912000000,110374.8,110684.2,109562.7,109613.2,3473.653,382368801.6284
1761915600000,109613.2,110194.4,109314.3,110112.8,3885.389,426521225.2103
1761919200000,110112.8,110987.2,109510,110724.2,5702.52,628584152.4795
1761922800000,110724.2,111147,110043.6,110132.6,4522.148,499937769.2889
1761926400000,110132.6,110258.2,108494.5,108774.7,7109.783,777223348.7442
1761930000000,108774.7,109370,108546.8,109244.9,4786.605,521696704.378
1761933600000,109244.9,109772.8,108900.1,109387.6,3328.031,363956295.9398
1761937200000,109387.6,110200.6,109053.9,109797.9,3392.058,372468494.9269
1761940800000,109797.9,109797.9,109378.6,109431.1,1598.747,175209891.8914
1761944400000,109431.1,109709.2,109251,109518.3,1359.289,148826569.5344
1761948000000,109518.3,109751.1,109415.7,109529.6,517.658,56740133.0608
1761951600000,109529.6,109631.7,109452.4,109546.7,376.358,41224986.0391
1761955200000,109546.7,109708.8,109333,109667.4,1095.177,119921146.4316
1761958800000,109667.4,110016.9,109635.3,109670,1084.092,119013473.4687
1761962400000,109670,109818.6,109400.3,109726.5,1176.925,128972455.0602
1761966000000,109726.5,110240,109720.2,110183.3,1299.325,142964113.6757
1761969600000,110183.3,110537.2,110061.7,110236.6,2523.659,278316235.583
1761973200000,110236.6,110334,109988,110078.1,1089.482,119984115.136
1761976800000,110078.1,110133.6,109874,109948.1,1621.136,178291184.2898
1761980400000,109948.1,110209.2,109930,110026.3,649.439,71474019.2705
1761984000000,110026.3,110232,110026.3,110191.4,593.638,65386196.4806
1761987600000,110191.4,110214,109911.4,109949.8,818.887,90104362.2109
1761991200000,109949.8,110135,109778.5,110120,827.397,90982050.8991
1761994800000,110120,110188.8,109938.2,110105.2,573.464,63129146.2642
1761998400000,110105.2,110164.4,109951.5,109967.9,420.349,46259393.9143
1762002000000,109967.9,110021.9,109661.7,109900,1055.789,115978958.3247
1762005600000,109900,109950,109669.3,109883.6,915.782,100554067.6241
1762009200000,109883.6,110327.3,109851.9,110254.1,1776.514,195671341.9036
1762012800000,110254.1,110495.1,110143.4,110426.3,1159.9,127953450.9395
1762016400000,110426.3,110450,110121.6,110150.4,891.233,98253431.2339
1762020000000,110150.4,110321.3,110141.2,110279.7,303.809,33486818.5244
1762023600000,110279.7,110279.7,110158,110240.8,242.775,26754977.0953
1762027200000,110240.8,110465,110240.8,110359.6,655.164,72320337.5425
1762030800000,110359.6,110388.6,109763,109818.8,1730.272,190393141.894
1762034400000,109818.8,110049.6,109818.7,110041.4,554.324,60940551.1198
1762038000000,110041.4,110099,109912.8,110046,401.474,44162127.3297
1762041600000,110046,110086.3,109840.3,109917.6,407.74,44840236.4524
1762045200000,109917.6,110045,109860,109909.4,327.405,35999376.4416
1762048800000,109909.4,110215.7,109821.8,109959.9,702.438,77256465.9905
1762052400000,109959.9,110038.5,109900,110000,367.829,40446055.7699
1762056000000,110000,110750.9,109965.6,110624.4,1634.6,180468074.1134
1762059600000,110624.4,110659.8,110228.2,110459,1283.718,141762426.9057
1762063200000,110459,110683,110240,110611.9,796.76,88024510.8541
1762066800000,110611.9,110989.5,110379.1,110847.1,1256.074,139088158.8123
1762070400000,110847.1,110962.6,110657.1,110800,1020.977,113107654.9814
1762074000000,110800,111017.7,110472.4,110656.6,1695.522,187720946.8388
1762077600000,110656.6,110830,110301.4,110436.1,1543.588,170561046.7801
1762081200000,110436.1,111180,110421.1,111146.2,1699.385,188396471.2541
1762084800000,111146.2,111200,110637.1,110690.9,1968.547,218425683.8418
1762088400000,110690.9,110725.3,110117.3,110510.2,2606.281,287653370.366
1762092000000,110510.2,110610.6,110125.7,110365,1673.96,184723013.435
1762095600000,110365,110522.7,110008.2,110046.1,1394.999,153841555.4578
1762099200000,110046.1,110098.6,109603.2,110061,2947.628,323838102.9483
1762102800000,110061,110227.9,109964.7,110134.9,761.89,83881810.4547
1762106400000,110134.9,110283.5,110110.8,110283.5,437.189,48181116.234
1762110000000,110283.5,110283.5,109899.8,110120.1,645.737,71073071.2704
1762113600000,110120.1,110160.7,109812.1,110044.8,519.456,57123726.4539
1762117200000,110044.8,110090.7,109910.1,109939.6,370.493,40752641.8979
1762120800000,109939.6,109978.1,109433,109867.7,1574.013,172578898.9648
1762124400000,109867.7,110699.8,109867.7,110493.5,2343.907,258582997.108
1762128000000,110493.5,110721.3,109687.7,109687.7,1685.89,185885875.6746
1762131600000,109687.7,109833,109289.5,109606.8,2177.993,238663932.4194
1762135200000,109606.8,109714.9,108600,108982,4141.692,451640326.5063
1762138800000,108982,109100,107835.7,107876.6,5448.815,589855504.6955
1762142400000,107876.6,107945.2,107410.3,107830.1,6070.14,653781877.5145
1762146000000,107830.1,108039.3,107318.2,107547.5,2972.664,320037076.9961
1762149600000,107547.5,107664.5,106949.3,107434.3,4080.857,437997122.1209
1762153200000,107434.3,107777,107209,107413.1,2399.414,257916017.4227
1762156800000,107413.1,107663.6,106860.5,107550.1,4207.966,451402519.2971
1762160400000,107550.1,107877.7,107033.3,107162.3,2490.782,267647882.2064
1762164000000,107162.3,107585,106700.5,106932.1,3825.892,410074020.9743
1762167600000,106932.1,107871.8,106923.5,107743.9,2896.362,311161289.6233
1762171200000,107743.9,108214.1,107652.2,107710.5,3451.537,372693858.3227
1762174800000,107710.5,108023,107518.9,107857.5,2363.948,254719424.2287
1762178400000,107857.5,108292,107313.8,108010.6,3932.987,423742824.7626
1762182000000,108010.6,108111.3,105415.2,105701,17927.079,1904379647.26
1762185600000,105701,106752.1,105178.2,106635.2,9809.604,1039653682.5927
1762189200000,106635.2,107734.6,106477.6,107426.6,5370.411,575854298.7951
1762192800000,107426.6,107562.7,106750,106905.5,2863.656,306811269.9049
1762196400000,106905.5,107340,106375.6,107040.2,2434.223,260208822.915
1762200000000,107040.2,107133.8,106255,106613,2737.748,291832840.3608
1762203600000,106613,107060.2,106000,106840,3282.774,350064734.2865
1762207200000,106840,106840,105750,106444,2120.314,225336911.9919
1762210800000,106444,106700,105984,106536.4,1654.839,176105726.8485
1762214400000,106536.4,106770.8,105783.1,106416.5,3239.644,344226616.0907
1762218000000,106416.5,107266.7,106215.9,106986.3,2923.843,312591161.2563
1762221600000,106986.3,107189.5,106400,106413.3,1972.126,210565977.4645
1762225200000,106413.3,107183.9,106139.8,107093,2058.459,219794854.9553
1762228800000,107093,107254.7,106648.5,106695.3,1370.145,146537625.2168
1762232400000,106695.3,106695.4,104128,104153.1,9737.51,1024354871.5388
1762236000000,104153.1,105185,104120,104700.8,5555.78,581319001.0426
1762239600000,104700.8,104896,104252.4,104431.3,3264.675,341193795.2393
1762243200000,104431.3,104598.9,103700,104011.2,5418.753,564158629.3602
1762246800000,104011.2,104099.5,103589.2,103815.4,2933.23,304538675.6505
1762250400000,103815.4,104050,103550.1,103775.5,2183.942,226548623.5994
1762254000000,103775.5,104657.2,103726.7,104531.4,2845.209,296779463.7866
1762257600000,104531.4,104590,103780.9,103904.6,3131.255,325901348.9749
1762261200000,103904.6,104200,103510.5,103864.8,2421.415,251463797.0685
1762264800000,103864.8,104646.5,102858.9,104458.1,11367.469,1177878133.1008
1762268400000,104458.1,104813.5,103126.2,103152.6,6691.116,696731432.8395
1762272000000,103152.6,103465.1,102109.5,102215.3,10654.14,1094205913.8726
1762275600000,102215.3,102215.4,100729.9,101064.2,15153.379,1536398703.5032
1762279200000,101064.2,101462,99900.1,101318.3,12156.384,1223801744.9968
1762282800000,101318.3,101673.2,100347.9,100490.3,5342.452,539990150.7953
1762286400000,100490.3,101078.9,99430,100715.9,11856.355,1187993076.0413
1762290000000,100715.9,100800,98888.1,100264.9,11080.231,1104088334.6535
1762293600000,100264.9,101867,100025.5,101265.6,6075.776,613655147.4212
1762297200000,101265.6,101679.8,100842.1,101441.9,3509.761,355416389.8329
1762300800000,101441.9,101714.7,100302.6,100529,3880.466,391621029.2967
1762304400000,100529,100976,98894.6,100714.1,9127.179,910146270.7486
1762308000000,100714.1,101911,100703.1,101638.7,6546.903,663475888.2253
1762311600000,101638.7,102234.7,101414.1,102093.6,4696.054,478450577.273
1762315200000,102093.6,102200,101474.2,101946.7,3076.312,313299244.705
1762318800000,101946.7,102312.3,101540.8,101769.2,2247.974,229145219.8613
1762322400000,101769.2,102088.8,101389.4,102068.5,1929.961,196392194.3795
1762326000000,102068.5,102129.1,101550,101944.7,1511.669,153972411.4346
1762329600000,101944.7,101944.7,101122.8,101650.3,3823.734,387997435.2255
1762333200000,101650.3,102178.1,101561.8,101950,1842.025,187657156.4094
1762336800000,101950,101961.1,101239.3,101344.6,1760.178,178873381.5632
1762340400000,101344.6,102074,101326.6,102024.4,1770.06,180049079.1102
1762344000000,102024.4,102749.9,101877.6,102615.6,3941.151,403538072.0562
1762347600000,102615.6,103193.6,102230,102915.8,4908.309,504121020.9259
1762351200000,102915.8,103400,102108,103146.9,6270.691,644815613.9046
1762354800000,103146.9,103750,102768.1,103676.1,5164.269,533721281.4198
1762358400000,103676.1,103995.9,102990.4,103870.9,4209.584,435994112.0037
1762362000000,103870.9,103960.4,103320,103858.5,3213.959,333193850.555
1762365600000,103858.5,104400,103708.3,104294,3393.097,353204713.3555
1762369200000,104294,104495.4,103908.8,103949.6,2022.081,210673091.0094
1762372800000,103949.6,104500,103567.4,103789.8,3200.37,332833464.2339
1762376400000,103789.8,103789.8,103372.2,103623.4,2003.69,207617040.0047
1762380000000,103623.4,103754.8,103237.5,103655.4,1530.075,158275685.984
1762383600000,103655.4,104076.6,103606.5,103835.2,1656.159,172017068.717
1762387200000,103835.2,103843.7,103252.5,103641,2323.3,240486893.2905
1762390800000,103641,103641,102662.8,103317.5,4023.096,414691648.3788
1762394400000,103317.5,103550,102805.5,103271.7,2255.103,232639984.9133
1762398000000,103271.7,103923.6,103271.7,103603.3,1928.027,199831278.2158
1762401600000,103603.3,104167,103521.4,103989.6,1403.607,145810726.7192
1762405200000,103989.6,103989.6,103025,103101.6,2737.034,282908622.1079
1762408800000,103101.6,103550,102940.3,103266.7,1490.255,153918352.8005
1762412400000,103266.7,103522.1,102848.2,103127.2,2556.107,263627059.4604
1762416000000,103127.2,103400,102920,103157.7,1103.835,113904911.5454
1762419600000,103157.7,103224,102755.3,102755.4,1312.498,135102846.3727
1762423200000,102755.4,103250,102580.5,103088.2,2059.454,211954067.2099
1762426800000,103088.2,103300.6,102683.1,103200,2174.763,224092084.0487
1762430400000,103200,103300,102350,102519.1,4023.723,413069664.7601
1762434000000,102519.1,103616.4,102519,103283,3630.408,374543696.9853
1762437600000,103283,103549.8,101917.8,102078.6,8034.915,824081605.2289
1762441200000,102078.6,102871.3,101555.5,101964.3,9105.006,929763585.9264
1762444800000,101964.3,102353,100234.5,100806.7,10330.117,1044084881.7061
1762448400000,100806.7,101899.9,100687.5,101740.1,5253.354,532177268.6969
1762452000000,101740.1,102292.3,100829.3,101664.1,5408.811,549464337.4977
1762455600000,101664.1,101960,101150,101326.1,2720.4,276340461.9282
1762459200000,101326.1,101607,100546.9,100868,3058.95,308859950.5688
1762462800000,100868,101190.4,100455,101065.5,2972.681,299590231.0409
1762466400000,101065.5,101436.7,100949.4,101350.9,1505.701,152329741.5365
1762470000000,101350.9,101492.9,101060.8,101296.2,2162.843,218958539.4503
1762473600000,101296.2,101588.4,100682.7,101424.4,2840.001,287430813.7617
1762477200000,101424.4,101825,100820.9,101485.8,3142.401,318245258.158
1762480800000,101485.8,101888.8,101191,101864.1,2153.793,218845912.1132
1762484400000,101864.1,102331.7,101828.2,101858.5,2282.461,233075755.0014
1762488000000,101858.5,102020,101530,101977.3,2145.624,218350361.2518
1762491600000,101977.3,102494.8,101964.4,102412.1,2157.883,220798312.7076
1762495200000,102412.1,102470.5,101766.8,101774.9,1285.158,131278455.0172
1762498800000,101774.9,101982.5,101580.9,101971.4,1988.056,202391304.5418
1762502400000,101971.4,102019.1,101358.8,101458.4,1762.11,179059237.7999
1762506000000,101458.4,101475.7,100731.1,100966.3,4096.843,413968368.6717
1762509600000,100966.3,101213.8,100479,100717.3,2535.924,255583853.8576
1762513200000,100717.3,100753.1,99754.2,100339.5,7971.21,798178182.7
1762516800000,100339.5,100580,99201.8,99589.1,5721.577,571145928.9015
1762520400000,99589.1,100535.4,99385.6,100291.4,5090.844,509303507.1159
1762524000000,100291.4,100888,99432.9,100744.8,7128.594,714606926.5422
1762527600000,100744.8,101223.7,100304,100755.8,5945.746,599409165.294
1762531200000,100755.8,101621.7,100473.4,101118,5450.174,551208216.3832
1762534800000,101118,102704.3,100873,102357.5,6516.762,664832299.153
1762538400000,102357.5,102835.2,102250,102565.1,4695.87,481519029.4726
1762542000000,102565.1,103368.9,102440,103367,3445.504,354842839.7809
1762545600000,103367,103870,102910,103729.8,3853.204,398645482.7121
1762549200000,103729.8,103840,103302,103840,1641.399,169849666.0959
1762552800000,103840,104047.6,103550.5,103579.5,1938.961,201344935.162
1762556400000,103579.5,103727.3,103265.5,103300.5,1604.658,166059105.8601
1762560000000,103300.5,103378.7,102460,102660.9,2773.635,285576768.8556
1762563600000,102660.9,103196,102611.8,102949.5,1169.229,120365920.2503
1762567200000,102949.5,103294,102693.3,102796,2273.992,234227804.1481
1762570800000,102796,103253.8,102510.4,102520.4,1756.782,180652115.7364
1762574400000,102520.4,102797,102333,102509.6,1645.461,168782597.5742
1762578000000,102509.6,102689.7,102219,102255.8,1061.473,108735217.8959
1762581600000,102255.8,102479.9,102008.6,102174.2,1675.415,171281256.473
1762585200000,102174.2,102355.9,101832.8,102292.2,1767.661,180440563.6322
1762588800000,102292.2,102633.4,102094.6,102374.1,1351.488,138423720.4005
1762592400000,102374.1,102550,102174,102340.1,759.922,77786772.5378
1762596000000,102340.1,102530.4,102227.3,102421.1,595.097,60935199.7764
1762599600000,102421.1,102585.3,101670,101803.3,2538.578,259053045.7233
1762603200000,101803.3,102066.3,101668,102003.8,1320.977,134615479.383
1762606800000,102003.8,102138.9,101619.7,101749.8,1535.144,156478658.4535
1762610400000,101749.8,102040,101408.7,101778.7,2262.343,230104559.8217
1762614000000,101778.7,101912.3,101428,101670,1413.161,143626432.373
1762617600000,101670,101917,101462,101805.7,1091.595,111060943.2799
1762621200000,101805.7,101970.4,101478.6,101932.4,890.465,90626313.647
1762624800000,101932.4,102174.1,101769.7,102074.3,811.831,82809522.184
1762628400000,102074.3,102141.8,101438.9,101940,1812.465,184484963.6978
1762632000000,101940,102128.8,101893.3,102025,542.705,55356923.2098
1762635600000,102025,102333,101960.3,102223.4,955.18,97625347.464
1762639200000,102223.4,102371.9,102125,102330.5,772.737,79015684.4169
1762642800000,102330.5,102440,102228.9,102268.6,395.815,40504719.7054
1762646400000,102268.6,102300,101563.8,101747.1,2215.483,225593497.6698
1762650000000,101747.1,102078.8,101635.1,101996.5,733.394,74724223.1015
1762653600000,101996.5,101996.5,101525,101582.6,654.507,66600922.4966
1762657200000,101582.6,101768.3,101237.3,101608.3,2060.016,209079101.5357
1762660800000,101608.3,102111.4,101586.4,101673.1,1558.762,158842326.4196
1762664400000,101673.1,101980,101628,101883.5,801.3,81557580.311
1762668000000,101883.5,101931,101635.9,101710.8,1190.736,121159720.3387
1762671600000,101710.8,101938.8,101633.3,101915.4,1502.243,152937795.3663
1762675200000,101915.4,102017.1,101763.4,101948.1,1122.048,114333710.1946
1762678800000,101948.1,102096.9,101561.4,101594.4,1825.248,185810261.2676
1762682400000,101594.4,101877.9,101450,101834.8,1636.595,166285787.9997
1762686000000,101834.8,102310.5,101834.8,102208.5,2309.329,235838307.2348
1762689600000,102208.5,102406.2,102000,102051.7,1174.136,119963648.679
1762693200000,102051.7,102974.6,102030,102871.8,2725.325,279534226.1495
1762696800000,102871.8,104005,102703.9,103000,6798.742,702291999.102
1762700400000,103000,104158.1,102920.3,103714.7,4158.91,430868759.8214
1762704000000,103714.7,103900,103277.6,103815,2582.152,267484215.8319
1762707600000,103815,103938.8,103271.4,103600,1649.975,170896891.9712
1762711200000,103600,104567.2,103470,104485.3,3191.507,332238506.7297
1762714800000,104485.3,104788,104098.4,104776.3,4197.728,438750101.7868
1762718400000,104776.3,105064.1,104351.4,104585.8,3344.036,349949383.2504
1762722000000,104585.8,104815.2,104259.1,104487,1474.781,154117414.4008
1762725600000,104487,104782.7,104050,104695.8,3230.767,337304539.3663
1762729200000,104695.8,105442.9,104468.9,104665,4054.914,425553301.1245
1762732800000,104665,106487.6,104211.6,106259.3,7162.48,757067082.9358
1762736400000,106259.3,106634.8,105670,105670,4771.16,506178410.7353
1762740000000,105670,106023.2,105550,105960,1851.708,195812424.9479
1762743600000,105960,106251.7,105787.9,105982,1832.381,194252208.8913
1762747200000,105982,106268,105797.3,106115.3,2384.55,252828851.6614
1762750800000,106115.3,106438.1,105943.2,106056,2051.156,217797790.2451
1762754400000,106056,106267.2,105905.6,106172.3,1203.28,127696824.3459
1762758000000,106172.3,106500,106100.2,106431.9,1963.758,208833914.0394
1762761600000,106431.9,106541,105853.3,105926.9,2121.183,225076788.4143
1762765200000,105926.9,106573.9,105775,106404.4,2690.496,285725359.4279
1762768800000,106404.4,106420.1,105915.3,105947.8,1237.143,131306175.1543
1762772400000,105947.8,106284.7,105905.3,106132.5,973.158,103265357.5942
1762776000000,106132.5,106181.7,105810.5,105899.6,1142.599,121006865.0601
1762779600000,105899.6,106585.7,105867.8,106506.9,2694.309,286507013.0392
1762783200000,106506.9,106506.9,104626.8,104847.7,8889.965,936923310.3531
1762786800000,104847.7,105590.4,104602.1,105025.8,6164.171,647655680.2826
1762790400000,105025.8,105310,104728.8,105184.9,3256.361,342019136.5411
1762794000000,105184.9,105954.6,105130.4,105902.8,2449.329,258478599.2
1762797600000,105902.8,106033.8,105420,105426.7,1696.547,179497225.0703
1762801200000,105426.7,105997.6,105352.4,105765.8,1739.633,183809946.6706
1762804800000,105765.8,106299.9,105745.8,105952.3,1750.287,185624264.4755
1762808400000,105952.3,105971.3,105200.4,105562.8,2488.782,262516347.6641
1762812000000,105562.8,106093,105299.9,106006.5,1800.958,190439239.4054
1762815600000,106006.5,106241.8,105842.3,105969.5,1356.086,143825160.0967
1762819200000,105969.5,106108.8,105455.1,106087.1,1800.321,190437697.6068
1762822800000,106087.1,107481,105948.1,106050,6716.077,716748998.3834
1762826400000,106050,107094.9,105546.3,106596.9,3839.211,408047714.8057
1762830000000,106596.9,107062.3,106314,106411.8,1732.187,184810624.4213
1762833600000,106411.8,106500,105643,105696.4,1870.729,198302203.8568
1762837200000,105696.4,105697.5,105100,105191.1,2511.539,264603637.7435
1762840800000,105191.1,105290,104826.6,105200.3,3799.237,399098343.4166
1762844400000,105200.3,105279.2,104686,104730.1,2238.452,234917036.8399
1762848000000,104730.1,105231.8,104711.6,105105.6,1502.316,157784769.319
1762851600000,105105.6,105430,104850.1,104910.5,2064.678,217080725.0835
1762855200000,104910.5,105200.4,104867,105113.5,1266.828,133106014.962
1762858800000,105113.5,105458.7,105083.4,105258.1,1383.598,145636872.184
1762862400000,105258.1,105491.6,104348.7,104496.8,4109.307,430379865.5083
1762866000000,104496.8,104667.9,104033.9,104351.5,4451.376,464569289.6921
1762869600000,104351.5,104624.3,103800,104515.5,4919.38,512510742.114
1762873200000,104515.5,104515.5,103149.2,103420.1,8272.815,857400852.2578
1762876800000,103420.1,103709.8,103165,103370.4,3023.822,312790003.0019
1762880400000,103370.4,103598.3,102804,103300,4240.378,437375251.4563
1762884000000,103300,103537.4,103019.7,103358.1,3716.71,383918990.9119
1762887600000,103358.1,103427.8,102838.2,103082.4,1803.685,186074545.5356
1762891200000,103082.4,103200,102621,102785.2,2531.162,260381007.2915
1762894800000,102785.2,103062.3,102420.5,102600.3,2958.906,303771099.296
1762898400000,102600.3,103127.9,102463.9,102941.9,1563.366,160788045.3022
1762902000000,102941.9,103171.7,102741.6,103009.7,1336.179,137561097.0017
1762905600000,103009.7,103278,102757.7,102828.7,1571.167,161818360.1005
1762909200000,102828.7,103333,102626.3,103195.6,2235.805,230468838.9471
1762912800000,103195.6,103362.4,102884.1,103097.1,1460.707,150641555.2821
1762916400000,103097.1,103417.2,103040.9,103272.7,1128.185,116485420.7801
1762920000000,103272.7,103428,102959.4,103199.9,824.468,85060147.396
1762923600000,103199.9,103425.4,103182.6,103346.5,786.356,81240886.8059
1762927200000,103346.5,103627.1,103300,103305.3,1475.73,152701497.6388
1762930800000,103305.3,103500,103011.5,103074.1,1052.551,108681896.2929
1762934400000,103074.1,104199.8,103074.1,104105.5,3575.236,371181034.5456
1762938000000,104105.5,105058.3,104100,104481.2,6354.307,664754336.0569
1762941600000,104481.2,105010,104463.3,104860,2064.272,216243766.0602
1762945200000,104860,105189.2,104700,104998.5,2440.376,256115031.3666
1762948800000,104998.5,105316.9,104776.2,104952.2,3061.563,321603140.9347
1762952400000,104952.2,105147.6,104580,105009.3,2669.214,279979760.9245
1762956000000,105009.3,105009.4,103510.1,103946.9,7433.343,774967062.0278
1762959600000,103946.9,104270,101880,102110.2,11936.967,1228612776.1742
1762963200000,102110.2,102233.4,101300,101390.6,11519.816,1171416775.7346
1762966800000,101390.6,102130.2,101352.9,101693.8,4523.551,459951952.3355
1762970400000,101693.8,101912,101333.6,101490.1,2922.565,296832771.0099
1762974000000,101490.1,101520,100741.8,101240.3,5444.187,550551418.9431
1762977600000,101240.3,101792.7,101078.3,101490.2,2273.292,230752057.4419
1762981200000,101490.2,101876.4,101462.7,101875.1,1666.573,169543988.4229
1762984800000,101875.1,101958.1,101380.4,101925.1,1300.745,132227387.3421
1762988400000,101925.1,101961.8,101407.5,101595.6,1780.027,181006219.9483
1762992000000,101595.6,102002.2,101409,101813.6,1454.235,147918279.9946
1762995600000,101813.6,102584.7,101785.1,101953.1,3968.844,405677504.444
1762999200000,101953.1,102292.6,101915.3,102008.5,1285.941,131303764.8746
1763002800000,102008.5,102530.8,100855,102080,6116.535,622324340.3912
1763006400000,102080,102371.3,101579,102062.8,4080.014,415975317.5757
1763010000000,102062.8,103402.8,101708.6,103091,4085.718,419388635.325
1763013600000,103091,103634.4,102850.9,103545,4992.823,515768644.7233
1763017200000,103545,104031.9,103262.2,103428,4774.123,494835751.1838
1763020800000,103428,103767.1,103253.6,103629.9,2022.648,209432518.6102
1763024400000,103629.9,103700,102482.7,102791.4,5264.764,541715580.7069
1763028000000,102791.4,103246,102717.9,102944.3,1770.632,182324555.2409
1763031600000,102944.3,103131.5,102651.7,102888.6,1391.944,143252622.9374
1763035200000,102888.6,103235,102678.4,103093.8,1667.204,171729735.9251
1763038800000,103093.8,103123.2,102086.1,102273.2,5258.616,538879579.7603
1763042400000,102273.2,103442,101678.7,102821.1,8626.033,883780051.1538
1763046000000,102821.1,102999.9,101116.4,101314,9230.629,940912865.7649
1763049600000,101314,101484,100500,100569.7,7343.947,741152023.7158
1763053200000,100569.7,100763.2,99555,99590.1,9432.392,944401416.725
1763056800000,99590.1,99864.2,98053.3,98535.6,14922.043,1474245214.4409
1763060400000,98535.6,99217,98240,98619.8,7625.441,752672606.3674
1763064000000,98619.8,98953.4,97931,98100,6413.934,630704525.1955
1763067600000,98100,98854.9,97971.1,98760.1,2938.929,289366854.1328
1763071200000,98760.1,99901.4,98639.5,99803,3479.356,345854381.1895
1763074800000,99803,100453,99515.1,99629,4913.497,491682276.5443
1763078400000,99629,99737.1,98666.5,98932,6466.888,641474157.393
1763082000000,98932,99519.6,98628.1,99199.7,2844.058,281828820.9011
1763085600000,99199.7,99901.5,99190,99573.6,2227.086,221876477.8723
1763089200000,99573.6,99609.8,98739.4,99096.3,2007.347,198938510.664
1763092800000,99096.3,99126.9,96633,97769.2,13130.166,1282294856.6356
1763096400000,97769.2,97998.4,96950,97486.7,5003.308,487735781.9643
1763100000000,97486.7,97566.6,95858.6,97516.3,9073.66,877442058.5087
1763103600000,97516.3,97698.8,96720.9,97096.5,5952.913,579007468.9358
1763107200000,97096.5,97424.5,96703.1,97332.5,3383.395,328417027.7122
1763110800000,97332.5,97514.7,96610,96800.1,3009.556,291989367.6488
1763114400000,96800.1,97258.6,96600.1,96693.8,2377.833,230517697.8258
1763118000000,96693.8,96908.8,95656.2,96123.2,6175.654,594033740.7636
1763121600000,96123.2,96129.4,94500,95326.8,12111.301,1153228117.4801
1763125200000,95326.8,95704.1,94525.7,95202,7620.025,724124125.3395
1763128800000,95202,96763.1,94911,96490,10465.306,1003524095.7972
1763132400000,96490,97272.3,95812,96754.8,6632.795,640365364.2883
1763136000000,96754.8,97383.4,96185,96978,5433.961,526142177.432
1763139600000,96978,97096.8,95497.9,95797.5,5518.518,530973596.3653
1763143200000,95797.5,96283.5,94900.2,95022.9,5298.468,506221658.7875
1763146800000,95022.9,95914.1,94737.7,95740.3,4239.219,404234933.6728
1763150400000,95740.3,95930.3,94158,94341,6712.952,636025727.5685
1763154000000,94341,95120,94187,95018.8,3632.903,344344150.6981
1763157600000,95018.8,95457.8,94654.4,95142.3,2806.02,266907605.2909
1763161200000,95142.3,95142.3,93905.9,94533.3,5676.331,535932606.9596
1763164800000,94533.3,95364.1,94511.7,95111.3,2945.367,279935966.7204
1763168400000,95111.3,95798.2,94699.7,95609.3,2991.9,285442418.3798
1763172000000,95609.3,96450,95366.1,96431,3044.824,291758682.8312
1763175600000,96431,96777,96089.3,96381.1,2351.865,226682332.1967
1763179200000,96381.1,96474,95871.3,96070.8,2210.749,212478704.5427
1763182800000,96070.8,96385,95933.5,96298.6,1487.152,142937117.2705
1763186400000,96298.6,96542.6,95929.7,96087.1,1390.117,133823561.2102
1763190000000,96087.1,96328.4,95917.1,96287.3,1310.126,125965099.9725
1763193600000,96287.3,96311.8,95610.2,95870,3036.814,291398814.2587
1763197200000,95870,96122.7,95631.9,95775.4,1252.22,120056587.787
1763200800000,95775.4,96040.2,95650,95911.1,1251.347,119886410.7521
1763204400000,95911.1,95944.7,95573.7,95660.9,1003.857,96089245.5261
1763208000000,95660.9,95837.7,95526.6,95769.6,887.98,84957771.8995
1763211600000,95769.6,96341.1,95685.7,96332.1,1909.593,183418613.7656
1763215200000,96332.1,96439.6,95966.1,96204.5,1410.392,135715019.5966
1763218800000,96204.5,96395.5,96068,96219.7,825.476,79433565.7737
1763222400000,96219.7,96298,95667.2,96117.9,2339.063,224343410.9004
1763226000000,96117.9,96362.9,95803.5,96200,1567.329,150535929.7802
1763229600000,96200,96312.4,95928,96013.9,856.04,82258938.2153
1763233200000,96013.9,96112.4,95871.5,95961.9,617.286,59246098.3166
1763236800000,95961.9,95983,95038.1,95228.2,3864.507,368664710.5029
1763240400000,95228.2,95635.2,95070,95233.6,1898.577,181011161.9261
1763244000000,95233.6,95621.1,95176.1,95570.1,1182.821,112896869.8879
1763247600000,95570.1,95664.1,95436.2,95559.1,576.877,55126593.5257
1763251200000,95559.1,95669.8,95140.5,95313.3,886.481,84544989.5008
1763254800000,95313.3,95460.2,94760.9,95229.3,2372.458,225604379.0788
1763258400000,95229.3,95921.7,95045,95918.3,1929.946,184400813.8061
1763262000000,95918.3,95949.8,95588.8,95774.7,911.309,87257749.0693
1763265600000,95774.7,95886.9,95598.3,95778.8,744.875,71319752.5934
1763269200000,95778.8,96170.1,95758.5,95846.3,1201.878,115337224.4305
1763272800000,95846.3,96000,95703.5,95754.9,641.129,61468180.2778
1763276400000,95754.9,96061.5,95677,96060.8,1268.395,121597826.3678
1763280000000,96060.8,96192.9,95815.6,96072.6,1394.833,133838852.9188
1763283600000,96072.6,96594.9,95875.9,96577.7,1447.685,139381951.38
1763287200000,96577.7,96577.7,96323.3,96405.1,1133.582,109324529.8836
1763290800000,96405.1,96411.8,95456.1,95582.5,3142.653,301017616.177
1763294400000,95582.5,95860,95406.7,95720,1756.566,168047160.8546
1763298000000,95720,95816.3,95070,95368.6,2209.496,210679588.1262
1763301600000,95368.6,95630.6,95262.9,95490,1363.335,130151727.7443
1763305200000,95490,95520,94322,94535.7,4771.218,452451633.231
1763308800000,94535.7,94911.2,93938.4,94181,5757.443,543256064.9783
1763312400000,94181,94485.6,93652,94317.8,4531.788,426389232.1006
1763316000000,94317.8,95533.8,93736.3,94011.1,7085.178,670335595.4576
1763319600000,94011.1,94569,93876.4,93990,2508.522,236407951.8294
1763323200000,93990,94706.2,93892.6,94053.2,1874.02,176760503.3058
1763326800000,94053.2,94167.7,93251.3,93459.9,3966.705,371319321.9281
1763330400000,93459.9,94496.8,92956.8,94150.2,6192.648,579725074.1602
1763334000000,94150.2,94513.5,92920.1,94215.9,6298.211,589999510.1224
1763337600000,94215.9,95350,93723,95261,6409.95,606745060.4817
1763341200000,95261,95466.4,94679.8,94732.2,2154.952,204829528.7351
1763344800000,94732.2,95378.5,94668.3,94939.6,1570.946,149319039.3975
1763348400000,94939.6,95522.5,94927,95464.7,2495.828,237913116.0545
1763352000000,95464.7,95550,94856,95066.4,2549.388,242724863.2093
1763355600000,95066.4,95236.2,94868.5,95096,1345.124,127858239.5907
1763359200000,95096,95311.8,94843.1,95242,1285.801,122185011.7548
1763362800000,95242,95847.5,95160.2,95608.9,2732.458,261006070.6638
1763366400000,95608.9,95989,95478.9,95582.3,3071.959,294161997.331
1763370000000,95582.3,95848.1,95246.6,95616.8,1961.357,187469332.2757
1763373600000,95616.8,95848,95502.3,95613.9,1155.514,110556392.9984
1763377200000,95613.9,95906.4,95337.4,95530.9,1644.693,157255321.1829
1763380800000,95530.9,95554.5,95221.1,95284.2,1734.843,165458927.7092
1763384400000,95284.2,95337,93534,93921.3,9139.267,861791573.7036
1763388000000,93921.3,96046.2,93712.1,94720,12778.206,1212217308.9023
1763391600000,94720,94976.3,93731.2,93912.4,6585.396,620933044.1014
1763395200000,93912.4,94394.3,93000,94277.2,9237.747,863553635.4825
1763398800000,94277.2,94357.7,92602.2,92711.3,6046.378,563744713.368
1763402400000,92711.3,93221.5,92374.7,92495.8,7012.32,650558121.747
1763406000000,92495.8,92614.9,91556.9,91650,7548.53,694584561.6498
1763409600000,91650,92211.9,91227.7,91886.1,9455.782,867198803.4012
1763413200000,91886.1,92233,91455.7,91918.4,4609.238,423124352.6633
1763416800000,91918.4,92370,91764.1,92218.4,2454.027,225922412.8918
1763420400000,92218.4,92256.1,91735.9,92171.4,1764.942,162327019.3547
1763424000000,92171.4,92332.8,91129.6,92122.2,5383.077,493603540.5381
1763427600000,92122.2,92177.8,91555.7,91656.5,2907.754,267175973.0131
1763431200000,91656.5,91700,90625,90827.1,8379.229,764176088.3508
1763434800000,90827.1,90890,89655,90800.8,11842.098,1069621171.3183
1763438400000,90800.8,90830.8,89243.1,90045.6,10167.543,913454226.7699
1763442000000,90045.6,90463.5,89683.7,90184,4135.466,372640398.5944
1763445600000,90184,90191.1,89327.5,89614.1,3969.055,356026962.5985
1763449200000,89614.1,90519,89288.1,90455.1,3885.871,349799535.4788
1763452800000,90455.1,91430.1,90455,91186.5,6715.228,611154140.8074
1763456400000,91186.5,91450,90840.1,91360.5,3728.867,339785209.1683
1763460000000,91360.5,91572.3,91213.8,91550.8,2289.397,209286706.6107
1763463600000,91550.8,91576.2,91199.7,91483.2,1869.066,170857009.3287
1763467200000,91483.2,91853.3,91062.8,91481.6,4291.919,392673843.2489
1763470800000,91481.6,91633,90868.8,91441.6,4557.883,415744187.1791
1763474400000,91441.6,92412,91174,91296.8,9566.604,877885556.256
1763478000000,91296.8,93000,90947.3,92864.8,12188.686,1125812481.5416
1763481600000,92864.8,93800,92545,93456.6,8132.291,759073159.523
1763485200000,93456.6,93619.3,92777,93222,4022.576,374780012.4929
1763488800000,93222,93741.5,93105,93295.9,3339.351,312108354.4112
1763492400000,93295.9,93591.2,92918.4,93139,3575.921,333318455.4527
1763496000000,93139,93275.1,92588.5,92745,3178.986,295377489.8994
1763499600000,92745,92991.7,92401.9,92442.8,2210.292,204868226.7995
1763503200000,92442.8,93400,92440,93119.8,3382.967,314598446.367
1763506800000,93119.8,93137.2,92697.8,92925,1518.296,140991667.1595
1763510400000,92925,92950,91865,92382.8,4240.061,391357652.41
1763514000000,92382.8,92621.4,91900,92412,2668.375,246078742.8992
1763517600000,92412,92864.8,92229.9,92531.5,2014.105,186511795.3585
1763521200000,92531.5,92605.4,91620,91838.3,2688.093,247234785.9111
1763524800000,91838.3,91934,91111.5,91121.6,3726.181,340823458.2532
1763528400000,91121.6,91229.5,89972.2,90406.4,8410.063,761783127.4586
1763532000000,90406.4,91062.3,90225.1,90931.6,4696.088,425881966.6455
1763535600000,90931.6,91975.2,90897.9,91812.2,4676.032,427674909.6162
1763539200000,91812.2,91918.9,91250.2,91432.8,4236.459,388012213.5234
1763542800000,91432.8,91489.6,91024.4,91480.6,3335.974,304444998.076
1763546400000,91480.6,91658,91179.9,91262.8,2126.041,194402026.8207
1763550000000,91262.8,91742.8,91262.8,91362.8,1477.34,135226290.4759
1763553600000,91362.8,91863.5,91155.8,91732.6,2332.547,213350365.1824
1763557200000,91732.6,91862.8,91172,91350,4381.718,400831424.3656
1763560800000,91350,91815,90957.9,91670.5,5373.319,491091560.0644
1763564400000,91670.5,92346.4,89801.4,89887.9,13536.172,1232704548.4766
1763568000000,89887.9,90176.4,89388,89848.1,8724.117,783186360.7068
1763571600000,89848.1,90084.6,88836,89458.4,8785.058,784664955.5093
1763575200000,89458.4,89679.5,88727.1,89199.9,6152.412,548544931.3628
1763578800000,89199.9,89339.7,88580.3,88850.1,4683.969,416437890.3461
1763582400000,88850.1,89689.7,88571.6,89478,4960.533,442236997.4221
1763586000000,89478,90829.4,89397.1,90567.1,7987.111,720681100.922
1763589600000,90567.1,90607.5,90067.1,90447.3,2374.909,214626350.4793
1763593200000,90447.3,91549.6,90446.7,91509,4612.161,420833225.2931
1763596800000,91509,92286.2,91150,91866.1,4671.188,429094184.2905
1763600400000,91866.1,92700.1,91790.4,92571.7,4182.614,386179826.4772
1763604000000,92571.7,92783,92305.8,92571.4,2804.17,259489706.4972
1763607600000,92571.4,92716.6,92333,92421.6,2215.685,204996233.1365
1763611200000,92421.6,92994.1,92078.8,92946.9,4686.568,433374105.7357
1763614800000,92946.9,93150,92529.1,92583.7,2744.55,254688969.2037
1763618400000,92583.7,92836.3,91666.9,91946.6,3903.185,359882023.8178
1763622000000,91946.6,92424.7,91765.9,92295.5,2549.667,234810275.1303
1763625600000,92295.5,92380,92005.3,92100.6,1477.008,136158316.6428
1763629200000,92100.6,92111,91387,91867.4,3407.849,312704488.9809
1763632800000,91867.4,92033.3,91551.7,91762.5,2364.936,217048582.4634
1763636400000,91762.5,91970,91433.2,91879.1,1911.566,175298829.8494
1763640000000,91879.1,91967.8,91632.4,91796.3,1465.283,134510223.8323
1763643600000,91796.3,92500,91444,91483.6,6427.273,590474329.2401
1763647200000,91483.6,91622.3,90366.7,91062,13151.225,1196573989.8773
1763650800000,91062,91137.1,89759.2,89809.3,8719.408,788236701.7346
1763654400000,89809.3,89878,87450,87852.9,22167.644,1963136540.4317
1763658000000,87852.9,88147.5,86279.1,87197.5,16155.451,1406034580.9902
1763661600000,87197.5,87732.8,86250.6,86438.8,8452.654,735661546.4141
1763665200000,86438.8,87142,86050.2,86877.7,9601.914,831232747.394
1763668800000,86877.7,87109.4,86280,86440.4,4777.999,413980067.7637
1763672400000,86440.4,87635,86400,87237,3655.053,318551070.2771
1763676000000,87237,88211,87165.5,88020,4885.108,429100592.4987
1763679600000,88020,88124.5,86500,86583,6378.741,555952463.4246
1763683200000,86583,87460,86537.6,87240.9,3542.625,308551268.0299
1763686800000,87240.9,87432,86781,87010.9,2255.208,196447191.7636
1763690400000,87010.9,87034.2,85308,85404.3,11673.464,1005207585.8097
1763694000000,85404.3,86098.7,85400,85780,4589.665,393637859.2935
1763697600000,85780,86088.8,85346.3,86013.5,3129.228,268275485.8302
1763701200000,86013.5,86300,85773.3,86160,3799.259,327098823.0851
1763704800000,86160,86220.1,85500.1,85530.9,2847.39,244042065.2533
1763708400000,85530.9,85729.6,81300.8,84000.1,36257.318,3037373602.5069
1763712000000,84000.1,84669.7,83540.8,83600.2,8306.273,698496011.9237
1763715600000,83600.2,83975.6,82078,82180.7,13330.337,1105543868.6442
1763719200000,82180.7,82907.1,81602.3,82671.2,11623.85,955911423.6632
1763722800000,82671.2,83319,82155.8,82284.7,6407.38,530368288.8614
1763726400000,82284.7,83573.8,80607.9,83242.4,21572.866,1769288087.102
1763730000000,83242.4,84392.9,83072.5,84073.7,10590.624,887355956.7907
1763733600000,84073.7,85469.2,83501,84800.1,16685.792,1409258955.7159
1763737200000,84800.1,85060.9,82701.2,82896.8,13642.982,1140547180.7119
1763740800000,82896.8,84897,82280,84895.2,12447.742,1037291572.6904
1763744400000,84895.2,85535.7,84547.8,84848.4,8774.659,746710730.0944
1763748000000,84848.4,85048,83255.9,84540.1,11252.778,946622026.7245
1763751600000,84540.1,84997.4,84030,84164.6,3292.399,278346404.5694
1763755200000,84164.6,84621.2,83412.2,84526.7,5594.708,470371145.3972
1763758800000,84526.7,85373,84285.6,85149.8,3957.23,335798704.5951
1763762400000,85149.8,85373,84213.7,84239.3,3617.348,306681059.7793
1763766000000,84239.3,85318.2,84075.3,85097.1,2883.749,244370561.2267
1763769600000,85097.1,85592.2,84512.1,84700.1,3404.58,289569741.2053
1763773200000,84700.1,85168.9,84550,85149.7,2045.322,173607054.8995
1763776800000,85149.7,85182.3,84239.7,84494.3,1836.069,155248340.7909
1763780400000,84494.3,84571.5,84166.7,84400.6,1681.687,141893973.0857
1763784000000,84400.6,84520.8,83778,84197.6,2391.852,201009636.0523
1763787600000,84197.6,84275,83826.6,84240,1329.457,111758452.0356
1763791200000,84240,84767.1,84029.4,84596.4,2310.704,195236966.4614
1763794800000,84596.4,84630.8,84358.7,84544,1303.95,110180565.411
1763798400000,84544,84544,83886.5,83974.1,2234.968,188033598.0635
1763802000000,83974.1,84310.2,83806,83892.8,2597.698,218232544.1233
1763805600000,83892.8,84182.1,83457.5,83653.9,2662.107,222894457.0988
1763809200000,83653.9,84307.5,83543.3,84061.2,2244.281,188633896.2074
1763812800000,84061.2,84127.1,83571.2,83839.9,2239.219,187581557.768
1763816400000,83839.9,84107.2,83608,83909.7,1694.488,142157244.811
1763820000000,83909.7,84725.6,83893,84463.8,4832.824,407991117.7075
1763823600000,84463.8,84552.9,83972.3,84253,1862.925,156861074.8819
1763827200000,84253,84888,84180.8,84664.7,1933.958,163559004.5679
1763830800000,84664.7,84700,84372.3,84517.3,1003.603,84836089.7429
1763834400000,84517.3,84655.1,84434.4,84621.2,562.508,47555941.3118
1763838000000,84621.2,84764.2,84460.5,84572,608.457,51485953.1163
1763841600000,84572,84775.9,84191,84427.1,1072.332,90595027.5152
1763845200000,84427.1,84487.7,84182.7,84374.9,637.832,53781992.5822
1763848800000,84374.9,85242,84227.9,85023.2,1807.976,153314759.7128
1763852400000,85023.2,85149.8,84617.4,84701.5,1518.614,128878689.8365
1763856000000,84701.5,85300,84633,84933.4,2328.498,198009344.1515
1763859600000,84933.4,86144,84910.5,85841.2,3744.468,320613970.3441
1763863200000,85841.2,86300,85650,85952.5,2801.013,240972451.9438
1763866800000,85952.5,86269.1,85775,86267.2,1750.006,150437596.0538
1763870400000,86267.2,86850,86105.1,86501.9,4512.878,390304250.5873
1763874000000,86501.9,86546.1,85960,86318,2000.955,172570655.6811
1763877600000,86318,86479.7,85805.7,85820.2,2012.222,173243001.7185
1763881200000,85820.2,85884.4,85371.5,85732.4,3121.094,267321032.8047
1763884800000,85732.4,86164.3,85725,86106,2164.833,186087654.2846
1763888400000,86106,86440.5,86035.7,86363.5,1413.914,121923860.7206
1763892000000,86363.5,86430,86008.3,86033.9,1499.778,129256327.0391
1763895600000,86033.9,86404.4,85800.6,86297.3,1935.038,166553688.9884
1763899200000,86297.3,86882.4,86226.2,86497.5,3510.317,304092624.8163
1763902800000,86497.5,86914.1,86266,86881.4,2941.71,254691691.4878
1763906400000,86881.4,87165.4,86435.2,86506.9,3469.705,301115370.8052
1763910000000,86506.9,87203.9,86400.1,87029.6,1991.586,172957838.1281
1763913600000,87029.6,87450,86622,86642.9,4125.104,359447032.3306
1763917200000,86642.9,86915,86450,86694.8,1973.736,171055320.4782
1763920800000,86694.8,87216,86666.7,86947.1,2964.257,257881975.3457
1763924400000,86947.1,87635.9,86890.7,87279.9,4058.325,354475172.1267
1763928000000,87279.9,87678,87171.5,87443.2,3502.969,306361497.8978
1763931600000,87443.2,87950.9,87077,87946.8,2975.571,260482889.6226
1763935200000,87946.8,88082.9,87494.8,87973.6,3309.864,290561863.0047
1763938800000,87973.6,88060.9,86683.2,86802.8,5063.443,441401171.2529
1763942400000,86802.8,87166,85895.7,86691.5,6951.555,601262795.7324
1763946000000,86691.5,87053.2,86351,87030,3853.827,334090626.6078
1763949600000,87030,88026.3,86970.2,87480.2,7332.442,642357729.8202
1763953200000,87480.2,87758.3,87141.3,87406.4,2620.903,229155836.8624
1763956800000,87406.4,87561.7,86392.7,86675,3738.035,324313952.0837
1763960400000,86675,87798.1,86625.1,87422.8,4029.35,352196007.9788
1763964000000,87422.8,87470,86757.8,86847.1,2455.235,213552615.5411
1763967600000,86847.1,87312.5,86636.1,87010.8,3112.622,270813556.0085
1763971200000,87010.8,87010.8,86670.8,86918.1,1926.828,167283160.6388
1763974800000,86918.1,86918.1,85757.6,85896.5,5330.755,459204484.5981
1763978400000,85896.5,86168.3,85645,86003.8,4152.371,356620458.769
1763982000000,86003.8,86395.3,85790,86228.9,2899.537,249910214.15
1763985600000,86228.9,86316.1,85801.9,85959.5,5924.898,509699083.1928
1763989200000,85959.5,86539.9,85908,86105.4,6114.133,527758083.514
1763992800000,86105.4,86626.6,85211.1,86138,9192.322,789028031.7608
1763996400000,86138,86739.9,85855,86576.3,7703.361,665358598.6401
1764000000000,86576.3,87733.5,86576.2,87122.1,6802.924,592822145.9492
1764003600000,87122.1,88464.2,86891,88325.9,7950.249,696849966.4617
1764007200000,88325.9,88685.6,88134.9,88660,6089.937,538164142.6916
1764010800000,88660,88767.1,88058.7,88278.8,5135.003,454598059.5199
1764014400000,88278.8,89172.2,88278.8,89021.3,4565.456,405239344.9803
1764018000000,89021.3,89082.7,88666.1,88695.6,2412.996,214449864.706
1764021600000,88695.6,89043.9,88540.2,88581.8,1681.853,149362100.1138
1764025200000,88581.8,88658.7,88191.3,88240.1,1869.982,165361285.622
1764028800000,88240.1,88247.1,87812,88060,3358.984,295674378.1799
1764032400000,88060,88167.6,87656.3,87687,2539.805,223260050.033
1764036000000,87687,87904.9,87400,87863.3,2749.399,240992242.2699
1764039600000,87863.3,87985,87500,87759.7,1590.883,139566855.1874
1764043200000,87759.7,88496,87729.5,88296.2,3223.645,284140868.9753
1764046800000,88296.2,88296.2,87879.7,88077.1,1634.381,144008122.9006
1764050400000,88077.1,88117.4,87756.9,87961,1812.878,159432838.0592
1764054000000,87961,88023,87288.4,87359.7,2816.087,246694396.1184
1764057600000,87359.7,87577,86938.8,86972.6,3613.441,315319582.3116
1764061200000,86972.6,87194.7,86634.9,87181.8,4357.999,378667332.379
1764064800000,87181.8,87379.3,86894.4,87352.2,1764.284,153757808.6411
1764068400000,87352.2,87485,87252.5,87306.8,1486.281,129858372.0965
1764072000000,87306.8,87737.3,87306.8,87471.7,2510.067,219728709.1973
1764075600000,87471.7,87680.1,86824,87034.5,4091.925,356963790.0618
1764079200000,87034.5,87269.3,86050,86690.3,10210.564,884360878.3653
1764082800000,86690.3,87267.5,86129.2,86949,7276.426,630884926.4695
1764086400000,86949,87270.1,86653.3,87081.5,4002.372,348450667.6807
1764090000000,87081.5,88126.5,87006,87586.9,5375.706,471202372.504
1764093600000,87586.9,87786,87185,87192,2864.499,250728064.7223
1764097200000,87192,87300,86112.2,86837.3,6899.82,597504709.89
1764100800000,86837.3,87436.8,86649.1,87328.8,3143.621,273818334.5607
1764104400000,87328.8,87404.4,86930.8,86980.6,2026.521,176635826.4392
1764108000000,86980.6,87681.5,86522,87591.7,3701.789,322315218.3427
1764111600000,87591.7,87856.4,87281.8,87315.5,2946.825,257975353.3723
1764115200000,87315.5,87739.4,87305,87530.1,1941.612,169962642.8542
1764118800000,87530.1,88200,87283.4,87883.8,2418.718,212470071.5931
1764122400000,87883.8,88049,87610.7,87675.8,1885.601,165569341.7214
1764126000000,87675.8,87861.5,87000.1,87069.2,3999.501,349367517.8735
1764129600000,87069.2,87317.3,86840,87177.4,2554.379,222438068.7709
1764133200000,87177.4,87698,87160.3,87470.7,2144.966,187634838.6271
1764136800000,87470.7,87844,87400,87753.7,1872.562,164071019.7208
1764140400000,87753.7,87943.5,87650.2,87900,1498.865,131559173.8393
1764144000000,87900,87911.4,87369.2,87388.1,1826.311,159921447.9592
1764147600000,87388.1,87411,86700,86787.7,3170.536,275949143.6373
1764151200000,86787.7,87023.9,86615,86909.5,2550.668,221487983.1465
1764154800000,86909.5,87062.5,86795,87047.2,1676.399,145723579.0186
1764158400000,87047.2,87141.3,86252.6,86598.6,4217.573,365190009.5738
1764162000000,86598.6,87110.2,86522.9,87094.7,2970.667,257943597.7209
1764165600000,87094.7,87668.9,86756.1,86852.3,5806.765,506588500.5783
1764169200000,86852.3,87316.9,86628.3,86937.3,3710.374,322684586.9293
1764172800000,86937.3,87924.5,86923.9,87792.3,4755.625,416461131.0147
1764176400000,87792.3,89957,87665.8,89809.2,11589.421,1031458143.2562
1764180000000,89809.2,90385.6,89640,90108,7061.059,635640792.2704
1764183600000,90108,90164.7,89700.1,89926.7,2771.868,249157606.2558
1764187200000,89926.7,90088.7,89468.1,89820,2710.271,243396609.4261
1764190800000,89820,90472.9,89757.6,90151.5,3105.388,279945188.4476
1764194400000,90151.5,90649.9,90080.7,90333.8,2200.472,198769314.4304
1764198000000,90333.8,90560,90267,90427,1398.356,126440459.6961
1764201600000,90427,90540,90025,90433,2408.284,217412090.4638
1764205200000,90433,91229.6,90326.1,91093,3749.779,340415692.7733
1764208800000,91093,91848.8,90826,91336,6023.493,550873529.5171
1764212400000,91336,91555.6,90969.6,91037,3345.531,305109918.9598
1764216000000,91037,91306.7,91005.2,91222.1,1478.556,134782844.2347
1764219600000,91222.1,91499,90849.4,90928,2599.394,236883156.0706
1764223200000,90928,91394.8,90919.2,91201.5,1681.789,153409050.6757
1764226800000,91201.5,91458.9,91090.8,91362,1056.672,96493284.7119
1764230400000,91362,91495,91170.8,91441.5,1225.519,111941899.7612
1764234000000,91441.5,91902.7,91424.3,91532.2,3442.617,315626304.6485
1764237600000,91532.2,91710.7,91310,91569.4,2024.838,185271233.8559
1764241200000,91569.4,91587.2,91259.5,91334.7,1361.84,124490147.0429
1764244800000,91334.7,91416,90881.9,90950.3,2668.569,243227347.0293
1764248400000,90950.3,91039.6,90410.7,90809.2,4941.351,448170364.6037
1764252000000,90809.2,90927.3,90512.2,90740.3,2308.43,209382375.3137
1764255600000,90740.3,90932.4,90565,90908,2665.333,242018214.545
1764259200000,90908,91517.1,90796.5,91405.3,4295.542,391660855.3994
1764262800000,91405.3,91595.1,91260.5,91435,1587.963,145158443.1199
1764266400000,91435,91800,91293.7,91730.3,2113.42,193536017.3003
1764270000000,91730.3,91730.3,91451.1,91484.4,1307.318,119718823.5586
1764273600000,91484.4,91566.5,91349.5,91387.6,1264.176,115577604.0669
1764277200000,91387.6,91551.2,91176.8,91375.2,919.754,84051138.9691
1764280800000,91375.2,91556.5,91050,91274.1,1466.947,133929692.2845
1764284400000,91274.1,91521.2,91159.3,91284.2,890.59,81343339.6983
1764288000000,91284.2,91378.8,91012.3,91164,1281.473,116836849.8537
1764291600000,91164,91164,90740,90746.9,1924.362,174919542.236
1764295200000,90746.9,91087.8,90603.3,91028.3,2177.863,197739432.061
1764298800000,91028.3,91250,90951.5,91161.7,1031.652,93991343.317
1764302400000,91161.7,91445,91073.1,91383.4,1063.592,97121202.8955
1764306000000,91383.4,91683.6,91259.1,91569.8,1891.841,173120760.8311
1764309600000,91569.8,91569.8,91102,91246.1,1667.784,152320441.0588
1764313200000,91246.1,91522,90810,90851.9,2899.578,264167019.0645
1764316800000,90851.9,91671.9,90845,91639,2944.058,268652919.7391
1764320400000,91639,91833.9,91378.3,91556.9,2453.748,224694659.9374
1764324000000,91556.9,91825,91429,91801,1582.744,145005063.1712
1764327600000,91801,91977.6,91000,91371.6,4586.784,419284394.5546
1764331200000,91371.6,91641,91347.7,91472.9,1826.132,167059659.8146
1764334800000,91472.9,92600,91319.2,92316.9,5691.929,523519380.459
1764338400000,92316.9,93081,91768.4,92199.9,10898.702,1007094937.4949
1764342000000,92199.9,92750.1,91925.8,92315.7,5165.309,477240433.1259
1764345600000,92315.7,92345,90800,90876.1,8300.626,758595200.5781
1764349200000,90876.1,91149,90151.9,90605.1,7317.109,662780636.5773
1764352800000,90605.1,90911,90363.7,90773.5,2912.575,264064765.5126
1764356400000,90773.5,91153,90769.9,91100.8,1493.895,135963576.8321
1764360000000,91100.8,91178.8,90811.8,91133.8,1705.949,155279525.5172
1764363600000,91133.8,91179,90809.1,90813.5,1274.794,116052697.2532
1764367200000,90813.5,91093.9,90628.9,91069.1,1905.305,173087274.2771
1764370800000,91069.1,91149.2,90837.4,90845.7,907.76,82608445.5951
1764374400000,90845.7,90932.9,90720.2,90845.2,908.832,82561366.244
1764378000000,90845.2,91071.3,90735.2,90828.3,797.541,72503477.1945
1764381600000,90828.3,90887.4,90464.6,90748.9,1253.04,113584057.43
1764385200000,90748.9,90826,90605,90626.4,636.743,57755889.9941
1764388800000,90626.4,90860.9,90502.4,90855.3,808.783,73322989.5509
1764392400000,90855.3,90895.5,90679.5,90715.9,584.644,53087588.2624
1764396000000,90715.9,90786.3,90263,90515,2137.962,193433337.8425
1764399600000,90515,90625,90324.2,90516.6,1164.632,105345649.2317
1764403200000,90516.6,90691,90430.8,90591.5,1185.002,107353763.8962
1764406800000,90591.5,90630,90453.9,90518.4,532.274,48189392.8244
1764410400000,90518.4,90607.3,90325.8,90497,870.703,78803533.1084
1764414000000,90497,90640,90404.6,90630,688.124,62298798.8312
1764417600000,90630,90759.5,90482.8,90567.1,1309.586,118681070.8133
1764421200000,90567.1,90787.5,90540.8,90736.7,876.441,79475164.0516
1764424800000,90736.7,90736.7,90574.8,90582.3,578.623,52446098.3076
1764428400000,90582.3,91089,90582.3,91033.6,2004.658,182247401.2272
1764432000000,91033.6,91128.9,90820.1,90963.3,1000.798,91050459.91
1764435600000,90963.3,90995.2,90384.5,90387.1,2562.198,232129055.4654
1764439200000,90387.1,90686.9,90071.3,90649.4,3356.436,303323483.0114
1764442800000,90649.4,90823.1,90559.9,90603.3,1367.257,123962118.6267
1764446400000,90603.3,91014.4,90346.8,90927.2,1850.826,167714145.5778
1764450000000,90927.2,91033.8,90769.5,90972.5,1026.3,93307529.4562
1764453600000,90972.5,90972.6,90666.7,90723.8,917.787,83323286.1089
1764457200000,90723.8,90864.6,90649,90766.9,433.89,39383601.9049
1764460800000,90766.9,90908.1,90731.8,90846,342.867,31144946.1194
1764464400000,90846,91031.8,90818.9,90871.7,743.878,67645063.0079
1764468000000,90871.7,90998,90702.3,90756,606.82,55115968.3212
1764471600000,90756,90888,90410,90881.6,1394.826,126397443.3773
1764475200000,90881.6,90940,90750,90814.4,553.492,50289275.643
1764478800000,90814.4,90814.4,90622,90738.8,517.833,46969518.9073
1764482400000,90738.8,90900,90668.3,90847,501.607,45558915.0062
1764486000000,90847,91000,90810.5,90922.3,861.732,78340775.3472
1764489600000,90922.3,91385,90880.9,91119.9,2762.544,251712120.8844
1764493200000,91119.9,91590,91073.1,91351,2622.254,239574842.9301
1764496800000,91351,91415.2,91141,91188,745.057,67976301.6383
1764500400000,91188,91362.7,90889.6,91002.7,1450.325,132095216.9697
1764504000000,91002.7,91499,90943.8,91434,1489.016,135894931.8189
1764507600000,91434,91963.7,91355.6,91728.6,3278.458,300676429.9833
1764511200000,91728.6,91751.6,91200.3,91446.5,1752.351,160213154.3456
1764514800000,91446.5,91570.5,91275,91398.4,782.855,71561569.123
1764518400000,91398.4,91818.8,91354.1,91779.2,1350.256,123746397.8331
1764522000000,91779.2,91779.2,91260,91433.6,1330.265,121623778.6791
1764525600000,91433.6,91441,91000,91415.1,1835.446,167513414.2179
1764529200000,91415.1,91453.3,91250,91412.7,469.431,42894511.9559
1764532800000,91412.7,91609.1,91114.3,91269.1,1405.242,128324962.0395
1764536400000,91269.1,91295.6,90834.2,91138.8,1682.313,153146436.8107
1764540000000,91138.8,91306.1,90994.1,91178.4,1009.127,91990358.1951
1764543600000,91178.4,91211.5,90285.5,90308.6,3979.124,360614432.9479
1764547200000,90308.6,90374.4,86919.8,86957,19959.267,1766828481.3256
1764550800000,86957,87711.9,86888,87122.6,6510.767,568710787.7729
1764554400000,87122.6,87462.7,86410.6,86675,6173.242,535935722.6814
1764558000000,86675,86778.1,86127.4,86322.2,4955.551,428162488.8637
1764561600000,86322.2,86331.4,85650,85760.1,5492.433,471903567.3644
1764565200000,85760.1,85983.7,85560.2,85964.2,3081.979,264404269.239
1764568800000,85964.2,86314,85926.9,86185.8,3118.91,268582494.2663
1764572400000,86185.8,86517.8,86000.6,86491.9,2588.377,223415519.3228
1764576000000,86491.9,86841,86347.5,86811.5,2596.975,224891536.5176
1764579600000,86811.5,86888,86463.6,86657.9,2107.589,182697039.9136
1764583200000,86657.9,86787.8,86500,86601,1200.899,104018478.8379
1764586800000,86601,86660,86076.2,86087.8,3730.159,322074466.3809
1764590400000,86087.8,86188.2,84709,85392.7,10533.386,900053989.0912
1764594000000,85392.7,86127.3,85308.1,85950,7235.14,621128498.8974
1764597600000,85950,86639.6,85807.9,86010.3,8018.037,690863617.2085
1764601200000,86010.3,86089.2,83755.3,84641.3,14653.004,1242415672.8456
1764604800000,84641.3,85439.7,83989.1,84530,11235.369,951515860.1689
1764608400000,84530,85221,84385.2,84894.9,4696.504,398269416.8585
1764612000000,84894.9,85540.5,84660,85156.4,4153.018,353461104.615
1764615600000,85156.4,85256.5,84545.4,84975.9,2524.738,214230264.8411
1764619200000,84975.9,85792.8,84961.5,85464.8,4386.6,374801138.2676
1764622800000,85464.8,86449.8,85446.6,86384.3,6735.178,580152488.3086
1764626400000,86384.3,86834.2,86231.1,86542.4,4107.87,355632503.1803
1764630000000,86542.4,86792.5,86208.8,86244.1,2107.381,182345573.4087
1764633600000,86244.1,86649.3,86148.4,86476.9,2548.711,220121647.1382
1764637200000,86476.9,87325.1,86330.6,86415.5,4459.382,387095577.1243
1764640800000,86415.5,86820,86227.1,86507.1,1973.364,170891374.3949
1764644400000,86507.1,87067,86164.4,86938.9,4418.753,382744313.4662
1764648000000,86938.9,87237.6,86860.3,86928.4,2560.239,222776505.6889
1764651600000,86928.4,87079.3,86770.4,86969.3,1127.097,97976938.6549
1764655200000,86969.3,87158.3,86820.6,87047.7,1177.505,102427888.5349
1764658800000,87047.7,87086.7,86848.4,86963.1,1080.25,93922500.8693
1764662400000,86963.1,87016,86252.1,86433.8,5368.838,464580249.297
1764666000000,86433.8,86973.3,86414.4,86735.5,2902.113,251649786.3304
1764669600000,86735.5,87581.1,86730,87237.4,2924.673,254959025.9113
1764673200000,87237.4,87662.4,86928.2,87325.4,2904.886,253566466.4592
1764676800000,87325.4,87518.6,87159.8,87225.5,1879.4,164096838.1695
1764680400000,87225.5,87841.6,87006.4,87692.3,3344.657,292580789.7534
1764684000000,87692.3,89249.7,87560,89229.2,12956.957,1147733985.1238
1764687600000,89229.2,91176.5,89227.4,90780.8,18210.657,1645034695.3506
1764691200000,90780.8,91270.4,90156.3,90698.2,8169.291,740893126.8105
1764694800000,90698.2,91977.3,90685.7,91399.9,7591.037,694229691.3986
1764698400000,91399.9,92190,91313.9,91896.1,5343.125,490687992.771
1764702000000,91896.1,92298.9,91793.4,91855.2,3662.488,337088779.8045
1764705600000,91855.2,91887.3,90674.9,90981,6526.423,595260270.6667
1764709200000,90981,91591.1,90918.5,91512.3,2534.646,231418622.5062
1764712800000,91512.3,91960,91469.3,91937,2731.725,250535060.9917
1764716400000,91937,91947.7,91231.6,91241.7,2136.053,195582893.0417
1764720000000,91241.7,91700,90945,91621.5,3667.81,334970216.7967
1764723600000,91621.5,92451.5,91421.1,92199.9,3629.829,334009538.7623
1764727200000,92199.9,93000,92106.4,92771.1,5249.658,486129001.0758
1764730800000,92771.1,93040.2,92521.9,92582.8,2330.758,216135908.3583
1764734400000,92582.8,93474.8,92577.6,93301.3,5573.549,518403154.9602
1764738000000,93301.3,93638.2,93060,93592.4,4800.55,448198692.1959
1764741600000,93592.4,93931.1,93104.8,93395.3,5075.168,474821622.199
1764745200000,93395.3,93429.1,92826.9,92979.9,3594.156,334398603.8493
1764748800000,92979.9,93147.9,92650,92735.8,2066.977,191925587.3219
1764752400000,92735.8,93171.7,92670.8,93128.6,2379.703,221153003.4383
1764756000000,93128.6,93348.7,92811.5,92903.9,2835.731,263926149.5207
1764759600000,92903.9,93015,92583.5,92960.6,2041.176,189528009.6116
1764763200000,92960.6,93080.5,92641.9,92888,1874.526,173986289.3186
1764766800000,92888,93237.5,92831.3,93082.8,2523.97,234840626.3962
1764770400000,93082.8,93685.3,91638.4,92312.9,18945.761,1752983319.9633
1764774000000,92312.9,92942.8,91857.1,92337.8,7112.981,657154673.4778
1764777600000,92337.8,92707.6,91723.1,92200.4,5359.746,493949347.6936
1764781200000,92200.4,93048.1,92142.4,92908.1,4148.694,384197399.545
1764784800000,92908.1,93512,92340.8,92587,5965.766,555086250.0046
1764788400000,92587,93075.5,92493.7,93000.6,1806.124,167561614.2406
1764792000000,93000.6,93360.1,92793.8,92936,2328.966,216701478.3319
1764795600000,92936,93800,92806.3,93654.8,2856.659,266640703.4151
1764799200000,93654.8,94189.4,93242.9,93738.3,4368.287,409256927.9226
1764802800000,93738.3,94072.7,93333,93390.1,2547.598,238634695.5954
1764806400000,93390.1,93450.3,92619.8,93011.1,4091.531,380351819.0714
1764810000000,93011.1,93717.3,92940,93152.5,2855.704,266595808.856
1764813600000,93152.5,94026.4,93048.7,93892.9,2695.263,252487457.0262
1764817200000,93892.9,94058.1,93359.2,93500.1,2178.902,203972700.9178
1764820800000,93500.1,93550,93184,93319.9,1145.339,106925883.4193
1764824400000,93319.9,93339.3,92740.9,92931.9,2302.053,214100548.1188
1764828000000,92931.9,93315.9,92800,93095.5,1642.518,152876885.6342
1764831600000,93095.5,93387.4,92841.3,93356.1,1354.654,126164362.1174
1764835200000,93356.1,93559,93000,93219,1622.607,151339341.9089
1764838800000,93219,93595.9,93186,93404.6,1548.198,144609681.297
1764842400000,93404.6,93518.1,93106.6,93221,1574.278,146862723.1018
1764846000000,93221,93279.6,92690,92893.5,2126.726,197579050.1365
1764849600000,92893.5,93159.8,92720.8,92952,1627.594,151292335.3287
1764853200000,92952,93015.7,92344.1,92472.4,4700.555,435255414.4495
1764856800000,92472.4,92776,91750,91845.6,5214.909,481453300.4295
1764860400000,91845.6,93240.2,91833,92920.5,6428.293,595503723.299
1764864000000,92920.5,93149.9,92220,92392.6,4237.682,392771492.3576
1764867600000,92392.6,92497.1,91709.9,92380.8,4052.871,373209560.3629
1764871200000,92380.8,92513,91894.8,92081.3,2326.823,214497520.9953
1764874800000,92081.3,92131.8,90800,91934.3,9698.477,887519228.0207
1764878400000,91934.3,92497.5,91631.9,92424.1,4896.234,450837754.475
1764882000000,92424.1,92681.2,92039,92115.8,3317,306373824.6243
1764885600000,92115.8,92462,92096.6,92300,1687.541,155745318.9538
1764889200000,92300,92416.6,92018,92031.8,1389.271,128094247.3973
1764892800000,92031.8,92442.1,92003.5,92260,1144.709,105578368.026
1764896400000,92260,92556.4,92182.5,92314.9,1140.192,105360120.1073
1764900000000,92314.9,92658.3,92200,92474.5,1610.224,148918201.6743
1764903600000,92474.5,92620.8,91926.6,92106,1542.942,142309312.9529
1764907200000,92106,92361.7,91763.1,91994.9,2633.695,242235882.9016
1764910800000,91994.9,92170.5,91828.1,91900,1087.141,99996672.5587
1764914400000,91900,92244.5,91863.2,92235.9,1570.171,144539281.048
1764918000000,92235.9,92457.6,92156.3,92224.4,1481.104,136729852.0665
1764921600000,92224.4,92225.4,91850,92066.1,1418.608,130558980.2062
1764925200000,92066.1,92072.8,90864.3,91077,5659.658,516684358.8285
1764928800000,91077,91443.5,91035.9,91230.5,2137.382,195043588.9873
1764932400000,91230.5,91531.6,91063.4,91304.7,2293.056,209404996.8666
1764936000000,91304.7,91393.4,91021,91197.3,1424.234,129879430.4465
1764939600000,91197.3,91323.6,90176,90429.6,6793.653,615683950.8757
1764943200000,90429.6,90704.9,89855.2,90247.1,6919.458,624627631.3627
1764946800000,90247.1,91470.4,90188.1,90405.6,11270.334,1024411984.6833
1764950400000,90405.6,90462.2,88002.1,88760,18860.946,1677540972.6504
1764954000000,88760,89497.6,88558.5,89283.1,6367.483,566503266.7045
1764957600000,89283.1,89784.1,88862.5,88897.5,5836.617,521167944.8601
1764961200000,88897.5,89770,88782.4,89596.4,3530.522,315179864.6029
1764964800000,89596.4,89706.2,89132.9,89267.3,2550.61,228064459.497
1764968400000,89267.3,89443.5,89027.7,89143.4,1449.81,129413797.091
1764972000000,89143.4,89323.2,88849.1,89189.6,2949.644,262633296.1993
1764975600000,89189.6,89341.4,88875.4,89273.7,1094.808,97581702.4019
1764979200000,89273.7,89408.1,88986.4,89370.1,1168.922,104290850.228
1764982800000,89370.1,89467.8,89152.6,89290.2,928.263,82926928.6376
1764986400000,89290.2,89361.1,89118.5,89340.9,591.059,52742040.0727
1764990000000,89340.9,89749,89329.6,89633,1386.492,124241915.6931
1764993600000,89633,89670.2,89468,89600,1251.085,112040700.198
1764997200000,89600,89685,89466.9,89546.8,551.562,49403380.6284
1765000800000,89546.8,89717.7,89464.1,89642.6,519.463,46554169.0866
1765004400000,89642.6,89670,89418.4,89549,813.204,72844429.3759
1765008000000,89549,89609.8,89162.7,89231.2,1493.248,133396179.122
1765011600000,89231.2,89632.4,89209.5,89530.3,1339.783,119902565.984
1765015200000,89530.3,89642.9,89405.9,89456.1,714.026,63909395.9146
1765018800000,89456.1,89688.8,89444.8,89583.2,691.773,61963324.357
1765022400000,89583.2,89601.4,89500.2,89529.8,442.187,39595033.7542
1765026000000,89529.8,89739.4,89528.4,89619.5,833.529,74722329.1831
1765029600000,89619.5,90234.6,89602.7,89948.2,4073.499,366467548.1961
1765033200000,89948.2,89995,89433,89717.6,2389.048,214274565.9053
1765036800000,89717.6,89937.5,89630,89666.9,1059.688,95174746.217
1765040400000,89666.9,89809,89560,89660.8,814.633,73034748.9219
1765044000000,89660.8,89745,89466.6,89611,911.175,81668196.5634
1765047600000,89611,89718.6,89200,89363.7,2226.873,199156719.823
1765051200000,89363.7,89518.9,89274,89497.8,565.621,50582132.9149
1765054800000,89497.8,89572.8,89343.3,89369.5,441.745,39510730.7884
1765058400000,89369.5,89476.6,89200,89249.8,942.769,84225472.9531
1765062000000,89249.8,89295.9,88860,89185.4,2318.032,206429660.1347
1765065600000,89185.4,89517.7,89126.9,89351,976.662,87247585.2089
1765069200000,89351,89558.5,89246.3,89246.4,679.796,60782323.2579
1765072800000,89246.4,89642.9,89246.3,89568,595.571,53275772.3575
1765076400000,89568,89717.7,89493.5,89679.4,592.638,53101898.6453
1765080000000,89679.4,89750,89434.2,89494.9,804.034,72026286.1938
1765083600000,89494.9,89528.8,89372.2,89461.1,469.129,41957146.6971
1765087200000,89461.1,89675,89440.5,89670.7,507.78,45479540.9659
1765090800000,89670.7,89694,89156.2,89331.6,1351.498,120749147.3976
1765094400000,89331.6,89496.2,89144.6,89268.9,1155.305,103170843.1851
1765098000000,89268.9,89364.8,89013.2,89061.6,1333.484,118874581.6072
1765101600000,89061.6,89350,89054,89187.9,1172.838,104595453.1858
1765105200000,89187.9,89226.3,89090,89099.9,526.536,46951721.3927
1765108800000,89099.9,89555.3,89073,89432.1,1251.792,111831701.3336
1765112400000,89432.1,89476.4,88589,89006.3,2888.934,256958957.4777
1765116000000,89006.3,89087.1,87680,88182.4,9119.865,804462090.503
1765119600000,88182.4,89675,88117.5,89510.2,6911.051,615120885.7044
1765123200000,89510.2,89883.6,89067.6,89860.5,3892.919,347977036.8556
1765126800000,89860.5,91257.5,89570,90909,8141.349,737012222.8135
1765130400000,90909,91726.2,90909,91334.3,5369.436,490652047.0963
1765134000000,91334.3,91522.4,91168.8,91392.9,1621.144,148064942.4574
1765137600000,91392.9,91477,91265.4,91394.9,918.962,83964840.0304
1765141200000,91394.9,91399,89807.1,90192.3,5261.318,476274527.8079
1765144800000,90192.3,90199.7,88914.6,89541,8462.666,757800525.6613
1765148400000,89541,90430.7,89464.5,90335.4,2486.614,223566995.8167
1765152000000,90335.4,90568.5,89814.1,90300.8,2419.504,218368994.2013
1765155600000,90300.8,91666.2,90254.3,90870.8,4404.701,401138148.4539
1765159200000,90870.8,91411.3,90751.4,91315.6,2079.451,189356401.7705
1765162800000,91315.6,91375.8,90951.1,91035.6,1224.142,111556250.2934
1765166400000,91035.6,91441.3,90983.4,91249.5,1085.607,99022476.2532
1765170000000,91249.5,91416,91001.5,91294.8,1161.492,105925132.8394
1765173600000,91294.8,91628,91204,91427.8,1133.976,103710037.2928
1765177200000,91427.8,91845.6,91318.3,91526,2248.389,205913629.229
1765180800000,91526,91900,91444,91791.2,1310.911,120185128.9222
1765184400000,91791.2,92261.9,91752.5,91870.7,2639.952,242886567.9663
1765188000000,91870.7,92184,91782.9,92090.1,1647.274,151556382.2526
1765191600000,92090.1,92148,91818.7,91930,1354.373,124545640.4248
1765195200000,91930,91962.9,91620.2,91730,1721.2,157965561.3043
1765198800000,91730,92090,91227.5,91420,4329.747,396668483.499
1765202400000,91420,91725,90728,90805.5,7406.82,675615818.0181
1765206000000,90805.5,90965.6,89567.7,89907.4,11403.914,1027823214.5336
1765209600000,89907.4,90443.9,89620,89929.4,5533.145,498147161.3874
1765213200000,89929.4,90290,89621,90209.5,2935.151,264015459.633
1765216800000,90209.5,90473,89665.4,89865.3,2748.771,247894922.4735
1765220400000,89865.3,90324.2,89806.2,90075.8,1495.68,134698825.6353
1765224000000,90075.8,90882,90075.8,90740,2671.494,241820310.2258
1765227600000,90740,91333,90603,91256.3,2829.274,257522714.6102
1765231200000,91256.3,91331.1,90663.1,90778.4,1635.324,148661841.8279
1765234800000,90778.4,90973.4,90456.3,90598,1567.397,142111390.8097
1765238400000,90598,90807.6,90308.1,90351,1420.799,128651685.1035
1765242000000,90351,90533.5,89917.1,90017.2,2077.665,187403764.7123
1765245600000,90017.2,90330.6,89918.9,90028.4,1160.011,104587755.3464
1765249200000,90028.4,90410,89770.3,90369.8,2212.893,199336812.4243
1765252800000,90369.8,90471.3,89672.4,89863,2666.679,240139251.8256
1765256400000,89863,90166.7,89406.7,89855.4,3456.124,310457314.1656
1765260000000,89855.4,90199.9,89727.3,90127.3,1263.534,113664123.4549
1765263600000,90127.3,90499.6,90033.4,90459.5,1804.647,162980813.2619
1765267200000,90459.5,90581.5,90323.9,90456.8,1808.237,163606420.2215
1765270800000,90456.8,90460,90086,90100.6,1594.523,143934623.8352
1765274400000,90100.6,90300,89837.1,90249.5,2330.383,209930875.7197
1765278000000,90249.5,90353.5,90082.7,90340.8,1116.039,100712487.6743
1765281600000,90340.8,90688.5,90281.9,90528.6,2009.231,181860750.1893
1765285200000,90528.6,90788.9,90118.3,90378.7,3075.507,278235534.8029
1765288800000,90378.7,90588.9,89941,90319,3395.173,306398111.9028
1765292400000,90319,92859.3,90246.4,92670.4,13223.573,1211338091.0976
1765296000000,92670.4,94458,92651.8,94142.8,16975.841,1591673628.4895
1765299600000,94142.8,94550,93485.8,93872.4,7560.523,710685093.1215
1765303200000,93872.4,94135,93600.4,93883.1,2650.159,248835273.4224
1765306800000,93883.1,94204.6,93606.1,93761.7,2435.124,228595127.6117
1765310400000,93761.7,93815.1,92715,93076.4,5164.367,481159502.6961
1765314000000,93076.4,93206.5,92188.4,92600.1,3988.101,369688676.3541
1765317600000,92600.1,93012,92453.7,92826.9,2411.601,223623658.3208
1765321200000,92826.9,92941.2,92512,92636.1,1532.095,142070963.4146
1765324800000,92636.1,92745.7,92031.3,92089.5,2672.868,246864676.4833
1765328400000,92089.5,92357.8,91919.4,92267,1964.379,181029200.3175
1765332000000,92267,92531,91962.2,92452.7,1766.932,163036709.2628
1765335600000,92452.7,92520,92300,92363,725.498,67028435.0884
1765339200000,92363,92615.5,92326.5,92493.7,898.632,83100244.5199
1765342800000,92493.7,92685.2,92462,92508.6,1012.041,93688405.0801
1765346400000,92508.6,92718.4,92335.2,92652.6,1021.275,94526753.3906
1765350000000,92652.6,92771.3,92440.9,92747.5,1070.073,99093858.3287
1765353600000,92747.5,92755.8,92501.3,92562.8,939.395,87006528.876
1765357200000,92562.8,92927,92396.5,92876.2,1603.585,148637948.8374
1765360800000,92876.2,93292.1,92080,92229.1,4475.356,414513536.7148
1765364400000,92229.1,92400,91710.3,92084,3081.814,283596994.612
1765368000000,92084,92180,91769.7,91945.4,1621.115,149071196.8103
1765371600000,91945.4,92209.6,91900,92046.3,1564.147,143965925.2738
1765375200000,92046.3,92072.4,91550.1,91787.7,3002.7,275713895.6891
1765378800000,91787.7,92106.3,91484.6,92020.3,2823.475,259323153.5638
1765382400000,92020.3,92556.2,91844.6,92131,3816.085,352083204.1421
1765386000000,92131,92478.9,92042.2,92349.9,1855.108,171199785.7908
1765389600000,92349.9,93025.5,91920.3,92452.1,5237.784,484053222.0741
1765393200000,92452.1,93233.2,91614.7,92921.2,14454.745,1338652164.2739
1765396800000,92921.2,94457.8,92196.3,92409.3,12129.497,1132803480.5461
1765400400000,92409.3,92740.7,91812,92315.1,4903.819,452357442.4486
1765404000000,92315.1,92665.1,91903.2,92471.6,3055.135,282064730.2032
1765407600000,92471.6,92562,91900,91971.7,1802.669,166184967.4266
1765411200000,91971.7,92057.2,91008.4,91348.1,4090.297,374154789.5588
1765414800000,91348.1,91368,90607.7,90632.1,3462.524,314828105.6864
1765418400000,90632.1,90639.2,89821.2,90034,6228.301,561496492.7017
1765422000000,90034,90034.1,89336.5,89829.1,5100.192,457473441.0722
1765425600000,89829.1,90440,89637.1,90374.1,3328.262,299627581.8839
1765429200000,90374.1,90380.6,90020,90262.9,1218.007,109861247.427
1765432800000,90262.9,90402,89909.2,90241.8,1354.493,122117881.4197
1765436400000,90241.8,90286.1,90019.9,90232.8,1212.504,109314053.9078
1765440000000,90232.8,90235,89891,90144.5,1952.073,175768957.7761
1765443600000,90144.5,90519,90090.1,90190,2066.488,186604132.4793
1765447200000,90190,90311.7,90112.1,90275.7,1102.741,99471804.5254
1765450800000,90275.7,90387.7,90162,90197.8,749.963,67693591.8761
1765454400000,90197.8,90344.9,89957.4,89981.1,1751.448,157921839.9653
1765458000000,89981.1,90144.7,89825.3,90065.8,2312.889,208170409.374
1765461600000,90065.8,90464.1,89198.9,89502.5,6980.234,627255946.9686
1765465200000,89502.5,90638,89356,89827.5,8744.334,787401275.4649
1765468800000,89827.5,90152,89280,89708.3,4301.78,385676284.5895
1765472400000,89708.3,90243.6,89576.9,89931.1,2787.951,250891636.1502
1765476000000,89931.1,91157,89838.8,90656.8,6035.433,546729061.39
1765479600000,90656.8,91510.2,90540.6,90791.1,5728.152,521492525.0221
1765483200000,90791.1,91789.9,90754.3,91742.6,4306.813,393429782.7749
1765486800000,91742.6,93544.9,91639.9,92823.2,10410.183,965617059.2548
1765490400000,92823.2,93159.9,92066.3,92323.7,4151.628,384211107.8898
1765494000000,92323.7,92769.8,92291.4,92483.7,2636.519,243991626.5426
1765497600000,92483.7,92625.3,91393.2,91544.9,3705.681,340970616.7074
1765501200000,91544.9,92279,91493.8,92139.6,2202.416,202442402.0954
1765504800000,92139.6,92730,91900,92546.9,2395.253,221235000.4989
1765508400000,92546.9,92724.7,92131.8,92236.4,1600.571,147806027.1066
1765512000000,92236.4,92424.7,92084,92357.9,1012.68,93397556.0968
1765515600000,92357.9,92463.7,92040,92409.2,1767.297,163120182.097
1765519200000,92409.2,92688,92365.6,92474.7,1326.792,122795980.2557
1765522800000,92474.7,92539.3,92214,92386.3,1331.95,123059738.5476
1765526400000,92386.3,92453.6,92061.6,92309.1,1423.009,131275510.5757
1765530000000,92309.1,92529.1,92040.5,92480,1253.165,115614213.925
1765533600000,92480,92600,92371.5,92453.8,1044.685,96610376.1401
1765537200000,92453.8,92453.8,92236.6,92374.3,1035.709,95616423.2208
1765540800000,92374.3,92399.8,91986.9,92384.2,2185.546,201494709.3697
1765544400000,92384.2,92472.1,92182.1,92271.2,1405.859,129791372.1397
1765548000000,92271.2,92630.4,91832.4,92395.5,4406.823,406646938.7819
1765551600000,92395.5,92407.9,89736.4,89879.9,16903.098,1535384060.8344
1765555200000,89879.9,90399.6,89416.7,90003.1,10284.565,924082319.5767
1765558800000,90003.1,90585.4,89762,90045.9,4480.2,403947612.5089
1765562400000,90045.9,90631.8,89991.1,90333.4,3642.617,329149326.8622
1765566000000,90333.4,90357.7,89954.8,90153.5,1649.457,148649548.0225
1765569600000,90153.5,90291,89838.3,90159.2,2072.709,186633441.2585
1765573200000,90159.2,90329.5,90054,90143.1,823.643,74287190.9918
1765576800000,90143.1,90381.8,90143,90304.2,616.293,55632070.0331
1765580400000,90304.2,90349.9,90188,90230.9,520.925,47034175.2143
1765584000000,90230.9,90409,90153.7,90276,772.007,69717451.3755
1765587600000,90276,90320.8,90069.7,90184.7,636.98,57442837.173
1765591200000,90184.7,90269.5,90160.3,90190,368.344,33231129.9108
1765594800000,90190,90428.5,90152.2,90300,944.48,85311409.5019
1765598400000,90300,90372.9,90220.8,90325.2,422.78,38175258.4631
1765602000000,90325.2,90349.1,90202.8,90291.9,416.927,37639433.5672
1765605600000,90291.9,90346.7,90220.3,90305,397.761,35915180.8933
1765609200000,90305,90360,90275.8,90289.6,404.542,36534189.0934
1765612800000,90289.6,90534.6,90272.8,90419.3,1297.261,117307851.1222
1765616400000,90419.3,90468.1,90325.2,90373.2,658.36,59516606.9945
1765620000000,90373.2,90589.8,90370,90548.9,769.749,69659929.2087
1765623600000,90548.9,90569.2,90242.6,90305.5,843.05,76200479.8709
1765627200000,90305.5,90460.9,90247.8,90313.7,840.06,75901893.6697
1765630800000,90313.7,90426,90158.7,90210.3,1141.287,103024307.5592
1765634400000,90210.3,90295,89884,90041.3,1899.778,171152903.9253
1765638000000,90041.3,90250,89993,90050.9,1125.913,101455991.2787
1765641600000,90050.9,90239.5,89985.6,90047.3,843.943,76045032.5145
1765645200000,90047.3,90065.2,89946.9,90014.4,498.77,44889951.2756
1765648800000,90014.4,90153,89996.4,90091.4,489.293,44088417.4428
1765652400000,90091.4,90197.2,90070.4,90150,461.621,41611855.9068
1765656000000,90150,90179.9,90001.2,90058,311.252,28047313.0261
1765659600000,90058,90134.7,89712.7,90122.2,1814.162,163167456.6763
1765663200000,90122.2,90200,89951.4,90084.1,677.047,61001904.7088
1765666800000,90084.1,90236.2,90014.6,90186.4,476.968,43004465.7276
1765670400000,90186.4,90440.7,90072.4,90298,1195.254,107917763.639
1765674000000,90298,90405.5,90156.3,90253.4,578.983,52276536.8443
1765677600000,90253.4,90350.9,90196.1,90252.6,346.192,31250160.7156
1765681200000,90252.6,90267.7,90200,90218,211.71,19103029.252
1765684800000,90218,90296.3,90083.4,90162,361.22,32580707.1095
1765688400000,90162,90188,90002.8,90158.1,1048.549,94458728.6897
1765692000000,90158.1,90203.9,90046,90108.3,615.173,55443635.9067
1765695600000,90108.3,90230.4,90030,90204.2,434.957,39206785.6232
1765699200000,90204.2,90246.5,90064,90072.2,488.596,44054077.4565
1765702800000,90072.2,90113.3,89955.8,89981.3,936.773,84321136.4999
1765706400000,89981.3,90090,89740,89809.3,1667.372,149862358.3834
1765710000000,89809.3,89815.8,88638.6,89305.1,9214.887,822235413.1649
1765713600000,89305.1,89618.4,89050.5,89376.3,2656.766,237427165.452
1765717200000,89376.3,89464.6,89034.4,89439.2,1835.185,163719669.6217
1765720800000,89439.2,89516.3,88816.5,89062,2390.399,212974509.5541
1765724400000,89062,89145.4,88825,88977,1242.009,110518717.8433
1765728000000,88977,89359.6,88429.3,88790.9,3422.651,304104013.9665
1765731600000,88790.9,88988.8,88550,88761.7,1745.834,154979938.8638
1765735200000,88761.7,89027,88668,88954.8,1131.841,100578554.5225
1765738800000,88954.8,88954.8,88444.8,88597.5,1557.287,137985344.4089
1765742400000,88597.5,88777,88274.2,88512.8,2168.772,192042823.5337
1765746000000,88512.8,88682.3,88300,88400.7,1137.912,100680139.4638
1765749600000,88400.7,88580.3,87969,88358.7,2854.246,251736081.1886
1765753200000,88358.7,88578.1,87521.9,88116,5316.492,467656285.0861
1765756800000,88116,88660.6,88017.6,88419.7,3417.086,301915214.7364
1765760400000,88419.7,89311.3,88380,89205.9,3080.392,273840952.5951
1765764000000,89205.9,89986,89180.7,89275.9,4173.712,373770096.2738
1765767600000,89275.9,89506.1,89175.7,89241.4,1107.839,98930673.6415
1765771200000,89241.4,89784.3,89233.2,89628.4,1729.364,154807320.7643
1765774800000,89628.4,89714.2,89450.3,89577.7,1784.347,159832522.9962
1765778400000,89577.7,89888.9,89434.4,89695.6,1145.842,102727698.9548
1765782000000,89695.6,89793.1,89471.8,89709.8,1469.021,131654503.0882
1765785600000,89709.8,89866.5,89610,89730.9,1250.937,112297823.8752
1765789200000,89730.9,89950,89730.9,89825.2,1311.099,117799298.7691
1765792800000,89825.2,89944.7,89669.2,89827.9,1577.492,141645910.6516
1765796400000,89827.9,89867.4,89541.1,89619.9,1189.495,106675122.1089
1765800000000,89619.9,89737.7,89383.5,89661.2,1959.99,175500931.5994
1765803600000,89661.2,89705,89222,89386.5,2731.406,244241965.4809
1765807200000,89386.5,89845,87770.5,87994.4,11119.345,987523807.0687
1765810800000,87994.4,88146.8,86575,86989.4,18775.124,1636801765.6679
1765814400000,86989.4,87186.9,86000,86351.1,9670.338,836348906.7715
1765818000000,86351.1,86456,85527.4,85709.9,7727.468,663804678.1442
1765821600000,85709.9,86241.6,85080,86143,8839.84,757408138.0768
1765825200000,86143,86527.9,85814.2,86108.4,4385.846,377946348.7567
1765828800000,86108.4,86157.1,85560,85744.3,4986.953,427953821.9467
1765832400000,85744.3,86267.3,85462,86200,2862.319,245727135.3867
1765836000000,86200,86227.2,85767.6,86221.1,1206.434,103762921.3726
1765839600000,86221.1,86428.5,86068,86391.7,1975.633,170495254.2116
1765843200000,86391.7,86480,85799.1,85826,1850.702,159465929.9405
1765846800000,85826,86122.9,85622,85844.9,2598.55,223073539.0139
1765850400000,85844.9,86185.7,85754.9,85891.1,1265.414,108811665.3841
1765854000000,85891.1,85978.1,85323.9,85835.9,3128.459,267952379.5926
1765857600000,85835.9,85887.6,85222,85797.8,2264.111,193801506.242
1765861200000,85797.8,86166.7,85759.8,85980,2070.795,177999278.1877
1765864800000,85980,86585.7,85980,86457.6,1944.553,167873965.9093
1765868400000,86457.6,86571,85794,85959.1,3433.762,295729953.1739
1765872000000,85959.1,86341.6,85880.7,86232.4,1275.753,109872815.4669
1765875600000,86232.4,86381.7,86134.9,86309.2,1114.82,96172343.579
1765879200000,86309.2,87300,86222.8,86940.5,4609.295,400599670.5941
1765882800000,86940.5,87299.1,86772,87220.9,2355.161,205036380.6078
1765886400000,87220.9,87450,87030.9,87168.6,2867.483,250108244.2653
1765890000000,87168.6,87780,86368.6,86408.9,10124.274,881616845.9835
1765893600000,86408.9,87728.9,86072.6,87259.9,11232.405,976209636.9634
1765897200000,87259.9,88149.6,86806,87933.5,8734.468,764239112.111
1765900800000,87933.5,88025.2,87360,87548.8,6162.752,540459822.3684
1765904400000,87548.8,87808.6,87051,87090.9,2850.668,249103401.7668
1765908000000,87090.9,87987.4,87020,87746,3395.298,297181023.6586
1765911600000,87746,87762.9,87223.3,87535.5,2215.243,193739740.6827
1765915200000,87535.5,87800,87298.8,87522.8,1717.165,150398352.6913
1765918800000,87522.8,87879.1,87440.5,87720,1301.306,114094254.948
1765922400000,87720,87896.2,87583.2,87755.1,850.433,74639802.5551
1765926000000,87755.1,87833.3,87550.9,87821.3,837.693,73465164.4747
1765929600000,87821.3,87821.4,87370.5,87491.5,1292.021,113081160.8014
1765933200000,87491.5,87930.5,87442.2,87517.3,1355.431,118812183.7161
1765936800000,87517.3,87555.1,87141,87445.6,1811.718,158178204.7373
1765940400000,87445.6,87575.5,87100,87173.9,1834.592,160241742.5184
1765944000000,87173.9,87348.3,86682,86711.7,2643.717,229878096.1689
1765947600000,86711.7,86718.6,86166.3,86584.7,4510.065,389801066.8975
1765951200000,86584.7,86955.2,86545.2,86729.6,2478.113,215067923.1005
1765954800000,86729.6,87131.2,86554,86999.9,2387.137,207425134.948
1765958400000,86999.9,87000,86269.1,86352.9,2307.771,199683706.0205
1765962000000,86352.9,86566,86216.9,86375.6,2116.692,182855402.8566
1765965600000,86375.6,86799.9,86172.9,86588,2072.437,179417739.3988
1765969200000,86588,87100,86523,86946.9,1713.066,148815660.0655
1765972800000,86946.9,87180.8,86781.6,86989.2,2836.462,246790067.706
1765976400000,86989.2,87855.3,86775.4,87590.2,5579.036,487240305.8237
1765980000000,87590.2,89664.6,87135,89639.9,16914.854,1493910408.6606
1765983600000,89639.9,90341,87075.5,87185.2,22176.824,1973889154.7747
1765987200000,87185.2,87739.4,86115,86947.4,13733.943,1192054998.8815
1765990800000,86947.4,87073.2,86200.8,86374.5,4963.402,430171316.0396
1765994400000,86374.5,86800,85609,85792.2,5258.957,452612296.213
1765998000000,85792.2,86156,85259.2,85976.9,7809.519,668792508.5898
1766001600000,85976.9,86223.7,85610.9,85849.1,4502.254,386989325.4639
1766005200000,85849.1,86024.4,85651.2,85936.7,1287.862,110557354.4509
1766008800000,85936.7,86425.5,85842.5,86298.8,1843.564,158783480.9606
1766012400000,86298.8,86298.9,85902.4,86197.3,1241.488,106817990.0366
1766016000000,86197.3,86266,86010.7,86186.5,1053.602,90767115.0138
1766019600000,86186.5,86203.2,85810.2,86084.2,1540.887,132496369.6797
1766023200000,86084.2,86846.5,85962.7,86661,4338.347,375223526.2179
1766026800000,86661,86663.7,86218.5,86594.5,2419.431,209154420.8698
1766030400000,86594.5,86880.9,86569.2,86728.5,1970.454,170976227.0015
1766034000000,86728.5,86734.6,86350,86403,1615.018,139811438.6985
1766037600000,86403,86637.3,86365.5,86615.2,817.267,70663705.8032
1766041200000,86615.2,86838.8,86554,86794,1176.304,102036642.0099
1766044800000,86794,87119.3,86642.8,86947.9,2190.273,190389256.3401
1766048400000,86947.9,87381,86771.7,87247,2042.159,177922503.6474
1766052000000,87247,87424.1,87180,87317.5,1334.116,116460892.47
1766055600000,87317.5,87328.8,87025.7,87255.8,1395.608,121633776.0662
1766059200000,87255.8,87419.3,87076.8,87219.4,1306.442,113977982.9312
1766062800000,87219.4,89183.6,87219.4,88818.5,14247.198,1258035704.7397
1766066400000,88818.5,89483.5,87697.1,88312.9,13015.594,1151656468.4904
1766070000000,88312.9,89348.3,87919.3,88484.3,9467.07,839488146.2781
1766073600000,88484.3,88519.4,87811,87981.5,5043.07,444732041.1193
1766077200000,87981.5,88000,85405.8,86441.4,18194.679,1570621795.343
1766080800000,86441.4,86856.1,85665.6,85932.4,6179.977,533270137.6544
1766084400000,85932.4,85973.9,84415.1,84433.1,12094.23,1029790836.1486
1766088000000,84433.1,85261.2,84408.1,84537,7342.804,623453879.2695
1766091600000,84537,85816.1,84510.8,85582.8,5615.745,478996294.9215
1766095200000,85582.8,85716.9,85230.8,85536.1,2301.731,196795690.7939
1766098800000,85536.1,85584.7,85277,85470.1,1809.774,154609018.0385
1766102400000,85470.1,85569.7,85245.6,85563.3,1275.889,108969247.4954
1766106000000,85563.3,85563.3,85063,85273.6,1538.763,131210734.4446
1766109600000,85273.6,85885.6,85077.7,85598.8,2264.56,193648883.6194
1766113200000,85598.8,87536.5,85560,86853.2,10827.28,939061282.0149
1766116800000,86853.2,87343.7,86801.4,87060.3,2684.697,233735204.8034
1766120400000,87060.3,87209.1,86628.6,87091.2,2933.88,254867456.1942
1766124000000,87091.2,87449.2,86862,87439.1,1942.725,169258523.4204
1766127600000,87439.1,88362.4,87428.2,87913.9,6075.065,534003601.6948
1766131200000,87913.9,88190,87696.4,88066.5,2835.07,249381801.46
1766134800000,88066.5,88153,87853.3,88065.9,1567.883,137966279.4149
1766138400000,88065.9,88300,87883.6,88232.4,2701.084,237947003.2324
1766142000000,88232.4,88355.3,88100,88168.4,1632.946,144067684.8952
1766145600000,88168.4,88250,87786.9,87823,2779.653,244576375.3385
1766149200000,87823,88170.2,87774.3,87955.3,2221.786,195464392.3307
1766152800000,87955.3,88550,87443.9,88128,9396.152,827543434.3374
1766156400000,88128,89381,87650,87906.4,13018.663,1151248074.0624
1766160000000,87906.4,88855.6,87826.7,87948.2,4769.827,421392884.1025
1766163600000,87948.2,88314.3,86713,86900,8442.265,737484510.2071
1766167200000,86900,87439.6,86773.1,87116.8,3167.418,275830661.9615
1766170800000,87116.8,88075.4,87088.8,87800.5,3653.155,320199946.7805
1766174400000,87800.5,88441.2,87551.3,88053.5,4330.596,381222004.8351
1766178000000,88053.5,88065.8,87749,87798.8,1125.385,98908891.8656
1766181600000,87798.8,88387.1,87798.8,88301.6,1253.191,110482965.2018
1766185200000,88301.6,88325.1,88093.5,88101.1,635.723,56083194.9785
1766188800000,88101.1,88155.6,87917.7,87960,1237.99,109005946.7896
1766192400000,87960,88132.3,87959.9,88040.3,439.752,38716730.3103
1766196000000,88040.3,88270.6,87933.3,88159.8,611.909,53917490.3693
1766199600000,88159.8,88299.6,88126.8,88167.2,455.487,40181700.5882
1766203200000,88167.2,88296.2,88073.8,88256,596.203,52575315.5291
1766206800000,88256,88539.9,88222,88254.1,987.836,87302587.7298
1766210400000,88254.1,88410,88232.3,88257.7,605.447,53459321.9983
1766214000000,88257.7,88292.4,88136.2,88238.1,846.713,74666510.6436
1766217600000,88238.1,88396.2,88200.1,88201.9,809.446,71478871.546
1766221200000,88201.9,88300,88162.8,88177.9,447.843,39512863.778
1766224800000,88177.9,88235,88081.9,88116.9,604.55,53285620.2824
1766228400000,88116.9,88265,88058.4,88232.5,698.646,61608489.4816
1766232000000,88232.5,88295,88136.9,88202.9,384.987,33956099.5542
1766235600000,88202.9,88307.3,87739.9,88219.9,2329.122,205049821.308
1766239200000,88219.9,88231.3,87965,88197.3,1042.055,91807750.0727
1766242800000,88197.3,88220,87969.4,88133.9,951.687,83833353.7217
1766246400000,88133.9,88199.8,88081.8,88110.9,488.135,43020698.2092
1766250000000,88110.9,88212.9,88034.7,88145.2,465.607,41042119.2601
1766253600000,88145.2,88391.2,88102.4,88269.1,641.08,56577688.3426
1766257200000,88269.1,88287.9,88146.4,88180.1,260.564,22984883.9364
1766260800000,88180.1,88277.5,88161.1,88242,350.347,30907431.1083
1766264400000,88242,88417.3,88139,88174.5,727.504,64217107.8979
1766268000000,88174.5,88307.8,88093.2,88231.8,660.536,58247138.5775
1766271600000,88231.8,88399.4,88210.8,88314.8,378.899,33455406.4985
1766275200000,88314.8,88394,88253.9,88347.2,534.492,47206509.8671
1766278800000,88347.2,88347.2,87957.2,87969.2,1090.624,96086395.882
1766282400000,87969.2,88116,87812.7,87915.5,1219.197,107205955.9891
1766286000000,87915.5,88126.2,87892.2,88039.5,831.534,73197532.6753
1766289600000,88039.5,88117.2,87998.9,88036.2,447.247,39377359.1126
1766293200000,88036.2,88111,88010.6,88086.4,341.175,30048803.3366
1766296800000,88086.4,88160,88023.1,88047.8,491.81,43330029.515
1766300400000,88047.8,88138,88003.6,88130.6,588.065,51794123.9668
1766304000000,88130.6,88724.2,88087.5,88493.7,2082.147,184087981.0417
1766307600000,88493.7,89046.3,88457.3,88848,2455.728,217990136.5278
1766311200000,88848,88932.3,88534.3,88636,1579.385,140141030.376
1766314800000,88636,88721,88530.1,88567.2,902.913,79991290.3957
1766318400000,88567.2,88888.3,88400.1,88590.8,1588.509,140820413.1341
1766322000000,88590.8,88665,87533.7,87620.1,6248.132,549756100.03
1766325600000,87620.1,88099,87565.8,88017.5,3707.471,325840702.3683
1766329200000,88017.5,88256,87757.9,88024.9,2435.926,214374493.3672
1766332800000,88024.9,88347.7,87933.4,88308.5,1369.293,120674355.5298
1766336400000,88308.5,88460.6,88227.7,88289,1398.928,123585644.3186
1766340000000,88289,88428,87902.5,88415.2,1838.325,162028728.1249
1766343600000,88415.2,88598.9,88147.7,88450.7,1152.598,101876722.6775
1766347200000,88450.7,88479.6,88178.9,88200.9,516.35,45593478.9651
1766350800000,88200.9,88341.5,88039.4,88113.7,627.419,55333871.4899
1766354400000,88113.7,88456.7,88075,88446.9,721.802,63749209.0412
1766358000000,88446.9,88783.1,88324,88629,1710.038,151458216.6729
1766361600000,88629,89606.8,88559.1,88578.4,5657.475,503961686.4535
1766365200000,88578.4,89254.6,88473.1,88580,2696.436,239511755.5926
1766368800000,88580,88610,87844.9,88414.9,3948.024,348372096.5421
1766372400000,88414.9,88817.7,88236.3,88739.2,1725.415,152914701.6703
1766376000000,88739.2,89000,88669.1,88869.1,1155.588,102706215.0518
1766379600000,88869.1,88965.3,88720.7,88800.2,908.771,80735626.2004
1766383200000,88800.2,88984.4,88697.3,88872.8,1045.706,92888421.8978
1766386800000,88872.8,89170,88850.5,89132.5,1218.621,108546114.7491
1766390400000,89132.5,89892.7,89050.2,89300.9,5936.679,531635878.9951
1766394000000,89300.9,89843,89252.9,89790,2205.226,197492509.5188
1766397600000,89790,89836.8,89571.1,89741.9,2124.294,190590492.5986
1766401200000,89741.9,90110.9,89615.2,89900.9,2904.959,261080091.7336
1766404800000,89900.9,90588.8,89821.2,90174,4204.668,379263884.2855
1766408400000,90174,90297,89680.1,89888.8,2647.438,238135345.7746
1766412000000,89888.8,90268.8,89379.3,90087.3,6717.079,603570253.1455
1766415600000,90087.3,90432.1,89124.6,89687.7,6859.38,614500258.8915
1766419200000,89687.7,90091.3,89471.8,89509.7,3780.077,339309581.225
1766422800000,89509.7,89540.3,89023.3,89262,3156.488,281734750.1691
1766426400000,89262,89491,89085.5,89095.2,1582.823,141382092.9392
1766430000000,89095.2,89107.4,87914.2,88002.1,5944.772,526077447.1444
1766433600000,88002.1,88440.9,87855.1,88303.7,4090.279,360439506.8251
1766437200000,88303.7,88572.2,88175.1,88225.3,1832.784,162015597.7162
1766440800000,88225.3,88784.3,88100,88613.6,1324.909,117132913.6962
1766444400000,88613.6,88660.6,88380,88578.3,1447.779,128163192.5252
1766448000000,88578.3,88896,88455.1,88721.8,1698.158,150566928.8433
1766451600000,88721.8,88863.7,88367.8,88468.8,1144.177,101383841.1146
1766455200000,88468.8,88725.9,88058.8,88167.9,3229.123,285343386.2047
1766458800000,88167.9,88315.1,87745.9,88127.2,2816.292,247955234.3481
1766462400000,88127.2,88401.1,87865.9,87881.4,2050.126,180696953.4267
1766466000000,87881.4,87999.9,87556.3,87720,2637.852,231484761.6909
1766469600000,87720,87745.8,86987.6,87353.7,4589.931,400783270.5729
1766473200000,87353.7,87656.9,87320,87522.7,1769.456,154817018.6368
1766476800000,87522.7,87654.7,87382,87430.4,1275.098,111605433.1646
1766480400000,87430.4,87595.4,87260.1,87479.5,1776.828,155397119.0958
1766484000000,87479.5,87620.2,87454.5,87564.9,818.375,71642192.6853
1766487600000,87564.9,87847.2,87509.5,87810.1,1759.004,154317974.2191
1766491200000,87810.1,87930,87553,87741,1681.2,147545148.0115
1766494800000,87741,87870,87366.8,87575.9,3236.221,283466422.5196
1766498400000,87575.9,87800,86542.2,86830,8232.93,717760978.392
1766502000000,86830,87520.8,86668,87410.2,5601.696,488290171.6955
1766505600000,87410.2,88157.7,87273.9,87956.8,6826.456,599637019.5605
1766509200000,87956.8,88250,87124.4,87129.1,4559.349,399855025.8195
1766512800000,87129.1,88139.6,87106.1,87934,5120.003,449026616.1822
1766516400000,87934,88008.3,87588,87708.6,2111.068,185366857.8298
1766520000000,87708.6,88345.8,87481.3,87652.1,3410.787,299781681.1543
1766523600000,87652.1,87823.8,87488.9,87679.9,1834.639,160821415.1195
1766527200000,87679.9,87749.4,87185,87357.7,2533.116,221460277.9439
1766530800000,87357.7,87471.8,87113.8,87444,2112.693,184415049.3118
1766534400000,87444,87635,87211.6,87613.3,1241.417,108552954.1449
1766538000000,87613.3,87800,87450,87581.2,1080.69,94699325.7609
1766541600000,87581.2,87619.4,86877.3,87084,2692.742,234684605.9485
1766545200000,87084,87350,86800.1,87299.8,2009.191,174927140.8322
1766548800000,87299.8,87428.2,87027.5,87106.2,1009.871,88110347.3412
1766552400000,87106.2,87214.6,86731.8,86909.2,1592.603,138468059.419
1766556000000,86909.2,87041.2,86748,86976.3,1872.827,162770648.7818
1766559600000,86976.3,87145.3,86853,86864,1247.375,108555403.9442
1766563200000,86864,87033,86701.6,86746.6,1442.961,125329531.2994
1766566800000,86746.6,86850,86672.4,86760,917.026,79567551.0714
1766570400000,86760,87164.2,86755.5,87034.6,1212.592,105502210.3336
1766574000000,87034.6,87328.8,87034.6,87159.1,1351.353,117860714.39
1766577600000,87159.1,87444,87093,87395,1882.724,164384728.944
1766581200000,87395,87403.9,86976.1,87250.5,1703.104,148476938.4964
1766584800000,87250.5,87428.5,86363.3,86945.3,6802.892,590911620.1049
1766588400000,86945.3,87193,86533.5,87011.9,3702.431,321785912.6093
1766592000000,87011.9,87662.5,86880.2,87250,4013.358,350478990.2016
1766595600000,87250,87557,87207.6,87282.6,1551.225,135513306.7025
1766599200000,87282.6,87485.6,87188.6,87426.4,1249.062,109134422.5842
1766602800000,87426.4,87550,87292.6,87530,1222.753,106879773.8291
1766606400000,87530,87649.6,87466.9,87525,905.944,79338400.7485
1766610000000,87525,87783.7,87524.9,87661.8,1145.55,100428995.8363
1766613600000,87661.8,88032.9,87659.7,87966,1263.243,110999955.9949
1766617200000,87966,87988,87550,87636.3,1435.444,125893256.4829
1766620800000,87636.3,87719.6,87478.7,87530.5,1201.06,105223856.7745
1766624400000,87530.5,87717.8,87524.8,87669,554.055,48550965.6895
1766628000000,87669,87943.6,87520.8,87850.9,848.911,74513730.8089
1766631600000,87850.9,87894.3,87733.4,87806.8,379.798,33349089.9404
1766635200000,87806.8,87810,87701.8,87741.4,616.602,54104937.8388
1766638800000,87741.4,87750,87612.7,87708,622.405,54571014.118
1766642400000,87708,87810.3,87643.1,87795,341.9,29995811.1658
1766646000000,87795,87832,87714.6,87799.9,371.598,32611875.3269
1766649600000,87799.9,87864,87291.4,87546.9,2288.878,200312667.921
1766653200000,87546.9,87566.9,87400,87483.8,651.304,56963502.9465
1766656800000,87483.8,87493.5,87203.4,87381.8,1352.711,118144376.8086
1766660400000,87381.8,87550,87370.5,87484.8,892.65,78085142.6804
1766664000000,87484.8,87558.2,87439.6,87520.7,424.824,37172995.6852
1766667600000,87520.7,87661.3,87339.1,87583.9,1063.368,93065323.0382
1766671200000,87583.9,87727.2,87504,87675,831.697,72876829.9271
1766674800000,87675,88565.5,87661,88339.1,6059.56,534339524.745
1766678400000,88339.1,88458.6,87910.6,88047.1,2528.894,223070596.6156
1766682000000,88047.1,88170.8,87953.2,88097.8,1040.302,91606665.8012
1766685600000,88097.8,88280,88093.9,88204.9,870.588,76787779.3072
1766689200000,88204.9,88214.4,88032.3,88114.1,642.289,56590001.564
1766692800000,88114.1,88137.8,87601.8,87841.3,2251.016,197676767.4825
1766696400000,87841.3,87973.7,87772.8,87863.9,719.789,63263902.157
1766700000000,87863.9,87890.1,87258.3,87610,1867.814,163563303.6497
1766703600000,87610,87740,86902.2,87178.1,4479.369,390734010.9012
1766707200000,87178.1,87282.8,86815.9,87083.9,3036.5,264386769.233
1766710800000,87083.9,87465.8,87080.1,87393,1544.13,134788880.4409
1766714400000,87393,89404.9,87376.4,89154.1,10285.882,913527911.3804
1766718000000,89154.1,89243.8,88666.6,88796.4,3254.317,289242945.1683
1766721600000,88796.4,89124.8,88472.4,88931.1,2672.271,237329112.1036
1766725200000,88931.1,89016.4,88771.5,88953.2,1169.931,103991574.4146
1766728800000,88953.2,89228.8,88953.1,89094.4,1602.275,142740868.9683
1766732400000,89094.4,89539,88310,88440,4550.72,404787859.1436
1766736000000,88440,88860.6,88371.8,88700.9,2366.821,209761301.8107
1766739600000,88700.9,88890,88609.2,88773.3,1056.208,93741799.6139
1766743200000,88773.3,88856.7,88637.9,88719.2,1218.34,108129437.459
1766746800000,88719.2,88731.1,88487.8,88500.9,814.035,72119104.0017
1766750400000,88500.9,88725.9,88500.9,88642.7,800.209,70925626.8415
1766754000000,88642.7,89069,88581.1,88968.4,2986.909,265536768.1414
1766757600000,88968.4,89029.7,87320,87348.7,8709.871,766797276.6226
1766761200000,87348.7,87350.1,86618.6,87101.2,11301.845,982774357.7918
1766764800000,87101.2,87345.7,86785.4,86800,4376.219,380968651.4147
1766768400000,86800,87422.8,86763.2,87290.2,2586.058,225285716.5181
1766772000000,87290.2,87339.7,87084.4,87231,964.862,84161662.0356
1766775600000,87231,87546,87195.4,87453,1066.333,93182584.6494
1766779200000,87453,87749,87350.1,87549.2,1666.881,145971449.0457
1766782800000,87549.2,87655.6,87405.5,87427.4,742.976,65025083.8588
1766786400000,87427.4,87556.5,87267.3,87503.5,949.883,83035793.404
1766790000000,87503.5,87512.7,87290,87328.8,492.975,43085054.5128
1766793600000,87328.8,87366.8,87200.1,87353.2,674.066,58838955.1139
1766797200000,87353.2,87444.4,87281.6,87431.9,394.292,34447181.3155
1766800800000,87431.9,87447,87347.6,87404,364.493,31855911.9552
1766804400000,87404,87491.2,87338.1,87471,363.396,31769471.6994
1766808000000,87471,87479.3,87409.4,87425.8,222.947,19494275.4655
1766811600000,87425.8,87479,87392.8,87464.4,215.798,18868562.9243
1766815200000,87464.4,87526.8,87368.5,87431,545.558,47701163.9995
1766818800000,87431,87670,87431,87492.1,701.363,61398344.2131
1766822400000,87492.1,87635.2,87492,87547.7,477.338,41794450.7095
1766826000000,87547.7,87631.9,87495.2,87573.6,529.553,46375912.3938
1766829600000,87573.6,87590.9,87328,87466.5,930.766,81402912.5251
1766833200000,87466.5,87517,87391.3,87434,527.467,46130691.7909
1766836800000,87434,87482,87372.8,87435,283.548,24791989.5479
1766840400000,87435,87448.3,87268.2,87409.1,464.584,40597027.3016
1766844000000,87409.1,87513.8,87360,87492.5,393.828,34434510.0422
1766847600000,87492.5,87558,87441.2,87518.4,467.386,40900085.561
1766851200000,87518.4,87550.6,87400,87462.8,492.555,43087791.0035
1766854800000,87462.8,87529.7,87423,87520,394.346,34493020.8162
1766858400000,87520,87539.8,87413.3,87463.6,220.017,19246577.0918
1766862000000,87463.6,87538,87457.4,87526.6,262.432,22964940.729
1766865600000,87526.6,87589.3,87488,87526.1,203.192,17786074.9096
1766869200000,87526.1,87632,87520,87628.7,330.935,28989188.5538
1766872800000,87628.7,87919.2,87454,87515.9,1787.99,156831750.1953
1766876400000,87515.9,87958,87515.9,87835.6,1265.038,111009987.3269
1766880000000,87835.6,87935,87681.1,87819.1,1042.408,91536438.9746
1766883600000,87819.1,87927,87694,87753.9,573.432,50350851.5759
1766887200000,87753.9,87850,87705.8,87772,265.108,23269740.6036
1766890800000,87772,87819.9,87700,87700,278.249,24414730.5673
1766894400000,87700,87807.6,87610.6,87689.7,734.747,64446976.7426
1766898000000,87689.7,87690,87562.8,87614.9,627.757,55004547.1502
1766901600000,87614.9,87758.4,87600,87690.1,462.249,40535557.473
1766905200000,87690.1,87711.9,87630.7,87711.1,333.375,29228209.5504
1766908800000,87711.1,87942.4,87694.8,87770,755.717,66361819.6266
1766912400000,87770,87872,87679,87773.6,479.611,42100745.0162
1766916000000,87773.6,87982.6,87770,87835.4,1045.317,91873984.6191
1766919600000,87835.4,87901.9,87773.6,87850,506.921,44530177.2507
1766923200000,87850,87858.5,87766,87820.5,617.545,54226348.7259
1766926800000,87820.5,87924.9,87772.8,87871.5,491.595,43191984.119
1766930400000,87871.5,88064,87856.8,87869.7,979.149,86110734.0468
1766934000000,87869.7,87973.1,87780.6,87798.9,573.327,50385184.2664
1766937600000,87798.9,87874.9,87685.9,87773.3,726.341,63755590.5939
1766941200000,87773.3,87901,87710,87714.9,413.337,36296099.6119
1766944800000,87714.9,87733.2,87450.1,87552.1,1996.601,174886499.2524
1766948400000,87552.1,87666.8,87445.5,87487.9,725.178,63485326.1323
1766952000000,87487.9,87620.1,87385.2,87466.8,698.137,61098424.4318
1766955600000,87466.8,87562.1,87365.8,87543,501.952,43912355.4254
1766959200000,87543,87954.9,87424.7,87867.9,1100.616,96537921.5544
1766962800000,87867.9,88041.1,87597.8,87909.9,1213.289,106534199.158
1766966400000,87909.9,88420,87768.5,88260,2990.199,263532483.6132
1766970000000,88260,88472.1,87830.4,88414.9,2287.649,201768233.5933
1766973600000,88414.9,89370,88414.8,89134.9,7004.521,623571703.9651
1766977200000,89134.9,90150,89069.7,90100.1,5364.574,481222836.5942
1766980800000,90100.1,90422,89919.4,90108.8,4215.344,379990222.983
1766984400000,90108.8,90267.1,89900,89946.6,2564.192,230981274.0078
1766988000000,89946.6,90095,89715.9,89740.4,1860.728,167278735.2593
1766991600000,89740.4,89816.8,89444.5,89582.8,2954.763,264770000.5087
1766995200000,89582.8,89788,89424.6,89517.6,2011.417,180276394.6263
1766998800000,89517.6,89607.4,87715.4,88070.1,9233.158,816510050.6625
1767002400000,88070.1,88258.6,87610,87746.1,3674.583,323128954.6565
1767006000000,87746.1,87750.6,87515.1,87525.5,2349.197,205898613.9809
1767009600000,87525.5,87609.3,86753,87324.9,8779.782,765024846.138
1767013200000,87324.9,87494.3,87100,87334.6,2736.008,238851865.3609
1767016800000,87334.6,88148.8,87200,87390,6633.148,581770050.6535
1767020400000,87390,87888,87166.4,87641.3,4063.178,355818001.9832
1767024000000,87641.3,87801.8,87378.2,87592.9,1655.285,144999649.0349
1767027600000,87592.9,87831.6,87306,87814.5,1741.309,152514660.9533
1767031200000,87814.5,87962.2,87316.4,87425.8,2076.937,182131245.2063
1767034800000,87425.8,87645.7,87266,87323.5,1519.961,132890163.6695
1767038400000,87323.5,87567.3,87039.8,87172.8,2182.422,190430811.3837
1767042000000,87172.8,87337.9,87141.7,87295.8,674.888,58896494.0747
1767045600000,87295.8,87364.2,87029.3,87296.4,1284.538,111965626.4267
1767049200000,87296.4,87365.3,87132,87184.6,641.888,55999393.2039
1767052800000,87184.6,87325.9,87066,87215.4,1091.595,95178458.1455
1767056400000,87215.4,87322.7,87068.7,87267.9,736.345,64198956.5098
1767060000000,87267.9,87287,86924.2,87057.1,1974.93,171942508.6496
1767063600000,87057.1,87379.4,86779.2,87328.7,2659.997,231685895.9472
1767067200000,87328.7,87450,87234.4,87262,878.816,76764080.5292
1767070800000,87262,87326.6,87090.9,87206.1,809.926,70621585.8084
1767074400000,87206.1,87481.1,87183.7,87404.8,850.076,74284951.0574
1767078000000,87404.8,87564.5,87322.1,87441.5,1144.643,100098039.0035
1767081600000,87441.5,88200,87441.5,87817.6,5255.246,461821227.3627
1767085200000,87817.6,88002,87600,87953,1945.159,170767766.8303
1767088800000,87953,88153.7,87873.4,87909.7,1907.32,167863139.5148
1767092400000,87909.7,87991.9,87717.1,87867.1,1266.482,111288049.2215
1767096000000,87867.1,88080.1,87864.5,87995.6,1288.782,113383455.7889
1767099600000,87995.6,88118,87870.1,88069.6,1682.854,148110991.8484
1767103200000,88069.6,88980,87783.3,88837.6,8020.447,708952970.784
1767106800000,88837.6,89127,88150,88969.2,8206.591,727113262.8984
1767110400000,88969.2,89373,88531,88702.1,6874.855,611740264.1941
1767114000000,88702.1,88867.2,88040.2,88340,4202.989,371663963.5784
1767117600000,88340,88460.1,88090.1,88262.8,2034.935,179667038.1835
1767121200000,88262.8,88396.1,87909.3,88190.1,2394.526,211038725.0412
1767124800000,88190.1,88190.1,87823.4,87893.5,1477.344,130009758.0808
1767128400000,87893.5,88294.6,87832.4,88244,1546.883,136298026.2441
1767132000000,88244,88442.4,88239.3,88396.7,987.25,87219851.5433
1767135600000,88396.7,88553.2,88325.3,88458,1265.943,111997239.5208
1767139200000,88458,88458.1,88207.2,88231.8,976.79,86277477.196
1767142800000,88231.8,88767.5,88126.6,88615.9,2430.407,215045959.5385
1767146400000,88615.9,88719.8,88480.5,88643.1,1030.244,91274631.6615
1767150000000,88643.1,88849.3,88340.1,88425,1377.004,121994153.2366
1767153600000,88425,88521,88272.7,88293.8,1036.249,91575016.9843
1767157200000,88293.8,88496.3,88293.8,88424.7,674.402,59624530.7272
1767160800000,88424.7,88534.7,88424.7,88483,322.298,28518867.2244
1767164400000,88483,88613.4,88375,88575.4,839.388,74295301.3774
1767168000000,88575.4,88713.2,88350.2,88397.4,1309.729,115980455.8027
1767171600000,88397.4,88689.5,88397.3,88630.3,667.36,59106868.2284
1767175200000,88630.3,88904.3,88621,88810,1513.561,134319550.2663
1767178800000,88810,89059.8,88767.5,88976.2,1835.902,163219713.5878
1767182400000,88976.2,89020,88693.7,88746.1,2052.994,182414333.7168
1767186000000,88746.1,89034.6,88704,88968.6,1635.597,145334047.3453
1767189600000,88968.6,89194.3,88237.2,88451.4,5065.37,449261207.4643
1767193200000,88451.4,88454,87730.5,87911.8,6092.021,536176734.5319
1767196800000,87911.8,88012.8,87342,87603.7,6148.718,539022912.5798
1767200400000,87603.7,87700.5,87441.9,87569.2,1681.884,147274592.4382
1767204000000,87569.2,87938.5,87521.3,87641.4,2499.339,219369646.863
1767207600000,87641.4,87838,87482,87500,1666.486,146088006.8798
1767211200000,87500,87672.3,87177.8,87621.5,2680.563,234321690.6992
1767214800000,87621.5,87834.9,87621.5,87752.8,875.108,76766666.384
1767218400000,87752.8,87842,87615.2,87691.3,619.751,54372093.2342
1767222000000,87691.3,87693.4,87573.4,87594.9,375.36,32892523.2585
1767225600000,87594.9,87814,87574,87758.5,751.666,65922723.1273
1767229200000,87758.5,88022.1,87758.5,87914,1369.653,120404717.5519
1767232800000,87914,88054,87852.1,87875.9,667.35,58682964.6819
1767236400000,87875.9,87984.3,87800,87822,395.882,34790294.8285
1767240000000,87822,87829.4,87515,87555.8,1451.415,127167777.5814
1767243600000,87555.8,87711.9,87555.8,87668.1,568.847,49863130.3691
1767247200000,87668.1,87668.1,87590,87611.4,294.954,25843707.9969
1767250800000,87611.4,87639.6,87555.8,87586.5,516.685,45261880.2197
1767254400000,87586.5,87769.3,87581.4,87727.2,952.496,83526780.2124
1767258000000,87727.2,87911.9,87700,87837.2,610.278,53594329.9735
1767261600000,87837.2,87842.3,87740.7,87813.1,347.184,30480671.1933
1767265200000,87813.1,87991.4,87797.3,87980.5,1183.065,103973927.0175
1767268800000,87980.5,88000,87868.3,87900,661.662,58193577.1523
1767272400000,87900,87987,87802.3,87875.8,614.144,53985795.1681
1767276000000,87875.8,87932.1,87754.3,87915.4,1017.895,89429660.2377
1767279600000,87915.4,88098.6,87868.8,87992.1,1277.3,112372975.2583
1767283200000,87992.1,88009.3,87836.3,87958.6,684.735,60194657.0086
1767286800000,87958.6,88499,87925.1,88294.6,2908.861,256745212.9177
1767290400000,88294.6,88337.8,88062.3,88166,1235.393,108945675.1385
1767294000000,88166,88409.6,88035.3,88356.3,761.901,67234392.2591
1767297600000,88356.3,88357.4,88209.1,88225.5,417.396,36847279.0141
1767301200000,88225.5,88417.8,88215.7,88363.7,494.296,43657540.4722
1767304800000,88363.7,88666,88363.7,88614,2000.244,177046657.3763
1767308400000,88614,88891.9,88443.9,88810.1,2899.231,257160723.4161
1767312000000,88810.1,88863,88554.1,88805.8,2007.591,178103626.0466
1767315600000,88805.8,88852.4,88500,88612.4,1107.979,98223096.5952
1767319200000,88612.4,88644,88325.9,88608.7,1467.258,129797828.3841
1767322800000,88608.7,89100,88540.8,88919.8,2929.528,260471621.9212
1767326400000,88919.8,88965.1,88600,88605,1533.942,136167853.9938
1767330000000,88605,88757.2,88530.4,88724.6,982.693,87113792.7052
1767333600000,88724.6,89061.8,88690,88910.9,1194.534,106210662.9391
1767337200000,88910.9,89030,88809.8,88838.9,1218.782,108346094.8116
1767340800000,88838.9,89172,88774.3,89144.1,1445.669,128696081.4516
1767344400000,89144.1,89479.1,89080.1,89449.9,3347.366,298764076.121
1767348000000,89449.9,89946,89428.8,89638.2,5178.071,464528593.8142
1767351600000,89638.2,89655.1,89323.1,89468.5,2322.754,207820909.5352
1767355200000,89468.5,89577.8,89342.9,89359,1182.931,105804007.9072
1767358800000,89359,89710.7,89250.1,89306.6,2242.265,200541561.1517
1767362400000,89306.6,90100,88413.6,89527.1,12488.599,1114150292.075
1767366000000,89527.1,89865.2,88730.9,89361,8698.666,777247789.7035
1767369600000,89361,90881.3,89151.8,90323.5,12573.674,1133307469.4272
1767373200000,90323.5,90958.5,90137.6,90325,5730.66,519068939.0886
1767376800000,90325,90529.8,89502.5,89728,4394.79,395478889.142
1767380400000,89728,90123.4,89608.4,89857,2331.446,209554890.6726
1767384000000,89857,90038.2,89575.1,89690,1610.615,144631468.9098
1767387600000,89690,90124.1,89676.3,90005,1284.719,115516222.2321
1767391200000,90005,90370.6,89966.1,90148.9,1545.234,139288917.4049
1767394800000,90148.9,90148.9,89835.4,89953.8,1191.785,107218116.3357
1767398400000,89953.8,90149.8,89908.1,90109.1,771.075,69415681.7474
1767402000000,90109.1,90250,90023.1,90229.7,571.319,51499905.728
1767405600000,90229.7,90360,90087,90295,594.71,53658675.8476
1767409200000,90295,90339,90148.3,90284.2,568.262,51275976.0829
1767412800000,90284.2,90447.8,90004.8,90122.5,942.415,84990470.5102
1767416400000,90122.5,90163.5,89868.4,89988.3,815.961,73423149.8421
1767420000000,89988.3,90094.9,89800.1,89825.5,851.562,76577230.3351
1767423600000,89825.5,89910.8,89255.1,89525,3966.805,355110092.8026
1767427200000,89525,89802,89371.6,89617.3,1957.026,175414392.6689
1767430800000,89617.3,89946.1,89586.1,89753.5,1745.579,156701637.4732
1767434400000,89753.5,89834.7,89656.2,89711.8,651.947,58504439.501
1767438000000,89711.8,89744,89623,89706.6,573.614,51443855.6094
1767441600000,89706.6,90045.6,89613,89993.1,1425.775,128130092.0626
1767445200000,89993.1,90027.2,89883,89969.9,931.94,83832139.1589
1767448800000,89969.9,90200,89919.3,90094.7,1267.918,114238075.9028
1767452400000,90094.7,90094.7,89922.2,89934.3,749.854,67479208.9413
1767456000000,89934.3,90187.8,89866.9,90065.7,1007.336,90712922.9957
1767459600000,90065.7,90092.5,89972.9,90059.9,450.104,40524227.2483
1767463200000,90059.9,90155,90000,90110,476.748,42943189.2697
1767466800000,90110,90123.8,90021.2,90093,308.423,27784636.364
1767470400000,90093,90345.3,89988.1,90333.4,1235.977,111491435.5531
1767474000000,90333.4,90706.4,90280,90527,1664.257,150593726.3317
1767477600000,90527,90698,90454.4,90555,1023.053,92660353.1692
1767481200000,90555,90669,90431.1,90599.9,807.235,73116596.0204
1767484800000,90599.9,91586.4,90599.9,91300,6255.26,570357922.9668
1767488400000,91300,91456.5,90967.5,91189.3,1493.963,136219113.3119
1767492000000,91189.3,91257.9,91039.6,91099.8,784.862,71530002.1236
1767495600000,91099.8,91323.9,91049.5,91184.2,1276.511,116426161.0635
1767499200000,91184.2,91555,91143.5,91359.4,1453.635,132833033.9577
1767502800000,91359.4,91450,91287.1,91442.1,563.415,51485351.4683
1767506400000,91442.1,91775.6,91175.9,91189,3111.311,284549717.2679
1767510000000,91189,91500,91159.4,91493.7,1162.386,106166473.0666
1767513600000,91493.7,91500,91117.8,91324.1,1302.177,118862058.1435
1767517200000,91324.1,91429.3,91205,91407.7,981.64,89654820.1721
1767520800000,91407.7,91583.6,91367.3,91552,965.524,88329265.7696
1767524400000,91552,91552.1,91176.5,91258.7,1284.11,117252636.752
1767528000000,91258.7,91319.8,91035,91093.1,1324.263,120717597.9283
1767531600000,91093.1,91230,90967.7,91215.9,1021.776,93105619.4452
1767535200000,91215.9,91379.5,91096.5,91296,1066.582,97319498.0177
1767538800000,91296,91344.4,91041.2,91283.8,682.046,62208164.9696
1767542400000,91283.8,91403.4,91195.9,91275,816.77,74570080.5535
1767546000000,91275,91403,91254.4,91299.1,758.558,69292415.4619
1767549600000,91299.1,91299.2,90930,91162,1862.561,169676386.1899
1767553200000,91162,91165.7,90809,91086.5,2256.308,205241890.7125
1767556800000,91086.5,91310,91062.3,91265.7,607.683,55431567.499
1767560400000,91265.7,91377.3,91133.4,91233.3,602.615,54994915.1497
1767564000000,91233.3,91355,91093.9,91167.7,738.763,67369938.0752
1767567600000,91167.7,91550.6,91167.7,91490.7,1800.62,164550032.7368
1767571200000,91490.7,92393.3,91469,92371.2,7818.41,719036886.5247
1767574800000,92371.2,93396,92225.5,92927.5,8640.344,802389349.8401
1767578400000,92927.5,93127,92691.1,93004.8,2600.445,241545068.0848
1767582000000,93004.8,93180,92833,92841.5,1822.966,169540657.538
1767585600000,92841.5,92926.3,92301.9,92561.7,2773.292,256637960.256
1767589200000,92561.7,92695,92303.3,92324.3,1427.965,132144746.0856
1767592800000,92324.3,92465.9,92108.2,92447.7,1611.777,148804704.5112
1767596400000,92447.7,92610.1,92433,92487,1279.982,118430331.4503
1767600000000,92487,92753.6,92419.8,92440,1759.386,162855824.1614
1767603600000,92440,92829.4,92275.6,92656.9,1812.152,167645541.7072
1767607200000,92656.9,93129.9,92625.5,93053.6,2132.237,198115503.5246
1767610800000,93053.6,93129.9,92850,93103.6,1691.713,157307111.8419
1767614400000,93103.6,93174,92694.4,92835.5,1743.6,162013349.6493
1767618000000,92835.5,92972,92487.7,92698.8,2090.2,193723447.9269
1767621600000,92698.8,93645,92350,93385.1,8445.445,786164991.1471
1767625200000,93385.1,93996.4,93121.7,93905,7950.64,744053454.7347
1767628800000,93905,94056.6,93529.1,93650.8,4519.726,424012506.569
1767632400000,93650.8,94450,93200.2,94272.2,6422.524,602802090.0993
1767636000000,94272.2,94482.4,93860.7,94404.6,3967.177,373464630.1433
1767639600000,94404.6,94461.3,94083.4,94246.2,2781.798,262242780.8935
1767643200000,94246.2,94749.9,93975,94124.8,5197.345,490449214.2331
1767646800000,94124.8,94183.3,93754,94045.8,2430.148,228433074.3452
1767650400000,94045.8,94350,93953.1,94125.3,1430.532,134735217.2677
1767654000000,94125.3,94155.5,93811.1,93825.5,1220.237,114628644.8196
1767657600000,93825.5,93948,93500.6,93753.9,2610.968,244579846.4773
1767661200000,93753.9,94116.4,93687.5,93731.3,2046.642,192132187.6836
1767664800000,93731.3,93828.4,93469,93568.2,1359.006,127223810.6123
1767668400000,93568.2,93882.5,93547.2,93715.8,1040.037,97484657.2357
1767672000000,93715.8,93961,93686.4,93753,918.613,86195803.1524
1767675600000,93753,93778.1,93523,93546,836.474,78328799.0421
1767679200000,93546,93900,93478.1,93728.1,1636.455,153375232.4345
1767682800000,93728.1,93739.9,93054.6,93207.7,3256.319,303840241.1026
1767686400000,93207.7,93384.8,93128.1,93193.2,1399.378,130510360.6989
1767690000000,93193.2,93518.3,93187.3,93425.7,1288.239,120337961.071
1767693600000,93425.7,93632.7,93365.6,93533.2,961.776,89950483.2015
1767697200000,93533.2,93862.9,93521.8,93814.7,1836.339,172123789.4044
1767700800000,93814.7,93962.3,93743.7,93827.1,1050.396,98574013.5856
1767704400000,93827.1,93833.9,93596.6,93680.1,1066.389,99932761.5238
1767708000000,93680.1,94405,93461,93784.6,8596.638,808093575.2898
1767711600000,93784.6,94275.7,93290.4,93597.9,5980.599,560488525.8112
1767715200000,93597.9,93727,92270,92656.1,9399.165,872730207.1651
1767718800000,92656.1,92725.3,91513.1,91562.7,9331.849,859298739.2775
1767722400000,91562.7,92186.9,91217.2,91996.3,7483.907,686749639.3357
1767726000000,91996.3,92312.8,91864,92077.3,2230.786,205518910.8419
1767729600000,92077.3,92666.7,92077.2,92474,2676.832,247521025.756
1767733200000,92474,93841,92330.2,93208.3,9495.168,886126263.1719
1767736800000,93208.3,93494.1,92905.1,93319.8,3202.932,298484221.1834
1767740400000,93319.8,93756,93290.8,93714.6,1764.047,164949389.1957
1767744000000,93714.6,93714.6,92607,92666.5,2884.161,268748383.4778
1767747600000,92666.5,92856.5,92257,92400.1,3167.558,293061354.7705
1767751200000,92400.1,93035.8,92201.4,92920.8,2778.257,257426109.2635
1767754800000,92920.8,93085.5,92698.5,92779.9,1500.105,139350836.7625
1767758400000,92779.9,92889,92542.2,92634,1311.912,121627303.0516
1767762000000,92634,92821.5,92470,92502.2,1318.143,122132691.6973
1767765600000,92502.2,92860.7,92478.2,92568.5,1297.67,120237752.303
1767769200000,92568.5,92849.3,92568.5,92845.2,779.191,72271629.1306
1767772800000,92845.2,92935.4,92632.9,92670.8,1316.802,122210577.605
1767776400000,92670.8,92674,91533.4,91663.3,6101.808,561027984.7595
1767780000000,91663.3,91953,91541.1,91918.3,2974.44,272979285.1819
1767783600000,91918.3,92221.2,91879.2,92051,1875.887,172761094.7266
1767787200000,92051,92152.1,91927.7,91960,1353.107,124508137.0532
1767790800000,91960,92259.1,91819.4,92003.5,1962.178,180564808.941
1767794400000,92003.5,92105.8,91314,91924.2,7800.736,715182545.0582
1767798000000,91924.2,91965.4,90922.5,91309.4,11063.931,1010157430.6054
1767801600000,91309.4,91772,91100.8,91218.2,4018.578,367169431.0555
1767805200000,91218.2,91655.5,90970,91204,4032.288,368173455.9094
1767808800000,91204,91400,90689,90854.7,5240.36,476918893.7425
1767812400000,90854.7,91261.4,90624.3,91156.6,4127.136,375215480.6288
1767816000000,91156.6,91283.6,90728.7,91012.9,2254.492,205158204.6821
1767819600000,91012.9,91216.5,91003.1,91060.5,1376.39,125415048.4567
1767823200000,91060.5,91437.4,90833.8,91137.1,2045.017,186269654.9453
1767826800000,91137.1,91450,90965.6,91332,2066.504,188553860.3102
1767830400000,91332,91478,91022.4,91358.8,1698.761,155025557.3833
1767834000000,91358.8,91641.4,91251.6,91377,1430.838,130787921.8275
1767837600000,91377,91436,90700.1,90914,2885.259,262530072.8101
1767841200000,90914,91093.3,90555.3,90760.1,2057.067,186699330.6076
1767844800000,90760.1,91130.4,90649,90985.9,1454.997,132281367.8491
1767848400000,90985.9,91147.9,90737.9,90775.9,1126.005,102446825.3927
1767852000000,90775.9,90828.2,89836.8,89839.9,7284.517,657505480.2711
1767855600000,89839.9,90532.4,89586.5,90489.9,5776.772,519999721.375
1767859200000,90489.9,90720.1,90103.2,90189.3,2820.39,255035747.7198
1767862800000,90189.3,90332.6,89891.4,89966.1,2572.803,231780764.9358
1767866400000,89966.1,90444,89722,90363.7,3059.96,275606844.7649
1767870000000,90363.7,90440,89980,90189,2381.129,214694078.3347
1767873600000,90189,90213.5,89746.2,89947.3,3051.966,274382896.8261
1767877200000,89947.3,90074.8,89828,89926.7,1239.173,111474707.7027
1767880800000,89926.7,90143.4,89262,89976.2,9349.527,838299785.0292
1767884400000,89976.2,90794.7,89765,90737.8,6607.317,597097745.5834
1767888000000,90737.8,90897,90250.1,90896.6,5320.967,482088704.8958
1767891600000,90896.6,91400,90792.8,91322.5,4825.098,439565760.385
1767895200000,91322.5,91433,90900,91072.8,2698.625,245973761.214
1767898800000,91072.8,91284.1,90732.6,90895.5,1780.668,162144967.3927
1767902400000,90895.5,90963.1,90512.1,90873.5,2266.438,205572179.8762
1767906000000,90873.5,91299.9,90871.5,91228.9,1807.159,164666739.2857
1767909600000,91228.9,91471.4,90986.2,91198.8,1592.884,145305015.5608
1767913200000,91198.8,91296.5,90997,91061.9,1019.3,92928038.5421
1767916800000,91061.9,91268,91008.4,91243.4,725.046,66065611.6384
1767920400000,91243.4,91597.3,90795,91010.8,2792.117,254549206.3393
1767924000000,91010.8,91463.6,90980,91005.4,1947.338,177709416.6178
1767927600000,91005.4,91239.4,90920,91197,1065.419,97051203.5883
1767931200000,91197,91212.2,90890.2,90987,560.596,51030814.6635
1767934800000,90987,91094.7,90872.4,91059.3,783.993,71323170.8677
1767938400000,91059.3,91119,90949.4,91100.2,708.861,64544275.8702
1767942000000,91100.2,91100.2,90699.7,90708.8,2051.677,186527691.985
1767945600000,90708.8,90821.9,89650.1,89982.6,7498.039,676415869.8915
1767949200000,89982.6,90442.6,89961.7,90303.9,2872.573,259148959.9673
1767952800000,90303.9,90536.8,90228,90438.7,1161.498,105026312.5685
1767956400000,90438.7,90649.8,90364.1,90413.9,1490.206,134848502.7003
1767960000000,90413.9,90562.8,90170.6,90404.1,1753.653,158375425.2248
1767963600000,90404.1,90951.5,90350.7,90551.2,3741.032,338905688.4161
1767967200000,90551.2,90643.6,89876.9,90100.1,4632.329,417909582.4394
1767970800000,90100.1,92001.6,89785,91146.1,15263.871,1391472607.1117
1767974400000,91146.1,91747.8,91126.4,91587.2,4099.122,374830161.0151
1767978000000,91587.2,91645.2,90950.5,91375.1,2860.184,261057204.3519
1767981600000,91375.1,91469,90287.6,90772.3,4337.738,393560211.0163
1767985200000,90772.3,90772.3,90128.7,90280,3055.916,276286321.4775
1767988800000,90280,90557.2,90185.3,90263.1,2485.793,224600996.1865
1767992400000,90263.1,90627.1,90076.6,90496.3,1765.984,159603099.9131
1767996000000,90496.3,90673.6,90304.5,90600,1045.043,94583301.1831
1767999600000,90600,90695,90552,90608.4,563.113,51039686.0146
1768003200000,90608.4,90666.7,90481.6,90571.3,718.086,65031333.8721
1768006800000,90571.3,90706.5,90540.3,90659.4,468.888,42502818.0852
1768010400000,90659.4,90758,90563.9,90660.8,562.369,50994967.6968
1768014000000,90660.8,90660.9,90515,90592.1,272.138,24648535.8359
1768017600000,90592.1,90616,90373.7,90424.9,579.683,52445195.7225
1768021200000,90424.9,90596.2,90386.7,90569.4,258.76,23421765.9156
1768024800000,90569.4,90585.1,90435.7,90470.1,271.352,24555265.0199
1768028400000,90470.1,90650,90470.1,90643.7,440.089,39868960.626
1768032000000,90643.7,90721.4,90580.4,90638.9,580.542,52625366.0128
1768035600000,90638.9,90742.5,90575.8,90742.5,631.631,57259208.0749
1768039200000,90742.5,90812.1,90676.2,90798.4,942.036,85489429.0536
1768042800000,90798.4,90798.4,90663.5,90691.5,455.087,41295459.7935
1768046400000,90691.5,90754.9,90623,90691.1,374.809,33990072.7812
1768050000000,90691.1,90740.3,90584.3,90618.8,538.116,48777930.3189
1768053600000,90618.8,90631.7,90490.2,90558.9,640.376,57993748.8307
1768057200000,90558.9,90639.6,90530.9,90623,484.453,43886728.0039
1768060800000,90623,90700,90556.1,90641.2,493.614,44739193.0314
1768064400000,90641.2,90734.7,90502.5,90511.4,659.279,59729397.6729
1768068000000,90511.4,90565.7,90467,90548.4,365.695,33103642.0529
1768071600000,90548.4,90591.8,90533.4,90590.6,136.599,12370383.0329
1768075200000,90590.6,90618.5,90521.1,90528.7,202.495,18339565.1811
1768078800000,90528.7,90536.3,90434.5,90456.1,478.57,43301025.6495
1768082400000,90456.1,90563.6,90332.8,90374.9,659.862,59663274.0008
1768086000000,90374.9,90542.1,90371.5,90479.6,343.325,31060712.7734
1768089600000,90479.6,90614.5,90404.5,90587.6,337.262,30530951.1832
1768093200000,90587.6,90634.6,90508.3,90603,247.973,22460202.4735
1768096800000,90603,90696.4,90569.5,90654.1,347.249,31476370.3436
1768100400000,90654.1,90709.6,90582.8,90701.3,335.293,30395925.627
1768104000000,90701.3,90764.5,90634.2,90764.4,433.184,39292604.2463
1768107600000,90764.4,90838.5,90700.1,90732.5,467.471,42430533.3644
1768111200000,90732.5,90773.7,90545.8,90700.3,494.106,44796943.933
1768114800000,90700.3,90719,90625.5,90677.7,202.779,18387079.7753
1768118400000,90677.7,90780.9,90562.6,90748.8,609.589,55281263.7451
1768122000000,90748.8,90778.1,90625.4,90690.6,390.894,35465594.9708
1768125600000,90690.6,90704.6,90638.3,90695.2,211.01,19132388.9684
1768129200000,90695.2,90716.1,90643.5,90715.6,269.986,24482225.6843
1768132800000,90715.6,90986.1,90671.1,90891.7,1159.336,105334834.2196
1768136400000,90891.7,90938.3,90778.2,90816.1,633.714,57572743.2681
1768140000000,90816.1,91174.1,90816.1,91071.1,1266.264,115232725.0826
1768143600000,91071.1,91116.2,90660,90835.4,1639.085,148963758.9038
1768147200000,90835.4,91254.5,90834.1,91003.3,1608.813,146505982.0544
1768150800000,91003.3,91120.1,90867.7,90948.9,682.94,62135808.1125
1768154400000,90948.9,90954,90746.2,90857.1,545.713,49572524.0628
1768158000000,90857.1,90900.8,90615.5,90642.8,1114.526,101118385.9864
1768161600000,90642.8,90717.2,90337.8,90664,2006.523,181618056.0427
1768165200000,90664,90798.1,90543.8,90706.5,609.919,55302471.6836
1768168800000,90706.5,90706.5,90408,90486.4,1437.346,130143459.5084
1768172400000,90486.4,91000,90176.4,90962.6,3180.25,288089769.7958
1768176000000,90962.6,91229.6,90624.7,91222.4,2639,240039592.409
1768179600000,91222.4,91768.9,91048.6,91371.5,4003.317,365941019.4735
1768183200000,91371.5,92376.3,91325.6,92169.1,4856.713,446568785.1904
1768186800000,92169.1,92500,91751.2,91773,4103.53,378294291.2033
1768190400000,91773,92250,91704.9,92128.3,1848.675,170103937.9639
1768194000000,92128.3,92223.2,91988.8,92064.2,1105.421,101812323.72
1768197600000,92064.2,92170.2,91758,91793.4,1235.142,113543908.8336
1768201200000,91793.4,91930,91339.9,91363.1,2588.951,237111179.1572
1768204800000,91363.1,91592.7,90315.8,90704.2,6220.406,565175267.5754
1768208400000,90704.2,90899,90592.9,90631.4,2115.029,191965023.7483
1768212000000,90631.4,90748,90309,90395.6,1946.72,176221788.6854
1768215600000,90395.6,90765,90379.1,90572.2,1896.615,171766287.5857
1768219200000,90572.2,90822.1,90563.8,90738.1,1051.102,95358083.5238
1768222800000,90738.1,90791.4,90479.3,90580,1395.942,126486041.2625
1768226400000,90580,91085,90068,90861,7128.728,645411379.5819
1768230000000,90861,91650,90656.9,91634.2,7580.519,691846467.2887
1768233600000,91634.2,92300,91538.5,92089.5,8170.027,751397650.6957
1768237200000,92089.5,92289.9,90955.9,91473,6652.526,608740513.8221
1768240800000,91473,91933.7,91364,91660.3,2882.294,264235959.0628
1768244400000,91660.3,91841,91382.2,91820.9,1714.586,157158032.656
1768248000000,91820.9,92018.3,91366.9,91440.5,2007.08,183969267.6728
1768251600000,91440.5,91457.4,90875.6,91005.5,2396.512,218529908.7957
1768255200000,91005.5,91411.6,91001.4,91194.8,1189.832,108561945.8977
1768258800000,91194.8,91283.5,91007.7,91248.7,881.285,80339491.8244
1768262400000,91248.7,91508,91205.4,91430,1834.389,167602615.6652
1768266000000,91430,91517.8,91003,91154.4,1160.183,105844799.4003
1768269600000,91154.4,91336.5,91053.1,91088.9,1063.336,96960004.1927
1768273200000,91088.9,91425,91075.4,91380.8,1388.314,126700747.3709
1768276800000,91380.8,91689.8,91299.8,91473.3,1865.74,170633169.3445
1768280400000,91473.3,92225.1,91435,91888.3,4207.051,386743667.5439
1768284000000,91888.3,92248,91770.7,92150.8,2467.47,227039941.7295
1768287600000,92150.8,92185.4,91878,91920,1295.864,119204763.7315
1768291200000,91920,92222,91893.1,92146.7,1162.299,106997788.1404
1768294800000,92146.7,92660,91917,92253.3,5592.688,516557326.2146
1768298400000,92253.3,92312.8,91976.9,92098.1,1263.093,116407544.1372
1768302000000,92098.1,92230.6,91932.1,91964.5,1190.84,109646584.63
1768305600000,91964.5,92121.3,91862.2,92078.1,932.735,85817207.7345
1768309200000,92078.1,92600,91941.8,92029.3,7241.63,667760528.7096
1768312800000,92029.3,92882.7,91717.5,92419.1,7694.606,710975520.013
1768316400000,92419.1,93415,92072,93414.9,8292.651,769227392.0741
1768320000000,93414.9,93715.8,93034.6,93351,7241.088,676529716.3112
1768323600000,93351,93450,93050,93198.2,2978.773,277891193.1621
1768327200000,93198.2,93839.6,93146.3,93584,3312.596,309923373.8136
1768330800000,93584,94210,93416,94180,4865.265,456941476.8921
1768334400000,94180,94484.1,94064.7,94354.7,6051.111,570510780.6808
1768338000000,94354.7,94486.9,94026.2,94047.9,2671.181,251865234.4086
1768341600000,94047.9,96654,94047.9,95724.1,16445.051,1569276997.4083
1768345200000,95724.1,96096.7,95029.1,95389.5,4440.179,424013885.453
1768348800000,95389.5,95627.9,95130,95207.9,2479.454,236513215.0049
1768352400000,95207.9,95557.2,95099,95210.4,2174.127,207193555.5839
1768356000000,95210.4,95540,95167,95322.8,1818.141,173418639.5271
1768359600000,95322.8,95680,95247.4,95675.6,1364.528,130284117.4324
1768363200000,95675.6,95774.6,95185.5,95189.9,2004.287,191214238.8133
1768366800000,95189.9,95237.9,94920.3,94967.2,2613.716,248475685.4392
1768370400000,94967.2,94999.6,94509,94990,3103.29,294099154.0649
1768374000000,94990,95214.8,94824,95189,2589.704,246114814.1239
1768377600000,95189,95317.5,94852.6,94880,1784.817,169728397.3054
1768381200000,94880,95167,94853.2,95058.2,1122.696,106686259.649
1768384800000,95058.2,95266.6,94836.3,95047.5,1654.537,157220508.738
1768388400000,95047.5,95069.8,94694.3,94760.3,1332.92,126450270.2592
1768392000000,94760.3,95143.9,94635.3,95043,1605.042,152436557.077
1768395600000,95043,95201.1,94850,94952.8,1495.568,142116707.6724
1768399200000,94952.8,96797,94939.4,96445.3,11344.548,1089109396.8022
1768402800000,96445.3,97090.1,96151.1,96708.6,10275.376,992688764.9121
1768406400000,96708.6,97664.9,96675.4,97241.5,8801.847,855901237.3733
1768410000000,97241.5,97750.2,96708.8,96917.5,6704.445,652161506.146
1768413600000,96917.5,97083.3,96200,96759.2,5830.454,563457363.2209
1768417200000,96759.2,97603.5,96626.8,97216.4,4389.454,426616155.6393
1768420800000,97216.4,97963.2,97146.7,97606,5415.032,528237253.2795
1768424400000,97606,97673.5,97321,97515.1,1673.385,163123657.4345
1768428000000,97515.1,97537.3,96735.2,96825.2,2668.493,259176576.306
1768431600000,96825.2,97329.5,96807.3,96900,1679.755,162997363.8931
1768435200000,96900,96948.3,96427.3,96607.1,2276.389,219974775.278
1768438800000,96607.1,96920,96260,96390.1,2400.248,231682163.7295
1768442400000,96390.1,96567,96023,96289.4,1928.475,185665512.3495
1768446000000,96289.4,96350.9,95714.3,95933,2715.879,260633875.4293
1768449600000,95933,96365.7,95913,96265.5,2102.812,202199889.7499
1768453200000,96265.5,96494.6,96183.7,96372,1604.551,154575541.8638
1768456800000,96372,96534.9,96105.6,96198.4,1432.858,138035984.2318
1768460400000,96198.4,96714.2,96141.2,96597.1,1780.955,171792308.5868
1768464000000,96597.1,96622,96235.2,96592.6,1316.53,126977701.3025
1768467600000,96592.6,97174.5,96511.9,96999.9,3027.378,293281937.1675
1768471200000,96999.9,97021.8,96691.8,96771.3,1522.838,147454033.3136
1768474800000,96771.3,96890.6,96530.8,96530.9,1525.299,147504012.3541
1768478400000,96530.9,96948.3,96460,96930.7,1418.636,137167503.8817
1768482000000,96930.7,96999.8,96560,96807,1832.297,177376092.5975
1768485600000,96807,97113.1,95519.1,96004.9,9349.191,898740893.4101
1768489200000,96004.9,96740,95347.7,96694.8,8215.864,788599768.896
1768492800000,96694.8,96904.6,96214.3,96667.3,5177.386,499637551.1634
1768496400000,96667.3,97034.9,96351.6,96563.4,2736.349,264618138.9926
1768500000000,96563.4,96578,95655,95785.7,3526.317,338714416.4351
1768503600000,95785.7,95876.9,95100,95458.6,4876.171,465475490.118
1768507200000,95458.6,95608.9,95071.8,95209,2889.011,275215166.8068
1768510800000,95209,95590.1,95144.2,95535,1370.275,130727566.3699
1768514400000,95535,95835,95428.1,95526.5,1245.389,119074484.4566
1768518000000,95526.5,95698.3,95336,95559.9,1300.866,124269328.781
1768521600000,95559.9,95793.8,95520.3,95589.9,982.178,93961068.8618
1768525200000,95589.9,95818.2,95368,95626.7,1198.154,114505579.7486
1768528800000,95626.7,95648.3,95350,95465.9,1393.691,133057979.0815
1768532400000,95465.9,95546.3,95268.5,95296.6,1002.122,95603702.0782
1768536000000,95296.6,95552.4,95072.9,95221.9,1916.21,182549550.8323
1768539600000,95221.9,95645.1,95200,95616.1,1613.098,153938180.8248
1768543200000,95616.1,95800,95485.8,95704.5,1267.215,121222804.907
1768546800000,95704.5,95750,95446.1,95621.6,1166.658,111495460.6151
1768550400000,95621.6,95819,95540,95630.7,1310.556,125397348.8451
1768554000000,95630.7,95748,95540,95570,951.584,90992559.6036
1768557600000,95570,95595,95256.9,95270.4,1178.139,112353041.9729
1768561200000,95270.4,95425.3,95201.6,95377.5,945.852,90147299.922
1768564800000,95377.5,95544.1,95309.6,95412,876.318,83627230.463
1768568400000,95412,95531,95227.1,95395.6,938.54,89540675.3295
1768572000000,95395.6,95767.4,95133.8,95149.9,3132.142,298792277.2133
1768575600000,95149.9,95628.7,94241.3,94544.4,12504.654,1184802634.4054
1768579200000,94544.4,94950,94452.6,94828,3612.747,342342464.3639
1768582800000,94828,95123.5,94524.2,95056.8,2726.452,258437642.64
1768586400000,95056.8,95206.5,94924.5,94969.9,1825.329,173579271.8675
1768590000000,94969.9,95024.8,94788.3,94967.4,762.544,72380421.3966
1768593600000,94967.4,95522,94629.7,95519.1,2318.567,220543834.3677
1768597200000,95519.1,95557.6,95310,95481.9,1700.425,162322184.2709
1768600800000,95481.9,95540.1,95207.4,95476.9,995.057,94889867.2021
1768604400000,95476.9,95540.1,95380.1,95504.9,576.891,55077707.1748
1768608000000,95504.9,95553.6,95394.9,95431,500.179,47756536.8444
1768611600000,95431,95494.8,95340.1,95358.1,379.254,36185118.7718
1768615200000,95358.1,95385.7,95139.4,95314,918.399,87483144.8851
1768618800000,95314,95346.8,95220,95319.1,311.258,29656164.383
1768622400000,95319.1,95326.7,95212,95269.2,305.175,29074829.7092
1768626000000,95269.2,95341.3,95231.9,95267.4,350.572,33400141.5528
1768629600000,95267.4,95300.8,95149.4,95180,434.701,41389452.4571
1768633200000,95180,95180.1,94989.1,95053.4,802.029,76258147.1698
1768636800000,95053.4,95217.6,94967.9,95210.1,527.81,50210073.154
1768640400000,95210.1,95250,95131,95221.4,307.991,29319591.4819
1768644000000,95221.4,95226.9,95062.8,95064.7,401.742,38229785.747
1768647600000,95064.7,95269,95021.6,95269,581.625,55351173.2104
1768651200000,95269,95366.7,95180.6,95215.6,494.434,47100653.4162
1768654800000,95215.6,95400,95140.8,95394.5,606.455,57793767.0392
1768658400000,95394.5,95498.9,95304.5,95421.3,837.261,79881415.5281
1768662000000,95421.3,95653.3,95374.4,95530,1347.025,128646605.2612
1768665600000,95530,95530,95164,95254,1676.326,159770164.0064
1768669200000,95254,95405,95219.1,95323.3,505.579,48192038.3306
1768672800000,95323.3,95425.6,95283.6,95381.4,366.108,34917509.3405
1768676400000,95381.4,95381.4,95230,95247.2,363.359,34625114.0085
1768680000000,95247.2,95343.5,95219.2,95337.8,476.015,45359517.0852
1768683600000,95337.8,95378.9,95232,95271,279.042,26593385.2357
1768687200000,95271,95271,94970.1,95116.6,1221.459,116151968.8135
1768690800000,95116.6,95167.6,95055.1,95103,628.529,59778200.2368
1768694400000,95103,95198.6,95028,95072.5,614.315,58428252.2398
1768698000000,95072.5,95072.5,94816.4,94920.6,1237.429,117453114.3068
1768701600000,94920.6,95021.6,94825,94988,439.037,41680446.4696
1768705200000,94988,95179.9,94974.3,95154.6,1009.502,96013462.9391
1768708800000,95154.6,95154.6,95020.7,95056.5,409.42,38927223.509
1768712400000,95056.5,95220,95010,95140.6,631.314,60043732.5971
1768716000000,95140.6,95175.6,95094.7,95146.5,349.911,33289172.1015
1768719600000,95146.5,95153.6,94980,94988,476.895,45324833.4445
1768723200000,94988,95163.4,94973.9,95134,486.779,46279619.3352
1768726800000,95134,95247.2,95098,95217.8,606.415,57719664.7476
1768730400000,95217.8,95269,95034,95128.1,526.678,50101327.8127
1768734000000,95128.1,95150.2,95029.2,95137.8,389.806,37066155.6292
1768737600000,95137.8,95151.1,95029.9,95057.1,377.533,35899520.4636
1768741200000,95057.1,95160,94840.9,95104.1,1496.808,142180857.1755
1768744800000,95104.1,95339.9,94876.7,94908.2,1432.04,136241187.8706
1768748400000,94908.2,95077.3,94864.7,95060,632.351,60059546.102
1768752000000,95060,95143.8,95013.9,95113.7,490.954,46684384.2038
1768755600000,95113.7,95242.9,95083,95212.3,604.836,57569537.0437
1768759200000,95212.3,95480,95114.9,95402.6,1141.587,108819326.6961
1768762800000,95402.6,95471.5,95274.8,95328.2,556.539,53084829.8607
1768766400000,95328.2,95402.6,95226.8,95262,489.976,46699810.0785
1768770000000,95262,95399.8,95232.1,95376.6,394.169,37567921.3028
1768773600000,95376.6,95490.5,95357,95437.7,641.67,61234872.0268
1768777200000,95437.7,95446,93545,93624.6,11277.052,1063252288.474
1768780800000,93624.6,93624.6,91800.2,92652.4,18292.426,1694501089.6658
1768784400000,92652.4,92824.5,92161,92532.3,3797.432,351230500.6401
1768788000000,92532.3,92618.3,92321.7,92511.2,1874.142,173305402.656
1768791600000,92511.2,92745.5,92432.4,92636.7,1654.104,153165305.3633
1768795200000,92636.7,92707.8,92436.9,92618.1,1281.171,118627748.4338
1768798800000,92618.1,92765.3,92452,92470.4,924.793,85631315.7949
1768802400000,92470.4,92583.4,92340.1,92548.2,1272.359,117654136.8678
1768806000000,92548.2,92814.5,92504,92780.1,993.697,92059925.2777
1768809600000,92780.1,93314,92631.3,93194.9,2984.088,277590927.1003
1768813200000,93194.9,93225.4,92868.9,93000,1831.896,170426406.1548
1768816800000,93000,93041.9,92835,93028.4,1058.321,98365904.3926
1768820400000,93028.4,93278.7,92914.3,93144.7,1132.28,105422261.275
1768824000000,93144.7,93190.1,92956.9,93035.6,1119.371,104168975.7273
1768827600000,93035.6,93122.2,92702,92993.6,1657.413,153975192.3497
1768831200000,92993.6,93000,92648.3,92761.2,1919.874,178160971.6007
1768834800000,92761.2,93037.3,92761.2,93010.1,1461.083,135790733.2306
1768838400000,93010.1,93377,92941.4,93257.1,1787.006,166491040.4104
1768842000000,93257.1,93354,93090.1,93186.1,1655.023,154232279.1395
1768845600000,93186.1,93222.9,92869.7,93013.7,1075.327,100026365.0911
1768849200000,93013.7,93109.6,92936.5,93050.7,719.971,66987841.3679
1768852800000,93050.7,93261.8,93050.7,93097.2,617.488,57513960.8928
1768856400000,93097.2,93299.9,92935.9,92960.1,795.168,74012574.0742
1768860000000,92960.1,93024,92505.7,92521.9,2060.654,191088299.0878
1768863600000,92521.9,92718.6,92111.2,92584.3,4078.261,377001736.0668
1768867200000,92584.3,92846.4,92315.8,92673.4,1849.766,171308488.5699
1768870800000,92673.4,92847.1,92482,92687.1,1121.632,103985087.9672
1768874400000,92687.1,92691,92327.6,92510.8,1398.454,129359667.536
1768878000000,92510.8,92604.5,92203.1,92396.4,1541.611,142374118.7588
1768881600000,92396.4,92435.6,91950,92026.5,2653.165,244575993.5441
1768885200000,92026.5,92041.4,91235.8,91587.9,8570.588,785271975.2618
1768888800000,91587.9,91590,90720.5,90891.5,6640.267,604430186.0466
1768892400000,90891.5,91241.6,90809.7,91124.9,2559.43,233002899.0559
1768896000000,91124.9,91200,90610.1,91067.4,3710.403,337306810.2529
1768899600000,91067.4,91067.4,90833.5,90981.3,1327.212,120733191.9343
1768903200000,90981.3,91257.3,90947.2,91212.2,1255.972,114472313.5844
1768906800000,91212.2,91415.9,91160.7,91177.3,1729.474,157907988.2595
1768910400000,91177.3,91275.4,91005.9,91230.1,1558.818,142068876.2057
1768914000000,91230.1,91248.3,90718.8,90915.8,2947.951,268060027.6755
1768917600000,90915.8,91339,90200,90483.8,9081.819,823719132.6895
1768921200000,90483.8,90766.3,89800.5,90635.2,10311.236,930619597.9945
1768924800000,90635.2,90920,89957.7,90115.1,3920.087,354500498.1857
1768928400000,90115.1,90459.3,89374.4,89730.3,6915.208,620972936.3504
1768932000000,89730.3,89914.7,89350.5,89450.6,2938.994,263399935.8546
1768935600000,89450.6,89762.3,89228.2,89680.8,3771.163,337348515.3698
1768939200000,89680.8,89826,89357,89701.4,2882.183,258342966.9648
1768942800000,89701.4,89807,89374.3,89424.9,1702.416,152457377.5887
1768946400000,89424.9,89616.8,87773.1,88453.2,8730.969,772705748.0076
1768950000000,88453.2,88481,87822,88379.9,4863.673,428791447.6111
1768953600000,88379.9,88935.5,88202.2,88884,2794.375,247690809.6775
1768957200000,88884,89119,88800,88975.1,1494.861,133018475.2188
1768960800000,88975.1,89314.2,88944.1,89000,1719.802,153265744.1882
1768964400000,89000,89560,88986.2,89382.6,1724.005,153977965.7332
1768968000000,89382.6,89597.1,89285.6,89402.4,1003.486,89745312.3915
1768971600000,89402.4,90099.6,89377.5,89917.2,2769.621,248650096.8406
1768975200000,89917.2,89917.2,89450,89613.4,1799.154,161397585.8587
1768978800000,89613.4,89726.6,89048.3,89175,2351.661,210040562.4336
1768982400000,89175,89357.8,88947.5,89161.3,1854.624,165341705.1749
1768986000000,89161.3,89452.7,89022.5,89072,1317.029,117587511.0599
1768989600000,89072,89354.2,89022,89196,711.317,63469714.5987
1768993200000,89196,89347.2,88642.2,88750.9,2143.088,190567155.0746
1768996800000,88750.9,88815.8,88145.2,88701.9,4592.057,406234584.044
1769000400000,88701.9,88989,88508.6,88619.3,3091.403,274489654.0919
1769004000000,88619.3,89959.8,88550.5,89757,11436.73,1023384467.5948
1769007600000,89757,90542.2,89720,90235.2,7279.389,656176403.9976
1769011200000,90235.2,90314.8,87524.7,87549.4,13250.081,1175340348.2658
1769014800000,87549.4,88119.9,87212,87882.4,8180.173,717292880.3384
1769018400000,87882.4,88618.7,87536.8,88436,4032.501,355380670.0166
1769022000000,88436,90440.3,88240.9,90329.5,12728.342,1141033492.4178
1769025600000,90329.5,90350,89415.2,90174.4,5662.469,508838906.8812
1769029200000,90174.4,90305,89927.8,90205.4,1882.093,169608574.975
1769032800000,90205.4,90361.5,89711,89723.8,1418.822,127740614.4375
1769036400000,89723.8,90212.2,89311.5,89410.1,3746.991,336312726.4823
1769040000000,89410.1,89992.7,89410,89873.8,1667.96,149665239.2434
1769043600000,89873.8,90172.2,89773.2,90062.4,1879.98,169251265.6749
1769047200000,90062.4,90337.9,89780.2,89899.5,2203.182,198377059.3405
1769050800000,89899.5,90133.4,89650.1,89849.5,1673.602,150457469.5886
1769054400000,89849.5,90041.1,89776.5,89955,1275.305,114675249.4042
1769058000000,89955,90037,89877,89983.8,559.222,50310107.6549
1769061600000,89983.8,90174.1,89850,90130,1373.636,123719697.365
1769065200000,90130,90159.9,89747,89772.6,1690.33,151986609.4175
1769068800000,89772.6,89925.8,89701.9,89872,944.235,84812362.1171
1769072400000,89872,90083,89833.8,89988.8,816.746,73493912.6776
1769076000000,89988.8,90072,89908.2,90023.7,790.485,71137248.9894
1769079600000,90023.7,90100,89850,89895,1052.532,94671465.8334
1769083200000,89895,90061,89822.9,89968.6,684.313,61560996.5443
1769086800000,89968.6,90296.8,89432.5,89563.9,4558.943,409543046.6453
1769090400000,89563.9,89700,89000,89027.6,7699.163,687904307.4075
1769094000000,89027.6,89418.4,88462.3,88945.4,8749.861,778036099.1548
1769097600000,88945.4,89223.3,88621,88997.1,4226.546,375851295.8774
1769101200000,88997.1,89580,88963.3,89500,2777.829,247970833.3174
1769104800000,89500,89749,89253,89295.5,2442.938,218736665.971
1769108400000,89295.5,89883.9,89062.4,89730.9,3263.413,292502058.2573
1769112000000,89730.9,89909.2,89346.2,89371.2,2180.315,195400275.5795
1769115600000,89371.2,89634.9,89202.2,89226.8,1174.158,104974889.6817
1769119200000,89226.8,89545.5,89104,89302.4,1268.013,113212196.2185
1769122800000,89302.4,89569.6,89121,89511.7,1062.486,94958960.2431
1769126400000,89511.7,89612.1,89399,89489.7,601.972,53892869.5991
1769130000000,89489.7,89906,89489.7,89895.4,1107.181,99303252.0881
1769133600000,89895.4,89946,89606.3,89614.6,1091.616,98006989.5876
1769137200000,89614.6,89896.5,89600,89896,750.829,67407252.5163
1769140800000,89896,90062.7,89822,89921.1,777.033,69896416.4102
1769144400000,89921.1,89934.2,89412.6,89566.1,1235.823,110776686.7938
1769148000000,89566.1,89761.6,89353.3,89465.5,1294.662,115953526.7459
1769151600000,89465.5,89644,89390,89483.2,1103.879,98811837.5925
1769155200000,89483.2,89582.2,89077.2,89165.1,2233.986,199451878.7847
1769158800000,89165.1,89338.1,88838.9,88928,2271.099,202194099.3193
1769162400000,88928,89117.5,88806.8,89003.6,1230.928,109559194.0754
1769166000000,89003.6,89312,88950,89168.3,1085.023,96750431.3148
1769169600000,89168.3,89338,89042,89218.7,771.789,68822405.3313
1769173200000,89218.7,89408.6,89186,89308,1072.579,95773458.233
1769176800000,89308,89680,88606.4,88966.4,6311.656,562102542.0045
1769180400000,88966.4,89822.8,88500,89707.1,5364.914,478197499.3826
1769184000000,89707.1,90450,89432.5,90082.6,7833.797,704887428.1602
1769187600000,90082.6,91180,89920.6,90557.5,7479.94,678620541.9752
1769191200000,90557.5,90993,90400.1,90477.6,3160.664,286671911.8474
1769194800000,90477.6,90495,89543.7,89936.6,4432.728,398783616.2094
1769198400000,89936.6,90113.7,89162,89455.7,3104.143,277945544.4241
1769202000000,89455.7,89642,89263.5,89300,1165.843,104326267.0612
1769205600000,89300,89728.9,89289,89587.9,1084.741,97173736.5154
1769209200000,89587.9,89589.6,89416.5,89551.7,613.497,54915313.8216
1769212800000,89551.7,89589.6,89375,89401.1,428.594,38343722.2491
1769216400000,89401.1,89538.5,89400,89500,264.519,23667828.8886
1769220000000,89500,89671.3,89500,89659.9,464.867,41652076.7833
1769223600000,89659.9,89883.4,89620,89724.4,637.066,57197783.1835
1769227200000,89724.4,89800,89662.8,89791.6,434.017,38934774.1105
1769230800000,89791.6,89810.1,89700,89744.3,262.663,23576084.1515
1769234400000,89744.3,89744.3,89576.8,89603.5,465.375,41720507.8879
1769238000000,89603.5,89646.9,89513.8,89570.1,385.612,34542813.6926
1769241600000,89570.1,89650,89535,89628.8,304.608,27288214.4843
1769245200000,89628.8,89628.9,89541,89548.8,424.699,38045136.0489
1769248800000,89548.8,89618.2,89532.7,89577.7,209.845,18796861.7191
1769252400000,89577.7,89620,89545.3,89545.3,296.152,26528602.7466
1769256000000,89545.3,89550,89434.8,89494.9,424.775,38019028.8595
1769259600000,89494.9,89497,89314.9,89315,549.463,49135712.4566
1769263200000,89315,89464,89105.7,89405.4,1829.685,163432651.3826
1769266800000,89405.4,89452.9,89192.8,89236.1,914.581,81668318.0909
1769270400000,89236.1,89319.6,89113.2,89234.7,1222.927,109085456.8101
1769274000000,89234.7,89373.7,89203.2,89350,918.681,82043253.8766
1769277600000,89350,89432.9,89326.1,89350,265.374,23718939.819
1769281200000,89350,89350.1,89222,89281.7,359.87,32130503.7451
1769284800000,89281.7,89366.8,89281.6,89342.6,196.64,17568174.3046
1769288400000,89342.6,89342.9,89224.8,89339.3,303.445,27092704.9305
1769292000000,89339.3,89455.7,89249.9,89400.3,435.613,38931700.1668
1769295600000,89400.3,89440,89156.3,89177.1,524.273,46815751.1644
1769299200000,89177.1,89271.8,89120.4,89271.8,502.412,44812486.3118
1769302800000,89271.8,89271.8,89028.4,89136.2,505.359,45046679.4041
1769306400000,89136.2,89224,89086.6,89096.6,258.994,23090514.77
1769310000000,89096.6,89149.6,88800.1,88915.5,1148.018,102075878.7516
1769313600000,88915.5,89074.5,88892,88978.9,859.512,76491475.8721
1769317200000,88978.9,89026,88834.5,88958.4,326.882,29069817.3507
1769320800000,88958.4,88958.5,88596.2,88804.7,1677.619,148890810.3475
1769324400000,88804.7,88804.8,88586.3,88620,579.838,51426604.5608
1769328000000,88620,88726.9,88100,88254.1,2555.494,225798214.867
1769331600000,88254.1,88455,88188,88363.5,1425.168,125906405.4285
1769335200000,88363.5,88634.1,88363.4,88605,1221.834,108149116.6634
1769338800000,88605,88665.3,88480.7,88522.8,698.767,61898273.3252
1769342400000,88522.8,88767.5,88378,88756,1839.755,163029301.4466
1769346000000,88756,88937.4,88588.9,88875,1418.757,125964642.1768
1769349600000,88875,88900,88566.6,88661.4,1248.087,110723943.7701
1769353200000,88661.4,88735,88314,88407.9,1321.643,116999379.9996
1769356800000,88407.9,88417.3,87477,88042.3,8660.124,761073849.3741
1769360400000,88042.3,88064.9,87698.3,87835.2,1577.181,138581999.7944
1769364000000,87835.2,87943.2,86752.9,87364.1,7391.526,645596954.9507
1769367600000,87364.1,87464,86142.3,86453.1,8655.908,749768154.7243
1769371200000,86453.1,86666,86170.2,86615.3,3849.153,332615034.5905
1769374800000,86615.3,86997.7,86362.5,86538,3188.741,276341482.0931
1769378400000,86538,86653.3,86172.5,86492.1,2617.473,226109236.676
1769382000000,86492.1,86757,86031.4,86625.6,5302.371,458009311.6055
1769385600000,86625.6,87150,86446.8,86800.3,3927.361,341063269.8527
1769389200000,86800.3,87780.3,86763.6,87648.8,3347.613,292811846.614
1769392800000,87648.8,87929.7,87381.2,87503,2313.794,202710424.3884
1769396400000,87503,87640,87034.9,87241.2,1405.841,122809679.2263
1769400000000,87241.2,87914.1,87188,87705.5,1949.67,170843123.2508
1769403600000,87705.5,87923.9,87622.2,87774.3,1021.941,89721460.2569
1769407200000,87774.3,87999.8,87719,87905.1,1400.338,123047413.3078
1769410800000,87905.1,88043.4,87664.8,87964.3,1376.606,120950505.7104
1769414400000,87964.3,88355,87804,87943.8,2243.06,197602733.963
1769418000000,87943.8,87968.4,87555,87626.8,2200.965,193046899.8159
1769421600000,87626.8,87926.6,87608.3,87853.6,900.268,79069981.9455
1769425200000,87853.6,87955.4,87711,87816,659.24,57901068.4282
1769428800000,87816,87937.6,87684,87759.3,925.672,81279214.4721
1769432400000,87759.3,88010.9,87659,87922,1323.819,116321171.6595
1769436000000,87922,88512.8,87394.2,88130,6811.727,599200498.2465
1769439600000,88130,88843.9,87268.8,87598.9,8783.364,773552178.1428
1769443200000,87598.9,87922,87141.3,87578.9,3712.343,325000029.6723
1769446800000,87578.9,87742.6,86923.3,87658.7,3585.062,313101616.5239
1769450400000,87658.7,88380,87604,88375.5,3547.178,312186870.5056
1769454000000,88375.5,88524.2,87913.5,87969.1,2457.439,216914607.1766
1769457600000,87969.1,88088.8,87489.5,87586.8,2094.219,183787635.5233
1769461200000,87586.8,88209,87524.1,88022.3,1483.924,130452152.7481
1769464800000,88022.3,88234.5,87942,88090.1,1030.138,90736427.7831
1769468400000,88090.1,88631.2,87962.6,88305.1,1825.524,161388855.7727
1769472000000,88305.1,88417.9,88159.8,88319,999.615,88233115.5636
1769475600000,88319,88682,88150,88524.6,1250.579,110615804.6421
1769479200000,88524.6,88837.1,88510.3,88778.4,1693.131,150135260.1861
1769482800000,88778.4,88893.3,88523.9,88740,1113.565,98772938.7744
1769486400000,88740,88977.7,88456,88530.3,1369.003,121487902.3181
1769490000000,88530.3,88550,88350,88418.1,869.677,76914113.5225
1769493600000,88418.1,88484,88225.6,88290.6,1028.911,90884028.2606
1769497200000,88290.6,88525.3,88268.2,88282.8,937.091,82856324.177
1769500800000,88282.8,88364.6,88075,88127.8,1387.246,122364656.369
1769504400000,88127.8,88127.8,87815.9,87841.8,1808.819,159114595.6271
1769508000000,87841.8,88042.7,87688.1,87735.2,1558.381,136937170.268
1769511600000,87735.2,88050,87694,87937,1257.054,110482301.3532
1769515200000,87937,88108.7,87894.2,87938.8,1168.312,102809516.8446
1769518800000,87938.8,88027.9,87747.5,87932.3,994.052,87362912.6093
1769522400000,87932.3,88400,87606.1,87701.7,4655.784,409571451.1013
1769526000000,87701.7,88165.6,87502,87990.6,3921.843,344320462.2703
1769529600000,87990.6,88786.4,87948.5,88597,5777.757,511254626.5724
1769533200000,88597,88649.8,87234,87491.7,7335.347,643482163.201
1769536800000,87491.7,88480.7,87400,88242.1,3552.462,312232347.4789
1769540400000,88242.1,88513.2,88003.5,88373.1,2015.149,177840748.189
1769544000000,88373.1,89470.8,88331.3,89355.2,7977.632,710265854.8314
1769547600000,89355.2,89499.8,88968.9,89040.7,3284.998,293190303.6294
1769551200000,89040.7,89383.8,88969.8,89200,1730.13,154261317.8045
1769554800000,89200,89487.7,89093.6,89202.3,1745.958,155937236.8658
1769558400000,89202.3,89437,89100.1,89429.9,940.262,83910252.3864
1769562000000,89429.9,89460.4,89148.4,89355.5,1121.85,100220140.9053
1769565600000,89355.5,89417.6,89053,89243.2,983.29,87710215.2729
1769569200000,89243.2,89270,88923.8,89080,1048.079,93346811.2298
1769572800000,89080,89133.5,88802,88944.7,1297.303,115389318.3802
1769576400000,88944.7,89065.5,88800,89050,1407.575,125169822.9871
1769580000000,89050,89366.3,89049.9,89286.6,1093.191,97525380.3098
1769583600000,89286.6,89320.4,89059.6,89105,706.985,63051341.9318
1769587200000,89105,89229.9,88839.3,88885.3,1389.663,123714128.0552
1769590800000,88885.3,89545,88815.6,89536.7,2157.866,192450789.0208
1769594400000,89536.7,89696.9,89291.2,89362.1,2772.235,248003572.8245
1769598000000,89362.1,90132,89274.1,90039.7,4385.706,393783720.5715
1769601600000,90039.7,90146.8,89742.3,89968,2908.398,261515630.6096
1769605200000,89968,90455.7,89933.5,90229.5,4604.831,415354687.2723
1769608800000,90229.5,90229.6,89401.2,89571.4,4669.765,419218650.1704
1769612400000,89571.4,89813,88836.3,89439.8,6566.295,586216537.7014
1769616000000,89439.8,89799,89200,89588.2,2769.962,247955987.8183
1769619600000,89588.2,90597,89207.7,90141.7,5893.968,530171432.2873
1769623200000,90141.7,90149,89269.4,89489.7,6539.206,586657560.6914
1769626800000,89489.7,89684.1,88951.1,89350.5,5653.351,504950586.9524
1769630400000,89350.5,89864.1,88963,89092.3,4118.216,368158073.5932
1769634000000,89092.3,89448,88813,89366.7,2588.058,230525340.4519
1769637600000,89366.7,89442,89082,89336.5,1070.296,95535857.6686
1769641200000,89336.5,89438,89160,89261.7,1094.512,97739725.3309
1769644800000,89261.7,89312.7,88853.5,89110.8,1487.216,132456615.9737
1769648400000,89110.8,89120.7,88500,88555.9,2887.104,256137427.016
1769652000000,88555.9,88718.5,87650,87864.7,5649.131,497811914.0341
1769655600000,87864.7,88229,87720,88012.2,2468.711,217268804.9843
1769659200000,88012.2,88300.1,87857.8,88264.1,1168.588,102926092.2847
1769662800000,88264.1,88389.8,88091,88146.7,1443.503,127410990.5463
1769666400000,88146.7,88299.3,88128.8,88277,674.761,59534640.3458
1769670000000,88277,88388.5,88211.4,88314.5,1050.486,92753784.7932
1769673600000,88314.5,88458.8,87844,88014.3,3714.221,327237783.2924
1769677200000,88014.3,88111.6,87820,87840,1209.415,106398065.0682
1769680800000,87840,87965.4,87770,87900.2,1520.824,133644491.0497
1769684400000,87900.2,88021.1,87690.6,87786,1752.142,153881019.2144
1769688000000,87786,88076.7,87767.6,88069.1,1521.78,133842234.4187
1769691600000,88069.1,88142.7,87902.5,88000,934.048,82241436.5928
1769695200000,88000,88030,86950.1,86961.8,7737.534,677213036.0865
1769698800000,86961.8,86990,84300.3,84891.6,24117.951,2059408999.1127
1769702400000,84891.6,85359.5,84215,85236.3,9703.588,821901249.2739
1769706000000,85236.3,85595.7,83941.1,84218.2,9531.908,808709459.3995
1769709600000,84218.2,84587.2,83351.3,83428.2,11107.414,931735301.8187
1769713200000,83428.2,84321.6,83311,83967.6,5916.22,496015074.2704
1769716800000,83967.6,84356,83773.2,84178.7,2668.927,224301695.948
1769720400000,84178.7,84622.1,84164.5,84485.1,1923.291,162259977.4088
1769724000000,84485.1,84574,84268,84522.9,1325.123,111853921.9836
1769727600000,84522.9,84703.2,84389.6,84599.8,1724.258,145810783.855
1769731200000,84599.8,84692.3,84062.8,84140,2381.041,200843778.2018
1769734800000,84140,84150.5,81000,82429.6,19935.63,1642562163.5208
1769738400000,82429.6,82496,81089.1,82119.9,8678.528,709674584.4083
1769742000000,82119.9,82696.2,81996.8,82628.9,3363.545,276949106.4884
1769745600000,82628.9,83287.1,82628.8,82892.4,3140.955,260571443.1599
1769749200000,82892.4,83297.9,82843.2,82859.6,2352.983,195430490.5149
1769752800000,82859.6,82876.1,82009.8,82548.1,4456.445,367692745.7223
1769756400000,82548.1,83070.2,82431.2,82755.3,3538.509,292758404.3475
1769760000000,82755.3,82946.3,82387.8,82622.9,2014.09,166437323.8151
1769763600000,82622.9,82796.6,82081.7,82311.5,3158.651,260229298.626
1769767200000,82311.5,82849.9,82118.6,82783.8,2151.951,177505877.6604
1769770800000,82783.8,83263.5,82622.9,83103.7,3129.388,259318452.9149
1769774400000,83103.7,83287,82569.5,82744.8,2766.709,229312674.2978
1769778000000,82744.8,83050.9,82361,82702.1,2521.169,208423520.9853
1769781600000,82702.1,83771.2,82690.4,83070.1,7285.588,606201339.272
1769785200000,83070.1,83577.2,82316.3,82838.7,6689.891,555266951.4399
1769788800000,82838.7,83476.2,82500,83108.5,4302.372,357179944.9199
1769792400000,83108.5,83440,82588.5,82904,4380.398,363578553.8465
1769796000000,82904,84145,81832,83895.3,11760.774,974559002.3389
1769799600000,83895.3,84635.7,83867.4,84210.7,7246.167,610515348.1253
1769803200000,84210.7,84285,83505,83880.9,6495.436,544887697.1955
1769806800000,83880.9,84481.5,83756.4,84235.4,2929.814,246671030.5195
1769810400000,84235.4,84300,83872.7,84181.4,1400.32,117680864.6562
1769814000000,84181.4,84277.3,83902.8,84222.5,1039.203,87375538.0037
1769817600000,84222.5,84254.3,83973,84034.2,1226.755,103198290.5177
1769821200000,84034.2,84224.3,83860.7,83972.9,984.543,82743078.8063
1769824800000,83972.9,84155.1,83778.4,84091.4,971.195,81537712.2481
1769828400000,84091.4,84206.6,83987,83990.6,600.146,50470639.6289
1769832000000,83990.6,84116.4,83900,83960.4,608.87,51156500.2578
1769835600000,83960.4,84054.7,83851.3,83962.6,1061.979,89136778.1973
1769839200000,83962.6,84006.1,83595,83736.2,1284.011,107547689.7033
1769842800000,83736.2,83768.6,83360.3,83506.1,1708.024,142653733.48
1769846400000,83506.1,83599.1,82530,83020.7,4195.266,348173144.425
1769850000000,83020.7,83281,82840.3,83075.9,1407.59,116974014.8557
1769853600000,83075.9,83171.8,82874.8,83120.1,1053.022,87437329.8922
1769857200000,83120.1,83120.2,82773.8,82978.6,799.676,66326461.9487
1769860800000,82978.6,83113.3,82671.4,82736,1366.828,113292115.82
1769864400000,82736,82887.4,82396.8,82733.3,2025.568,167338736.7261
1769868000000,82733.3,82894.3,80750,81440.1,14148.143,1152764803.9897
1769871600000,81440.1,81745.9,81045.4,81255.2,5069.129,412215956.75
1769875200000,81255.2,82264.5,80022,80308,20570.438,1666227944.7322
1769878800000,80308,80498.5,78080.5,78848.1,23226.415,1837705057.9409
1769882400000,78848.1,79096.8,75689.6,78016.7,27400.971,2123615024.2584
1769886000000,78016.7,78544.7,77150,77719.1,8620.493,671118378.1398
1769889600000,77719.1,78114.9,77033.2,77953.8,5738.026,445024590.6992
1769893200000,77953.8,78336.9,77325.1,78262.2,6263.407,487814076.604
1769896800000,78262.2,78479,77954.8,78113.7,2750.556,215139301.4899
1769900400000,78113.7,79239.7,78031,78704.4,7503.11,591147244.7371
1769904000000,78704.4,79388.5,78611.1,78850.1,3027.857,239312595.1976
1769907600000,78850.1,78900,78252,78495.7,2709.016,212683578.6623
1769911200000,78495.7,79022.3,78331.2,78847,1799.535,141580499.3784
1769914800000,78847,78969.7,78628,78829.7,835.829,65840888.1714
1769918400000,78829.7,79074.3,78683,78930.8,1166.268,92046204.4071
1769922000000,78930.8,78967.8,78461.1,78572.6,2450.218,192793966.522
1769925600000,78572.6,78791,78220.7,78255.6,1713.947,134529625.6215
1769929200000,78255.6,78693.1,77836.9,78315.5,3392.164,265309468.0941
1769932800000,78315.5,78835,78220,78560.4,1805.654,141824786.0428
1769936400000,78560.4,79119.9,78502.8,79000,1345.109,105984748.965
1769940000000,79000,79187,78116,78242.6,3099.955,243634185.1799
1769943600000,78242.6,78843.7,78242.6,78715.1,1580.619,124202586.5965
1769947200000,78715.1,78733.2,78200.1,78417.6,1705.287,133819584.4774
1769950800000,78417.6,78734.5,78150,78281.5,2209.09,173345089.4142
1769954400000,78281.5,78509.4,77200,78181.4,8832.668,687560645.3147
1769958000000,78181.4,78234.1,76725.4,77564.3,8005.055,618975236.3194
1769961600000,77564.3,77810.4,77050.2,77456.1,4409.051,341207403.581
1769965200000,77456.1,77719.1,77260,77719,1989.963,154284789.7843
1769968800000,77719,78409.1,77682.5,77997.2,4688.921,365882969.449
1769972400000,77997.2,78080,76950.6,77143.8,2794.628,216465359.2009
1769976000000,77143.8,77723.3,76552.3,77067.8,4888.986,376832768.8888
1769979600000,77067.8,77144,76292.6,76490.6,4446.394,341072034.5981
1769983200000,76490.6,77770.7,76409.6,77212.9,4339.416,334796413.6394
1769986800000,77212.9,77600,75663.2,76938.5,12667.938,970226340.248
1769990400000,76938.5,78177.9,76579.4,77638.7,5346.564,414821188.907
1769994000000,77638.7,77923.2,76558.4,77480,4653.609,359975681.0974
1769997600000,77480,77529.9,76404,76450.6,3707.317,285290020.0511
1770001200000,76450.6,76542,74567.3,76268.9,17192.54,1295244977.5136
1770004800000,76268.9,76592.7,75280.8,75852,6092.154,463023234.8182
1770008400000,75852,75963.3,74849.3,75446.1,5182.558,390166442.5728
1770012000000,75446.1,76800,74902,76516.9,7725.434,586267711.9389
1770015600000,76516.9,76932.9,76290.1,76606.1,3348.013,256432149.6646
1770019200000,76606.1,77169.1,76576.2,76829.4,3700.876,284419571.0226
1770022800000,76829.4,77777,76611.1,77669.7,5279.062,407961186.4548
1770026400000,77669.7,77824.7,77417.6,77461.6,2288.731,177593580.8669
1770030000000,77461.6,77939,77400,77727.2,2013.444,156494152.5211
1770033600000,77727.2,78500,77661.5,77950.2,4172.875,325633440.2671
1770037200000,77950.2,78425.1,77746.3,78178.3,2728.876,212758549.487
1770040800000,78178.3,78849,77569.6,77808,8444.502,660653315.0493
1770044400000,77808,79388,77492.3,78794.9,11356.51,892964113.1179
1770048000000,78794.9,79245.4,78525.3,78588.2,4528.149,357273146.3992
1770051600000,78588.2,79173,78550,78936.9,3274.813,258474010.4105
1770055200000,78936.9,78947.6,78310.6,78526.4,2695.132,211876162.2618
1770058800000,78526.4,78667.9,78228.6,78290.1,1683.767,132029066.7097
1770062400000,78290.1,78637.7,77850.9,77963.2,2649.852,207224739.9606
1770066000000,77963.2,78516.4,77869.9,78496,1544.87,120900955.5765
1770069600000,78496,78825.4,78482.4,78765.9,1437.87,113161565.0299
1770073200000,78765.9,78951.1,78511.4,78693.9,1408.788,110889451.8996
1770076800000,78693.9,79091.8,78359,79038.2,1801.637,141933945.1089
1770080400000,79038.2,79177.7,78667.9,78980.8,1792.845,141468804.8523
1770084000000,78980.8,78980.8,77750,77769,2687.803,210431084.847
1770087600000,77769,78868.8,77600.1,78709.6,3429.163,268010486.5534
1770091200000,78709.6,78967.5,78440.6,78762,1928.604,151749010.5815
1770094800000,78762,78775.1,78180.5,78200.6,1408.699,110458956.294
1770098400000,78200.6,78631.9,77909.8,78558.7,1771.342,138683813.189
1770102000000,78558.7,78895.2,78448.6,78755.2,1827.216,143859470.2376
1770105600000,78755.2,79040,78420,78707.8,1882.366,148307150.5221
1770109200000,78707.8,78811.1,77870.9,78345.4,4065.818,318061323.165
1770112800000,78345.4,78533.4,78013.5,78072.6,1438.636,112568914.9262
1770116400000,78072.6,78315.4,77945.4,78034.7,1614.026,126100205.3979
1770120000000,78034.7,78380.9,77925.4,78289.5,2078.655,162556594.4104
1770123600000,78289.5,78417.2,78150,78257.4,1761.057,137829248.6827
1770127200000,78257.4,78389.2,77124,77160,6768.017,526519757.847
1770130800000,77160,78192.9,77004.1,78097.1,10210.359,792514975.0685
1770134400000,78097.1,78106.3,76450,76456,10512.029,808912231.9761
1770138000000,76456,76504.8,74832.5,74874.2,13424.93,1016213260.2704
1770141600000,74874.2,75268,73110,73111.4,22076.17,1636581115.4966
1770145200000,73111.4,75215.7,72889.7,74889.3,18423.654,1369488436.2246
1770148800000,74889.3,76682.9,74543.8,76433.4,11330.906,859136950.088
1770152400000,76433.4,76913.8,76090.4,76200.3,5193.703,397307703.4382
1770156000000,76200.3,76271.6,75367.9,75673,4988.232,378062981.828
1770159600000,75673,75975.9,75382.5,75723.2,3521.285,266583254.8256
1770163200000,75723.2,76230.5,75414,75872.6,2770.654,210225421.6394
1770166800000,75872.6,76755,75872.6,76391.3,2979.229,227803277.9076
1770170400000,76391.3,76575.9,75663.6,75928.7,2267.909,172583831.5883
1770174000000,75928.7,76991.2,75873.9,76673,4649.499,356164088.0404
1770177600000,76673,76812.2,76386.3,76451.3,1080.573,82779407.4976
1770181200000,76451.3,76507.7,76076,76257.3,1461.91,111552342.8365
1770184800000,76257.3,76759.4,76230.5,76620.5,1491.84,114164523.9433
1770188400000,76620.5,76634,76311.8,76484.2,1526.589,116730786.8156
1770192000000,76484.2,76570,76026.5,76553.3,3263.988,249061510.6311
1770195600000,76553.3,76578.8,75908.4,76089.1,2336.846,178007018.9271
1770199200000,76089.1,76307.9,76025.7,76264.1,1317.889,100385732.1778
1770202800000,76264.1,76265.6,75635.2,75998.9,3690.607,280223651.8235
1770206400000,75998.9,76244.9,75974.2,76148.1,2519.684,191832391.9473
1770210000000,76148.1,76165.5,74822.3,74829,5040.508,380084165.9182
1770213600000,74829,75746.5,74200,74316.9,9965.766,747607731.1307
1770217200000,74316.9,75314.7,73728.3,74094.8,13938.334,1037283183.2256
1770220800000,74094.8,74213.5,73032,73611.2,11304.019,831887723.8639
1770224400000,73611.2,73831.8,72090.4,72537.6,15581.822,1134589507.8854
1770228000000,72537.6,74124.2,72222,73395.7,13895.951,1017586117.1786
1770231600000,73395.7,73986.8,73003.7,73894.6,6169.641,453627959.6236
1770235200000,73894.6,74136,73388.4,73479.2,2740.773,201952209.8805
1770238800000,73479.2,73631.7,72148.7,72758,5484.668,399525357.8418
1770242400000,72758,73650,71805.2,72506.3,9044.013,656919424.3161
1770246000000,72506.3,73488,72419.2,73130.3,4400.033,321399835.2991
1770249600000,73130.3,73294.2,72712.5,72829.6,2821.637,205916979.8622
1770253200000,72829.6,73312.1,71933.1,72380.9,6878.577,499204352.7047
1770256800000,72380.9,72819.9,71268,71429.5,9548.271,687392909.3694
1770260400000,71429.5,71864.8,71120.2,71189.1,6287.565,449273948.4593
1770264000000,71189.1,71431.1,70646.2,70844.3,9021.317,640793650.2512
1770267600000,70844.3,71133.9,70085.7,70693.8,8617.749,608438473.1907
1770271200000,70693.8,70950,70394.3,70916.9,4442.641,313947017.2582
1770274800000,70916.9,71600,70591.5,70716.4,5808.354,413540500.0304
1770278400000,70716.4,71526.4,70642.9,71022.6,3738.618,265937276.3214
1770282000000,71022.6,71936.3,71002.2,71529.2,4169.431,298559272.2803
1770285600000,71529.2,71697.9,70617.6,70818.8,5027.973,357728437.0357
1770289200000,70818.8,71026.6,69865.8,70287.8,11152.761,784306580.4738
1770292800000,70287.8,70574.4,69126.2,69541,12988.715,903469402.2617
1770296400000,69541,69809.3,69224.7,69658.4,4393.04,305299208.6651
1770300000000,69658.4,70866.3,69251.2,69368,12675.941,888378564.5793
1770303600000,69368,69594.7,66655.2,67450.8,39937.328,2705232740.7923
1770307200000,67450.8,68668.8,66894.9,68268.2,14627.464,991878110.8081
1770310800000,68268.2,68350,66100.3,66151.9,16813.072,1126505611.2829
1770314400000,66151.9,66518.4,65354.2,66313.1,15187.45,1000435016.8436
1770318000000,66313.1,66614,65148.5,65232.2,10546.188,695025223.726
1770321600000,65232.2,65675,62250,63739.3,33832.909,2156960670.9679
1770325200000,63739.3,64778.7,62842.6,63185,20530.403,1310159652.1917
1770328800000,63185,64584.7,62639.6,63882.5,14032.17,891905775.8002
1770332400000,63882.5,64868,62679.6,62872.7,12926.441,825339544.3929
1770336000000,62872.7,63832.6,59888,63467.9,49033.215,3012705178.7884
1770339600000,63467.9,65731.5,63467.8,65668.5,13760.488,888279498.9333
1770343200000,65668.5,65972.8,64164.6,64964.6,10015.681,650689286.1089
1770346800000,64964.6,65132.4,63724,64138.7,6216.649,400485966.4031
1770350400000,64138.7,64980.4,63926.9,64876.9,4264.27,275562482.3241
1770354000000,64876.9,66799.9,64772.1,66364.8,9885.971,651806206.4681
1770357600000,66364.8,66757.2,64797.6,64954.9,9800.014,643330194.996
1770361200000,64954.9,65521.5,64600.6,64813.6,8111.607,527249251.554
1770364800000,64813.6,65171.2,64434.1,64859.8,5187.332,336166736.062
1770368400000,64859.8,66132.3,64725,65758.1,5811.128,380944302.0952
1770372000000,65758.1,66201.4,65491.2,65930.9,3961.28,261030781.3142
1770375600000,65930.9,66730,65735,66588.8,4134.498,273810711.5696
1770379200000,66588.8,66588.9,66080,66525.4,3044.552,201928753.8314
1770382800000,66525.4,67671.9,66444,67267.6,8775.268,588805086.2691
1770386400000,67267.6,68583.4,66591.5,68141.1,13571.847,919521742.3018
1770390000000,68141.1,69151.4,67679.8,68578.9,12467.707,852447125.2613
1770393600000,68578.9,70190.8,68373.7,69895.5,11792.666,819981214.1255
1770397200000,69895.5,71479.8,69516.8,70710.1,15072.086,1065672388.4611
1770400800000,70710.1,70780.1,69322,69747.6,12092.514,845638579.0099
1770404400000,69747.6,70924.2,69619.6,70689.8,6627.539,465646061.3315
1770408000000,70689.8,70969.7,69939.6,69945.5,5516.604,388264495.3091
1770411600000,69945.5,70469.2,69788.2,70322.9,3409.324,239157253.3991
1770415200000,70322.9,71571.8,70234.6,71308.6,4392.337,311607162.529
1770418800000,71308.6,71719.9,70457,70532.3,4155.646,295300779.9951
1770422400000,70532.3,70559.8,69676.2,69914.2,4834.962,338710310.1475
1770426000000,69914.2,70643.9,69691.7,70424.4,2869.956,201381428.9692
1770429600000,70424.4,70591,70106.7,70320.1,1398.283,98330397.3909
1770433200000,70320.1,70880,70235.4,70879.1,1871.945,132236807.4999
1770436800000,70879.1,71653.2,70558.8,70722,4862.817,345690580.8874
1770440400000,70722,71156.3,69920,70129.8,4765.813,335728821.9834
1770444000000,70129.8,70289.4,68700,68738,7304.709,508395718.4002
1770447600000,68738,69050,67307.3,68066.4,16396.731,1116492364.7241
1770451200000,68066.4,68783.7,67721.2,68479.7,6234.932,426275269.5858
1770454800000,68479.7,68762,67868.8,68115.2,3318.595,226626125.7496
1770458400000,68115.2,68281.7,67577.3,67964.2,3078.485,209072937.2428
1770462000000,67964.2,68142,67672.6,67946.2,1844.728,125275302.5224
1770465600000,67946.2,69972.1,67880.3,68996.1,13657.886,944160277.1565
1770469200000,68996.1,69335.5,68777.9,69062.4,2786.309,192369151.056
1770472800000,69062.4,69152.3,68278.5,68617.2,3271.805,224746328.0459
1770476400000,68617.2,69748.3,68524.4,69116.4,5664.554,391915456.3138
1770480000000,69116.4,69950,68805.8,68923.8,14580.852,1011605724.0841
1770483600000,68923.8,69400,68489.4,69160.1,3401.971,234627581.8201
1770487200000,69160.1,69671.4,68980,69476,2765.472,191740653.9032
1770490800000,69476,69550,69232.8,69338.2,1522.453,105599678.8619
1770494400000,69338.2,69691,69220,69599.2,1138.097,79074895.0389
1770498000000,69599.2,69669.1,69307.1,69471.4,918.017,63785689.0651
1770501600000,69471.4,69662,69281.3,69373,903.112,62727719.5501
1770505200000,69373,69433.4,68742,69248.2,2215.907,153042057.6489
1770508800000,69248.2,69400.4,68839,69096.5,1224.9,84614348.4691
1770512400000,69096.5,69476.7,69051.2,69350.2,895.691,62054420.2223
1770516000000,69350.2,69675.1,69126.3,69337.7,1435.975,99639902.6281
1770519600000,69337.7,69405.7,69018.9,69062.5,1105.425,76523737.9056
1770523200000,69062.5,69349.3,68926.5,69306.1,816.052,56438341.8007
1770526800000,69306.1,69389,69109.8,69190.2,651.73,45121830.5727
1770530400000,69190.2,69393,69046.7,69316.1,1399.461,96937111.9812
1770534000000,69316.1,69691.3,69177.8,69663.7,1470.837,102159955.2728
1770537600000,69663.7,70766.5,69467.9,70622.9,7304.738,512924960.8258
1770541200000,70622.9,70678.6,70057.4,70073.5,2582.89,181616954.1306
1770544800000,70073.5,70421,69844.8,70240.5,2891.818,202822258.9042
1770548400000,70240.5,71184,70176.3,70953.3,4413.433,312462926.293
1770552000000,70953.3,71250,70656.6,71204.6,3285.205,233012767.7746
1770555600000,71204.6,71491.4,70932.6,71476.2,3311.546,235989227.0571
1770559200000,71476.2,71524.7,71050,71222.1,1932.632,137704876.4845
1770562800000,71222.1,71430.6,70720.8,71153,3372.89,239711792.34
1770566400000,71153,71233.2,70195.5,70381,3838.806,271271000.6225
1770570000000,70381,70844,70372,70756.6,1715.935,121232899.4827
1770573600000,70756.6,71390.8,70716.6,71106,2349.391,167025998.4386
1770577200000,71106,71494.9,71106,71387.8,1106.314,78877021.5759
1770580800000,71387.8,71389.8,70664.4,70804.8,1680.079,119236679.8695
1770584400000,70804.8,71107.6,70502.9,70662.5,1255.089,88855398.1189
1770588000000,70662.5,71076,70612.4,71037.2,1272.401,90118139.4725
1770591600000,71037.2,72254.1,69945,70289.8,12399.682,880564328.7847
1770595200000,70289.8,70744.3,70053.3,70459.5,2764.043,194605161.9267
1770598800000,70459.5,70899.2,70018,70330.1,3206.015,225876164.6448
1770602400000,70330.1,70978.8,70170.1,70586.6,1822.914,128701829.3242
1770606000000,70586.6,71418.4,70572.5,71265.3,2757.525,195967321.6543
1770609600000,71265.3,71314.3,70863.1,70955.5,1435.424,101994102.861
1770613200000,70955.5,71083.9,70760.5,71005.8,1326.097,94026167.5661
1770616800000,71005.8,71005.8,70271.3,70630.5,2326.895,164143790.2127
1770620400000,70630.5,70880.7,70310.7,70387.1,2039.443,143917571.4457
1770624000000,70387.1,70581.8,69357.8,69836.4,5540.343,387120570.7802
1770627600000,69836.4,70093.3,69443.3,69593.3,3299.683,230194577.3678
1770631200000,69593.3,69699.9,68384,68690,8371.022,576740624.6132
1770634800000,68690,68991.9,68541.3,68900,2986.943,205527827.0668
1770638400000,68900,69223.5,68819.6,69106.5,2525.514,174414837.9018
1770642000000,69106.5,69267,68552.1,68556.4,2744.679,189258902.0985
1770645600000,68556.4,69747.5,68207.2,69230.5,8881.166,612630251.853
1770649200000,69230.5,69843.6,68779.9,69533,5638.521,391008005.6637
1770652800000,69533,70397.8,69051.9,70047,6511.04,454590426.053
1770656400000,70047,70976.9,69821.4,70582.1,6342.641,446790347.5241
1770660000000,70582.1,70989,70050,70385.6,3508.957,247150547.5789
1770663600000,70385.6,71065.5,70227.3,70933.4,2897.697,205138700.9735
1770667200000,70933.4,71119.9,70464,70699.4,2753.669,194887097.7067
1770670800000,70699.4,70777.8,69780.7,70364.5,3305.038,231919525.8827
1770674400000,70364.5,70714.3,70244.7,70343.1,1970.161,138867779.615
1770678000000,70343.1,70557.3,70000,70110.8,1687.012,118463913.4194
1770681600000,70110.8,70220.6,69715.8,69793.8,2228.787,155912016.9139
1770685200000,69793.8,70508.8,69787.5,70456.7,2130.57,149735963.3522
1770688800000,70456.7,70456.7,69953.8,70071.9,1298.617,91109539.3627
1770692400000,70071.9,70138.6,69149.3,69470.5,4388.149,305076706.4079
1770696000000,69470.5,69874.9,69438,69800,2057.663,143427500.2833
1770699600000,69800,69818.7,69153.6,69413.2,2335.659,162334224.0358
1770703200000,69413.2,69465.2,68603.7,68878.5,4157.894,286823080.8446
1770706800000,68878.5,69173.2,68800.9,68885.9,2156.079,148744829.6122
1770710400000,68885.9,69188.5,68680.6,69087.6,2045.381,141023888.1405
1770714000000,69087.6,69385.2,68907.6,69111.2,2311.058,159881761.4383
1770717600000,69111.2,69221,68877.9,68884,943.117,65116528.957
1770721200000,68884,69050,68365,68486.5,3340.181,229436297.3664
1770724800000,68486.5,68819.9,68386.6,68565.1,1940.123,133126657.6792
1770728400000,68565.1,69115,68286.2,68984.4,4047.072,278046137.6657
1770732000000,68984.4,69552.7,67869,68418.8,10915.953,749010818.3579
1770735600000,68418.8,69481.6,68250,69251,8485.793,585804887.6849
1770739200000,69251,69805.8,68900.1,69477.9,4453.51,309014576.5252
1770742800000,69477.9,69982.2,69283.6,69894.2,3140.132,218836090.1329
1770746400000,69894.2,69911.7,68565,68856.6,4195.948,289838734.4638
1770750000000,68856.6,69268.3,68650,69028.3,2655.059,183143394.8874
1770753600000,69028.3,69100,68583.6,68718.1,2247.548,154606563.7725
1770757200000,68718.1,68978.7,68315,68623.3,2146.978,147313628.2176
1770760800000,68623.3,68830,68517.3,68665.3,922.938,63367441.0636
1770764400000,68665.3,68827.5,68471.3,68804.3,1025.589,70403104.6434
1770768000000,68804.3,69216,68750,69162,2915.13,201271149.3547
1770771600000,69162,69265.8,68875,68952.4,892.915,61645717.9405
1770775200000,68952.4,69135,68573.9,68653.8,1683.204,115885327.0223
1770778800000,68653.8,68723.5,67956.1,68151.3,3772.043,257696467.4556
1770782400000,68151.3,68290,67321,67542.5,7100.01,480383355.7167
1770786000000,67542.5,67780,67349.8,67365.9,2442.083,164995252.522
1770789600000,67365.9,67460,66501.5,66784,7865.046,526527960.8695
1770793200000,66784,67241.7,66609.5,67000.1,4095.838,274301507.9647
1770796800000,67000.1,67089.9,66746,66951.5,2095.298,140216251.5336
1770800400000,66951.5,67084,66688,66842.6,1338.825,89505354.3383
1770804000000,66842.6,66862.6,66306.8,66506.6,4569.555,304112209.3356
1770807600000,66506.6,67080,66470.8,67023.7,3408.925,227991624.6018
1770811200000,67023.7,67394.9,66926,67102.5,3971.579,266719665.3244
1770814800000,67102.5,67667.5,66768.4,67424.8,7329.406,492469888.223
1770818400000,67424.8,68812.6,66380.8,66546.9,19426.262,1313683323.0571
1770822000000,66546.9,66811,65705,66485.2,15800.987,1046655428.1656
1770825600000,66485.2,67238.6,65899.2,65996.8,8362.477,556554064.4582
1770829200000,65996.8,66894.7,65840,66483,5169.977,343632672.4016
1770832800000,66483,67282.6,66108.4,67243.5,3997.215,267111828.1861
1770836400000,67243.5,67837.7,67080.9,67552.4,4090.463,276140217.2618
1770840000000,67552.4,67723.3,67138.4,67527,2576.479,173808455.9709
1770843600000,67527,68329,67377.6,67775.2,3531.744,239967718.8327
1770847200000,67775.2,67841,67354.3,67395.5,1841.185,124407794.4614
1770850800000,67395.5,67537.2,66755.3,67044.5,3317.811,222595448.8669
1770854400000,67044.5,67678.2,67017,67430.9,3135.214,211183971.5083
1770858000000,67430.9,68019.9,67430.9,67667.4,3256.351,220626293.1844
1770861600000,67667.4,67775,67371.5,67412.9,2187.869,147839391.8305
1770865200000,67412.9,67575,67277,67554.5,1056.61,71236611.3835
1770868800000,67554.5,67668.4,66959.3,66979.9,2013.058,135380202.6924
1770872400000,66979.9,67179.2,66626.7,67116,2530.732,169435931.0888
1770876000000,67116,67327.4,66978.4,67094.1,1393.083,93585437.5102
1770879600000,67094.1,67308,66894.3,67183.3,1681.833,112841127.3241
1770883200000,67183.3,67320,66858.1,67109.6,1972.018,132279526.0028
1770886800000,67109.6,67708.9,67017.5,67522,2765.086,186354655.7489
1770890400000,67522,68014,67381.8,67987.4,2319.587,157024569.3671
1770894000000,67987.4,68271.4,67712,68049,3484.896,237058410.1569
1770897600000,68049,68140.6,67686.8,67840.1,2225.179,151094595.1534
1770901200000,67840.1,68384.2,67642.4,68355.5,3076.247,209062403.5078
1770904800000,68355.5,68396,67447.2,67558,6460.646,438545591.6377
1770908400000,67558,67985,66955.7,67100.9,9832.099,662800510.4016
1770912000000,67100.9,67205.6,65511.3,65815.2,16776.128,1111334096.6303
1770915600000,65815.2,66237.8,65286.5,65369.2,8207.471,539707488.542
1770919200000,65369.2,65779.7,65065,65554.1,8099.325,529882216.2743
1770922800000,65554.1,66089.1,65216.3,65759.9,5015.718,329677105.5109
1770926400000,65759.9,66013.6,65183.2,65396.6,4145.304,271757276.5973
1770930000000,65396.6,65874.3,65390.6,65813.8,1953.033,128238505.7578
1770933600000,65813.8,66376.9,65600,66255.1,2387.547,157586324.1437
1770937200000,66255.1,66459.2,66118.8,66244.8,2031.495,134650875.4494
1770940800000,66244.8,66491.4,65824.7,65874,2264.182,149637124.3203
1770944400000,65874,66596.5,65874,66422.9,3276.801,217414891.7329
1770948000000,66422.9,66750.9,66352.2,66632.8,1638.089,109038927.7221
1770951600000,66632.8,66793.4,66425,66532.4,1883.148,125362180.7106
1770955200000,66532.4,66650.9,66275.9,66299.2,1686.652,112060171.0889
1770958800000,66299.2,66477,66140.9,66145.1,1076.457,71373212.5431
1770962400000,66145.1,66376.8,65972.5,66338.1,2042.865,135126075.8921
1770966000000,66338.1,66549.6,66006.6,66185.1,3111.714,206273368.8226
1770969600000,66185.1,66729.4,66151.7,66669.5,1969.539,130858712.2873
1770973200000,66669.5,67033.3,66578.1,66925.8,2634.388,176025091.4004
1770976800000,66925.8,67099.7,66764.6,66949.1,2128.215,142415838.9157
1770980400000,66949.1,67199.9,66747,67136,2219.276,148616402.3475
1770984000000,67136,67184.5,66886.4,67050.2,1825.991,122398458.2169
1770987600000,67050.2,67619,66893.8,67239.9,7120.16,479164038.7416
1770991200000,67239.9,68061.1,66818.3,67709.4,10858.772,732797472.3718
1770994800000,67709.4,69292.2,67655,68653,16076.381,1101650776.1377
1770998400000,68653,69450,68504.1,68922.2,7098.558,490241610.824
1771002000000,68922.2,69223.2,68591.1,69005.5,3265.535,225134245.6918
1771005600000,69005.5,69381.4,68864.1,69082.5,3883.239,268392913.1971
1771009200000,69082.5,69203.5,68879.5,68898.8,2323.714,160427860.3066
1771012800000,68898.8,68936,68632.4,68730.5,2140.952,147253611.5857
1771016400000,68730.5,69053.5,68683.8,68863,1556.278,107188402.1166
1771020000000,68863,68979.3,68680.7,68965,1312.224,90338146.9617
1771023600000,68965,68979.7,68787.1,68819.2,1035.926,71348331.3979
1771027200000,68819.2,69118,68731.7,69053.9,1188.611,81908935.2084
1771030800000,69053.9,69085.9,68886,68925.8,812.781,56066594.1837
1771034400000,68925.8,68978,68810.2,68842.8,582.049,40098471.4489
1771038000000,68842.8,68987.5,68813,68938.7,621.322,42803618.2467
1771041600000,68938.7,68961.5,68750,68750.1,551.892,37987009.1238
1771045200000,68750.1,68874.9,68720.7,68735.9,597.014,41069578.9367
1771048800000,68735.9,68903.2,68691.1,68898.4,560.779,38589004.4553
1771052400000,68898.4,69316,68851.9,69185,1765.772,121992194.0846
1771056000000,69185,69848.8,69180,69713,4700.994,326994052.3894
1771059600000,69713,69881,69530.2,69676.4,1289.204,89871859.0387
1771063200000,69676.4,69676.4,69540.6,69642.5,699.177,48659708.2402
1771066800000,69642.5,70550,69642.5,70470.4,6057.755,425030146.8754
1771070400000,70470.4,70507,69580.2,69611.8,5065.416,354561109.8576
1771074000000,69611.8,69758.5,69190,69445.4,5541.79,384950831.3615
1771077600000,69445.4,69838.1,69300,69674.9,2805.022,195091594.5759
1771081200000,69674.9,70020,69533,69756.4,2176.739,151915082.1431
1771084800000,69756.4,69789,69253.7,69726.5,2106.891,146491025.4993
1771088400000,69726.5,69900,69580,69711.5,1115.897,77828010.6042
1771092000000,69711.5,69830.9,69635.9,69743.5,640.32,44652069.5832
1771095600000,69743.5,69885.4,69579.7,69847.8,613.43,42804810.5387
1771099200000,69847.8,70000,69700.8,69993.7,1124.741,78614463.9728
1771102800000,69993.7,70240,69625.4,69902.4,2797.3,195694463.1519
1771106400000,69902.4,70075,69750,69926.3,929.63,64989662.0504
1771110000000,69926.3,69999.9,69679.9,69790.1,809.297,56496674.0009
1771113600000,69790.1,69838.1,69559,69746.4,1111.101,77413393.0181
1771117200000,69746.4,69877.4,69312.1,69683.9,2063.769,143509935.4791
1771120800000,69683.9,69734.4,69320.5,69453.1,983.05,68331517.2451
1771124400000,69453.1,69976.9,69200,69926.9,2746.444,191094751.6874
1771128000000,69926.9,70500,69925.2,70149.9,3920.005,275222479.258
1771131600000,70149.9,70457.2,70096,70232.6,1139.277,80086923.3597
1771135200000,70232.6,70533.3,70150,70366.1,1313.255,92374455.0643
1771138800000,70366.1,70899.5,70270.1,70786.6,2853.723,201667347.062
1771142400000,70786.6,70937,70144.8,70407.3,2896.762,204171792.6524
1771146000000,70407.3,70634.8,70322,70386.4,1071.34,75503107.4404
1771149600000,70386.4,70490.3,70176,70392,1314.055,92410164.9197
1771153200000,70392,70525.3,70227.1,70265.9,985.367,69302922.7589
1771156800000,70265.9,70388.4,69280,69287.4,5732.883,400100728.7345
1771160400000,69287.4,69591.2,68735.6,68908,6066.089,419459461.8346
1771164000000,68908,69186.8,68804.1,69139.2,2481.365,171266327.5094
1771167600000,69139.2,69230,68843.4,69060.9,2117.404,146192702.8398
1771171200000,69060.9,69080,68738.4,68985.7,1882.817,129756895.9712
1771174800000,68985.7,69050,68158.4,68610.1,5834.317,399823158.2142
1771178400000,68610.1,68764.9,68324.5,68424.7,3665.2,251203131.9808
1771182000000,68424.7,68548.4,68051.7,68263,3696.269,252337323.6138
1771185600000,68263,68538,68100,68423,1063.172,72676845.6385
1771189200000,68423,68939,68423,68819.4,1919.003,131912730.0683
1771192800000,68819.4,69055,68760.2,68965.1,1300.353,89608639.7751
1771196400000,68965.1,68965.6,68292.4,68800,2391.104,163953219.2105
1771200000000,68800,69040,68660.5,68812.7,1238.224,85252674.9737
1771203600000,68812.7,69023.2,68411.6,68596.8,1263.037,86787346.0256
1771207200000,68596.8,68701.7,68200,68293.7,1392.628,95271172.4674
1771210800000,68293.7,68443.3,68108.8,68389.3,1160.624,79243420.0555
1771214400000,68389.3,68870.8,68378.3,68842.6,1993.049,136870033.4601
1771218000000,68842.6,68875,68256,68351.5,1242.26,85061514.403
1771221600000,68351.5,68500,68202,68422.1,1000.357,68371284.3238
1771225200000,68422.1,68646,68344,68554.6,1318.435,90339075.7472
1771228800000,68554.6,68777,68508,68729,1041.008,71493167.2067
1771232400000,68729,69029.2,68710.2,68959.4,1845.678,127146881.9667
1771236000000,68959.4,68959.4,68655.4,68760,1182.212,81342395.8697
1771239600000,68760,68894.6,68300,68777,2455.713,168446417.1368
1771243200000,68777,69835.5,68761.5,69732.1,5694.833,395156464.9721
1771246800000,69732.1,70099.1,68180,68356.6,9740.878,671824006.4455
1771250400000,68356.6,68690,68219.8,68390.2,3483.738,238390842.3256
1771254000000,68390.2,68591.9,67243.6,67505.6,11595.383,784571748.7054
1771257600000,67505.6,67941.7,67468.5,67844.8,3331.157,225568293.0169
1771261200000,67844.8,68046.2,67557.4,67904.9,2425.657,164572327.532
1771264800000,67904.9,68211.3,67800,67829.9,1965.055,133640170.3803
1771268400000,67829.9,68109.3,67778.4,67878.2,870.932,59170115.1587
1771272000000,67878.2,68554.9,67787.7,68499.9,2017.04,137623787.1311
1771275600000,68499.9,68920.9,68381.4,68831.2,2243.067,153873554.4808
1771279200000,68831.2,68864.5,68471.5,68559,1731.614,118948428.9643
1771282800000,68559,68968.8,68500,68863.8,1097.428,75447442.9513
1771286400000,68863.8,69033,68663.1,68856.9,1115.077,76792022.1697
1771290000000,68856.9,68979.4,68534,68584.9,1204.383,82836043.6071
1771293600000,68584.9,69228.5,68321.6,68800.6,3256.965,224082364.6316
1771297200000,68800.6,68833.9,68434.7,68440.9,1482.67,101705348.4917
1771300800000,68440.9,68677.7,68244.3,68444.7,1207.918,82657649.1226
1771304400000,68444.7,68479.3,67852.4,68209,2556.294,174092270.3521
1771308000000,68209,68487,68191.2,68357.2,1077.683,73664595.529
1771311600000,68357.2,68450,68118.9,68350,1212.11,82799109.9578
1771315200000,68350,68447.7,68084.9,68132.9,1190.454,81242516.3702
1771318800000,68132.9,68276.8,67952,68088.9,1545.268,105171454.0659
1771322400000,68088.9,68181.8,67661.6,67813.2,2077.383,140947384.4353
1771326000000,67813.2,67902.8,67650,67822.8,1537.621,104245421.9704
1771329600000,67822.8,68274.9,67795.8,67888,2528.914,172079605.5518
1771333200000,67888,68340.2,67684,68099.5,3931.014,267433576.093
1771336800000,68099.5,68309.7,66700,66842.9,10605.573,713571349.8426
1771340400000,66842.9,67378.2,66556.6,67361,7350.624,492137552.0964
1771344000000,67361,68131,67281,67495.9,8956.219,606678266.5899
1771347600000,67495.9,67696.9,66826.2,67208,7524.1,505531777.4503
1771351200000,67208,68209.2,67092,68054.3,4677.812,317031674.9508
1771354800000,68054.3,68217.9,67683.6,67768.4,2833.28,192534755.2469
1771358400000,67768.4,67930.8,67453.1,67721.2,2192.096,148339642.7493
1771362000000,67721.2,67908.8,67500,67643.8,1465.101,99102662.447
1771365600000,67643.8,67761.4,67462,67493.6,902.909,61036048.6193
1771369200000,67493.6,67590,67341.3,67474.9,935.953,63133493.9542
1771372800000,67474.9,67597,67254.4,67269.3,925.235,62381145.6265
1771376400000,67269.3,67347,66843.5,67133,2512.613,168516061.3251
1771380000000,67133,67391.2,67111.8,67297.8,1233.789,82998113.2768
1771383600000,67297.8,67677.4,67290.1,67591.4,1091.364,73683925.1733
1771387200000,67591.4,67865.4,67461.5,67791.1,1267.399,85750367.748
1771390800000,67791.1,67914.2,67565,67604.7,1422.034,96296251.224
1771394400000,67604.7,67966.8,67569.1,67816.6,1177.846,79872668.9728
1771398000000,67816.6,68200,67660,68080.3,1977.587,134430944.4782
1771401600000,68080.3,68440,68025.4,68100.1,3023.291,206187405.7613
1771405200000,68100.1,68254,67981.4,68128.2,1221.924,83262380.161
1771408800000,68128.2,68170,67702.8,67776.7,1928.375,130957328.7716
1771412400000,67776.7,67776.7,67028.5,67330.2,5175.38,348597700.8842
1771416000000,67330.2,67652.4,67290,67425,1777.736,119970047.7176
1771419600000,67425,67563,67000,67207.4,2455.013,165156958.7565
1771423200000,67207.4,67337.4,66668.2,67185,6646.115,445570933.6657
1771426800000,67185,68326.7,67145,67666.7,8400.476,568747778.4499
1771430400000,67666.7,67679.7,66950,67102.7,5228.724,351319633.3482
1771434000000,67102.7,67459.7,67016.5,67152.6,2411.016,161953622.4704
1771437600000,67152.6,67204.4,66082.6,66321.3,6981.197,464970725.1478
1771441200000,66321.3,66583.3,65814.6,66138.1,5936.832,392808398.9675
1771444800000,66138.1,66514.1,66096.3,66231.4,2648.63,175558400.8316
1771448400000,66231.4,66467.6,66032.3,66300,2061.582,136608013.2904
1771452000000,66300,66455.4,66185.1,66382.5,908.192,60241537.9219
1771455600000,66382.5,66479.2,66236.8,66426,935.893,62101468.8576
1771459200000,66426,66571,66304,66403,939.906,62449711.9375
1771462800000,66403,66850.8,66402.9,66836.8,1949.137,129969356.2334
1771466400000,66836.8,66938,66603.5,66804.7,1361.636,90924612.196
1771470000000,66804.7,66982.5,66689.5,66952.6,1241.38,82996732.4458
1771473600000,66952.6,67060,66717.1,66773,1627.816,108867457.5163
1771477200000,66773,66863.5,66650,66849,1004.732,67062608.6175
1771480800000,66849,67307.9,66835.4,67120.4,2061.932,138345844.7257
1771484400000,67120.4,67300,66986.7,67179.4,1467.421,98530284.9518
1771488000000,67179.4,67179.4,66765.3,66938.4,2206.947,147722725.403
1771491600000,66938.4,67162.1,66719.7,66803.6,1845.113,123502558.9646
1771495200000,66803.6,66937.9,66704,66809.1,1245.456,83228543.9765
1771498800000,66809.1,66910.6,66436,66462.4,2205.749,146996833.9376
1771502400000,66462.4,66657.4,66270,66485.2,2558.362,170114004.8732
1771506000000,66485.2,66534.5,65714,65875.1,5464.235,361088501.2445
1771509600000,65875.1,66655.8,65573.5,66391.3,8525.169,563684401.3601
1771513200000,66391.3,66722.7,65931.6,66378.2,7170.745,475338618.4713
1771516800000,66378.2,66500,65844.7,66269.9,3954.295,261894566.9501
1771520400000,66269.9,67042.2,66130.4,66341.7,5249.238,349691685.4628
1771524000000,66341.7,67063.9,66216.3,67013.9,3922.465,261837338.6896
1771527600000,67013.9,67187.1,66672,67028.6,3649.99,244315600.0489
1771531200000,67028.6,67167.6,66805.6,67117.6,1886.579,126378834.945
1771534800000,67117.6,67151.1,66867.7,66896.8,905.321,60656783.3267
1771538400000,66896.8,66978.4,66622,66885.9,1554.9,103844963.0292
1771542000000,66885.9,67012,66785.4,66982.1,943.297,63118438.125
1771545600000,66982.1,67488.3,66923.1,67205.3,3354.781,225542936.3515
1771549200000,67205.3,67339,67125.3,67253.4,1071.014,72015454.0358
1771552800000,67253.4,67326.5,67155.1,67215.1,770.777,51834030.0938
1771556400000,67215.1,67494.7,67213,67332,1618.382,109028662.2684
1771560000000,67332,67370.8,67079.7,67232.7,1663.975,111874202.1749
1771563600000,67232.7,68000,67167,67762.3,4031.901,272823758.1188
1771567200000,67762.3,67877.7,67640,67819.3,1906.591,129213292.7985
1771570800000,67819.3,67970,67741.1,67802.9,1893.253,128461655.5612
1771574400000,67802.9,67930,67723,67853.6,1104.285,74879139.3241
1771578000000,67853.6,68207.7,67851.6,68186.9,2698.077,183793713.6092
1771581600000,68186.9,68299.9,67812.8,67920.4,2844.812,193696794.384
1771585200000,67920.4,67954.7,67255,67299.9,4594.184,310589243.1645
1771588800000,67299.9,67572.3,67241.5,67510.8,2746.751,185126206.9469
1771592400000,67510.8,67514,66427.5,66785.6,10913.56,729832556.8134
1771596000000,66785.6,67315.1,66642.4,67052.4,7006.599,469311333.2028
1771599600000,67052.4,68079.9,66506.4,67553.4,14694.534,988913821.2043
1771603200000,67553.4,67931,67254.5,67774.9,7519.747,508533147.5767
1771606800000,67774.9,67774.9,66926.8,67588.6,8683.379,584146359.9728
1771610400000,67588.6,68017.7,67431.5,67905.5,5500.857,372503322.1743
1771614000000,67905.5,67989.8,67513.1,67623.3,2285.613,154768143.8211
1771617600000,67623.3,67810.9,67486.3,67723.5,1236.693,83686704.3956
1771621200000,67723.5,67813,67600.6,67799,692.017,46863992.7836
1771624800000,67799,68132.7,67605.4,68048.4,2070.368,140635672.7076
1771628400000,68048.4,68211,67877.1,67989.2,1593.714,108436704.0905
1771632000000,67989.2,68032,67755.1,67813.7,922.476,62625155.4067
1771635600000,67813.7,67981.1,67809.2,67927.2,572.19,38852106.0521
1771639200000,67927.2,68075.7,67882.2,67978.7,484.108,32920799.5978
1771642800000,67978.7,67981,67511,67647.1,1776.085,120260045.9894
1771646400000,67647.1,67821.4,67561.4,67789.8,642.383,43475692.3161
1771650000000,67789.8,67866,67767.3,67831.3,499.218,33856812.8699
1771653600000,67831.3,67900,67721,67761.6,568.691,38557324.8848
1771657200000,67761.6,67852.5,67715.7,67822.9,409,27732804.7873
1771660800000,67822.9,68053.5,67779.5,68022.2,928.262,63061499.6409
1771664400000,68022.2,68293.1,67945,68120.5,2355.625,160554980.7363
1771668000000,68120.5,68228.1,68115.9,68188.3,714.32,48695889.3949
1771671600000,68188.3,68262,68050,68070,942.972,64256154.0574
1771675200000,68070,68199.9,67867.5,68180.9,1785.89,121449242.8528
1771678800000,68180.9,68249.8,68065.8,68227.8,803.726,54794898.997
1771682400000,68227.8,68606,68148.9,68416.1,3368.617,230542308.4198
1771686000000,68416.1,68687.1,68359.6,68570.5,1771.679,121423669.2897
1771689600000,68570.5,68602.5,68074.6,68300,3247.064,221737829.9194
1771693200000,68300,68470,68162.3,68413.4,1375.929,93984640.618
1771696800000,68413.4,68633.8,68343.7,68549.3,1478.836,101313476.4435
1771700400000,68549.3,68646.7,68490.7,68521.8,902.777,61900478.711
1771704000000,68521.8,68579,68146.1,68173.8,2707.608,185220174.7526
1771707600000,68173.8,68362.3,68120.3,68355.5,750.239,51218358.4434
1771711200000,68355.5,68404.2,67846.5,67926.7,2328.79,158515930.4309
1771714800000,67926.7,68085.2,67894.3,67934.5,968.667,65847069.7974
1771718400000,67934.5,68029.7,67751.5,67906,1548.605,105081550.8908
1771722000000,67906,68142.1,67900.1,68128.6,1072.252,72955264.9003
1771725600000,68128.6,68186.4,67837.4,67872.7,1145.439,77891753.045
1771729200000,67872.7,68031.7,67784.3,68010,1004.487,68211791.3883
1771732800000,68010,68055,67928.9,67947.7,522.296,35509942.793
1771736400000,67947.7,67987.9,67834.2,67942.2,1042.585,70777630.0647
1771740000000,67942.2,68149.5,67930.9,68007.4,1079.756,73482636.7812
1771743600000,68007.4,68071.9,67951.5,67974,625.637,42545706.8805
1771747200000,67974,67989,67865.6,67912.2,695.284,47234157.7149
1771750800000,67912.2,68066.9,67894.4,68016.1,511.604,34786868.768
1771754400000,68016.1,68117.6,67976.8,68092.5,702.566,47817710.0579
1771758000000,68092.5,68224.4,68092.5,68184.9,978.13,66678984.1445
1771761600000,68184.9,68200,67831.3,67893.1,1509.676,102614468.685
1771765200000,67893.1,68012.9,67525.2,67618.2,4029.094,272785982.6761
1771768800000,67618.2,67663.9,67317.7,67414.5,3026.864,204268944.8066
1771772400000,67414.5,67784.7,67262.2,67656,3315.064,223978720.3961
1771776000000,67656,67690,67474.5,67596.9,1033.755,69836957.8874
1771779600000,67596.9,67602.8,67143.5,67350.1,2519.332,169596445.9788
1771783200000,67350.1,67426.9,67272.4,67383.9,892.818,60134430.4174
1771786800000,67383.9,67455.5,67365,67386,417.229,28127656.8549
1771790400000,67386,67459.4,67291.5,67369.2,626.678,42226173.3611
1771794000000,67369.2,67605.4,67369.2,67570.4,664.726,44871885.7378
1771797600000,67570.4,67722,67436.8,67633.1,1237.582,83648540.9811
1771801200000,67633.1,67690,67421.9,67610.5,1022.891,69091290.3012
1771804800000,67610.5,67652.2,66673.8,66697,4644.313,311407685.4745
1771808400000,66697,66697,64220,64385.7,22879.441,1493703518.9535
1771812000000,64385.7,64879.6,64241.9,64743.1,5610.723,362676430.4852
1771815600000,64743.1,65057.1,64661,64895.1,2710.817,175815732.9942
1771819200000,64895.1,64997.6,64636.3,64779.7,1655.846,107290861.1603
1771822800000,64779.7,65192.6,64772.4,65032.9,2893.974,188174761.5169
1771826400000,65032.9,65782.6,64991.9,65715.5,3971.05,259821515.5627
1771830000000,65715.5,65979.5,65589.8,65916.7,3077.154,202502360.6247
1771833600000,65916.7,65926,65528,65638.9,2404.126,157905329.44
1771837200000,65638.9,66441.8,65638.9,66378.3,4140.778,273898633.4124
1771840800000,66378.3,66574.8,66179.4,66295,3127.264,207509309.1453
1771844400000,66295,66465,66065,66166.4,2529.235,167477288.39
1771848000000,66166.4,66497.9,65845.6,66246,4326.051,286325767.6957
1771851600000,66246,66395.5,66064,66097.4,2258.54,149555141.9623
1771855200000,66097.4,66244.1,65488,65888.9,6780.216,446702459.1399
1771858800000,65888.9,66231.5,65531,65620.5,4503.999,296535672.4341
1771862400000,65620.5,65691,65130,65335.4,6095.106,398679280.1869
1771866000000,65335.4,65416.1,64111,64767.4,11715.584,757257037.8157
1771869600000,64767.4,65158.7,64518.5,64587.7,5070.691,328496987.3262
1771873200000,64587.7,64812.8,64015.9,64262.9,6381.145,410738282.6076
1771876800000,64262.9,64463.5,63833,64448.9,5880.661,377092316.6806
1771880400000,64448.9,64759.2,64409.6,64546.7,2726.789,176064281.4289
1771884000000,64546.7,64985.2,64511.6,64693.9,2601.885,168660693.3498
1771887600000,64693.9,64866.7,64478.1,64615.3,1749.364,113141033.2796
1771891200000,64615.3,64979.7,64614.1,64904.1,2104.027,136426202.4547
1771894800000,64904.1,64904.1,63388,64122.3,16298.521,1044285928.2447
1771898400000,64122.3,64505.6,63960.4,64072.6,2979.884,191253807.5684
1771902000000,64072.6,64072.6,63248.8,63557.3,5904.008,375662991.219
1771905600000,63557.3,63598.6,62820,63338.5,7616.258,481063819.09
1771909200000,63338.5,63516.7,62649.2,63065.6,5056.598,318552568.6381
1771912800000,63065.6,63331.1,62836.4,63045.9,2489.274,157126801.248
1771916400000,63045.9,63335.4,62876.9,63152.8,3014.319,190281531.2947
1771920000000,63152.8,63401.6,62964.1,63352.4,2483.681,157087834.6169
1771923600000,63352.4,63389,62888,63217.7,2471.591,156009456.07
1771927200000,63217.7,63333,63068.1,63253.1,1322.078,83575617.9646
1771930800000,63253.1,63299.2,63023.8,63191.1,2367.988,149593115.7215
1771934400000,63191.1,63315.5,62924.5,62931.8,1927.917,121670755.9612
1771938000000,62931.8,63079.7,62422.3,62871.8,7634.427,479472229.451
1771941600000,62871.8,63812.3,62714.9,63428.5,9877.048,624783398.4878
1771945200000,63428.5,63999,63276,63944.3,6146.468,391541060.5078
1771948800000,63944.3,64396.4,63666,64228.3,7358.077,471211435.2293
1771952400000,64228.3,64500,63982.6,64187.9,4669.126,300004575.8387
1771956000000,64187.9,64473.6,63874,64391.2,3902.04,250496166.1916
1771959600000,64391.2,64710.8,64204,64402,3880.953,250123409.1808
1771963200000,64402,64564,64277.6,64430.1,1499.24,96591032.1766
1771966800000,64430.1,64430.1,63795.8,64004.6,3187.572,204127874.3652
1771970400000,64004.6,64200,63933.5,64090.2,1212.403,77711588.1001
1771974000000,64090.2,64221,63811.1,64032.5,1793.721,114831877.7337
1771977600000,64032.5,64294.4,63869.5,64185.4,1672.489,107164061.6001
1771981200000,64185.4,66298.1,64114.2,65867.2,16563.748,1086455622.7126
1771984800000,65867.2,66284.6,65830,65851.3,3809.026,251603967.1665
1771988400000,65851.3,65931.4,65312.8,65371.1,4543.877,297932237.6368
1771992000000,65371.1,65668.7,65088.4,65438.1,5041.626,329786816.5087
1771995600000,65438.1,65494.4,64730.5,64860.9,4452.82,289394437.4585
1771999200000,64860.9,65106,64834.5,64869.9,2012.788,130782583.7463
1772002800000,64869.9,65180.4,64750.1,65010.5,2606.498,169409673.7611
1772006400000,65010.5,65555,64935.8,65500,2977.906,194475352.7528
1772010000000,65500,65668.6,65389.4,65525.3,2169.793,142127605.2098
1772013600000,65525.3,65631.9,65303.3,65372.6,1564.354,102354966.5875
1772017200000,65372.6,65467.2,65146.6,65399.8,1878.066,122614350.7788
1772020800000,65399.8,66219.3,65280.3,66046.3,6249.412,411537437.893
1772024400000,66046.3,66661.4,65990.8,66208,5875.401,389326026.8515
1772028000000,66208,66990,66156.1,66942.7,9200.398,612132875.5341
1772031600000,66942.7,67550,66677.6,67367.2,10962.459,736231483.3441
1772035200000,67367.2,68315,67366.8,68270.2,10013.368,679104989.571
1772038800000,68270.2,68878,67989.5,68628.1,12218.348,836417635.5813
1772042400000,68628.1,69545.1,68325,69301.2,12335.49,852065692.6078
1772046000000,69301.2,69387.8,68751.2,69008.6,5837.185,402681703.0437
1772049600000,69008.6,69349.8,68577.3,69096.5,5344.587,368580213.1274
1772053200000,69096.5,69989.8,68717.1,68875.8,10175.235,704992056.4236
1772056800000,68875.8,69148.2,68022,68399.1,5471.835,374968007.3699
1772060400000,68399.1,68663.1,67563.6,67958.3,5582.499,379713096.2677
1772064000000,67958.3,68506.9,67688,68300.1,6232.052,424735309.8801
1772067600000,68300.1,68697.3,68174.1,68220.1,3005.731,205609422.3996
1772071200000,68220.1,68342,67767.9,68230.1,3067.561,208718582.4039
1772074800000,68230.1,68365,68016.2,68192.9,1413.716,96380296.3625
1772078400000,68192.9,68841.7,68154.4,68545.4,3131.13,214766280.8087
1772082000000,68545.4,68549.1,68083.2,68417.1,2402.396,164131942.5819
1772085600000,68417.1,68499.9,68026.5,68149.1,1556.172,106191454.0085
1772089200000,68149.1,68268.8,67781.9,67805.5,2446.223,166321027.0492
1772092800000,67805.5,68221.9,67751.5,67926.5,2454.019,166901882.0661
1772096400000,67926.5,68612.3,67900.4,68554.2,3212.805,219510248.6075
1772100000000,68554.2,68710,68222.4,68267,1919.857,131373372.9663
1772103600000,68267,68362.9,67942.1,68016.2,2027.216,138090376.4179
1772107200000,68016.2,68270.4,67966.2,68140.4,1862.999,126936722.3929
1772110800000,68140.4,68177.5,67802.4,67867.1,2277.295,154854397.7033
1772114400000,67867.1,68255.2,67222.2,67660.9,9592.096,649383108.1934
1772118000000,67660.9,67713.3,66725,67357.5,10857.737,729079872.0971
1772121600000,67357.5,67555,66451.1,66612.4,9930.35,664514322.1616
1772125200000,66612.4,67021,66560.1,66796,3958.322,264470450.4129
1772128800000,66796,67347.8,66540.1,67270.9,4719.49,316464269.9073
1772132400000,67270.9,67888,67250,67555,6129.47,414215288.1724
1772136000000,67555,67800,67187.5,67394.4,4156.791,280552872.8126
1772139600000,67394.4,67550,67111,67433.4,2177.898,146640392.9414
1772143200000,67433.4,67609.4,67278.3,67529.2,917.046,61870174.7525
1772146800000,67529.2,67625,67347.2,67447.5,844.002,56962995.6925
1772150400000,67447.5,67508.3,66959.8,67193.8,1987.402,133526649.8575
1772154000000,67193.8,67355,66850,67322,3270.714,219521824.6212
1772157600000,67322,67522.8,67222.1,67231.6,1516.001,102165754.4892
1772161200000,67231.6,67679.4,67060,67569.9,1711.459,115257647.1424
1772164800000,67569.9,68185.6,67537.4,67712.2,4353.246,295374581.8683
1772168400000,67712.2,67888.8,67618.7,67691.3,1111.92,75332508.8767
1772172000000,67691.3,67783,67482.6,67615.2,1406.259,95130402.1716
1772175600000,67615.2,67736,67411.7,67642.9,2507.438,169454569.3257
1772179200000,67642.9,68040,67615,67903.4,2199.301,149269078.4201
1772182800000,67903.4,68126.9,67251.5,67322.5,3382.145,228848569.1205
1772186400000,67322.5,67389.9,66465,66573.5,6293.807,420779793.4852
1772190000000,66573.5,66744.4,65920,66082.6,7684.766,509215628.5231
1772193600000,66082.6,66183.9,65700,65895.9,4327.122,285175843.7835
1772197200000,65895.9,66309,65616.8,66236.4,5856.13,386411334.0151
1772200800000,66236.4,66300,65656.1,65854.3,5649.969,372880817.5536
1772204400000,65854.3,66280,65810.5,66070,3666.884,242208505.0423
1772208000000,66070,66096.6,65405.6,65438.4,5709.844,375092177.6103
1772211600000,65438.4,65723,65079,65670.4,5907.668,386141812.6894
1772215200000,65670.4,65764,65181.3,65277.1,3326.36,217568350.3793
1772218800000,65277.1,65436.3,65125,65364.6,1962.474,128173504.2122
1772222400000,65364.6,65633,65355.4,65564.2,1823.074,119471617.0809
1772226000000,65564.2,65722.9,65342.6,65500.1,1865.109,122285341.4508
1772229600000,65500.1,65639.9,64888,65600.1,3193.312,208380013.0385
1772233200000,65600.1,65926.8,65510.2,65833.4,2283.643,150280178.1043
1772236800000,65833.4,65993.4,65680,65906,1564.638,103042495.6778
1772240400000,65906,65942,65703.6,65740.1,1160.33,76375686.4679
1772244000000,65740.1,65989,65725,65928.2,732.292,48255140.5108
1772247600000,65928.2,65954.9,65713.4,65757.5,1101.8,72523703.8588
1772251200000,65757.5,65790.2,65436.1,65629.5,1653.952,108532281.4461
1772254800000,65629.5,65693.6,65460.3,65551.9,904.828,59310119.512
1772258400000,65551.9,65562.3,62972.3,63182.2,20460.418,1313752312.8557
1772262000000,63182.2,64298.9,62991.9,63787.6,10606.313,676169923.4177
1772265600000,63787.6,63848.3,63363.2,63433.1,5542.297,352470259.4897
1772269200000,63433.1,63949.9,63324.5,63617.7,4265.599,271272398.999
1772272800000,63617.7,64021.6,63431.1,63971.5,3652.028,232886178.4643
1772276400000,63971.5,64289.9,63731.8,63814.2,3682.755,235817989.3986
1772280000000,63814.2,64050,63796,63983.2,1726.992,110414527.3514
1772283600000,63983.2,65199.1,63869,65074.9,8789.553,567393911.7881
1772287200000,65074.9,65330,64220.6,64400.6,9211.335,596895711.3394
1772290800000,64400.6,65000.2,64162.2,64802,4556.394,294540540.8977
1772294400000,64802,65180.8,64640,65054.9,2594.297,168524482.9772
1772298000000,65054.9,65536.4,64807.8,65402.5,4149.204,270173818.015
1772301600000,65402.5,66170,65147,65874.8,5496.107,360689553.634
1772305200000,65874.8,66638,65561,66316.4,7841.615,519164448.1147
1772308800000,66316.4,67122.8,66150,66931.2,7503.596,500669540.1639
1772312400000,66931.2,67023.3,66324.1,66689.9,5116.915,340994371.2439
1772316000000,66689.9,67739.5,66584.1,67080.1,5069.724,340606946.1119
1772319600000,67080.1,67184.6,66700,66939.6,2241.771,150070788.3043
1772323200000,66939.6,67091,66580.5,66762.9,1961.477,130999418.6898
1772326800000,66762.9,67690.3,65973.2,67313.5,8205.565,548048933.091
1772330400000,67313.5,68183.2,67307.2,67587.8,7670.83,520269599.7368
1772334000000,67587.8,67784.5,67361.5,67477.7,2249.513,151949883.2751
1772337600000,67477.7,67588.6,67044.9,67320.7,2651.127,178352592.5545
1772341200000,67320.7,67561.1,67172.5,67264.6,1821.749,122743232.7601
1772344800000,67264.6,67323,66756.6,66900,2885.087,193252324.3006
1772348400000,66900,67217.9,66758.8,67121.5,1610.871,107972194.0568
1772352000000,67121.5,67276.9,66396.1,66540.1,3188.655,213149886.0372
1772355600000,66540.1,66754,66210.3,66382.5,2894.592,192348398.1503
1772359200000,66382.5,66726.6,66177.6,66438.9,2463.663,163788702.4255
1772362800000,66438.9,66650,66336,66443.5,1283.432,85346065.4077
1772366400000,66443.5,66529,66203.2,66268.9,1704.106,113089182.7804
1772370000000,66268.9,67336.7,66069.2,66900,6323.307,422259522.0656
1772373600000,66900,67283.2,66714.8,66820.2,3560.787,238382699.4672
1772377200000,66820.2,67232,66783.8,66813.9,2586.688,173430349.9928
1772380800000,66813.9,67100,65768.4,66120.3,7431.082,493306430.4563
1772384400000,66120.3,66201.3,65680,65954.2,4169.632,275090329.7919
1772388000000,65954.2,66634.9,65952.6,66287.2,3776.84,250647320.2815
1772391600000,66287.2,66317.5,65731,65925.6,2690.308,177507884.6901
1772395200000,65925.6,65929.6,65022.9,65259.3,4955.905,323952044.4551
1772398800000,65259.3,65722.4,65240,65625,2204.064,144422819.1595
1772402400000,65625,66464.6,65001,65231.9,7632.842,501554423.0467
1772406000000,65231.9,66058.2,65085.5,65746.9,4306.819,282865881.2175
1772409600000,65746.9,66763,65719.3,66479.3,3871.591,256521569.0159
1772413200000,66479.3,67078.9,66330,66509.3,3333.953,222404084.6677
1772416800000,66509.3,66586.6,65858.9,66246.3,3189.757,211007964.0663
1772420400000,66246.3,67027.4,66071.5,66796.1,3204.24,213666547.0127
1772424000000,66796.1,66954.3,66593.6,66838.1,2026.945,135310130.9809
1772427600000,66838.1,66974,66521.8,66700.6,1840.334,122850432.6324
1772431200000,66700.6,66712.7,66018.7,66170.1,3055.448,202545822.9256
1772434800000,66170.1,66183.5,65510,65977.6,3974.81,261519876.4019
1772438400000,65977.6,66283.2,65614.7,66254.7,3400.212,224197010.6229
1772442000000,66254.7,66711.9,66126.1,66132.7,3622.495,240468676.4789
1772445600000,66132.7,66369.3,66036.6,66286.2,1729.822,114508480.4551
1772449200000,66286.2,66488.3,65957.7,66333,2384.836,157838908.7683
1772452800000,66333,66366.3,65869.5,65928.8,1756.393,116065716.9979
1772456400000,65928.8,66130.3,65322,65411,4807.166,315699683.7178
1772460000000,65411,67194.1,65238.5,67144.1,12309.569,815868531.1624
1772463600000,67144.1,69570,66951.8,69096.9,24281.975,1663552597.8132
1772467200000,69096.9,70066,68890.5,69404.7,12939.212,899733843.5195
1772470800000,69404.7,69545.4,68751.6,69168.4,5819.471,402555294.2807
1772474400000,69168.4,69258,68691.1,68854,4105.177,283272764.587
1772478000000,68854,69026.2,68526.5,68930.7,3712.297,255350778.1399
1772481600000,68930.7,69499.9,68533.8,69074.1,5015.367,346241587.4162
1772485200000,69074.1,69500,68949.8,69374.1,2068.733,143305528.5089
1772488800000,69374.1,69470,69102,69403,1599.646,110864633.2862
1772492400000,69403,69462.6,68705,68799.9,2522.951,174075159.9539
1772496000000,68799.9,69134.1,68600.1,69056.1,2429.634,167333276.2137
1772499600000,69056.1,69222,68711,68720.7,1845.521,127245654.4791
1772503200000,68720.7,68740.5,68183.6,68477.7,3241.072,221816515.667
1772506800000,68477.7,68525,68202.2,68353.5,1199.785,82013155.5019
1772510400000,68353.5,68434.4,68010,68087.8,1763.075,120249680.8056
1772514000000,68087.8,68537.5,67814.3,67911.4,3611.615,246098926.6159
1772517600000,67911.4,68210,67766.4,68070.1,2543.816,172814076.9487
1772521200000,68070.1,68250,67900.7,68141.9,2811.178,191478209.0009
1772524800000,68141.9,68281,66865,66976,8389.472,565999292.0436
1772528400000,66976,67157,66304,66616,7456.165,497617625.854
1772532000000,66616,66996.3,66408,66822.4,3682.611,245431676.281
1772535600000,66822.4,67129.8,66732.3,66999.3,3036.959,203300768.775
1772539200000,66999.3,67950,66996.1,67364.4,5567.166,375623338.9747
1772542800000,67364.4,67400,66600,66895.5,5172.349,346297333.1587
1772546400000,66895.5,67564.1,66054.3,66540,10241.476,683806859.9882
1772550000000,66540,67826.7,66430,67703.4,8068.83,541881101.5914
1772553600000,67703.4,68967.8,67432.2,68135.7,14812.088,1010294751.3593
1772557200000,68135.7,68370,67583.5,68280.4,6145.296,417951503.5204
1772560800000,68280.4,68892.3,67939,68599.9,5105.507,349490503.7986
1772564400000,68599.9,68859.7,68289,68405.9,4483.949,307449240.5858
1772568000000,68405.9,68562.5,67993.6,68231.8,3158.41,215658720.1132
1772571600000,68231.8,68231.8,67780,67982.5,2574.086,174945289.3092
1772575200000,67982.5,68495.2,67982.5,68277.9,2665.388,182008190.0045
1772578800000,68277.9,68849.2,68203.9,68299.5,2633.953,180486876.4166
1772582400000,68299.5,68395.3,67822.3,68067.5,2879.646,196168618.0217
1772586000000,68067.5,68880,67925.8,68388.4,4027.215,275589054.5477
1772589600000,68388.4,68428.7,67950.9,68291.5,2240.092,152707676.1155
1772593200000,68291.5,68359,67348.4,67697.1,3798.142,257428168.5663
1772596800000,67697.1,67942.3,67424,67750.6,3705.555,250583922.3729
1772600400000,67750.6,68352.3,67641.1,68169.5,2961.246,201366761.4988
1772604000000,68169.5,68649.9,67985.2,68466.5,3390.175,231593060.1117
1772607600000,68466.5,69624.2,68311,69460.2,6236.03,430373007.068
1772611200000,69460.2,71154.3,69110,70982.7,13041.302,914767578.2543
1772614800000,70982.7,71872.3,70700,71488.8,13144.016,937679073.5987
1772618400000,71488.8,71850,71161.1,71315.7,6390.257,456651791.0456
1772622000000,71315.7,71466.7,70885.3,71080.1,3983.349,283290256.6528
1772625600000,71080.1,71315.3,70546.7,71305.3,4946.516,350700859.4404
1772629200000,71305.3,71590,71171.6,71443.1,4124.803,294460822.4753
1772632800000,71443.1,72600,71243.2,71573.5,15151.031,1088630941.9802
1772636400000,71573.5,73450.1,71531.9,73351.1,15589.562,1132081336.6893
1772640000000,73351.1,73481,72495.6,73245.2,7333.22,535370650.2829
1772643600000,73245.2,73715.5,72883,73177.5,6152.627,450750828.2989
1772647200000,73177.5,73668.1,72844.7,73646,5178.098,379271786.051
1772650800000,73646,74021.8,73456.7,73576.4,5954.538,439069069.5027
1772654400000,73576.4,73672.9,72939.8,72976.7,4058.418,297641368.5594
1772658000000,72976.7,73280,72829.3,73265,2771.878,202554590.7195
1772661600000,73265,73493.7,72600,72667.1,2657.951,193963746.9273
1772665200000,72667.1,72841.4,72280,72640.4,3840.595,278694905.7913
1772668800000,72640.4,72975,72505.5,72723.2,1950.199,141942237.4431
1772672400000,72723.2,73250,72361.3,72495,4091.231,297520397.2027
1772676000000,72495,72853,72268,72465.8,3048.726,221128296.9768
1772679600000,72465.8,72716.4,72305,72460.1,2279.024,165265961.1956
1772683200000,72460.1,73068.9,72400,72775.8,3216.45,233900500.9837
1772686800000,72775.8,72898.4,72204.7,72368.8,2519.429,182602940.2191
1772690400000,72368.8,72622.6,71831.4,72511,5476.016,395747779.7495
1772694000000,72511,72642.3,71733.1,72025.6,4034.752,291128661.8985
1772697600000,72025.6,72345,71709.1,72301.9,3071.604,221154806.7692
1772701200000,72301.9,72852.9,72265.5,72562.5,3482.693,252672007.7134
1772704800000,72562.5,73537.9,72472,73346.5,6394.544,467910950.2215
1772708400000,73346.5,73441.5,72742,72878.8,3208.393,234231034.7355
1772712000000,72878.8,73035,72631.7,72846.8,3240.821,236076718.9741
1772715600000,72846.8,72900,72123.1,72422.4,5174.434,375043639.8028
1772719200000,72422.4,72803,71900,72573.3,7921.127,573119832.8799
1772722800000,72573.3,72751.5,71111.1,71622.8,13003.498,931014498.4589
1772726400000,71622.8,71628.7,70753.3,71270.3,9597.173,682367464.5705
1772730000000,71270.3,71546,70610,70667.1,5717.612,405503040.5094
1772733600000,70667.1,71056.8,70623,70966.8,4142.851,293689766.582
1772737200000,70966.8,71400,70824.5,70883.5,2841.69,202118211.6405
1772740800000,70883.5,71358.4,70803.1,71201.3,2884.095,205150326.7471
1772744400000,71201.3,71536.6,70971.1,71089.9,3769.965,268597769.6212
1772748000000,71089.9,71325.9,71023.7,71164.1,1268.551,90271069.6198
1772751600000,71164.1,71265.6,70696.2,70847.6,1672.884,118672111.8448
1772755200000,70847.6,71019.7,70735,70945.7,1162.336,82408234.7159
1772758800000,70945.7,71259.8,70336.2,71209.2,4809.827,340420524.553
1772762400000,71209.2,71384.5,70967.6,71201.7,2008.491,143002986.6047
1772766000000,71201.7,71252.1,70946,71038.7,1423.898,101227995.031
1772769600000,71038.7,71088.4,70222.2,70582.8,3613.683,255025606.5261
1772773200000,70582.8,70630.5,70100.1,70400.4,4267.684,300193582.6979
1772776800000,70400.4,70831.4,70230,70571.6,2170.685,153018629.5066
1772780400000,70571.6,71158.2,70435.1,71035.1,3460.724,245287593.1298
1772784000000,71035.1,71044,70703.4,70760.4,2180.557,154556324.3253
1772787600000,70760.4,70787.6,70267,70528.7,2651.919,186914635.3096
1772791200000,70528.7,70777,70431.5,70506.8,1926.465,136042187.9231
1772794800000,70506.8,70631.6,70150.1,70183.7,2111.248,148588413.1107
1772798400000,70183.7,70200,69625.2,69895.1,6963.096,486761632.666
1772802000000,69895.1,70299,69165,69182.8,9947.176,694000569.2775
1772805600000,69182.8,69225,68130.1,68373.6,15984.126,1098346753.2862
1772809200000,68373.6,69060,68259.9,68461,7312.708,502025246.04
1772812800000,68461,68766.2,68173.2,68418.5,4734.636,324135993.266
1772816400000,68418.5,68625.9,67720,67926.6,6303.215,429051417.1745
1772820000000,67926.6,68449.3,67917.1,68141.3,3931.237,268204908.9723
1772823600000,68141.3,68444,67958.7,68091.2,2647.057,180480155.4141
1772827200000,68091.2,68252.3,67729.1,68072.3,4406.416,299206740.6464
1772830800000,68072.3,68292.8,67888,68252.8,1713.315,116661344.3215
1772834400000,68252.8,68405.3,68178.3,68289.5,1219.486,83286819.2363
1772838000000,68289.5,68333,68054.4,68075.5,791.609,53991520.0197
1772841600000,68075.5,68342.4,68068,68239.6,1014.321,69185912.2028
1772845200000,68239.6,68324.6,68135.5,68219,618.643,42202339.3764
1772848800000,68219,68332.8,68012,68312.4,1021.862,69651033.5389
1772852400000,68312.4,68536.8,68055,68058.2,2312.302,157909129.1496
1772856000000,68058.2,68119.3,67760.5,68025.5,1862.143,126539753.3917
1772859600000,68025.5,68108,67858.6,67983.3,1053.317,71603956.1014
1772863200000,67983.3,67991.5,67553.7,67662.1,2319.957,157236584.1609
1772866800000,67662.1,67831.5,67400.7,67804.8,3301.982,223262557.1784
1772870400000,67804.8,68017.6,67676.7,67763.1,1746.287,118513054.1014
1772874000000,67763.1,68049,67694,67967.3,1128.246,76622958.8867
1772877600000,67967.3,68074.2,67833.9,67852,914.367,62132500.1092
1772881200000,67852,68212.7,67802.2,67972.3,2001.247,136267063.6238
1772884800000,67972.3,68059.2,67856.3,67952.9,1271.586,86400797.4063
1772888400000,67952.9,68048.4,67799.4,67889.4,1304.661,88611315.4357
1772892000000,67889.4,68071.4,67565.2,67981.2,2459.989,166835706.7666
1772895600000,67981.2,68008.4,67728,67841.4,1236.436,83906660.9533
1772899200000,67841.4,67862.5,67670.1,67754,842.513,57095996.118
1772902800000,67754,67917.9,67730.1,67751.7,636.476,43170652.8737
1772906400000,67751.7,67751.9,67428.1,67535.5,1990.196,134469803.0448
1772910000000,67535.5,67540,66885.4,67044.1,5272.373,354207125.8337
1772913600000,67044.1,67400,67031.1,67356.4,1588.149,106806492.1055
1772917200000,67356.4,67449.3,67234.6,67413.5,1250.238,84211356.8479
1772920800000,67413.5,67447.7,67048.6,67218.7,1416.523,95256137.1274
1772924400000,67218.7,67374.5,67150,67227.1,799.39,53786921.423
1772928000000,67227.1,67449.4,67134.8,67155,1117.177,75166255.066
1772931600000,67155,67326.1,67050.1,67257.9,1036.483,69641561.5644
1772935200000,67257.9,67390,66772.4,66890.1,2962.559,198572576.1352
1772938800000,66890.1,67050,66809.5,66972.2,1303.8,87287887.4677
1772942400000,66972.2,67061.1,66480,66599.5,2984.45,199184568.2466
1772946000000,66599.5,67214.6,66580,67111.7,2044.967,137004675.5149
1772949600000,67111.7,67198.2,67002.9,67135.3,1087.825,72989463.2579
1772953200000,67135.3,67432.9,67120.7,67274.9,2105.583,141704501.7763
1772956800000,67274.9,67540,67118.4,67492.7,2232.573,150398233.9215
1772960400000,67492.7,67874.6,67432.5,67659.1,2655.535,179707192.4797
1772964000000,67659.1,68167.7,67650.9,67862.6,3587.702,243796819.9798
1772967600000,67862.6,67862.7,67368.7,67479.2,3265.725,220649433.6366
1772971200000,67479.2,67629.4,66840.7,67281.5,4193.474,281703623.8005
1772974800000,67281.5,67399.6,66777.7,67201.2,3954.794,265164458.7759
1772978400000,67201.2,67389,67006,67300.6,1904.23,128020690.2028
1772982000000,67300.6,67341.3,67033.6,67176.7,1331.894,89503623.5344
1772985600000,67176.7,67232,66736.8,66837.9,2109.168,141249242.2291
1772989200000,66837.9,67170,66758.6,67015.5,2142.07,143519538.2747
1772992800000,67015.5,67034.3,66710.5,66775.8,1199.195,80166843.9155
1772996400000,66775.8,67435,66742.6,67297.6,2822.365,189491487.3808
1773000000000,67297.6,67487.7,66990,67193.6,2266.463,152347537.0896
1773003600000,67193.6,67228.4,66618,66976.5,2348.819,157091179.2943
1773007200000,66976.5,66976.5,65580,66204.1,14220.733,938506357.2012
1773010800000,66204.1,66545.3,65879.1,65943.8,2833.148,187641748.1657
1773014400000,65943.8,66730,65782.7,66331.3,3934.042,260795435.8541
1773018000000,66331.3,66664.2,66085.5,66159.1,2959.245,196472871.7753
1773021600000,66159.1,66690.5,65917.1,66504.1,3268.087,216761366.746
1773025200000,66504.1,67672.3,66474.1,67171.4,7051.147,473788107.1576
1773028800000,67171.4,67583.4,67064.8,67103.2,2706.33,182229766.7941
1773032400000,67103.2,68038.7,67076,67877.8,5749.321,388968493.1173
1773036000000,67877.8,67916.3,67182.5,67226.3,3410.581,230230764.2318
1773039600000,67226.3,67541.5,66830.7,67506.5,4160.341,279540066.2178
1773043200000,67506.5,67891.9,67330.1,67773.5,3247.73,219718474.0469
1773046800000,67773.5,68431.5,67527.3,67946,4902.452,333643162.4666
1773050400000,67946,68061.2,67516.1,67569.9,2642.073,179035476.9309
1773054000000,67569.9,67824.3,67280.5,67724,3728.334,252022595.3563
1773057600000,67724,68315.3,67713.9,68120.8,4971.96,338482157.3388
1773061200000,68120.8,69277.7,68097.5,68937.8,9949.918,684355179.7475
1773064800000,68937.8,69444.4,68649.8,69107.5,8130.794,561642833.5402
1773068400000,69107.5,69215.5,68680.2,68820,4060.388,279900986.0174
1773072000000,68820,69221.4,68577,68914.9,3564.272,245490380.5019
1773075600000,68914.9,69051.7,68222.9,68559.2,3480.093,238736421.7912
1773079200000,68559.2,68667.9,68200,68313.6,2259.223,154613674.23
1773082800000,68313.6,69500,68313.6,68944.8,8431.441,581602008.239
1773086400000,68944.8,69118.8,68703.3,68914.1,2371.979,163448754.683
1773090000000,68914.1,69060,68622,68870.8,1913.97,131867629.035
1773093600000,68870.8,69000.9,68553,68597,1897.216,130330888.7941
1773097200000,68597,68671.9,68331.6,68390.7,1307.33,89579787.0345
1773100800000,68390.7,69269,68355,69116.7,3565.451,245616959.3009
1773104400000,69116.7,69363.7,68752.8,69225.3,2336.346,161313729.039
1773108000000,69225.3,70600,69066.4,70240.2,10125.08,708867544.6287
1773111600000,70240.2,70341.9,69342.8,69392.6,4097.134,286176479.024
1773115200000,69392.6,70100,69392.6,70046.8,2746.355,191566958.3709
1773118800000,70046.8,70334.6,69840.3,69942.1,2360.278,165371280.5
1773122400000,69942.1,70165.3,69718.2,69885.3,2480.895,173478379.4379
1773126000000,69885.3,70539.9,69792.9,70385.8,4771.204,335173652.6632
1773129600000,70385.8,71077.8,70330.2,70650,7684.53,543765403.0009
1773133200000,70650,71300,70610.4,71035.2,5836.981,414548717.4514
1773136800000,71035.2,71055.9,70635.9,70743,2705.96,191587864.885
1773140400000,70743,70842.1,70506,70560.3,2664.905,188184243.6459
1773144000000,70560.3,70600,70252.2,70486,3641.638,256440063.1548
1773147600000,70486,70899.4,69678,69877.5,10764.461,755405441.6275
1773151200000,69877.5,71498.8,69227.3,71437.2,16065.4,1127235137.0638
1773154800000,71437.2,71762.8,70860.9,71311,9154.832,652350294.0537
1773158400000,71311,71687,70904.6,71235.8,4154.525,296220581.7474
1773162000000,71235.8,71428.1,70440.5,70833.5,5316.788,376828807.9998
1773165600000,70833.5,70884,69850,69977.6,7878.184,553318128.0716
1773169200000,69977.6,70248.7,69650.5,70003.3,4632.157,324074684.9664
1773172800000,70003.3,70322.1,69950,70196.5,2436.14,170826128.6743
1773176400000,70196.5,70374,69468.1,69715.2,3501.411,244490430.661
1773180000000,69715.2,69829.1,69405.1,69653.8,2684.098,186769926.8303
1773183600000,69653.8,69931.9,69646,69907.5,2072.083,144618469.0045
1773187200000,69907.5,70162.3,69702.6,69997,2336.487,163405887.9654
1773190800000,69997,70114.1,69831.3,70028.5,1248.413,87370289.7302
1773194400000,70028.5,70082,69572,69775.1,1945.524,135843959.1087
1773198000000,69775.1,69858.4,69448.6,69515.7,1944.546,135294943.1402
1773201600000,69515.7,70239,69447.7,70085.3,2916.082,203800678.5437
1773205200000,70085.3,70170,69318.6,69464.3,3391.962,236379757.2002
1773208800000,69464.3,69972.8,69452.1,69910.1,2800.674,195295881.8408
1773212400000,69910.1,69995.5,69460.7,69621.6,2212.587,154115028.5259
1773216000000,69621.6,69765,69460.4,69615.7,1804.632,125562481.6852
1773219600000,69615.7,69729,69324.3,69430.4,2189.746,152190312.2387
1773223200000,69430.4,69688,69352,69573.1,1493.388,103786794.4468
1773226800000,69573.1,69643.6,69121.4,69136.1,2577.17,178814279.077
1773230400000,69136.1,69763.4,68921.8,69316.8,6399.437,443200554.301
1773234000000,69316.8,71067.5,69290,70142.1,16551.046,1162783074.2855
1773237600000,70142.1,70952.1,69917.5,70536.8,11997.511,845655095.6709
1773241200000,70536.8,70614.7,69651.2,70200,6938.188,486490125.697
1773244800000,70200,70800,70120,70544.5,4384.295,309047041.8254
1773248400000,70544.5,71300,70478.1,70746.4,8056.397,571220291.0195
1773252000000,70746.4,70873.9,70375.4,70589,3527.93,249195243.3237
1773255600000,70589,70718.4,70326.4,70606.6,2245.506,158344475.2523
1773259200000,70606.6,70675.3,70348.3,70594.2,1321.505,93152414.009
1773262800000,70594.2,70749.7,70448.7,70701.3,1256.417,88725903.5392
1773266400000,70701.3,70900,70183.8,70324.9,2446.661,172434868.4493
1773270000000,70324.9,70471.8,70080,70150.8,1574.969,110659724.2577
1773273600000,70150.8,70319.1,70085.5,70173.8,1312.865,92150545.9329
1773277200000,70173.8,70185.8,69710,69807,2771.399,193665890.1002
1773280800000,69807,69852.6,69172.5,69235.2,3767.22,261796941.893
1773284400000,69235.2,69580.5,69188.4,69395.7,2400.771,166585589.6291
1773288000000,69395.7,69632.9,69243.7,69325.4,1570.579,109074516.8936
1773291600000,69325.4,69509.2,69150,69433.4,1900.758,131805583.3251
1773295200000,69433.4,69534.3,69319,69468.6,1344.656,93365852.6801
1773298800000,69468.6,69829.8,69377.9,69786.6,2472.742,172217193.063
1773302400000,69786.6,70077.1,69662.8,69875.6,3774.32,263681068.4644
1773306000000,69875.6,70362.9,69540,69915.5,4326.525,302428985.3691
1773309600000,69915.5,70499.9,69810,70381.3,3464.218,243231888.3732
1773313200000,70381.3,70772.4,70328.1,70389.3,3632.791,256186769.0743
1773316800000,70389.3,70598.9,70239.4,70351.9,2293.23,161354399.0773
1773320400000,70351.9,70497.5,69650.6,69939.9,7274.024,509450429.4759
1773324000000,69939.9,70638.9,69300,69542.8,10144.709,708324881.0481
1773327600000,69542.8,70536.8,69420.2,70287.7,7031.309,492842370.3274
1773331200000,70287.7,70533.9,69855,70335.1,5227.614,367197837.3917
1773334800000,70335.1,70511.8,70033,70167.5,3055.706,214883425.038
1773338400000,70167.5,70265,69755.3,69786.5,2416.268,169072638.1558
1773342000000,69786.5,70520,69728.8,70394.3,4022.236,282479069.0118
1773345600000,70394.3,70530.9,70070,70128.3,2148.708,151014469.4293
1773349200000,70128.3,70462,70128.3,70234.7,1565.005,110000592.1643
1773352800000,70234.7,70282.3,69964.5,70132.8,1691.368,118574853.5029
1773356400000,70132.8,70737.8,70115.5,70482,4010.082,282732993.8137
1773360000000,70482,71996.9,70345.6,71445.5,12349.103,881537563.4452
1773363600000,71445.5,71728.8,71250,71634.2,2738.59,195917748.5595
1773367200000,71634.2,71666.1,71012.3,71110,3178.582,226578117.6445
1773370800000,71110,71493,70920.4,71370.5,2519.604,179393135.4951
1773374400000,71370.5,71463.4,71204.1,71347.6,1315.381,93809184.5509
1773378000000,71347.6,71600,71206.3,71517.2,2122.976,151679209.6002
1773381600000,71517.2,71564.5,71145,71311.1,1627.481,116062161.531
1773385200000,71311.1,71647.7,71198.8,71591.3,2652.807,189627628.9342
1773388800000,71591.3,72184.8,71350,71796.4,5526.279,396738175.6203
1773392400000,71796.4,72108.3,71552.1,71971.6,3409.565,245018213.7817
1773396000000,71971.6,72551.8,71963.9,72428,6113.437,442191330.5453
1773399600000,72428,72499,72165,72194.4,2848.358,205947082.5908
1773403200000,72194.4,72881.8,72175,72742.7,5231.203,379506987.0393
1773406800000,72742.7,73579,72641.7,73339.8,11672.805,853104906.405
1773410400000,73339.8,73869.8,72323.5,72351.7,13911.004,1017885366.8258
1773414000000,72351.7,72796.8,71689.8,71788.3,10928.532,789516702.4676
1773417600000,71788.3,72064.7,71100,71841.4,10269.876,735126456.9617
1773421200000,71841.4,72217.8,70862,70987.4,7834.49,559787870.1846
1773424800000,70987.4,71315.2,70777,71009.3,4897.437,347925668.5016
1773428400000,71009.3,71268.1,70953.2,71133.2,2321.689,165090506.5067
1773432000000,71133.2,71434.3,71100,71307,2926.886,208734074.7345
1773435600000,71307,71468,71013.5,71053.1,1891.803,134780849.5466
1773439200000,71053.1,71152.5,70517.2,70786.4,5497.029,388669279.7882
1773442800000,70786.4,70971.6,70659.8,70884,1654.762,117240350.7035
1773446400000,70884,70918.6,70517.2,70600,1784.853,126193008.1671
1773450000000,70600,70865,70421.2,70780.5,2404.959,170001958.0044
1773453600000,70780.5,70861.6,70691.7,70751.5,851.28,60246306.3533
1773457200000,70751.5,71133,70751.4,71037.8,1872.684,132957486.5612
1773460800000,71037.8,71263.8,70965.6,71001.9,1620.336,115242686.9483
1773464400000,71001.9,71128.8,70873.4,70980.8,1002.613,71184043.9676
1773468000000,70980.8,70980.8,70262,70595.2,3528.941,249072905.2324
1773471600000,70595.2,70707.4,70435.7,70558.5,1272.754,89806684.8247
1773475200000,70558.5,70678.4,70496.5,70547,998.366,70471598.9815
1773478800000,70547,70700,70347.2,70471.5,1484.052,104689264.9053
1773482400000,70471.5,70536,70332.3,70521.8,1075.513,75770295.8377
1773486000000,70521.8,70754.8,70512,70699.4,1175.078,83015585.1351
1773489600000,70699.4,70838.4,70542.4,70729.8,1649.459,116596161.7369
1773493200000,70729.8,70885.5,70667.8,70816.7,1183.853,83822258.407
1773496800000,70816.7,70900,70504.9,70559.7,1759.088,124303604.4286
1773500400000,70559.7,70689.9,70444.3,70545.6,1157.738,81687196.6059
1773504000000,70545.6,70689.6,70449.9,70634.2,899.558,63489127.061
1773507600000,70634.2,70704.3,70539.2,70580,692.117,48870956.2468
1773511200000,70580,70689.9,70499.9,70621.3,586.999,41430529.2737
1773514800000,70621.3,70702.9,70554.4,70663.1,356.421,25173130.798
1773518400000,70663.1,70837.1,70602.3,70756,701.472,49624718.7197
1773522000000,70756,70789.7,70605,70760.3,562.242,39741991.0543
1773525600000,70760.3,70767.7,70650.1,70672.4,341.706,24159721.3846
1773529200000,70672.4,71226.9,70667.4,71178,2514.837,178597768.4497
1773532800000,71178,71183.4,70923,70950.6,1100.823,78197911.685
1773536400000,70950.6,71010,70811.9,70957.8,748.08,53045324.8162
1773540000000,70957.8,71600,70957.8,71411.6,3577.015,255162753.2582
1773543600000,71411.6,71499.7,71180.4,71319.6,1512.524,107890187.6232
1773547200000,71319.6,71631,71290.9,71550,1770.215,126595851.1479
1773550800000,71550,71820,71429.7,71452.6,2311.435,165517120.021
1773554400000,71452.6,71558.2,71360.1,71422.8,1028.194,73447883.6221
1773558000000,71422.8,71637.3,71372.7,71427,1226.473,87695836.9597
1773561600000,71427,71687.8,71427,71687.7,1156.787,82786027.8131
1773565200000,71687.7,71912.3,71669,71754.1,2315.912,166281924.629
1773568800000,71754.1,71887.5,71680,71744.8,754.873,54181918.8927
1773572400000,71744.8,71871.2,71622.5,71806.1,1260.017,90364351.3192
1773576000000,71806.1,71806.2,71506.2,71580.8,1199.51,85920285.2805
1773579600000,71580.8,71650,71230.6,71570,4020.212,287007943.5183
1773583200000,71570,71597.6,71305.3,71584.9,1437.283,102710228.6494
1773586800000,71584.9,71590,71367.1,71447.5,888.013,63479247.4412
1773590400000,71447.5,71561.9,71231.8,71401.5,1510.968,107835981.1577
1773594000000,71401.5,71963.6,71372.6,71782.1,2201.469,157867684.7374
1773597600000,71782.1,71856.8,71266.3,71344.9,1967.19,140736676.455
1773601200000,71344.9,71539.7,71287.1,71514.6,1637.944,116978101.9685
1773604800000,71514.6,71898.2,71383.3,71686.1,1792.079,128450389.1222
1773608400000,71686.1,72191.9,71578.8,72074.3,3116.52,224307983.8684
1773612000000,72074.3,73079.8,71668.8,72710.9,9285.194,671595309.2775
1773615600000,72710.9,73217.2,72379.7,72777.5,7027.185,511357922.0825
1773619200000,72777.5,72980.5,72402.4,72495,3050.922,221785232.3173
1773622800000,72495,72820.6,72226.3,72727.9,2382.318,172749466.8676
1773626400000,72727.9,72832.9,72330,72478.8,1444.978,104819903.6676
1773630000000,72478.8,74297.5,72395.8,73548.3,12197.494,897807712.529
1773633600000,73548.3,74488.2,73547,73801.2,6870.569,507580100.6808
1773637200000,73801.2,74225.7,73671.7,74165.8,3768.268,278566933.8402
1773640800000,74165.8,74165.9,73563.7,73680.1,2498.355,184263751.2204
1773644400000,73680.1,73895,73352.1,73426.9,2865.804,210961085.1719
1773648000000,73426.9,73750,72805.6,73104.3,5813.25,425640544.2321
1773651600000,73104.3,73315.9,73015.3,73229.1,1612.042,117962734.342
1773655200000,73229.1,73754,73164.1,73753.3,3043.264,223511453.2767
1773658800000,73753.3,73826.2,73474,73515,1958.891,144216156.0171
1773662400000,73515,74035.9,73403.1,73827.7,4016.72,296110571.3968
1773666000000,73827.7,74499.8,73741.5,74078.7,6770.52,501682108.2255
1773669600000,74078.7,74430,72945.1,73527.7,9333.56,686534650.5572
1773673200000,73527.7,74000,73147.6,73232.9,5225.258,384425238.5095
1773676800000,73232.9,73890.1,73124,73717.8,3375.555,248011805.4182
1773680400000,73717.8,74044.7,73600.4,73907.3,2877.312,212410213.5427
1773684000000,73907.3,74340.8,73803.5,73883.7,4756.47,352568393.9074
1773687600000,73883.7,74398.3,73725.1,73931.9,3340.538,247287335.5066
1773691200000,73931.9,74212,73824.1,74200.6,1400.403,103661731.7829
1773694800000,74200.6,74777,74111.7,74361.8,6531.907,486299860.0049
1773698400000,74361.8,74892,74337.3,74729.3,4389.687,328066742.0022
1773702000000,74729.3,74900,74171.9,74854.7,3650.657,272246283.2051
1773705600000,74854.7,75500,74585.4,75294.9,8453.002,634713884.7641
1773709200000,75294.9,76053.9,75035.5,75587.6,7494.304,567092963.6011
1773712800000,75587.6,75651.2,75080.3,75167.5,3097.037,233033887.5353
1773716400000,75167.5,75300,74229.7,74434.7,5477.774,408849303.4807
1773720000000,74434.7,74657.5,73950,74213.2,5532.066,411047604.9405
1773723600000,74213.2,74425,73742.8,74004.2,3492.477,258691171.513
1773727200000,74004.2,74246.8,73843.7,74045.1,2727.31,201963885.7319
1773730800000,74045.1,74413.8,74026.7,74219.9,1776.832,131997040.6727
1773734400000,74219.9,74436.6,74069.7,74158.1,2126.737,157932961.2673
1773738000000,74158.1,74379.9,73805.3,73908.6,2789.083,206679697.1019
1773741600000,73908.6,73933.4,73493,73694.6,4285.618,315733762.8319
1773745200000,73694.6,74167.5,73635.2,73996.1,2894.462,214020630.4797
1773748800000,73996.1,74138.8,73613.2,73704.9,2633.276,194425605.5231
1773752400000,73704.9,74132,73323.9,73581.7,6191.755,456350202.0105
1773756000000,73581.7,74374,73385.2,74344,5386.867,398443152.6265
1773759600000,74344,74876.6,73616.5,73877.5,7734.624,573955573.5665
1773763200000,73877.5,74306.7,73822.1,74121.6,2611.537,193496520.8858
1773766800000,74121.6,74569.6,73959.4,74489.4,2620.08,194743986.6932
1773770400000,74489.4,74732.3,74337.2,74641.6,2771.258,206657943.2694
1773774000000,74641.6,74780.9,74388.6,74469.5,2487.276,185523340.5754
1773777600000,74469.5,74656.3,74338,74475.7,1727.826,128684188.0659
1773781200000,74475.7,74777.9,74417.5,74651.1,1252.205,93460094.614
1773784800000,74651.1,74740,73871.8,74270.7,2731.519,202756897.9978
1773788400000,74270.7,74372,73820.7,73861.6,2514.776,186168539.9926
1773792000000,73861.6,74023.1,73463.5,73826.6,2508.18,184962079.0852
1773795600000,73826.6,74173.4,73775.3,74032.8,1556.421,115180579.6511
1773799200000,74032.8,74450,74007.1,74304,1527.527,113415742.9512
1773802800000,74304,74640.2,74203.7,74417.6,2404.239,179040191.5677
1773806400000,74417.6,74457.9,74080,74142,1395.675,103636208.127
1773810000000,74142,74266.2,73800,73917.6,1735.388,128451805.0829
1773813600000,73917.6,74195.9,73899,73915.4,1507.234,111602500.8124
1773817200000,73915.4,73963.9,73658,73845,1916.345,141436239.7143
1773820800000,73845,74090,73818.6,74004.8,1583.111,117114440.1937
1773824400000,74004.8,74249.9,73994.6,74138.8,1264.644,93757460.8658
1773828000000,74138.8,74224.1,73745.1,73894.9,1694.136,125308700.594
1773831600000,73894.9,74026.9,72720,72902.3,10100.872,739452442.8632
1773835200000,72902.3,72938.1,72227,72320,10840.425,786396218.1553
1773838800000,72320,72530,71925.1,72092.7,7335.33,530022087.0407
1773842400000,72092.7,72185.6,71065,71149.6,10834.563,775930847.6269
1773846000000,71149.6,71494.7,70807.9,71440.4,10756.518,765961544.3068
1773849600000,71440.4,71534.8,70989.2,71283,4773.939,340170739.0907
1773853200000,71283,71730.1,71157.2,71557.7,3472.394,248112708.4512
1773856800000,71557.7,71967.6,70900,71056.7,6842.592,489435042.8931
1773860400000,71056.7,71449,70821,71027,3398.431,241741849.5472
1773864000000,71027,71295.9,70452,71177.4,6245.581,442524973.3775
1773867600000,71177.4,71396.9,71121.6,71223.6,1544.373,110082281.9758
1773871200000,71223.6,71239.8,70903.3,71120.7,2442.98,173533912.6836
1773874800000,71120.7,71333,71032.1,71213.7,1581.726,112604983.8276
1773878400000,71213.7,71287.1,70928,70968.9,1944.209,138198598.3084
1773882000000,70968.9,71148.9,70917.6,71077.4,987.455,70139635.775
1773885600000,71077.4,71225.7,70847.9,71019.4,1256.12,89287658.2469
1773889200000,71019.4,71588.2,71019.3,71174.1,2775.45,198038658.9969
1773892800000,71174.1,71174.1,70608.4,70790.1,3549.719,251321422.9031
1773896400000,70790.1,70881.8,70615.8,70796,1208.501,85517110.3525
1773900000000,70796,70944.8,70463.7,70550.1,2124.583,150137561.021
1773903600000,70550.1,70571.5,69432.9,70155.6,10805.52,756400718.8754
1773907200000,70155.6,70268,69855.6,69954.5,2698.93,189052303.2822
1773910800000,69954.5,70525.6,69945.1,70467,3702.368,260157531.906
1773914400000,70467,70495.4,70070.1,70093.8,1680.006,118114247.9832
1773918000000,70093.8,70226,69865,69921.2,1868.558,130869211.2092
1773921600000,69921.2,69921.3,69065.8,69254.1,7073.388,491546258.2349
1773925200000,69254.1,70050,69036.8,69877.6,8383.167,582607823.2818
1773928800000,69877.6,70136,69054,69450,7525.802,522679976.1505
1773932400000,69450,69892,68750,69376.9,10155.953,703425756.2837
1773936000000,69376.9,69622.5,69136.1,69421.9,3874.749,268756507.7471
1773939600000,69421.9,69927,69086.4,69822.2,3598.633,250134395.28
1773943200000,69822.2,69902.3,69541.7,69793.7,1517.164,105771309.5488
1773946800000,69793.7,70591,69765.8,70241.2,7818.683,549376512.3633
1773950400000,70241.2,70707.2,70166.2,70453.7,1870.97,131779049.2776
1773954000000,70453.7,70673.1,70341.3,70370.5,1816.011,128071679.202
1773957600000,70370.5,70480.1,69925.2,70159.7,2502.699,175626968.9599
1773961200000,70159.7,70259.8,69679.4,69881.8,4411.922,308267312.6386
1773964800000,69881.8,70278.3,69800,70162.9,1522.284,106680514.7242
1773968400000,70162.9,70562,70150.1,70369.9,1809.705,127416473.4419
1773972000000,70369.9,70489.3,70046.5,70376.5,1869.349,131325161.3176
1773975600000,70376.5,70793.2,70350.3,70697.8,2510.425,177269455.0628
1773979200000,70697.8,70933,70510.5,70744.1,2609.297,184606687.2948
1773982800000,70744.1,70847.1,70470.4,70571,1637.15,115698315.6477
1773986400000,70571,70620.7,70315,70466.3,1935.157,136338222.7391
1773990000000,70466.3,70910,70164.1,70815.2,4088.703,288549300.8515
1773993600000,70815.2,71343.9,70755.1,71006.4,6686.846,475488748.2706
1773997200000,71006.4,71006.5,70370.6,70550.5,4239.866,299458837.8157
1774000800000,70550.5,70644,70170.6,70576,2866.751,201784028.4285
1774004400000,70576,70770.4,70250,70443.9,2476.217,174616296.1831
1774008000000,70443.9,70648,70202,70307.1,2154.796,151748575.4786
1774011600000,70307.1,70574.9,69753.4,69826.8,8334.93,584403013.7137
1774015200000,69826.8,70246,69544.7,69698.7,9839.146,687209905.5475
1774018800000,69698.7,69982.8,69431.7,69833.4,4579.21,319261862.7768
1774022400000,69833.4,70074.7,69561.6,69799.7,3378.033,235902069.4337
1774026000000,69799.7,70009.8,69338,69974.7,4798.177,334483465.4878
1774029600000,69974.7,70045,69474.8,69735.2,3413.741,238262124.9942
1774033200000,69735.2,70163.2,69630.1,70152.2,2854.841,199571279.6906
1774036800000,70152.2,70245.1,69718,70024.4,2397.381,167820401.3154
1774040400000,70024.4,70694.5,69915,70507.5,3536.775,248996715.9101
1774044000000,70507.5,70892.8,70507.5,70734.8,2583.107,182768102.8926
1774047600000,70734.8,70744.3,70394.8,70476.1,1889.183,133223667.3393
1774051200000,70476.1,70800,70434.3,70650.9,1177.11,83130856.6683
1774054800000,70650.9,70730,70431,70436.8,794.227,56037813.2264
1774058400000,70436.8,70759.4,70408.2,70711.4,1141.41,80573379.6919
1774062000000,70711.4,70766.9,70588.7,70640.2,753.377,53228324.3309
1774065600000,70640.2,70790.2,70580.9,70606.9,974.334,68860846.7114
1774069200000,70606.9,70812.9,70593.6,70671.6,1073.467,75899211.871
1774072800000,70671.6,70789.1,70661.6,70739.9,682.869,48301541.7886
1774076400000,70739.9,70850,70631.5,70684.3,1243.71,87974428.2626
1774080000000,70684.3,70724.8,70452.5,70561.9,1506.204,106296923.3525
1774083600000,70561.9,70708.7,70533.5,70630.1,819.947,57910893.1666
1774087200000,70630.1,70660,70520,70571.7,629.455,44422166.4167
1774090800000,70571.7,70627.4,70520.8,70610.3,407.946,28789690.116
1774094400000,70610.3,70767.7,70610.3,70672.9,974.97,68921494.6234
1774098000000,70672.9,70782,70655.7,70698,484.853,34282532.2028
1774101600000,70698,71068,70532,70587.5,3418.073,242120013.2451
1774105200000,70587.5,70728.4,70415.9,70591.5,1382.948,97609852.078
1774108800000,70591.5,70623.8,70176,70262,3586.905,252530890.156
1774112400000,70262,70389.5,70154.8,70271.8,1443.999,101477672.718
1774116000000,70271.8,70496,70246.7,70345.3,948.873,66777054.4706
1774119600000,70345.3,70410,70268.8,70358.6,447.669,31489376.7114
1774123200000,70358.6,70472.7,70320.2,70426.6,454.307,31985773.2971
1774126800000,70426.6,70477,70213,70312.9,727.576,51186718.4342
1774130400000,70312.9,70347.1,70225.4,70245.6,579.851,40744628.1576
1774134000000,70245.6,70255.8,68500,68870.5,9661.445,669550082.4747
1774137600000,68870.5,69110,68166.8,68906.6,7961.883,547085400.1514
1774141200000,68906.6,69059.4,68724,68924.6,2517.513,173414526.6555
1774144800000,68924.6,69371.7,68898.2,69236.2,2243.416,155158573.1185
1774148400000,69236.2,69557.3,69080,69304.1,2173.312,150713122.6989
1774152000000,69304.1,69487.3,69174,69307,1596.353,110634616.6262
1774155600000,69307,69317.6,69100,69112.1,1184.041,81909736.7987
1774159200000,69112.1,69210.9,69021.8,69125.8,1005.292,69484848.8619
1774162800000,69125.8,69211.7,68851,68884,1411.54,97402600.9464
1774166400000,68884,68954.5,68515,68757.8,3189.442,219209745.5237
1774170000000,68757.8,68872,68537,68778.6,1385.525,95208400.0758
1774173600000,68778.6,68808.9,68540.4,68600.1,1154.266,79236779.8402
1774177200000,68600.1,68654.4,68060,68181.5,3997.23,273153249.8784
1774180800000,68181.5,68732.7,68158.2,68617.5,2784.392,190728344.754
1774184400000,68617.5,68935.8,68500.8,68664.4,3469.214,238530903.7807
1774188000000,68664.4,68887.5,68500,68679.3,1289.027,88583424.1942
1774191600000,68679.3,69042.4,68675.6,68817.5,2469.754,170025515.9908
1774195200000,68817.5,68859.6,68628.2,68767.5,806.149,55424885.7524
1774198800000,68767.5,68826.8,68636.6,68637,751.174,51625875.3977
1774202400000,68637,68711.2,68311.7,68580.5,1559.651,106843267.5826
1774206000000,68580.5,68595.8,68089.3,68160.5,3709.906,253284428.6743
1774209600000,68160.5,68478.1,68013.8,68133.3,1623.478,110772188.959
1774213200000,68133.3,68192.8,67300.1,67849.9,7210.838,488142299.6486
1774216800000,67849.9,68367.9,67519.2,68310.6,5463.174,371609357.2669
1774220400000,68310.6,68444,67794.8,67828.1,2199.772,149793334.2508
1774224000000,67828.1,68137.5,67412.7,67639.4,4067.129,275573283.2497
1774227600000,67639.4,68132.2,67501.2,67876,2810.664,190884937.1132
1774231200000,67876,68367.6,67765.4,68282.7,2138.744,145713617.1992
1774234800000,68282.7,68570,68028.5,68050,1989.309,135836609.3765
1774238400000,68050,68545.2,68017.1,68516.7,1570.701,107263803.6718
1774242000000,68516.7,68885.3,68516.6,68869.7,3256.342,223692625.705
1774245600000,68869.7,68874.2,67654,67846.6,4179.999,284709571.4786
1774249200000,67846.6,68422,67470.7,68304,5337.176,362492556.0767
1774252800000,68304,68674.9,68300.1,68402.2,2945.599,201750555.5342
1774256400000,68402.2,68446.8,67880,68311.9,2473.441,168554785.7229
1774260000000,68311.9,68696.6,68260,68513.3,2125.709,145565696.4273
1774263600000,68513.3,71487,68513.3,70094.5,38518.165,2714877411.9874
1774267200000,70094.5,70850,69640.5,70710.8,9513.089,668243251.7466
1774270800000,70710.8,71571,70559.5,71456.3,9115.224,648175536.5142
1774274400000,71456.3,71788,71095.2,71425.8,8446.551,603611988.6148
1774278000000,71425.8,71630,70065.5,70092.1,10640.199,752345553.6628
1774281600000,70092.1,70763.6,70092,70538.5,7571.476,533006194.4006
1774285200000,70538.5,71088.4,70307.7,71049.4,4100.677,290374985.7296
1774288800000,71049.4,71168.5,70837.4,71041.2,3411.834,242220731.7306
1774292400000,71041.2,71224.1,70607.9,70639.5,2863.833,203043973.4628
1774296000000,70639.5,70962.7,70511.4,70878.1,1862.403,131763090.076
1774299600000,70878.1,70969.1,70783.1,70819.1,893.671,63337039.7377
1774303200000,70819.1,70868.3,70473.3,70743.5,1628.435,115014437.2761
1774306800000,70743.5,70991.6,70352.6,70865,2578.739,182311562.7587
1774310400000,70865,71072.4,70374.8,70647.3,2427.682,171718658.1713
1774314000000,70647.3,70849.9,70224.2,70478.2,2026.357,142918867.69
1774317600000,70478.2,70673,70314.9,70416.4,1682.789,118616759.203
1774321200000,70416.4,70557.2,70366.8,70505.2,1268.672,89382664.6212
1774324800000,70505.2,70724,70205,70342.5,1987.958,140058688.6915
1774328400000,70342.5,70349.9,70081,70248.8,1957.953,137438587.9095
1774332000000,70248.8,70549.3,70214.3,70500,1554.418,109416855.183
1774335600000,70500,71393.8,70439.2,71269.9,7201.46,510645668.7911
1774339200000,71269.9,71323,70799.8,70936.1,4291.477,304718754.7568
1774342800000,70936.1,71349.9,70820,71297.8,1898.388,134950273.9899
1774346400000,71297.8,71309,71060,71245.5,1520.995,108277882.3173
1774350000000,71245.5,71300,70922,71122.8,2124.819,151091979.366
1774353600000,71122.8,71156.9,70825.8,70930.2,1802.469,127880105.9674
1774357200000,70930.2,71027.8,69936.9,70071.5,9775.896,688411443.4915
1774360800000,70071.5,70436.4,69460,69843.5,10068.056,703613211.3468
1774364400000,69843.5,70251.7,69733.8,69830.1,5641.539,394912420.8331
1774368000000,69830.1,69986.3,69183.8,69446.1,5381.323,374206845.1289
1774371600000,69446.1,69485.4,68849.2,69200,7987.804,551917172.2287
1774375200000,69200,69712.4,69128,69388.1,4946.077,343344678.7301
1774378800000,69388.1,69662.7,69227.3,69336.6,2036.663,141390344.4652
1774382400000,69336.6,70266.3,69250,70068.1,9111.135,637443257.2302
1774386000000,70068.1,70396.9,69859.7,70300.4,5039.266,353374023.5793
1774389600000,70300.4,70568.1,70102.6,70284.3,3264.296,229702728.7027
1774393200000,70284.3,70823.1,70233.9,70518.3,3335.521,235490055.1758
1774396800000,70518.3,71021.6,70443,70804.4,3234.382,228871381.5409
1774400400000,70804.4,70957.4,70600,70642.2,1582.524,111949197.6196
1774404000000,70642.2,70745.7,70457.3,70505,1971.072,139130635.2821
1774407600000,70505,70794.6,70379.2,70688.9,1638.251,115615957.841
1774411200000,70688.9,70957,70670.4,70950.5,1442.798,102184058.3124
1774414800000,70950.5,71323.5,70915.6,71087.2,4277.491,304349993.6698
1774418400000,71087.2,71248.8,70956.3,70956.7,2406.859,171186351.1422
1774422000000,70956.7,71246.3,70854,70904.3,2256.57,160255498.2006
1774425600000,70904.3,71485,70763.4,71212.8,4858.97,346055470.0561
1774429200000,71212.8,71387.7,71060,71313.1,2283.813,162702600.7064
1774432800000,71313.1,71630,71260,71467.1,2189.845,156429979.4112
1774436400000,71467.1,71984.8,71430.6,71644.6,6259.749,449089459.1875
1774440000000,71644.6,71930,71067.2,71684.2,8070.967,576465946.5024
1774443600000,71684.2,71930,71462.2,71539,3179.158,227949922.6321
1774447200000,71539,71673.5,71182.3,71195.8,6139.539,438156241.5024
1774450800000,71195.8,71266.5,70515.5,70788.4,7813.587,553467359.9409
1774454400000,70788.4,71731,70664.2,71284.1,6826.021,486669569.1439
1774458000000,71284.1,71361.5,70677,70743,3059.602,217064842.7329
1774461600000,70743,71169.9,70633.1,70782.3,3136.722,222434315.9874
1774465200000,70782.3,71074.5,70735.9,70850,1662.501,117821277.1949
1774468800000,70850,71025,70600,70969.4,1898.853,134348987.1065
1774472400000,70969.4,71149.8,70907.4,70997.6,1298.43,92203691.4833
1774476000000,70997.6,71630.4,70892.1,71330.7,2431.462,173336928
1774479600000,71330.7,71415.5,71150,71304.3,1267.624,90372273.3291
1774483200000,71304.3,71420.9,71100,71269.2,1591.743,113428657.732
1774486800000,71269.2,71354.5,71121.3,71214.4,881.946,62833067.185
1774490400000,71214.4,71256.1,70646.2,70853.6,2332.624,165334140.968
1774494000000,70853.6,70941.2,70650,70876.8,1132.295,80156054.7783
1774497600000,70876.8,70884.9,70678,70733.4,943.355,66786486.2773
1774501200000,70733.4,70769.7,69901.3,69978.8,6120.817,430384994.3182
1774504800000,69978.8,70111,69816.4,70054,3652.68,255621243.2254
1774508400000,70054,70134.4,69750,70052.7,2660.323,186093068.7216
1774512000000,70052.7,70092.8,69763,69987.9,4066.767,284260392.3882
1774515600000,69987.9,70117,69372,69545.1,4689.495,326492961.0359
1774519200000,69545.1,69685.4,69418.7,69486.6,2216.437,154142506.4609
1774522800000,69486.6,69633.3,69151.3,69237,3544.241,245806077.0829
1774526400000,69237,69432.7,69180.2,69399.8,2308.336,160003539.1766
1774530000000,69399.8,69846.2,69163.4,69610.3,6690.559,465452504.2863
1774533600000,69610.3,69796.3,69215.8,69434.3,3741.407,260071121.5929
1774537200000,69434.3,69462.7,68590,69056,8281.121,571339014.3952
1774540800000,69056,69056,68778.6,68896,3262.593,224878785.4666
1774544400000,68896,69136,68332,68454.6,4104.159,281971224.7485
1774548000000,68454.6,68582.9,68100.6,68460.4,4438.146,303274578.8669
1774551600000,68460.4,68661.1,68309.4,68505.8,2492.381,170747770.2658
1774555200000,68505.8,69506,68383.9,68973.2,10254.084,708726621.4301
1774558800000,68973.2,69186.8,68839.9,68884.9,1875.433,129360845.9469
1774562400000,68884.9,69000,68570,68870.5,2005.046,137904737.3521
1774566000000,68870.5,68979.8,68601.9,68793.4,1371.818,94335168.6857
1774569600000,68793.4,68949.3,68482.8,68749.6,2646.178,181846487.4037
1774573200000,68749.6,69038,68666,69022.8,1294.162,89140410.2856
1774576800000,69022.8,69150,68817.1,68873.5,1262.267,87062697.246
1774580400000,68873.5,68890.1,68629.6,68738.9,1610.715,110742287.8168
1774584000000,68738.9,68764.8,68255.2,68541.3,3875.389,265249666.0124
1774587600000,68541.3,68841.7,68457.2,68595.8,1775.322,121829864.3468
1774591200000,68595.8,68815.9,68530.6,68624.2,1047.458,71951270.3367
1774594800000,68624.2,68935.3,68404.7,68500.8,4076.931,279903145.4642
1774598400000,68500.8,68594,67535.4,67875.7,8692.182,590770820.8831
1774602000000,67875.7,67908,67490.8,67655.2,4076.642,276184623.3555
1774605600000,67655.2,67743.9,66273,66464,11238.466,752511679.7845
1774609200000,66464,66829.3,66174.6,66667.9,5169.061,344016052.8646
1774612800000,66667.9,66745.8,66378.3,66576.1,3165.564,210679687.0236
1774616400000,66576.1,66710.3,65963.1,66148.9,7395.277,490724301.2984
1774620000000,66148.9,66372.1,65688.3,66157.6,8995.776,593404659.7242
1774623600000,66157.6,66624.3,65926.8,66086,6747.265,447160458.8692
1774627200000,66086,66163.5,65758.5,65945.4,4635.34,305587540.8152
1774630800000,65945.4,66300.3,65538.2,65596.6,6447.19,424752159.0918
1774634400000,65596.6,65926.4,65504.7,65802.7,2738.472,180003521.8156
1774638000000,65802.7,66156.3,65660.5,66015.6,5093.342,336101861.0787
1774641600000,66015.6,66160.1,65786.2,66000.6,2459.768,162269778.0543
1774645200000,66000.6,66189.1,65983.1,66054.7,1510.534,99844701.8606
1774648800000,66054.7,66067.5,65880.7,65992.1,975.359,64353310.3997
1774652400000,65992.1,66396.7,65938.3,66374.7,1635.066,108262888.4512
1774656000000,66374.7,66493.6,66257.4,66400.1,1582.985,105086888.5512
1774659600000,66400.1,66400.1,66014.7,66146.9,2486.982,164544036.0552
1774663200000,66146.9,66221.4,65880.7,66021.2,1804.682,119140735.0181
1774666800000,66021.2,66211.8,66021.1,66197.4,764.901,50589084.9106
1774670400000,66197.4,66273.1,66071.2,66251.8,735.31,48676957.0479
1774674000000,66251.8,66353.8,66170.8,66313.7,619.861,41085898.6934
1774677600000,66313.7,66469.3,66269.6,66355.3,967.093,64207305.6511
1774681200000,66355.3,66541.4,66346.5,66529.4,1262.419,83884877.5106
1774684800000,66529.4,66534.8,66354.5,66375.9,1530.265,101690886.6044
1774688400000,66375.9,66375.9,66191.7,66270.8,1282.369,85002642.5322
1774692000000,66270.8,66384.8,66068.2,66188.8,1262.792,83571185.957
1774695600000,66188.8,66330.6,66163.5,66288.1,779.864,51674736.8944
1774699200000,66288.1,66498,66190.8,66419.4,1464.549,97205157.3705
1774702800000,66419.4,67142.8,66359.9,66806.1,5637.41,376718240.7987
1774706400000,66806.1,66948.9,66611.5,66710.7,1958.268,130755239.9105
1774710000000,66710.7,67287.8,66677.6,66983.9,3438.786,230532720.2559
1774713600000,66983.9,67072,66813,66890.1,2042.398,136714946.0697
1774717200000,66890.1,66959.4,66636.5,66808.6,1960.298,130915647.4278
1774720800000,66808.6,66923.7,66794.5,66870.2,786.232,52573883.5645
1774724400000,66870.2,66921.1,66752.1,66879.9,562.307,37573716.2221
1774728000000,66879.9,66979.2,66863.5,66883.1,845.902,56613789.5895
1774731600000,66883.1,66892.9,66558,66647.2,1275.493,85096586.6358
1774735200000,66647.2,66755,66558.1,66724.9,1104.948,73671732.0807
1774738800000,66724.9,66724.9,66239.1,66345.4,2999.465,199121846.0766
1774742400000,66345.4,66481,66250,66448.8,1033.353,68599274.2734
1774746000000,66448.8,66588,66339.5,66537.6,1318.025,87644267.5392
1774749600000,66537.6,66827.4,66501.4,66776.9,1215.945,81050913.5366
1774753200000,66776.9,67113.3,66719.4,66879.3,1768.652,118377432.3259
1774756800000,66879.3,66909.7,66682,66703.6,805.67,53810246.5872
1774760400000,66703.6,66789,66557.4,66738.3,1388.869,92587345.7267
1774764000000,66738.3,66847.3,66596.2,66700.2,619.135,41307443.0718
1774767600000,66700.2,66724,66511.3,66625.7,1112.922,74135095.1583
1774771200000,66625.7,66748.4,66552.7,66683,669.951,44657926.9105
1774774800000,66683,66728.5,66469.5,66595.6,966.87,64393111.8181
1774778400000,66595.6,66595.6,66369.6,66468.4,1599.91,106337956.4969
1774782000000,66468.4,66979.9,66468.3,66774.2,2296.003,153301113.6633
1774785600000,66774.2,66845,66666,66824.7,1330.76,88832816.4837
1774789200000,66824.7,66845,66500,66548.2,1615.754,107616710.7888
1774792800000,66548.2,66778.3,66420.2,66563.9,1377.066,91640829.6298
1774796400000,66563.9,66699.5,66276.6,66499.3,2945.385,195730259.4456
1774800000000,66499.3,66639.4,66396.1,66468.2,1229.166,81765100.5352
1774803600000,66468.2,66519.9,66111.2,66349.3,2140.607,141846235.7747
1774807200000,66349.3,66514.2,66283,66390,744.898,49457548.1753
1774810800000,66390,66457.5,66287.5,66320.5,892.113,59219792.6394
1774814400000,66320.5,66765.9,66312.1,66577.8,1676.617,111632929.1524
1774818000000,66577.8,66733,66470,66675.6,982.556,65447251.9248
1774821600000,66675.6,66684.9,64935.7,65828.1,12660.806,830727603.5408
1774825200000,65828.1,66377.9,65821.9,65990.7,5487.818,362420090.3916
1774828800000,65990.7,67049.6,65747.8,66248,9902.154,657722385.9121
1774832400000,66248,66800,66246,66622,2970.944,197706567.8903
1774836000000,66622,67442.5,66534.3,67084.3,5272.548,353660645.4811
1774839600000,67084.3,67299.5,66936.8,67143.6,1981.288,133003932.4546
1774843200000,67143.6,67641,67129.2,67582.9,3306.357,222934533.8244
1774846800000,67582.9,67802.3,67400,67462.8,2610.856,176483788.4758
1774850400000,67462.8,67550,67239.8,67271.1,1960.194,132012559.6599
1774854000000,67271.1,67610.9,67185.2,67595,2405.036,162042891.1338
1774857600000,67595,67924.1,67573.1,67634.2,3743.693,253652371.7572
1774861200000,67634.2,67662.8,67419,67463.9,1555.316,105045180.6764
1774864800000,67463.9,67487.8,67324.1,67457.5,1161.623,78303132.7404
1774868400000,67457.5,68000,67447.2,67649.5,4055.505,274522917.9695
1774872000000,67649.5,67955.6,67626.5,67861.5,2222.785,150788458.0093
1774875600000,67861.5,68199.9,67405,67500.1,5993.649,406479194.1901
1774879200000,67500.1,67853.7,67050.1,67774.1,6845.015,461487330.5707
1774882800000,67774.1,67887,67370,67602.7,5936.085,401625786.7976
1774886400000,67602.7,67626.2,67182.6,67335.8,2578.064,173657623.5585
1774890000000,67335.8,67444.3,66620,66803.3,6284.92,420491078.7716
1774893600000,66803.3,66900,66457.9,66620.5,3475.626,231767420.68
1774897200000,66620.5,66636.4,66184.2,66512.2,4096.186,271858500.6518
1774900800000,66512.2,66666,66485.9,66613.8,1459.246,97155840.6716
1774904400000,66613.8,66957.4,66545.5,66769.3,2069.091,138217027.882
1774908000000,66769.3,66961,66620.5,66743.8,1141.412,76202369.0316
1774911600000,66743.8,66767.4,66374.3,66767.3,1875.951,124847900.0522
1774915200000,66767.3,67286,66504.5,67178,3358.833,224711237.0095
1774918800000,67178,68397.1,67013.7,67903.4,8362.007,567035646.4383
1774922400000,67903.4,68075.9,67738.8,67920.3,2120.616,144079800.2137
1774926000000,67920.3,67986.5,67581.1,67677.8,2308.631,156444090.6204
1774929600000,67677.8,67865.6,67430,67511,2983.274,201725720.7595
1774933200000,67511,67748.7,67360,67644,2178.246,147167946.6661
1774936800000,67644,67677.1,67300,67466.9,1604.313,108199068.5625
1774940400000,67466.9,67496.2,67067.9,67344.9,2693.118,181112312.1977
1774944000000,67344.9,67475.7,66637.8,66736.5,4573.98,306416091.0132
1774947600000,66736.5,66897,65950,66096.2,7264.003,482450471.1042
1774951200000,66096.2,66458.1,66062.5,66322.9,3891.517,257942152.8587
1774954800000,66322.9,66847.3,66192.2,66649.7,5296.665,352566512.8302
1774958400000,66649.7,66925.2,66480.3,66611.2,3001.736,200206116.1894
1774962000000,66611.2,67400,66611.1,67270.1,6155.404,412830729.9151
1774965600000,67270.1,67744.7,66403.4,66562.9,9991.963,670757395.5724
1774969200000,66562.9,67267.1,66562.9,66710,7091.623,474997141.2893
1774972800000,66710,67993.8,66699,67644.7,7267.616,490628587.5902
1774976400000,67644.7,68599.9,67366.7,67500,11110.089,755304785.1486
1774980000000,67500,67921.5,67495,67813.9,2706.31,183302957.1836
1774983600000,67813.9,67997.9,67664.3,67802.9,2197.837,149109604.4896
1774987200000,67802.9,68248.6,67790.6,68241,2528.51,172051008.8458
1774990800000,68241,68400,67838.4,68235.4,2522.011,171732991.9467
1774994400000,68235.4,68318,67919.7,68149.2,2087.362,142197604.5792
1774998000000,68149.2,68339.8,68033.7,68244.6,1476.668,100741096.5987
1775001600000,68244.6,68320.6,67813,68295.9,2704.358,184102771.5424
1775005200000,68295.9,68333,67706.5,67755.6,3056.08,207712965.887
1775008800000,67755.6,67879.3,67543.8,67632.7,2160.018,146224121.9494
1775012400000,67632.7,68226.3,67632.7,68134.9,2236.369,152092063.118
1775016000000,68134.9,68474.5,67973.7,68279.5,3062.72,208858013.5662
1775019600000,68279.5,68779,68119,68423.6,4398.96,301280355.9702
1775023200000,68423.6,69225,68423.6,69077.3,5908.293,407247618.8867
1775026800000,69077.3,69301,68643,68662.3,5453.299,376053273.6808
1775030400000,68662.3,68858.8,68428,68633.1,3596.5,246868289.0308
1775034000000,68633.1,68710,68342.7,68611.8,2469.061,169131981.4542
1775037600000,68611.8,68641.1,68373.5,68551.6,1565.81,107271522.15
1775041200000,68551.6,68731.4,68472,68674.7,1495.706,102589999.4405
1775044800000,68674.7,68777,68222.2,68365.4,4707.483,322303264.8263
1775048400000,68365.4,68650,67831.7,68081.9,6434.917,438795227.81
1775052000000,68081.9,68648.6,68016,68562,4023.607,275073520.9819
1775055600000,68562,68933,68380.4,68879.5,3447.392,236875998.1174
1775059200000,68879.5,68970,68572.1,68777.5,3584.28,246492611.3627
1775062800000,68777.5,69164.4,68203.9,68225.7,4565.764,313190011.9999
1775066400000,68225.7,68299.6,67900,68049.1,3734.885,254239235.8087
1775070000000,68049.1,68259.9,67985.3,68140.7,1775.709,120965995.5057
1775073600000,68140.7,68212,67922,68155.5,1207.658,82193529.1054
1775077200000,68155.5,68498.3,68130,68321.1,1789.677,122288499.0988
1775080800000,68321.1,68321.1,68030,68086.9,1202.77,81976876.683
1775084400000,68086.9,68224.5,67955.2,68086,852.078,58019819.9267
1775088000000,68086,68645.7,68011,68556.9,2267.706,155056290.255
1775091600000,68556.9,68556.9,67000,67317.8,14535.652,982956769.6114
1775095200000,67317.8,67319.8,66583.1,66820.1,4963.48,332036731.8788
1775098800000,66820.1,66933.1,66444,66540,3195.171,212982326.025
1775102400000,66540,66615.1,66171.1,66290.1,3245.031,215413350.0504
1775106000000,66290.1,66605.7,66270.1,66550.1,2867.558,190521606.5651
1775109600000,66550.1,66783.3,66500,66649,2418.385,161143643.6378
1775113200000,66649,66900,66508.2,66889,2109.443,140807475.3671
1775116800000,66889,66889.1,66299,66414.9,2449.384,163036363.4019
1775120400000,66414.9,66492.9,66255,66429.1,2242.248,148841100.9746
1775124000000,66429.1,66474.1,66179.5,66424.7,1968.919,130566911.8993
1775127600000,66424.7,66450,66106,66176.4,2657.454,176140802.7407
1775131200000,66176.4,66215.1,65903.5,66013.2,4087.213,270049464.9217
1775134800000,66013.2,66273.9,65666,66236.8,6057.302,399575909.8692
1775138400000,66236.8,67081.1,66130,66829.6,9756.524,650350618.4864
1775142000000,66829.6,66970.4,66602.3,66814.9,3653.985,244045872.8707
1775145600000,66814.9,67288,66718.3,67054.7,4191.563,280855141.7645
1775149200000,67054.7,67403.9,66635.3,66653.5,5702.506,382187606.6378
1775152800000,66653.5,67041.9,66568.2,66949.9,2390.724,159590087.2059
1775156400000,66949.9,67083.5,66824.3,66946.3,2505.493,167783435.8546
1775160000000,66946.3,67089.8,66754.1,66911.5,1328.547,88919611.8053
1775163600000,66911.5,66983.3,66680,66913,1399.227,93506210.7687
1775167200000,66913,67013.3,66785.6,66954.1,979.504,65554581.0873
1775170800000,66954.1,67069.6,66818.5,66870.9,728.1,48735965.1478
1775174400000,66870.9,66976.3,66653.2,66758.7,1144.763,76487727.7539
1775178000000,66758.7,66890.4,66450.1,66592.9,2099.244,139845471.1356
1775181600000,66592.9,66720.8,66240,66503.3,3161.544,210041223.2681
1775185200000,66503.3,66696.4,66455,66544.4,1323.859,88135075.7585
1775188800000,66544.4,66662.4,66465.1,66578.2,792.01,52723486.3781
1775192400000,66578.2,66773.3,66373,66579.3,1657.975,110409552.1901
1775196000000,66579.3,66777.4,66516.1,66770.2,1367.445,91183228.7711
1775199600000,66770.2,67230,66720.9,67011.9,4519.368,302732679.4975
1775203200000,67011.9,67273.3,66876,66931.9,2665.12,178714583.6503
1775206800000,66931.9,66985,66707.5,66835.2,1980.678,132355277.5261
1775210400000,66835.2,66870,66647.2,66848.6,1308.508,87369653.5287
1775214000000,66848.6,67032.9,66784.6,66987.7,1548.497,103636840.4453
1775217600000,66987.7,67344.9,66600,66693,4709.297,315416964.5265
1775221200000,66693,66709.6,66468.9,66642.9,3100.891,206472226.787
1775224800000,66642.9,66964,66600,66896.9,3057.112,204208301.9896
1775228400000,66896.9,66998,66790.1,66809.1,1464.026,97941668.6278
1775232000000,66809.1,67046.2,66799,66973,992.543,66447240.6923
1775235600000,66973,67043.2,66726,66807.6,1943.576,129924187.1223
1775239200000,66807.6,66898.8,66744,66780.3,540.309,36103007.7455
1775242800000,66780.3,66881.7,66736.9,66859.2,613.798,41001596.2477
1775246400000,66859.2,66894,66790.6,66796.9,427.588,28583438.0514
1775250000000,66796.9,66946,66785.2,66930.4,1033.809,69149001.4893
1775253600000,66930.4,66946,66814.9,66856.7,393.353,26304961.8834
1775257200000,66856.7,66932.8,66795,66932.7,446.023,29816816.886
1775260800000,66932.7,66945.5,66827.1,66874.4,634.338,42428763.9091
1775264400000,66874.4,66900,66794.8,66824.3,520.137,34764140.4291
1775268000000,66824.3,66891.9,66778.7,66817.2,306.414,20473837.7903
1775271600000,66817.2,66876.4,66792.1,66799.6,311.901,20843329.4694
1775275200000,66799.6,66848,66737,66829,475.504,31759582.732
1775278800000,66829,66905.3,66802.7,66876,479.11,32033839.5165
1775282400000,66876,67022.1,66873.9,66976,726.701,48648716.5655
1775286000000,66976,67015,66903.1,66980.5,858.227,57462855.3538
1775289600000,66980.5,67025.3,66880,66913.6,526.308,35244315.8161
1775293200000,66913.6,66963.1,66878.8,66952.7,513.844,34389769.3134
1775296800000,66952.7,67148.7,66857,67136.4,1536.151,102982263.9045
1775300400000,67136.4,67199.9,67036.2,67136.5,1405.537,94331302.2067
1775304000000,67136.5,67165.7,67019.4,67064.9,573.16,38450147.8794
1775307600000,67064.9,67240.4,67050,67164.9,862.577,57942550.8318
1775311200000,67164.9,67192.4,66983.3,67181.4,1367.77,91764014.9778
1775314800000,67181.4,67543,67142.2,67352.4,3439.842,231605497.9666
1775318400000,67352.4,67488,67290.2,67336.4,1807.77,121817995.1783
1775322000000,67336.4,67388,67254.3,67309.1,828.58,55778774.1344
1775325600000,67309.1,67350,67215.3,67262.6,565.157,38022065.1284
1775329200000,67262.6,67526,67240,67262.2,931.845,62773678.307
1775332800000,67262.2,67269.1,67125.1,67242.4,796.74,53542655.887
1775336400000,67242.4,67445.9,67175.9,67322.3,705.606,47484724.4298
1775340000000,67322.3,67432.9,67295.6,67369.9,687.637,46321679.2209
1775343600000,67369.9,67370,67222,67266.7,495.467,33338721.6525
1775347200000,67266.7,67274.4,67127.7,67178.5,511.434,34372936.116
1775350800000,67178.5,67207.8,67036,67051.1,1095.978,73534277.0833
1775354400000,67051.1,67150,66905.1,67135.7,1217.407,81581618.5542
1775358000000,67135.7,67159.6,67047.1,67110,354.671,23800231.3813
1775361600000,67110,67159,67032.6,67062.7,350.232,23496374.2945
1775365200000,67062.7,67122.9,66810.6,66897.2,931.904,62406578.4736
1775368800000,66897.2,66912.8,66567,66763.1,2880.611,192187200.7086
1775372400000,66763.1,66881.1,66673.4,66780.5,1393.324,93045958.9455
1775376000000,66780.5,66898.9,66774.6,66890.2,946.2,63246974.3653
1775379600000,66890.2,67012.9,66857.1,66990.8,738.653,49447712.8856
1775383200000,66990.8,67115.9,66919.7,67006.1,1021.696,68457792.305
1775386800000,67006.1,67064.4,66933.1,66972.7,565.352,37875043.6977
1775390400000,66972.7,66972.7,66638,66751.2,1938.121,129405338.5473
1775394000000,66751.2,66897.2,66659.5,66859.4,1706.552,113986602.2729
1775397600000,66859.4,66942.4,66778.8,66899.5,882.36,59009805.9255
1775401200000,66899.5,67828.6,66799.8,67268.6,8418.916,567340559.8612
1775404800000,67268.6,67385.8,67142.7,67183.3,1590.47,107007392.8383
1775408400000,67183.3,67386.2,67151.3,67343.9,955.639,64287344.1793
1775412000000,67343.9,67429,67241.5,67382.4,1042.245,70187109.7407
1775415600000,67382.4,67551.9,67250,67331.8,1065.048,71782531.6417
1775419200000,67331.8,67685,67298.4,67629.8,1774.55,119843218.1165
1775422800000,67629.8,67650,67377.4,67521.5,1362.857,92007526.5429
1775426400000,67521.5,68363.6,67302.5,68311,7548.527,512300249.2523
1775430000000,68311,69115.9,68225,69002.4,7856.37,540146527.3595
1775433600000,69002.4,69564,69000.9,69053.3,7121.857,493460156.4229
1775437200000,69053.3,69105.1,68754.6,68780.7,2565.49,176710755.8381
1775440800000,68780.7,69387.8,68733.6,69181.9,2719.486,188068307.8672
1775444400000,69181.9,69231.7,69030.5,69099.7,1170.827,80928576.4361
1775448000000,69099.7,69194.3,68950,69102.9,1181.416,81603783.2463
1775451600000,69102.9,69214,69050,69166.1,792.235,54779895.9852
1775455200000,69166.1,69322.9,68769.3,68939.9,2633.511,181707154.1768
1775458800000,68939.9,69195.2,68791.8,69085.1,1726.42,119110271.3713
1775462400000,69085.1,69349.2,69043.7,69186.3,1296.288,89686528.9101
1775466000000,69186.3,70250,69179.1,69699.4,9050.414,631752727.4259
1775469600000,69699.4,69923,69652.5,69732.7,2117.065,147705179.2044
1775473200000,69732.7,69732.7,69512.7,69584.3,1341.508,93388180.3905
1775476800000,69584.3,69606.8,69288.8,69337.6,2837.65,197006970.5354
1775480400000,69337.6,69516.6,69160.2,69396,3270.763,226799190.1838
1775484000000,69396,69784,69120,69619.7,6348.101,441004207.612
1775487600000,69619.7,69939.5,69490,69925.8,3474.335,242257546.3884
1775491200000,69925.8,70351.7,69740,69759.2,5852.181,409706695.2435
1775494800000,69759.2,69783.2,69226.3,69531.5,4946.061,343578402.4027
1775498400000,69531.5,69950.7,69437.6,69853,3696.389,257791777.7721
1775502000000,69853,69854.1,69532.7,69700.5,2114.578,147393401.7313
1775505600000,69700.5,69950,69576.6,69782.7,1466.842,102370940.005
1775509200000,69782.7,69785.2,69386.9,69472.5,1140.129,79303353.3575
1775512800000,69472.5,69547,68769,68769,4191.959,289667081.5386
1775516400000,68769,68875,68272,68807.5,7442.631,510523783.1018
1775520000000,68807.5,69087.5,68670.5,68732.7,2595.469,178770850.7931
1775523600000,68732.7,68873.6,68300,68362.1,2938.323,201428821.7923
1775527200000,68362.1,68688,68224.7,68632.9,2275.583,155808835.8462
1775530800000,68632.9,68767,68580.9,68741.3,1134.881,77958913.328
1775534400000,68741.3,68944,68504.9,68814.1,1886.771,129672478.7956
1775538000000,68814.1,68826,68574.7,68620.4,998.104,68560378.4379
1775541600000,68620.4,68623.3,68404,68539.1,1380.615,94580295.8416
1775545200000,68539.1,68676.8,68460.3,68582.5,1247.655,85564169.4453
1775548800000,68582.5,68958.9,68563.5,68905.4,2179.37,149886955.5383
1775552400000,68905.4,69224.3,68890.2,69112.9,3348.235,231347890.7707
1775556000000,69112.9,69181.3,68175,68200.9,6436.513,441198452.7604
1775559600000,68200.9,68427.9,68015.1,68299.9,3744.721,255504765.2631
1775563200000,68299.9,68591.6,68020.1,68361.9,4336.134,296092769.6992
1775566800000,68361.9,68641.4,68155.7,68202.9,3143.865,215115965.3972
1775570400000,68202.9,68227.1,67721.2,67822,6132.776,416795954.345
1775574000000,67822,68241.6,67679,68132.6,4126.097,280611382.1955
1775577600000,68132.6,68424.4,68037,68206.8,3357.949,229091519.6218
1775581200000,68206.8,69000,68156.4,68666,4662.02,319782221.76
1775584800000,68666,68740,68312.5,68409.6,2593.854,177709792.402
1775588400000,68409.6,69089.5,68316.6,68976.5,5031.443,345942605.1823
1775592000000,68976.5,69535.3,68976.5,69291.7,6832.263,473649523.2275
1775595600000,69291.7,70197.7,69277,69896,8118.283,566620627.4323
1775599200000,69896,71500,69896,71484.2,18870.051,1335298120.0245
1775602800000,71484.2,72766.4,71140.4,71894.6,19568.423,1407596113.7431
1775606400000,71894.6,72107,71502.4,71682.9,5714.638,410404218.6262
1775610000000,71682.9,71736.6,71420,71450.9,2680.412,191751757.2696
1775613600000,71450.9,71710,71201.1,71330.6,3266.349,233298093.7749
1775617200000,71330.6,71449.3,71236.2,71255.1,1499.613,106981571.6449
1775620800000,71255.1,71679.6,71244.1,71535,2003.5,143258119.7449
1775624400000,71535,71827.1,71514.3,71713,2216.755,158871871.3779
1775628000000,71713,71928.3,71546.4,71705.3,2009.77,144223693.3863
1775631600000,71705.3,71879.8,71555.7,71612.6,1471.164,105441785.9619
1775635200000,71612.6,71805.8,71612.5,71777.2,1732.243,124219453.3744
1775638800000,71777.2,71953.2,71552,71654,1469.221,105403358.355
1775642400000,71654,71764.9,71422.6,71435.4,1799.495,128760211.9278
1775646000000,71435.4,71700,71341.3,71650,2179.429,155940416.964
1775649600000,71650,72178.8,71533.2,72033.1,4302.037,309177493.515
1775653200000,72033.1,72850,71461.7,71560.2,16827.83,1215241361.103
1775656800000,71560.2,71725,70666.4,70877.7,9098.936,647449965.0655
1775660400000,70877.7,71312.5,70788.6,71270.6,4500.732,319965847.2342
1775664000000,71270.6,71669.2,71202.7,71554.8,4800.358,342744970.1888
1775667600000,71554.8,71966.5,71450,71847.6,4360.918,312788957.6096
1775671200000,71847.6,71857.9,70992.6,71066.3,6516.238,465147193.4075
1775674800000,71066.3,71341.7,70976.8,71283.5,2979.646,212079699.4735
1775678400000,71283.5,71458,71242.2,71340.5,1106.165,78923267.7945
1775682000000,71340.5,71733.9,71291.2,71518,2223.331,159089829.698
1775685600000,71518,71548.4,71024.8,71024.8,2444.261,174109177.0797
1775689200000,71024.8,71174.6,70870,71033.2,2950.831,209494226.1388
1775692800000,71033.2,71102.2,70601.3,70773.1,2569.896,181994140.9061
1775696400000,70773.1,70929.4,70417.2,70891,3305.215,233476944.4089
1775700000000,70891,71163.6,70769.2,71026.7,3565.811,253066040.9092
1775703600000,71026.7,71092,70800,70958.9,2260.842,160382155.1058
1775707200000,70958.9,70979.9,70705,70749.9,1597.862,113167988.8958
1775710800000,70749.9,71080,70662.5,70950.1,1861.617,132002733.1052
1775714400000,70950.1,71061.2,70761.4,70989.8,1820.511,129059227.3692
1775718000000,70989.8,71079.8,70919.4,70950.9,1625.721,115415551.6369
1775721600000,70950.9,71365.2,70829.1,71216.8,3752.236,267055547.6713
1775725200000,71216.8,71582.7,71069.2,71505.8,4041.894,288362153.5639
1775728800000,71505.8,71515.6,71240.8,71240.9,1438.437,102672703.2949
1775732400000,71240.9,71320.1,71012.7,71120,2158.897,153597253.0181
1775736000000,71120,71311.2,70997,71259.5,1964.128,139789341.6376
1775739600000,71259.5,71348.5,70600.1,70775.5,5134.99,364024699.5282
1775743200000,70775.5,71239.3,70478.4,71088.3,6477.186,458747074.1614
1775746800000,71088.3,72338.4,70889,72118.3,14150.279,1015675564.5543
1775750400000,72118.3,72400,71695.5,72051.2,7142.416,514652988.8438
1775754000000,72051.2,72541.1,72037.1,72317.4,6274.026,453883624.0075
1775757600000,72317.4,72349.9,71696.6,71858.8,4333.238,311583417.5215
1775761200000,71858.8,72298.5,71704,72053.4,4723.901,340256085.4267
1775764800000,72053.4,72421.5,71939.8,72384.4,3991.943,288346041.2453
1775768400000,72384.4,72698,72056.8,72232.4,4687.274,339149354.058
1775772000000,72232.4,73141.6,71905.7,71910,9171.118,665301952.0758
1775775600000,71910,72019.1,71560,71755,4965.175,356438710.7914
1775779200000,71755,72018.6,71550.2,71946.3,2444.203,175486235.3333
1775782800000,71946.3,72366.5,71626.9,72134.7,3880.459,279659541.1398
1775786400000,72134.7,72270.9,71875.3,71931.6,1200.042,86516240.1389
1775790000000,71931.6,72000,71780.5,71841.4,1486.67,106849131.4827
1775793600000,71841.4,72199.2,71760.5,72095.4,1828.234,131516252.3089
1775797200000,72095.4,72250,71975,72099,1681.914,121320125.5246
1775800800000,72099,72158.1,71761.2,71776,1251.436,90019074.3868
1775804400000,71776,71822.6,71377.6,71459.3,2432.844,174210929.6318
1775808000000,71459.3,71734,71394.5,71575.5,2078.522,148760120.654
1775811600000,71575.5,71859,71557,71741.9,1630.124,116959465.9038
1775815200000,71741.9,71896,71674,71869.1,1043.975,74949683.5724
1775818800000,71869.1,72236.4,71857.1,72097.2,2311.852,166689333.4786
1775822400000,72097.2,72451.7,71959.9,72226.4,4857.175,350770191.2966
1775826000000,72226.4,72384.3,71877,72292.5,3032.536,218735742.0646
1775829600000,72292.5,73133.3,72220,72882.6,10533.531,766780622.4891
1775833200000,72882.6,73268,72320.3,72429.7,6322.819,460204882.7658
1775836800000,72429.7,73044.3,72352.2,72963.8,4098.868,297938073.5276
1775840400000,72963.8,73120,72750,73095.2,2829.56,206393830.2327
1775844000000,73095.2,73146.4,72848.7,73065,2065.701,150752642.8494
1775847600000,73065,73238.8,72849.2,73203.7,3502.174,255811508.3092
1775851200000,73203.7,73454.9,73003.3,73325.9,5251.915,384597207.2205
1775854800000,73325.9,73327.6,72878.6,73153.8,2047.498,149604071.803
1775858400000,73153.8,73220.7,72664.1,72830.9,2519.492,183658565.426
1775862000000,72830.9,72926.5,72733,72920,966.643,70414056.7019
1775865600000,72920,72920.1,72719.2,72790.3,904.396,65837418.5057
1775869200000,72790.3,72967.1,72623.9,72922,1215.353,88456261.6014
1775872800000,72922,73063,72870.6,72929.5,1114.544,81307102.3722
1775876400000,72929.5,73039.4,72765,72831.6,776.779,56627967.1631
1775880000000,72831.6,72923,72628.3,72770,1545.734,112466688.7744
1775883600000,72770,72803.4,72626.4,72683.1,802.467,58355529.0837
1775887200000,72683.1,72741,72571.4,72725.8,827.597,60132733.2458
1775890800000,72725.8,72798,72635.4,72715.8,1018.503,74085136.2677
1775894400000,72715.8,72767.9,72601,72628.3,557.408,40516696.9575
1775898000000,72628.3,72878.5,72580.9,72867.9,1368.61,99606850.682
1775901600000,72867.9,72880,72721.3,72803.4,1047.246,76228461.0344
1775905200000,72803.4,72887.1,72779.6,72871.5,586.748,42732081.6715
1775908800000,72871.5,72957.5,72761.2,72900,1372.559,100023934.5985
1775912400000,72900,72900,72481.3,72621.9,2400.284,174328690.9762
1775916000000,72621.9,72734.5,72567.9,72662.9,750.956,54558175.3393
1775919600000,72662.9,72869.4,72638.3,72823.2,1026.435,74691063.2408
1775923200000,72823.2,73197.5,72780,73002.6,2297.371,167711821.3
1775926800000,73002.6,73146.5,72912.4,73065.2,1408.712,102902869.6985
1775930400000,73065.2,73718.3,73000,73520.3,4609.783,338552001.5266
1775934000000,73520.3,73800,73427.5,73658.9,3600.511,265072055.1996
1775937600000,73658.9,73671.3,73180.9,73263.1,3076.226,225667202.4926
1775941200000,73263.1,73517.1,73166,73395.1,1154.88,84740502.2256
1775944800000,73395.1,73538,73200.2,73337.9,1171.342,85914133.4957
1775948400000,73337.9,73337.9,72859.6,73011.6,2170.569,158548701.8017
1775952000000,73011.6,73086.2,72800,73042.5,1649.294,120358680.7577
1775955600000,73042.5,73104,71267.8,71603.8,10287.388,740390145.763
1775959200000,71603.8,71926,71294.2,71726.5,5635.235,404127255.4765
1775962800000,71726.5,71830,71556,71561.6,1645.56,117925782.8639
1775966400000,71561.6,71650,71401.7,71433.3,1650.41,118016708.1554
1775970000000,71433.3,71749.9,71380.1,71666.1,1476.566,105712905.8359
1775973600000,71666.1,71718,71600.1,71618.6,891.048,63851067.3578
1775977200000,71618.6,71722.6,71545,71635,983.184,70438344.5363
1775980800000,71635,71740,71552,71588.6,812.717,58213247.7282
1775984400000,71588.6,71597.9,71471.4,71495.1,780.345,55821057.3246
1775988000000,71495.1,71672.6,71309.4,71413.6,2011.465,143787805.0149
1775991600000,71413.6,71507.1,71378.1,71426.7,792.838,56638737.4028
1775995200000,71426.7,71466.6,71000,71041.8,4626.966,329402637.0961
1775998800000,71041.8,71113.4,70815.3,70860,4248.218,301532191.0076
1776002400000,70860,71070.3,70650.1,70708.3,4154.873,294353143.967
1776006000000,70708.3,70895.2,70567,70848.5,3010.659,213010889.6451
1776009600000,70848.5,70916.9,70777,70889.9,1178.518,83510893.2483
1776013200000,70889.9,71200,70848.6,71100,2051.457,145651573.8849
1776016800000,71100,71181,71012.6,71089.3,1082.889,76982727.3487
1776020400000,71089.3,71180.6,71026.4,71049.3,1031.932,73358195.7103
1776024000000,71049.3,71410,70913.7,71293.6,2598.538,184928792.6288
1776027600000,71293.6,71418.5,71114.4,71327.5,1193.237,85024597.8865
1776031200000,71327.5,71331.7,70450,70876,6637.535,469772142.034
1776034800000,70876,70878.5,70521.5,70715,1804.97,127530496.2287
1776038400000,70715,71234.6,70580.6,71134.1,2288.554,162308365.4721
1776042000000,71134.1,71198.8,70992,71158.6,1274.778,90634779.3475
1776045600000,71158.6,71247.8,70941.8,71049.9,969.661,68919328.3014
1776049200000,71049.9,71136.7,70870.3,70947.1,965.1,68510401.0212
1776052800000,70947.1,71128.5,70820.9,70865,1078.292,76539217.3186
1776056400000,70865,70891.6,70628,70849.9,1371.646,97086702.4762
1776060000000,70849.9,71076.6,70842.7,70993.9,1250.386,88761029.6015
1776063600000,70993.9,71039.8,70650,70776,1642.691,116262222.2992
1776067200000,70776,70834.4,70523.4,70637.6,2727.936,192707686.1054
1776070800000,70637.6,70866.8,70637.6,70762.7,1138.124,80512591.3426
1776074400000,70762.7,70815.7,70650,70718.7,900.503,63698144.6737
1776078000000,70718.7,70954.2,70703.1,70889,1688.06,119586432.3741
1776081600000,70889,71190,70724.3,71036.4,2549.837,180903284.5184
1776085200000,71036.4,71675.1,70775.5,71618.1,7582.449,540457675.2447
1776088800000,71618.1,72363,71335,72348.4,11094.82,796796448.33
1776092400000,72348.4,72421.6,71609.7,71826.1,6918.236,497594739.7316
1776096000000,71826.1,72400,71626.8,72159.6,7265.412,523886359.1725
1776099600000,72159.6,72571.5,72018.5,72104.9,4702.244,340037770.0591
1776103200000,72104.9,72428.5,72000.5,72388.2,3238.636,233927130.4811
1776106800000,72388.2,73447.3,72253.1,73275.6,10370.392,756339008.9876
1776110400000,73275.6,73356,72967.5,73101.9,3875.876,283456240.1081
1776114000000,73101.9,73338,73033.4,73143.4,1586.084,116064274.8585
1776117600000,73143.4,74746.4,73129.3,74592,13000.935,963787871.2116
1776121200000,74592,74868.2,74350.3,74383.7,4987.198,372185435.7577
1776124800000,74383.7,74492.3,74074.1,74125.7,3194.919,237262918.451
1776128400000,74125.7,74411.3,73932,74351,1983.253,147194196.6698
1776132000000,74351,74565,74249.9,74304.5,1735.856,129151332.5606
1776135600000,74304.5,74470,74215.2,74413.4,1123.608,83532509.2857
1776139200000,74413.4,74494.7,74315.6,74358.3,976.478,72656752.0752
1776142800000,74358.3,74410,74128.6,74185.8,1215.243,90254979.6685
1776146400000,74185.8,74524.7,74185.8,74490.7,1361.951,101279280.5913
1776150000000,74490.7,74932.4,74396.6,74527.2,4373.549,326545307.3461
1776153600000,74527.2,74900,74428.4,74724.2,2629.393,196315458.1256
1776157200000,74724.2,74802.5,74399.5,74471.7,2178.398,162470834.0888
1776160800000,74471.7,74574,74292.6,74310.8,1554.936,115736712.9507
1776164400000,74310.8,74434.5,74270.6,74342.2,1150.037,85510070.109
1776168000000,74342.2,74479.7,74226.9,74425.5,1747.169,129871146.598
1776171600000,74425.5,75491.9,74362.6,75482,10084.661,756481792.6463
1776175200000,75482,76010.3,74968.3,74974.2,12371.84,934013114.2026
1776178800000,74974.2,75412.4,74520.3,75272.3,8420.342,630960462.019
1776182400000,75272.3,75649,74454.6,74606,5337.876,401077640.7141
1776186000000,74606,74914.5,74200,74701,5028.312,374802691.3148
1776189600000,74701,74771.6,73783.7,74048.1,6023.184,446938577.212
1776193200000,74048.1,74348.2,73820,74170.3,4566.352,338470103.7705
1776196800000,74170.3,74395,73951.3,74045.2,2474.541,183685071.0042
1776200400000,74045.2,74271.9,73874.6,74220.1,1759.791,130338512.2372
1776204000000,74220.1,74327.9,73754.5,73983.2,3252.782,240696794.0861
1776207600000,73983.2,74207.2,73955,74092.2,1843.142,136550491.6487
1776211200000,74092.2,74634.4,74070.8,74515,3171.326,236124093.6384
1776214800000,74515,74765.6,74447.4,74558.2,1944.156,145059091.0883
1776218400000,74558.2,74654.5,74121,74275.4,2294.215,170417593.5289
1776222000000,74275.4,74333,74130.9,74299.9,933.289,69277058.4165
1776225600000,74299.9,74398,74210.2,74288.7,1195.55,88830210.2262
1776229200000,74288.7,74398.4,73820.2,73975.1,3313.715,245346676.1504
1776232800000,73975.1,74010,73810.7,73848,1305.648,96494556.1642
1776236400000,73848,73970.8,73455.5,73701.9,3733.158,274988550.3736
1776240000000,73701.9,74187.9,73630.1,74063,2740.48,202698322.9092
1776243600000,74063,74136,73865,73963.2,1472.784,108946159.9509
1776247200000,73963.2,74222,73737.2,73817.8,2660.941,196878378.9666
1776250800000,73817.8,74217,73817.8,74158,2179.99,161391665.5001
1776254400000,74158,74432.9,74001.8,74222.1,3200.876,237679030.0804
1776258000000,74222.1,74395.5,73766.2,74014.1,4208.693,311571109.5047
1776261600000,74014.1,74474.6,73780.8,74111.5,6056.686,449189986.6608
1776265200000,74111.5,74263.3,73519,73798.3,5209.256,384777267.1171
1776268800000,73798.3,74145.4,73714.4,73899.9,2592.002,191728862.2579
1776272400000,73899.9,74200,73870,74094,1694.092,125420317.1573
1776276000000,74094,74362,74023.7,74347.5,2021.095,150013665.7405
1776279600000,74347.5,75246.7,74306.7,74960.3,7355.216,550744648.2313
1776283200000,74960.3,74999,74456.9,74791.3,3979.677,297286058.1025
1776286800000,74791.3,74819,74505.4,74704.6,1278.275,95463071.5682
1776290400000,74704.6,75396,74693.6,74929.8,3155.133,236775972.1337
1776294000000,74929.8,74929.8,74573.6,74778.3,1900.049,141973783.9669
1776297600000,74778.3,74853.9,74381.1,74770.1,2482.05,185244132.497
1776301200000,74770.1,74770.2,74410.4,74611.2,953.603,71106310.2368
1776304800000,74611.2,75225,74557.3,74844.7,2766.577,207257238.1322
1776308400000,74844.7,75120,74826,74847,1345.5,100850055.3226
1776312000000,74847,75136.2,74680,74900,1921.774,143899552.928
1776315600000,74900,75100.5,74850,75004.5,827.776,62070872.8648
1776319200000,75004.5,75076,74811.6,74984.6,1080.703,81003300.2725
1776322800000,74984.6,75045.4,74578,74668.9,1554.438,116241910.5911
1776326400000,74668.9,74718.5,74460.5,74633.9,3266.339,243607222.0327
1776330000000,74633.9,74865,74548,74549.5,1970.844,147242036.5105
1776333600000,74549.5,74611.4,74229,74269,3337.486,248272977.3517
1776337200000,74269,74540.8,74229.2,74524.9,1935.918,143990857.0753
1776340800000,74524.9,74875.7,74520,74574.7,1787.573,133468953.8139
1776344400000,74574.7,74976.9,73235.8,73740,10286.906,762374341.4044
1776348000000,73740,74154.9,73376.5,73930.1,7414.013,546759279.9978
1776351600000,73930.1,74871,73888.6,74657,8211.615,611122036.8001
1776355200000,74657,74899.9,74013.3,74132.7,5129.42,381980021.1413
1776358800000,74132.7,74414,73837.6,74301.9,5025.021,372574890.8934
1776362400000,74301.9,75069.3,74199.3,75001.1,4270.094,318525192.696
1776366000000,75001.1,75388,74700,75317.4,4877.347,366059718.0813
1776369600000,75317.4,75506.2,74962.2,75186.9,3009.483,226409393.5075
1776373200000,75186.9,75249.1,74755.1,74904.1,1963.379,147173660.4914
1776376800000,74904.1,75095.8,74790.8,74833,1492.622,111825430.7511
1776380400000,74833,75140,74795,75105.6,954.837,71615461.0949
1776384000000,75105.6,75116.8,74836.2,74897.1,1439.215,107888726.6997
1776387600000,74897.1,74997.6,74519.6,74703.1,3481.531,260121566.1532
1776391200000,74703.1,74771.5,74480.2,74667.7,1139.976,85033018.4548
1776394800000,74667.7,74799.9,74560,74569.1,1103.06,82355751.2829
1776398400000,74569.1,74818.6,74541.9,74745.3,820.36,61290310.2604
1776402000000,74745.3,74769.5,74491.6,74595.9,1756.191,131023512.5906
1776405600000,74595.9,74909.7,74544.7,74904.4,2421.616,181062902.4883
1776409200000,74904.4,75066.2,74890.3,75047.1,2186.973,163951487.4156
1776412800000,75047.1,75850.1,74952,75736.5,5451.971,411153205.1006
1776416400000,75736.5,76333,75481,75743.1,8516.468,646015004.3817
1776420000000,75743.1,75850,75049.6,75234.5,4849.659,365436573.1896
1776423600000,75234.5,75575.2,75203.3,75553.4,1803.774,136019523.6
1776427200000,75553.4,76250,75486.2,76200,5975.952,453587848.8949
1776430800000,76200,77400,76015,77305.5,19394.819,1487152057.2423
1776434400000,77305.5,78043.4,76970.1,77850.7,12445.456,965682837.4743
1776438000000,77850.7,77944.1,77386,77736.7,5454.714,423799998.196
1776441600000,77736.7,78332.6,77652.6,77814.6,5694.536,444233199.5817
1776445200000,77814.6,77875.6,77056,77468,5474.84,423740047.6103
1776448800000,77468,77523.9,77034.8,77113.3,2737.566,211306177.4921
1776452400000,77113.3,77423.9,76900,77350.2,3195.096,246653480.6957
1776456000000,77350.2,77570.9,77099.1,77285.4,1709.901,132301035.9877
1776459600000,77285.4,77455.9,77232.4,77400.1,1010.84,78185733.2864
1776463200000,77400.1,77472.8,77220,77251.6,1083.714,83820411.1524
1776466800000,77251.6,77260.8,76837.8,77018.5,2324.33,179047996.4026
1776470400000,77018.5,77200.1,76904.4,77127.6,1395.699,107573724.1278
1776474000000,77127.6,77306.8,77065.4,77162.8,1276.128,98523511.9104
1776477600000,77162.8,77379.9,77065.9,77245,1753.627,135466116.4024
1776481200000,77245,77250,76911.2,76964.3,1403.676,108198359.5443
1776484800000,76964.3,77122.5,76825,77061,1085.64,83566587.2829
1776488400000,77061,77232.8,77057,77082.2,925.945,71416112.2845
1776492000000,77082.2,77192.5,77000.9,77085.3,702.825,54186031.766
1776495600000,77085.3,77091.7,76851.1,76955.9,869.89,66959327.0392
1776499200000,76955.9,77011,76444,76688.8,3385.318,259512977.3973
1776502800000,76688.8,76688.9,76368.2,76549.1,2245.881,171901223.0186
1776506400000,76549.1,76549.2,76080,76150,3795.15,289382458.551
1776510000000,76150,76150,75702.1,75993.2,4745.904,360418167.6733
1776513600000,75993.2,76262.8,75993.1,76156.4,2139.634,162917384.0094
1776517200000,76156.4,76166,75728.1,76074.7,1789.817,135960515.632
1776520800000,76074.7,76260.8,75930,76209.1,1931.257,147074126.1749
1776524400000,76209.1,76384.4,75950.5,76120.7,2042.789,155624679.7137
1776528000000,76120.7,76174.4,75609.5,75899,2864.863,217417426.3108
1776531600000,75899,75922.9,75730.2,75780.2,1032.689,78313046.3483
1776535200000,75780.2,75808.7,75380,75602.1,3614.128,273185772.2683
1776538800000,75602.1,75764.9,75524.7,75605,1164.223,88060803.3799
1776542400000,75605,75803.6,75555.4,75710.3,1130.87,85602332.7586
1776546000000,75710.3,75803.7,75547.5,75776.8,652.695,49400113.5633
1776549600000,75776.8,75840.7,75554.5,75771.7,937.894,71002715.5805
1776553200000,75771.7,75868.1,75650,75650,650.553,49290852.8213
1776556800000,75650,75809.7,75500,75633.7,981.605,74222716.0215
1776560400000,75633.7,75764.4,75412,75577.3,880.356,66535868.2198
1776564000000,75577.3,75680,75356,75453.4,1313.019,99126209.5989
1776567600000,75453.4,75606.9,75302.8,75477.4,957.487,72239175.1954
1776571200000,75477.4,75748.7,75369.2,75625.9,1502.881,113562205.137
1776574800000,75625.9,75650,75470.6,75509.2,692.878,52350323.977
1776578400000,75509.2,75510,75219.3,75356.1,1829.052,137810990.6858
1776582000000,75356.1,75358.8,74810.3,75209,4302.394,322962195.4336
1776585600000,75209,75265,75034.8,75217.8,1717.609,129120618.6315
1776589200000,75217.8,75231.7,74881.2,74986.2,1469.265,110270529.9995
1776592800000,74986.2,75221.9,74894.5,75186.3,1614.726,121230580.5734
1776596400000,75186.3,75619,75178.8,75564.6,2630.055,198336685.3596
1776600000000,75564.6,75674,75391.4,75539.1,2457.452,185680508.437
1776603600000,75539.1,76211.8,75517.4,75889.7,4345.259,329913596.7704
1776607200000,75889.7,76118.2,75633,75983.9,2078.463,157650344.9701
1776610800000,75983.9,76121.2,75338.6,75813.4,2666.155,201831359.3452
1776614400000,75813.4,75822,75208.1,75349.9,2957.28,223234624.1663
1776618000000,75349.9,75361.9,74591.1,74745.2,5356.189,401626060.9401
1776621600000,74745.2,74866.7,74550,74737,2445.945,182731788.9822
1776625200000,74737,75040.2,74737,74919,1276.31,95605740.3608
1776628800000,74919,74921.4,74358.4,74600.2,2521.785,188141541.2411
1776632400000,74600.2,74779.1,74300.5,74378.3,1452.315,108265334.9473
1776636000000,74378.3,74378.3,73700.1,74002.4,7774.455,575353433.3024
1776639600000,74002.4,74025,73750.2,73765.8,2166.99,160050202.4879
1776643200000,73765.8,74330,73653.6,74238.8,3887.14,287949488.6587
1776646800000,74238.8,74700,74172.5,74555.7,2548.667,189759142.3827
1776650400000,74555.7,74592.7,74265,74373.6,1423.348,105917848.5107
1776654000000,74373.6,74612.6,74320.1,74598.8,1297.854,96667308.0855
1776657600000,74598.8,74600,74400,74527.6,1203.675,89653753.6917
1776661200000,74527.6,74527.6,74057.3,74232.3,1966.704,145929571.6535
1776664800000,74232.3,74865.6,74205,74748.7,2636.615,196562779.0606
1776668400000,74748.7,75544.5,74620,74785.8,7827.682,587794535.0055
1776672000000,74785.8,74969.1,74564.6,74688.4,2998.914,224215493.2676
1776675600000,74688.4,75204.9,74655.1,75029.1,2153.125,161443886.622
1776679200000,75029.1,75371.4,74960.2,74990.5,1695.724,127495318.4158
1776682800000,74990.5,75250,74915,75153.2,1499.496,112658774.9788
1776686400000,75153.2,75621.3,75031,75251.5,3845.692,289760385.0068
1776690000000,75251.5,75399,74809.2,75229.9,4353.559,327046830.0237
1776693600000,75229.9,75737.5,74865.9,74989.1,5687.613,428017462.1829
1776697200000,74989.1,75759,74655,75667.3,7240.88,544861044.1358
1776700800000,75667.3,75682.9,75250,75301,2623.009,197762167.3986
1776704400000,75301,75931.7,75241.9,75849.6,3543.76,268104680.8416
1776708000000,75849.6,76429.7,75849.6,76389.9,4705.774,358422432.982
1776711600000,76389.9,76444.8,76088.2,76246.5,2490.672,189911549.5527
1776715200000,76246.5,76528.2,76052,76220.9,1972.218,150457714.603
1776718800000,76220.9,76323.9,75727.3,75905.9,2024.153,153729443.2824
1776722400000,75905.9,76110.8,75850.7,75927.6,1173.397,89135637.8703
1776726000000,75927.6,75927.6,75562.9,75789.1,1744.306,132093379.0545
1776729600000,75789.1,76073.6,75646.2,76056.1,1956.485,148478016.566
1776733200000,76056.1,76234.5,75820.5,75887.2,1679.517,127764457.0589
1776736800000,75887.2,75905.6,75509.3,75538.7,2855.16,216028424.1317
1776740400000,75538.7,75709.6,75440,75667.4,1677.316,126766447.8652
1776744000000,75667.4,75780.4,75556.1,75760.8,980.849,74195667.6237
1776747600000,75760.8,75943.4,75732,75762.3,1044.242,79182603.1541
1776751200000,75762.3,76096.1,75647.5,75930,1352.387,102630951.1352
1776754800000,75930,76283.3,75767.1,76056,2529.345,192424505.6072
1776758400000,76056,76934.1,76024.4,76469.4,4100.564,313674155.8057
1776762000000,76469.4,76555,76117.3,76331.4,2207.532,168476162.8576
1776765600000,76331.4,76851.7,76309.3,76700.1,2620.288,200699248.8635
1776769200000,76700.1,76713,76282.4,76415.4,2393.461,183069316.1087
1776772800000,76415.4,76498,75622.7,75968.4,5417.584,411857712.744
1776776400000,75968.4,76151.6,75687.6,75858.2,4213.413,319840748.4588
1776780000000,75858.2,76559.6,75567.3,75616.2,6186.879,470800533.8281
1776783600000,75616.2,75940.6,75359.7,75791,4051.638,306492121.4198
1776787200000,75791,76147.4,75708.7,75729.7,2209.63,167724299.4291
1776790800000,75729.7,75877.8,75006.7,75508.7,6441.965,486219332.6444
1776794400000,75508.7,75627.5,75258.9,75568.8,1926.128,145349415.4809
1776798000000,75568.8,75877.5,74769.6,74984.9,6566.002,493863280.3418
1776801600000,74984.9,75827.1,74940,75650.4,5033.572,379687877.7335
1776805200000,75650.4,75734,75400,75501.8,850.181,64234542.2895
1776808800000,75501.8,75620.5,75250.8,75607.2,1318.663,99454579.2676
1776812400000,75607.2,76396.8,75585,76294.8,3368.151,256275736.3089
1776816000000,76294.8,76489,76138.7,76337.4,3681.214,280915050.9556
1776819600000,76337.4,76392.2,76100,76266,1262.246,96221643.1988
1776823200000,76266,77622,76176.1,77569.6,9822.148,756789363.8963
1776826800000,77569.6,77700,77370,77492,4190.989,324842466.7087
1776830400000,77492,77674.4,77320,77485.6,1954.623,151467208.253
1776834000000,77485.6,78432,77408,77950,9621.511,750987957.6853
1776837600000,77950,78000,77846,77964.3,1779.456,138657670.5702
1776841200000,77964.3,78087.8,77767.3,77976,2238.47,174463294.967
1776844800000,77976,78172.3,77886.7,77965.9,2197.015,171395772.3343
1776848400000,77965.9,78174.8,77912,77965,1908.698,148946391.7866
1776852000000,77965,78145.5,77903.8,78119.1,1566.442,122212459.9352
1776855600000,78119.1,78406.5,78040.2,78264.6,3065.243,239729748.8458
1776859200000,78264.6,78481.4,78056.4,78194.4,3381.652,264638347.3165
1776862800000,78194.4,78794,78118.4,78789.7,6247.957,490403179.0803
1776866400000,78789.7,79175.9,78507.6,78994.8,8316.798,655803298.415
1776870000000,78994.8,79387.8,78784,79224.1,5501.128,435107250.0997
1776873600000,79224.1,79423.5,78577.7,78699.2,4622.075,365093979.2763
1776877200000,78699.2,78988.6,78648.3,78856,2165.795,170712620.3143
1776880800000,78856,79128.7,78773.8,78982.5,1579.279,124670251.3331
1776884400000,78982.5,79029.7,78646.2,78794.2,2470.086,194697556.2545
1776888000000,78794.2,78877.6,78333,78390.5,2393.751,187998770.048
1776891600000,78390.5,78789.9,78372.6,78716.3,1193.556,93821739.4968
1776895200000,78716.3,78789,78409.2,78564.9,1195.79,93953215.4709
1776898800000,78564.9,78567.8,78110,78139.5,2218.354,173636470.3607
1776902400000,78139.5,78548.1,77535,78399.9,6178.717,482501155.6794
1776906000000,78399.9,78431.8,78018.3,78321.5,1741.436,136210125.3544
1776909600000,78321.5,78322.5,77710.6,77887.6,2757.826,215071840.8206
1776913200000,77887.6,77988,77407.9,77699.4,4312.506,334784570.9667
1776916800000,77699.4,77909.3,77625.5,77864.4,1866.873,145204928.8017
1776920400000,77864.4,78064.4,77722.3,77985.1,2393.872,186513344.7942
1776924000000,77985.1,78310,77985.1,78167.8,3046.391,238149879.9273
1776927600000,78167.8,78208.3,77936.2,78018,2151.877,167974210.4032
1776931200000,78018,78144.6,77659.4,77812.9,3157.283,245964970.5959
1776934800000,77812.9,77824.6,77375.2,77610.1,2876.116,223087667.8192
1776938400000,77610.1,77679.4,77114.5,77370.2,4323.632,334344701.7061
1776942000000,77370.2,77708.7,77328.1,77650.2,1946.625,150907195.4544
1776945600000,77650.2,77840.9,77471,77828.5,3886.445,301922304.9172
1776949200000,77828.5,77876.3,77347.8,77491,2484.263,192711134.2751
1776952800000,77491,78186.5,77376.1,78143.3,5104.568,397311174.8427
1776956400000,78143.3,78633,77930.2,78339.3,6078.226,476150772.9508
1776960000000,78339.3,78479,77975.4,78046.3,4659.414,364717129.8994
1776963600000,78046.3,78137.6,76900,77722.3,12754.919,987547448.4211
1776967200000,77722.3,78100,77628.7,77630.6,6938.605,540558746.449
1776970800000,77630.6,77854,77539.2,77671.8,3018.288,234486865.2849
1776974400000,77671.8,78018,77603.6,77839.6,1893.451,147335549.4125
1776978000000,77839.6,78041.8,77745.1,77820.1,1105.196,86077207.456
1776981600000,77820.1,78297,77820.1,78194.3,2427.184,189681977.2048
1776985200000,78194.3,78266,77975.9,78214.3,738.483,57693017.2197
1776988800000,78214.3,78459,78116.6,78384.5,1279.851,100259414.1844
1776992400000,78384.5,78420,77910.6,78378.5,1849.08,144548011.24
1776996000000,78378.5,78537,78007.6,78083.6,1440.553,112788257.317
1776999600000,78083.6,78175.7,77508.3,77700.1,3843.276,298891939.899
1777003200000,77700.1,77816.1,77421.9,77631.4,1755.119,136247102.0252
1777006800000,77631.4,78017.7,77416,77910.5,2172.213,168779671.24
1777010400000,77910.5,77946.3,77722.8,77753.2,1264.612,98436739.4166
1777014000000,77753.2,77820,77509.6,77627.1,2086.98,162036661.6338
1777017600000,77627.1,77977.4,77534.7,77754.3,2239.669,174115077.869
1777021200000,77754.3,77777,77358.9,77499.9,2073.801,160707273.7172
1777024800000,77499.9,77762.9,77414,77711,1968.995,152851862.0947
1777028400000,77711,78357.5,77711,78200,6220.989,486185355.0319
1777032000000,78200,78314.9,77967.1,78225.4,2865.563,223909640.413
1777035600000,78225.4,78430.2,77853.6,78041.9,5429.525,424192343.9261
1777039200000,78041.9,78043,77620.1,77986.8,5246.045,408516164.197
1777042800000,77986.8,78215.5,77495,78004.2,6811.786,529765819.9095
1777046400000,78004.2,78022.8,77532.9,77726.8,3561.698,276724354.3275
1777050000000,77726.8,77786.8,77439.2,77643,3291.489,255420228.6941
1777053600000,77643,77682.4,77311.9,77572.2,1907.454,147806928.8504
1777057200000,77572.2,77705.8,77483.9,77589.4,1017.169,78907455.6671
1777060800000,77589.4,77729.1,77400.4,77688.3,1258.59,97624842.229
1777064400000,77688.3,77724.4,77488.2,77488.2,895.496,69483507.2193
1777068000000,77488.2,77574.3,77200,77299.9,1471.802,113856886.9233
1777071600000,77299.9,77430.7,77291.2,77404.9,854.688,66120122.5044
1777075200000,77404.9,77467.8,77234.3,77424.2,724.597,56051832.5021
1777078800000,77424.2,77580,77395.3,77494.2,587.777,45539145.1231
1777082400000,77494.2,77611.4,77460.8,77560,414.394,32134012.1467
1777086000000,77560,77668.1,77506.5,77630.1,614.574,47682281.0771
1777089600000,77630.1,77655.5,77558.9,77584.8,353.047,27395191.8991
1777093200000,77584.8,77584.8,77402.2,77481.5,842.662,65279781.3111
1777096800000,77481.5,77554.5,77444.5,77458,527.763,40898500.6779
1777100400000,77458,77535.2,77410,77457.4,490.626,38009389.8348
1777104000000,77457.4,77614.8,77447.1,77607.6,478.046,37074603.4198
1777107600000,77607.6,77750.7,77540.4,77669.3,679.443,52771782.9285
1777111200000,77669.3,77847.6,77669.2,77744.2,1405.866,109328889.4159
1777114800000,77744.2,77744.2,77572.8,77647.5,827.47,64259642.7466
1777118400000,77647.5,77675.8,77502.9,77521,715.169,55481043.9998
1777122000000,77521,77672.4,77520,77642.9,496.55,38533817.3751
1777125600000,77642.9,77717.9,77590,77616.9,577.197,44822914.9796
1777129200000,77616.9,77679.4,77256.6,77287,1562.99,121004312.4862
1777132800000,77287,77415.7,77090.2,77356,2296.408,177488935.0614
1777136400000,77356,77364.5,77165.3,77203.4,962.529,74370797.6074
1777140000000,77203.4,77348.8,77163.9,77254.5,633.051,48919908.115
1777143600000,77254.5,77310,77141.9,77278.8,713.667,55123536.7158
1777147200000,77278.8,77448.9,77263.3,77435.6,576.137,44567625.6091
1777150800000,77435.6,77516.8,77378.4,77497.7,1247.747,96658306.1589
1777154400000,77497.7,77610.1,77461,77520.4,802.433,62210435.458
1777158000000,77520.4,77634.2,77490,77591.4,546.975,42424088.1489
1777161600000,77591.4,77610.5,77413.1,77470.1,728.131,56436035.9476
1777165200000,77470.1,77538.6,77415,77427.6,484.067,37510199.3223
1777168800000,77427.6,77563.7,77419.2,77485.2,406.101,31470646.5845
1777172400000,77485.2,77509.3,77284.7,77356.1,528.393,40886441.1482
1777176000000,77356.1,77793,77336.7,77734.1,1719.749,133564083.32
1777179600000,77734.1,78179.9,77672.5,77945,3729.674,290886255.2096
1777183200000,77945,78010,77851,77960.9,1040.584,81085810.4798
1777186800000,77960.9,78094,77918.4,78069.3,689.668,53786552.0402
1777190400000,78069.3,78176,77970.1,77989.8,1061.132,82830160.6314
1777194000000,77989.8,78023.1,77880.6,77968.8,840.773,65524826.2468
1777197600000,77968.8,78016.3,77913,77961.1,452.778,35299883.329
1777201200000,77961.1,78129.2,77961.1,78052.4,933.61,72877234.9262
1777204800000,78052.4,78063,77689.8,77788.6,2411.267,187628094.7745
1777208400000,77788.6,77955.8,77750,77933.7,1408.874,109702586.6394
1777212000000,77933.7,78150,77833.6,78047,1545.519,120605022.939
1777215600000,78047,78094.8,77952.1,78010.6,979.509,76422495.2934
1777219200000,78010.6,78053.4,77890.4,77890.4,712.223,55540380.163
1777222800000,77890.4,78024.3,77794.3,77972.8,900.651,70200486.342
1777226400000,77972.8,78318.7,77946.4,78233,1934.451,151232121.7127
1777230000000,78233,78483.4,77969.2,78182.9,3082.855,241245336.697
1777233600000,78182.9,78388.8,78103.6,78141.8,1483.168,116062326.38
1777237200000,78141.8,78942.3,77777.2,78375.5,6029.935,472436190.3946
1777240800000,78375.5,78841.3,77923.2,78283,6163.305,483021903.4022
1777244400000,78283,78899.7,78000.9,78622.1,5200.95,407914648.2527
1777248000000,78622.1,79335,78338.7,79265,4828.133,380968623.7092
1777251600000,79265,79457.4,78690,79252.9,6369.877,504337373.0032
1777255200000,79252.9,79280,79000.7,79093.6,1867.213,147756494.2334
1777258800000,79093.6,79288,79036.6,79069.9,1126.455,89179299.0922
1777262400000,79069.9,79152.5,78841.3,78895.8,1337.9,105691452.1983
1777266000000,78895.8,78910,77550,77746.2,10364.219,808222650.3789
1777269600000,77746.2,77840.2,77424,77663.3,4060.578,315286115.7933
1777273200000,77663.3,77700,77524.8,77558.2,1935.437,150218823.7693
1777276800000,77558.2,77776.8,77503.6,77766.5,1664.598,129243072.6549
1777280400000,77766.5,77950,77652.8,77857.9,2145.442,166964327.431
1777284000000,77857.9,77905.5,77735.4,77809.3,1377.455,107181615.6821
1777287600000,77809.3,77847.8,77686.9,77794.8,806.373,62706652.3958
1777291200000,77794.8,77833.6,77580.6,77631.8,1489.776,115753630.4322
1777294800000,77631.8,77919.3,77522.3,77703.8,3507.728,272537919.5189
1777298400000,77703.8,78244.4,77628.9,77781,5617.041,437965141.2589
1777302000000,77781,77793.2,76512,76755.6,12900.807,994433761.8791
1777305600000,76755.6,76831.3,76502,76588.8,3016.842,231294359.0385
1777309200000,76588.8,76900,76583.2,76701.6,2344.119,179938457.1526
1777312800000,76701.6,76882.1,76622.1,76792.4,1301.455,99888990.4202
1777316400000,76792.4,76863,76415.8,76849.2,2500.073,191585358.8133
1777320000000,76849.2,77045,76800,76920,1218.328,93723268.2567
1777323600000,76920,76948,76740.1,76743.7,857.438,65892982.6407
1777327200000,76743.7,77040.2,76720,77024.6,1247.797,95978226.4509
1777330800000,77024.6,77415.6,76965,77328.7,1851.692,142942833.4407
1777334400000,77328.7,77448.2,77165.1,77341.7,2089.307,161535221.9351
1777338000000,77341.7,77366.3,76997.7,77056.7,1235.867,95360111.0279
1777341600000,77056.7,77196.7,76615.5,76845.9,3583.638,275340995.6947
1777345200000,76845.9,76857,76597,76765.5,1750.688,134291263.1766
1777348800000,76765.5,76910,76639.2,76843.9,1534.586,117801230.6784
1777352400000,76843.9,77118.8,76764.5,76842.4,1250.488,96207296.0721
1777356000000,76842.4,76983.9,76530,76660.7,1887.343,144800359.074
1777359600000,76660.7,76868.5,76323,76826.7,3603.317,275881377.8499
1777363200000,76826.7,76955.6,76683.4,76807.7,1634.547,125548688.4484
1777366800000,76807.7,76819.1,76444.7,76548.5,1149.731,88091827.2601
1777370400000,76548.5,76657.6,76434,76572.2,1097.893,84022493.2504
1777374000000,76572.2,76598.6,76071.3,76193.3,3744.162,285566878.937
1777377600000,76193.3,76395.4,76116.6,76340,2480.082,189098507.2049
1777381200000,76340,76383.8,75907.4,76152.7,4526.796,344597324.3728
1777384800000,76152.7,76166.7,75620.9,75910,4641.311,351945159.8649
1777388400000,75910,76049.6,75781.4,76024,2495.628,189564594.8715
1777392000000,76024,76272.8,75838,76091.6,2490.796,189450610.1404
1777395600000,76091.6,76254.6,75912,76145.7,2188.308,166551910.2671
1777399200000,76145.7,76243.7,76088.7,76189.8,1113.511,84814115.7688
1777402800000,76189.8,76347.4,76021.9,76285.9,1036.463,78982076.9239
1777406400000,76285.9,76440,76283,76427.5,1297.508,99086392.2406
1777410000000,76427.5,76442.1,76222.5,76322.3,1031.484,78742697.9863
1777413600000,76322.3,76414,76180,76209.9,662.551,50546255.1464
1777417200000,76209.9,76340.9,76136.1,76300,970.587,74008014.2642
1777420800000,76300,76536.8,76233.2,76472.7,1388,106038320.0718
1777424400000,76472.7,76633.4,76140.2,76534.3,2010.29,153598649.9692
1777428000000,76534.3,76624.9,76360,76488.2,752.754,57577746.4525
1777431600000,76488.2,77093.9,76472.9,76954.7,3044.337,233996369.1209
1777435200000,76954.7,77420,76844.7,77220.2,4179.081,322662865.2184
1777438800000,77220.2,77280.6,77142.7,77240.9,1757.622,135698079.6284
1777442400000,77240.9,77281.8,76880.1,76986.7,2053.133,158171758.2557
1777446000000,76986.7,77141.8,76966.7,77001.9,1159.315,89299543.0189
1777449600000,77001.9,77111.8,76916.7,77000.1,1001.468,77105675.5229
1777453200000,77000.1,77758,76911.1,77599.6,5638.295,436933187.665
1777456800000,77599.6,77860,77500,77571.6,3674.895,285453582.0581
1777460400000,77571.6,77640.8,77425.4,77544,2096.891,162564573.8547
1777464000000,77544,77551.5,76934.1,77096.9,4086.37,315416189.3463
1777467600000,77096.9,77210.2,76338.7,76734.8,5659.605,434294576.7581
1777471200000,76734.8,76828.1,76435,76531.6,3131.678,239950696.1334
1777474800000,76531.6,76597.4,75661.7,75888.3,7435.66,565770449.7209
1777478400000,75888.3,76091.2,75635.2,75770.2,5018.385,380593269.4105
1777482000000,75770.2,76170.5,75760.2,76157,2647.82,201148696.578
1777485600000,76157,76248.6,74900,75469.5,12647.853,952095262.106
1777489200000,75469.5,75571.6,75258.8,75517,1776.968,134042619.7805
1777492800000,75517,75832,75445.4,75632.3,2572.666,194591759.8757
1777496400000,75632.3,76060.7,75570,75883,1685.645,127819975.988
1777500000000,75883,75969.6,75774.7,75881.6,1148.824,87178993.8269
1777503600000,75881.6,75954.3,75653.7,75750,976.469,74000355.092
1777507200000,75750,76327.2,75612.4,76204.1,2664.416,202587853.074
1777510800000,76204.1,76429.1,76137.8,76193.9,2163.085,165005431.4809
1777514400000,76193.9,76318.4,75431.7,75663.5,3802.883,288197473.2203
1777518000000,75663.5,75955.3,75620.8,75882.6,1137.313,86243199.5029
1777521600000,75882.6,75926.6,75342.9,75449,2341.298,176940046.9277
1777525200000,75449,75712,75272.9,75562,1732.847,130865268.4927
1777528800000,75562,75840,75530.2,75716.1,1189.37,90027699.2226
1777532400000,75716.1,76146,75676.7,76128.4,1906.859,144856349.1555
1777536000000,76128.4,76179.8,75973.9,76018.2,1581.537,120296348.9479
1777539600000,76018.2,76323.5,75964,76060.2,1842.564,140257466.4802
1777543200000,76060.2,76135.1,75937,75991.5,1628.119,123768247.9969
1777546800000,75991.5,76232.1,75805.3,76032,1965.865,149409696.5374
1777550400000,76032,76384.8,76003.7,76258.4,2120.907,161736507.2545
1777554000000,76258.4,76644.3,76062.4,76374.8,3766.655,287783024.8353
1777557600000,76374.8,76550,76035.6,76255.3,3716.006,283521131.5549
1777561200000,76255.3,76612.8,76114.4,76422.1,1810.472,138307708.27
1777564800000,76422.1,76444,76174.8,76213.7,1297.866,99029873.3977
1777568400000,76213.7,76296.5,76065,76201,1468.67,111874579.3136
1777572000000,76201,76432.5,76161.7,76301.6,1130.142,86238517.2059
1777575600000,76301.6,76480,76262.5,76360.4,1398.575,106847166.6025
1777579200000,76360.4,76547.3,76273.7,76452.2,1127.738,86203966.2844
1777582800000,76452.2,76500,76189,76198.1,1415.79,108074764.1192
1777586400000,76198.1,76410,76141.1,76189.7,765.579,58386980.4689
1777590000000,76189.7,76337.9,76170.1,76301,595.671,45429342.3443
1777593600000,76301,76546.1,76269.5,76404,960.01,73381577.4937
1777597200000,76404,76725,76398.1,76637.7,1331.883,102024434.5963
1777600800000,76637.7,76688.2,76479.6,76549.6,899.204,68870712.6568
1777604400000,76549.6,77429.4,76505,77078.9,5987.927,461811725.5963
1777608000000,77078.9,77169.7,76888.1,77002.8,1625.93,125263339.59
1777611600000,77002.8,77152.2,76987.9,77130.9,768.036,59202056.3936
1777615200000,77130.9,77148,76835.3,76958.3,1324.867,102026700.1143
1777618800000,76958.3,77110.6,76922,77102,1618.697,124670244.8525
1777622400000,77102,77488,77005.8,77339,3420.802,264495996.6979
1777626000000,77339,77360.5,77162.9,77241.1,1418.59,109592043.9717
1777629600000,77241.1,77389.3,77101.4,77254.2,1315.944,101638086.0554
1777633200000,77254.2,77580,77213.1,77420.1,1832.697,141850435.8171
1777636800000,77420.1,78141.7,77355.6,77857.9,6736.336,524335119.1093
1777640400000,77857.9,78900,77857.8,78700,9648.935,756346889.5349
1777644000000,78700,78840.6,78009.8,78310.8,5535.431,433914207.0668
1777647600000,78310.8,78702.2,78128.6,78399.2,3747.288,293834294.062
1777651200000,78399.2,78649,78108.6,78172.6,3094.336,242342691.6334
1777654800000,78172.6,78550,78080,78510.2,1795.348,140637819.5381
1777658400000,78510.2,78586,78328.2,78387.7,1601.631,125695644.1911
1777662000000,78387.7,78500,78262,78311.1,1086.012,85091319.9154
1777665600000,78311.1,78382.3,77703,77836,2660.039,207515254.5801
1777669200000,77836,78157.4,77796.6,78157.4,1235.623,96363340.2679
1777672800000,78157.4,78363,78085.2,78106.5,1211.447,94784618.2394
1777676400000,78106.5,78202,77983,78189.3,793.307,61938042.6715
1777680000000,78189.3,78346.9,78110.4,78301.7,912.643,71411613.8666
1777683600000,78301.7,78394.1,78248.2,78296,587.03,45969305.8584
1777687200000,78296,78493.9,78206.1,78316.1,766.158,60025600.7701
1777690800000,78316.1,78491.6,78192.5,78371.6,726.836,56949872.6433
1777694400000,78371.6,78439.1,78068.7,78140.5,1412.509,110520373.015
1777698000000,78140.5,78202.7,77992.6,78150,1136.049,88731161.0394
1777701600000,78150,78327.3,78103.6,78278.1,884.096,69134780.2231
1777705200000,78278.1,78318.2,78161.1,78187.1,478.377,37428551.8384
1777708800000,78187.1,78325,78115.3,78279.2,843.323,65959297.5646
1777712400000,78279.2,78363.7,78175.7,78258.6,638.766,50000402.2225
1777716000000,78258.6,78279.4,78182.5,78208.3,443.111,34661208.1971
1777719600000,78208.3,78208.3,78050,78105.9,739.832,57790905.2616
1777723200000,78105.9,78226.7,78065.1,78173.6,656.152,51278604.5755
1777726800000,78173.6,78392.3,78173.6,78326.9,827.184,64769145.5943
1777730400000,78326.9,78449.8,78267.3,78377.8,858.746,67291803.6091
1777734000000,78377.8,78450,78317.8,78450,447.968,35114583.6568
1777737600000,78450,78569,78381.7,78419.6,950.316,74574572.5489
1777741200000,78419.6,78452.5,78336.3,78355.7,317.212,24865954.8599
1777744800000,78355.7,78470.9,78265.3,78424.6,773.438,60607957.1267
1777748400000,78424.6,78488.9,78398.5,78445.8,283.644,22247615.749
1777752000000,78445.8,78445.8,78367,78415.3,184.427,14459412.9943
1777755600000,78415.3,79182.5,78395.2,78693,4858.824,383154497.5718
1777759200000,78693,78843.3,78576.4,78799.3,1081.592,85118511.0952
1777762800000,78799.3,78799.3,78590.1,78655.1,561.59,44193983.4045
1777766400000,78655.1,78728.3,78446,78510,939.025,73762785.8669
1777770000000,78510,78510.1,78100.1,78201.4,1734.099,135741544.2878
1777773600000,78201.4,78304.2,78060.7,78128.3,1468.316,114758833.3839
1777777200000,78128.3,78174.6,78065,78156.9,620.183,48447257.834
1777780800000,78156.9,78199.4,78070,78123.5,708.78,55379426.785
1777784400000,78123.5,78217.2,78109.4,78206.4,502.419,39277483.5593
1777788000000,78206.4,78300,78025,78244.9,888.007,69397624.0642
1777791600000,78244.9,78433.1,78244.8,78320.1,1634.573,128081693.5253
1777795200000,78320.1,78459.2,78320.1,78347.8,637.793,50003509.2417
1777798800000,78347.8,78559.9,78307.6,78495.7,1173.023,92048003.9504
1777802400000,78495.7,78500,78363.2,78371.6,421.633,33063729.0632
1777806000000,78371.6,78820.3,78339.9,78631.2,2769.251,217842185.0355
1777809600000,78631.2,78861.6,78631.2,78724.9,1703.074,134101000.9279
1777813200000,78724.9,78743.1,78550.2,78640.7,1011.575,79545341.2494
1777816800000,78640.7,78764,78575.7,78704.1,1003.668,78949713.0754
1777820400000,78704.1,78784.2,78590.9,78631.5,688.619,54185772.6922
1777824000000,78631.5,78753.4,78556,78623.4,632.641,49745263.5912
1777827600000,78623.4,78794.3,78522.6,78697.9,927.454,72968107.7084
1777831200000,78697.9,78732.9,78594,78705.1,592.723,46628192.68
1777834800000,78705.1,78820,78639.3,78733.5,593.815,46756632.223
1777838400000,78733.5,79369.4,78700,78895,3934.05,310931134.5243
1777842000000,78895,79037.6,78610,78799.8,2078.959,163872959.3786
1777845600000,78799.8,79421,78799.8,79137.3,4261.685,337237791.9226
1777849200000,79137.3,79262.9,78444,78529.9,3243.784,255252332.2525
1777852800000,78529.9,78531.7,78220,78501.7,2574.314,201794491.4551
1777856400000,78501.7,79838,78368.6,79759.9,9468.107,750690330.3128
1777860000000,79759.9,80414.8,79500.5,80142.6,10546.287,843393898.8321
1777863600000,80142.6,80433,79885.3,80279.5,4461.167,357526386.7226
1777867200000,80279.5,80600.9,80199.5,80299.9,3819.07,306970940.7873
1777870800000,80299.9,80387.6,79920,79991.3,2946.258,235930886.5202
1777874400000,79991.3,80017.1,79455,79829,3088.245,246235579.9915
1777878000000,79829,79908,79636.1,79662.5,1300.073,103723711.5448
1777881600000,79662.5,79782.3,79553.5,79664.5,1332.846,106185474.4598
1777885200000,79664.5,79886.9,79604.1,79790.1,1428.391,113920515.8402
1777888800000,79790.1,79835.8,78170.4,78901.4,16276.88,1281694102.7071
1777892400000,78901.4,79093,78649.9,78753.7,3724.637,293763749.1437
1777896000000,78753.7,78984,78668.4,78805.2,1579.223,124517265.4773
1777899600000,78805.2,79100,78530,78743.7,3520.254,277397414.16
1777903200000,78743.7,80507,78430.5,80175.9,10413.464,829558781.0625
1777906800000,80175.9,80338.9,79252,79983.5,10254.234,818325471.2192
1777910400000,79983.5,80381.5,79567.9,79977.5,5126.355,410295083.9258
1777914000000,79977.5,80742.2,79977.5,80349.1,4449.094,357877067.9084
1777917600000,80349.1,80401.4,79990.4,80071.8,2149.162,172387743.1707
1777921200000,80071.8,80099.7,79833.4,80007.2,2051.09,163981539.6027
1777924800000,80007.2,80112.3,79815.8,79889.8,1061.584,84863828.4012
1777928400000,79889.8,80350.6,79889.8,80216.7,1108.85,88896814.4114
1777932000000,80216.7,80360,80005.8,80020.2,993.386,79625966.3739
1777935600000,80020.2,80020.3,79705.7,79818.9,1263.751,100881766.1202
1777939200000,79818.9,80152.1,79752.5,80130.2,1606.234,128495007.5864
1777942800000,80130.2,80355.5,80032.8,80313.1,1433.41,114981123.8904
1777946400000,80313.1,80900,80260,80520.6,3138.135,252994023.2293
1777950000000,80520.6,81064,80417.9,80839,4027.147,325502110.7008
1777953600000,80839,80946.2,80675,80856,1645.546,132995695.0673
1777957200000,80856,81300,80786.3,80923.8,4522.908,366650915.1053
1777960800000,80923.8,80976.5,80759.7,80932,1417.993,114644760.4239
1777964400000,80932,81110,80803,80821.9,1947.847,157671565.6128
1777968000000,80821.9,80855.6,80682.7,80776.6,1655.116,133731607.2872
1777971600000,80776.6,80776.7,80474.4,80547.3,1600.306,128982849.9575
1777975200000,80547.3,80795.9,80480.1,80791.6,1673.81,135058314.5817
1777978800000,80791.6,81084.6,80731.2,80972.9,2295.411,185712079.7719
1777982400000,80972.9,81277.1,80876.8,81229.5,2808.921,227990480.2978
1777986000000,81229.5,81694.6,81136.9,81287.7,8102.956,660062107.3243
1777989600000,81287.7,81464.5,80895.8,81291.4,4524.393,367277315.471
1777993200000,81291.4,81659.8,81186.5,81490.6,2619.838,213569960.5216
1777996800000,81490.6,81582.6,81005,81249.2,3113.895,253045908.1989
1778000400000,81249.2,81432,81142.1,81227.8,1339.607,108887074.1628
1778004000000,81227.8,81576.5,81227.8,81470.5,1517.485,123584160.5302
1778007600000,81470.5,81643.3,81352.4,81553,1430.493,116618731.5094
1778011200000,81553,81749.9,81450.1,81601.1,2632.507,214838782.4016
1778014800000,81601.1,81787,81263.4,81360.6,1641.61,133797028.4526
1778018400000,81360.6,81566.7,80736.9,81062.9,6247.909,506779097.3009
1778022000000,81062.9,81177.3,80711.3,80851.6,2198.29,177903584.574
1778025600000,80851.6,81224.9,80638,80967.7,3261.333,263987810.5247
1778029200000,80967.7,81475,80932.7,81384.3,3013.075,244770736.9703
1778032800000,81384.3,81397.3,80981.5,81331.3,2237.843,181655466.1104
1778036400000,81331.3,81750,81304.4,81543.4,2302.531,187723644.4871
1778040000000,81543.4,81600,81231.1,81288.5,1665.052,135554540.0171
1778043600000,81288.5,81314.9,81013.4,81280.6,1664.428,135116182.4884
1778047200000,81280.6,81485.1,81163,81430.8,1284.558,104484021.8685
1778050800000,81430.8,81571.2,81257.8,81332.1,1540.66,125463811.9047
1778054400000,81332.1,81999.9,81276.4,81917.4,4884.901,399380403.7776
1778058000000,81917.4,82055,81635,81966.6,3660.989,299761763.0875
1778061600000,81966.6,82363.7,81923.7,82243.1,3670.111,301516213.7162
1778065200000,82243.1,82811,82209.3,82486.4,5995.761,494984615.4398
1778068800000,82486.4,82514.7,82125.4,82184.9,2530.122,208221198.8938
1778072400000,82184.9,82188.7,81552.3,81628.8,5735.04,469539860.7352
1778076000000,81628.8,81940.9,81086.7,81479.9,7632.56,622014123.4585
1778079600000,81479.9,81787,81255.1,81662.2,2765.399,225560250.172
1778083200000,81662.2,81880,81384,81573.6,3401.638,277620198.5449
1778086800000,81573.6,81657.5,81334.2,81405.9,1511.439,123155050.3364
1778090400000,81405.9,81526.4,81193.4,81306.5,1410.944,114792964.4928
1778094000000,81306.5,81478.7,81133.4,81411.8,1172.145,95301113.4013
1778097600000,81411.8,81664.1,81237.1,81380.1,2495.645,203177331.1435
1778101200000,81380.1,81576.3,81240.7,81496.4,725.213,59058146.0408
1778104800000,81496.4,81504.7,81190.1,81294.4,801.125,65133619.6663
1778108400000,81294.4,81410.8,80929.1,81394.2,1865.081,151334983.482
1778112000000,81394.2,81442.7,80910.3,80979.2,2394.617,194366262.1876
1778115600000,80979.2,81251.2,80788,81132.1,1681.999,136308383.7036
1778119200000,81132.1,81146.7,80850,81079.4,1669.158,135142950.4473
1778122800000,81079.4,81079.4,80800,80807.2,1323.527,107089965.3955
1778126400000,80807.2,80954.8,80675.9,80948.1,1569.428,126839872.3012
1778130000000,80948.1,81144.7,80935.5,81052.9,873.071,70751933.8698
1778133600000,81052.9,81415.9,80830.1,81398.8,3247.333,263539455.4368
1778137200000,81398.8,81671,81345,81481.3,2320.795,189174300.4619
1778140800000,81481.3,81564,81160,81191.2,1428.764,116210157.0065
1778144400000,81191.2,81194.1,80817.2,80890.4,3045.699,246709310.7006
1778148000000,80890.4,80969.3,80532.2,80809.9,3123.715,252173113.6527
1778151600000,80809.9,81022,80750,80835,1909.567,154481035.3236
1778155200000,80835,81148,80803.5,81115.5,1712.725,138759849.938
1778158800000,81115.5,81125,80224.6,80463.7,5851.303,471498863.8252
1778162400000,80463.7,80660.1,80001.1,80133.4,5882.316,472175617.2729
1778166000000,80133.4,80240,79635,79864,5024.574,401513164.7761
1778169600000,79864,79983.2,79651.5,79763.8,2909.319,232141743.5195
1778173200000,79763.8,80112.2,79461.7,80060,3227.479,257493684.1489
1778176800000,80060,80247.1,79958.3,80168.5,3964.247,317621433.8498
1778180400000,80168.5,80196.2,79900,80112,1136.917,91019436.7356
1778184000000,80112,80348.5,79822.5,79846,1487.787,119131070.7181
1778187600000,79846,79900.1,79614.7,79691.3,1663.729,132697992.8293
1778191200000,79691.3,79960,79539,79883,1607.358,128212294.1362
1778194800000,79883,80037.3,79823.7,79975.4,699.552,55928335.395
1778198400000,79975.4,80105.5,79689.7,79796.9,1912.572,152950620.7888
1778202000000,79796.9,79870,79575.1,79707,699.819,55788964.5623
1778205600000,79707,79723.5,79296.4,79444.4,2876.611,228590346.0138
1778209200000,79444.4,79640.5,79120,79533,2130.389,169102338.4223
1778212800000,79533,79720.8,79502.6,79621.5,785.843,62571148.529
1778216400000,79621.5,79740.9,79531,79558.4,1352.092,107650891.4911
1778220000000,79558.4,79620.6,79365,79482.5,1144.345,90954712.2163
1778223600000,79482.5,79697.9,79204,79642.6,2061.035,163725436.1888
1778227200000,79642.6,79971.9,79630,79842.2,1735.414,138454623.4641
1778230800000,79842.2,80019.7,79743.9,79832.2,1782.435,142408700.1192
1778234400000,79832.2,80243,79728.6,80175.8,2998.356,239912324.0592
1778238000000,80175.8,80300,80088.1,80185.2,1838.126,147432590.6652
1778241600000,80185.2,80477.6,79913.6,79992.4,2463.259,197491500.4528
1778245200000,79992.4,80100,79505,79610.3,4865.773,387926678.5581
1778248800000,79610.3,80428.8,79609.4,80111.5,4742.817,379775184.4779
1778252400000,80111.5,80173.9,79570,80120.6,3711.256,296255091.5399
1778256000000,80120.6,80161.7,79695.9,79764.5,2769.336,221182062.1454
1778259600000,79764.5,80240.3,79689.7,80036.3,2294.223,183599185.9887
1778263200000,80036.3,80274.8,80033.4,80048.9,1502.657,120474953.1529
1778266800000,80048.9,80153.5,79910.5,80143.2,814.688,65204839.5519
1778270400000,80143.2,80264,80046.2,80104.6,896.885,71902673.1258
1778274000000,80104.6,80230,80076.8,80223.8,518.965,41597651.6438
1778277600000,80223.8,80385.6,80200.9,80233.7,885.498,71101071.9688
1778281200000,80233.7,80256.8,80066,80158.1,540.682,43339904.7215
1778284800000,80158.1,80195.7,80083,80186.5,955.019,76538094.797
1778288400000,80186.5,80400,80172.6,80280.5,833.601,66936032.0897
1778292000000,80280.5,80446.3,80280.5,80379.6,644.185,51777938.5241
1778295600000,80379.6,80537.3,80260.1,80345.6,1013.975,81518662.4389
1778299200000,80345.6,80641.4,80324,80349,1087.45,87524020.3186
1778302800000,80349,80447.1,80310,80336.1,420.768,33817026.0411
1778306400000,80336.1,80394.4,80155.2,80214.4,1219.304,97843207.8072
1778310000000,80214.4,80254,80084,80189.3,1341.043,107490176.0269
1778313600000,80189.3,80400,80176.3,80364.9,1003.805,80617597.935
1778317200000,80364.9,80365.3,80144,80198.1,795.359,63807843.0408
1778320800000,80198.1,80316.5,80116.5,80227.7,678.598,54439674.1943
1778324400000,80227.7,80336.3,80201.5,80307.8,429.653,34495463.8768
1778328000000,80307.8,80384.1,80220,80367.8,598.515,48077036.0475
1778331600000,80367.8,80379.8,80278,80361.2,370.749,29782022.7297
1778335200000,80361.2,80398.7,80203.8,80287.7,664.781,53368255.3787
1778338800000,80287.7,80567.5,80182.7,80493,1639.046,131835792.6
1778342400000,80493,80763.8,80446.2,80581,2212.641,178385165.048
1778346000000,80581,80889.3,80581,80770,1649.131,133200762.4525
1778349600000,80770,81049.9,80739.9,80864.9,1545.082,125015846.1949
1778353200000,80864.9,80931,80731.4,80893.9,664.487,53706984.9087
1778356800000,80893.9,80898.5,80695.4,80762,379.511,30652875.2023
1778360400000,80762,80860.4,80694.3,80730.4,365.345,29504718.2982
1778364000000,80730.4,80788,80618.6,80726.4,469.528,37895851.6077
1778367600000,80726.4,80811.4,80570,80628,448.448,36170901.4331
1778371200000,80628,80727.5,80575.7,80632.4,1353.474,109178310.8727
1778374800000,80632.4,80651.7,80523.8,80639.8,761.81,61386948.0543
1778378400000,80639.8,80767.6,80566.3,80745.9,447.516,36104238.6313
1778382000000,80745.9,80850,80673,80733.4,1236.474,99873137.7226
1778385600000,80733.4,80808,80683.9,80709.8,270.229,21817750.7171
1778389200000,80709.8,80776.9,80631.8,80652.3,445.342,35932292.5615
1778392800000,80652.3,80778.7,80603.9,80694.7,1003.061,80933553.9722
1778396400000,80694.7,80766,80673,80698.8,500.909,40435635.1364
1778400000000,80698.8,80874.9,80675.5,80797,1410.755,113985555.9545
1778403600000,80797,80875,80705.5,80771.8,402.627,32527164.1923
1778407200000,80771.8,80856,80643.6,80840,691.763,55852164.7985
1778410800000,80840,80947.5,80702.6,80783.4,1172.77,94792648.9686
1778414400000,80783.4,80915,80744.2,80891.2,675.063,54578481.822
1778418000000,80891.2,80968,80823.4,80929.2,1037.722,83969650.7096
1778421600000,80929.2,80991,80776.8,80944.3,845.172,68359419.0945
1778425200000,80944.3,81400,80889.3,81376.4,3668.359,297775182.9413
1778428800000,81376.4,81468,81160,81338.1,2006.592,163199725.5472
1778432400000,81338.1,81552.7,81174.2,81446.1,1633.471,132924864.6107
1778436000000,81446.1,81466.3,81190,81231.7,923.022,75053108.4985
1778439600000,81231.7,81450.1,81100.1,81396.1,1027.78,83586200.5896
1778443200000,81396.1,81426,80206.3,80700.1,7601.733,613983396.0438
1778446800000,80700.1,80921.2,80525,80672.6,2855.411,230607419.9649
1778450400000,80672.6,82171,80622,82014.9,8142.134,664499342.9155
1778454000000,82014.9,82450,82010.7,82181.9,4554.169,374581652.855
1778457600000,82181.9,82350,81229.2,81436.4,4863.14,397117915.3477
1778461200000,81436.4,81727.9,81243.6,81463.5,2302.899,187672137.9484
1778464800000,81463.5,81533.3,81066.3,81139.6,2017.578,163851322.09
1778468400000,81139.6,81159.4,80482.1,80695.7,4376.717,353335327.2181
1778472000000,80695.7,80849,80598.8,80772.3,1528.011,123322345.2889
1778475600000,80772.3,80942.9,80711.3,80801.8,1195.721,96656828.7333
1778479200000,80801.8,81017,80714.6,80790.8,831.875,67267024.5692
1778482800000,80790.8,80799.7,80631.6,80705,952.918,76908943.5918
1778486400000,80705,80837.6,80580.2,80725,1160.455,93664420.7491
1778490000000,80725,80970,80716,80926.6,991.245,80165168.7588
1778493600000,80926.6,81168.9,80900,80904.3,1775.475,143870882.4565
1778497200000,80904.3,81165,80862,81161.4,823.724,66754664.9941
1778500800000,81161.4,81316.3,80982.2,81014.6,1665.929,135190331.9689
1778504400000,81014.6,81299.6,80724.4,81028.4,2982.706,241639764.2275
1778508000000,81028.4,81214.6,80410,80906,3632.926,293466802.3996
1778511600000,80906,81425,80781.5,81403.8,3758.509,305240712.6379
1778515200000,81403.8,81889.1,81304.3,81533.1,5199.504,424527521.6369
1778518800000,81533.1,82038.7,81325,81902.5,2840.591,232171936.5175
1778522400000,81902.5,82107.6,81792.1,81821.4,2453.165,201040929.5815
1778526000000,81821.4,82059.6,81684.3,81920.3,1850.961,151565447.825
1778529600000,81920.3,82039.1,81711.3,81780.9,1264.346,103507340.8161
1778533200000,81780.9,81866.7,81551,81786.3,996.389,81393517.9259
1778536800000,81786.3,81935.4,81681.9,81788.7,680.392,55658712.2846
1778540400000,81788.7,81788.7,81560,81699.8,658.745,53797406.7004
1778544000000,81699.8,81768.1,81428.3,81508.3,1637.674,133561494.5764
1778547600000,81508.3,81582,80660.1,81145.6,5392.243,436866039.6782
1778551200000,81145.6,81295.2,81035.8,81220.3,1045.025,84831726.7833
1778554800000,81220.3,81256.8,80980,81015.5,798.732,64781339.9214
1778558400000,81015.5,81260,80946.9,81180.7,1129.504,91623540.6973
1778562000000,81180.7,81278.6,81143.8,81178.3,787.211,63928756.5078
1778565600000,81178.3,81278,80966.7,80981.9,1362.943,110530616.9083
1778569200000,80981.9,81097.6,80760,80816.1,2787.141,225574987.4015
1778572800000,80816.1,80931.9,80711,80795.4,1646.628,133089366.9692
1778576400000,80795.4,80939.8,80671.6,80802.2,2012.796,162645016.0406
1778580000000,80802.2,80821.9,80574.4,80644,1543.561,124532953.8227
1778583600000,80644,80750,80460,80738,1855.845,149573045.8479
1778587200000,80738,81000,80575,80849.4,4134.795,334167626.1672
1778590800000,80849.4,80898,80350,80431.3,4813.08,388098888.4853
1778594400000,80431.3,80854.6,80350.1,80503.2,3508.749,282745870.1248
1778598000000,80503.2,80624,80115,80292,4234.516,340085908.3368
1778601600000,80292,80396.2,79800.1,79962,4117.086,329646301.1523
1778605200000,79962,80550.8,79909.1,80483.3,2767.371,222235889.5542
1778608800000,80483.3,80720,80380,80627.9,1376.15,110844960.4721
1778612400000,80627.9,80830,80608.5,80791.6,2634.234,212652852.2317
1778616000000,80791.6,80840,80556.4,80646.8,1324.707,106917935.2575
1778619600000,80646.8,80700.8,80441.8,80543.3,693.241,55858151.2174
1778623200000,80543.3,80750,80543.3,80607.4,653.798,52726625.7418
1778626800000,80607.4,80674.8,80382.9,80459.8,830.832,66885451.9011
1778630400000,80459.8,80729.8,80362.9,80664.8,947.313,76332908.5081
1778634000000,80664.8,81153,80625,80957.3,2779.177,225080853.9508
1778637600000,80957.3,81250.6,80890.6,81017,1629.949,132124593.6709
1778641200000,81017,81274.4,80937.4,81214.2,1087.566,88217933.9006
1778644800000,81214.2,81245.8,81077.2,81199.2,853.788,69298794.8224
1778648400000,81199.2,81208.7,80963.1,80994.4,1073.811,87030708.7887
1778652000000,80994.4,81124.5,80931.8,80948,828.339,67113750.6987
1778655600000,80948,81019.2,80850,80981.1,896.666,72559331.8632
1778659200000,80981.1,81172,80904.3,81157.2,1081.058,87607761.8983
1778662800000,81157.2,81305.9,81100,81258.7,1671.752,135775296.4217
1778666400000,81258.7,81265,80767.9,80774.2,1700.487,137649734.4118
1778670000000,80774.2,80818.5,80456.1,80460.1,2497.178,201240285.3791
1778673600000,80460.1,80560,79804.3,80150,6901.069,552859572.226
1778677200000,80150,80304.6,79525,79605.9,6047.34,482812934.1978
1778680800000,79605.9,79857.8,79425.6,79718.5,4152.997,330799741.7145
1778684400000,79718.5,79824.6,78754.2,78792.5,7988.011,632833900.6562
1778688000000,78792.5,79194.7,78724.9,79078.4,4666.966,368456689.2206
1778691600000,79078.4,79527.5,79063.3,79482.2,2309.415,183177284.7524
1778695200000,79482.2,79769.7,79474.9,79564.2,2332.877,185797627.2961
1778698800000,79564.2,79613,79356.4,79608.6,1576.128,125279452.4246
1778702400000,79608.6,79743.2,79580.3,79675.7,1105.524,88059636.0259
1778706000000,79675.7,79678.9,79301,79365.3,1499.094,119081988.9947
1778709600000,79365.3,79441.6,79185.7,79395.5,1446.49,114720238.8744
1778713200000,79395.5,79504.6,79188.8,79285.8,1038.706,82408940.2874
1778716800000,79285.8,79656.7,79269.5,79534.4,1591.514,126581944.1436
1778720400000,79534.4,79663.9,79372.6,79561.3,954.978,75938337.3518
1778724000000,79561.3,79642.9,79166.1,79329.8,1963.984,155931343.23
1778727600000,79329.8,79422.9,78863.2,79003,3322.577,262818532.2297
1778731200000,79003,79440,78930.1,79403.3,1800.02,142674136.6113
1778734800000,79403.3,79974.3,79330.9,79773.3,2676.287,213287133.7303
1778738400000,79773.3,79914.8,79724.4,79770.1,1425.972,113812126.0105
1778742000000,79770.1,79920.1,79660.9,79711,1368.737,109211908.1519
1778745600000,79711,79900,79591.8,79782.8,1328.063,105928041.8613
1778749200000,79782.8,79878.3,79528,79596.5,1607.457,128014327.5017
1778752800000,79596.5,79728.8,79364,79530.5,2150.213,170978552.6284
1778756400000,79530.5,79577,79191,79215,1593.149,126405865.9029
1778760000000,79215,79748.7,79190.5,79724,1786.53,142077689.86
1778763600000,79724,80035.8,79622,79656,4229.64,337736658.463
1778767200000,79656,80975.9,79515.5,80922.1,9290.666,746595253.8412
1778770800000,80922.1,81295.5,80743.3,81244,6601.728,534706642.0233
1778774400000,81244,81876.8,81018.8,81834.5,9102.96,741236761.4675
1778778000000,81834.5,81999,81211,81624.3,6971.293,569272237.8486
1778781600000,81624.3,81904.4,81370.2,81528.2,4078.721,333030012.7375
1778785200000,81528.2,81663.4,81267,81374.5,2463.829,200585241.8219
1778788800000,81374.5,81542.9,81102.8,81375,1967.385,159951487.722
1778792400000,81375,81490,81221.8,81347.8,1056.181,85938687.8939
1778796000000,81347.8,81532.9,81289.3,81416.2,662.687,53954549.2497
1778799600000,81416.2,81416.3,81018,81052.6,1430.267,116078194.1998
1778803200000,81052.6,81639.1,81020.2,81467,2111.617,171849328.8096
1778806800000,81467,81582.5,81052.4,81084.4,1832.071,148967974.8739
1778810400000,81084.4,81312.3,80700,81256.2,4625.61,374471057.6047
1778814000000,81256.2,81300,80866.3,81019,1412.428,114467729.7598
1778817600000,81019,81065.8,80606.1,80685.8,1967.148,159009050.1188
1778821200000,80685.8,80842.1,80258,80313.4,5075.632,408598097.1993
1778824800000,80313.4,80600.9,80263.3,80542,2486.346,200000258.9654
1778828400000,80542,80974.4,80513.2,80788.9,3412.159,275644458.1431
1778832000000,80788.9,80800.8,80354.3,80604,2438.815,196459042.1013
1778835600000,80604,80634.1,80312,80450.8,3392.572,272893641.1
1778839200000,80450.8,80730.3,80349.9,80676.5,2743.463,220950119.0305
1778842800000,80676.5,80719.7,80534.8,80578.5,920.569,74197430.0873
1778846400000,80578.5,80604.3,80258.3,80350,2337.367,187978311.3115
1778850000000,80350,80350,78622.9,78716.1,15807.853,1254574454.6754
1778853600000,78716.1,79300,78610,79106,8121.08,641533086.8092
1778857200000,79106,79343.1,78970.6,79120.2,3269.374,258850232.5929
1778860800000,79120.2,79364.1,79093.7,79257.5,1678.552,132971162.7772
1778864400000,79257.5,79472.2,79178.2,79423.8,1411.464,111994293.2178
1778868000000,79423.8,79525.1,79127.5,79233.3,1705.167,135185303.4078
1778871600000,79233.3,79251.4,79003.3,79092.9,1427.101,112869371.4278
1778875200000,79092.9,79183.4,78943.3,79079.6,1214.111,96009950.4657
1778878800000,79079.6,79167.9,78846.1,78927.2,1446.301,114297627.6835
1778882400000,78927.2,79110,78924.5,79061.2,642.763,50790156.343
1778886000000,79061.2,79120,79028.5,79069.5,455.027,35980250.0989
1778889600000,79069.5,79192.8,79027.2,79067,558.741,44201394.2162
1778893200000,79067,79149.9,78964.8,79122.1,626.632,49529637.9739
1778896800000,79122.1,79172.1,79030.5,79109.5,631.121,49929158.6571
1778900400000,79109.5,79146.7,79010,79030,347.956,27522630.5837
1778904000000,79030,79088.3,78800,78999.7,895.786,70711743.652
1778907600000,78999.7,79002.9,78873.5,78989.6,481.018,37980181.87
1778911200000,78989.6,79014.6,78413.1,78615.1,3240.25,254923709.2355
1778914800000,78615.1,78615.1,78010,78329.8,6040.247,472982251.8862
1778918400000,78329.8,78500,78290,78380.8,1184.966,92887286.0033
1778922000000,78380.8,78400,77839.4,78040,4827.874,376864907.8938
1778925600000,78040,78063.6,77601,77929.4,3304.606,257188708.5443
1778929200000,77929.4,78160,77929.3,78041.1,1230.661,96070859.7868
1778932800000,78041.1,78100,77866.8,77973.3,1090.85,85090053.8634
1778936400000,77973.3,77993.9,77795.4,77993.8,892.788,69547828.8975
1778940000000,77993.8,78318,77850.9,78090,1916.526,149678930.3465
1778943600000,78090,78253.8,78033,78189.9,898.439,70209379.9632
1778947200000,78189.9,78337.4,78072.9,78163.5,2198.95,171969173.2257
1778950800000,78163.5,78289.7,78160.9,78162.7,554.499,43378021.6774
1778954400000,78162.7,78297.3,78106.9,78197.2,661.342,51699416.726
1778958000000,78197.2,78268.8,78167.8,78226.9,381.549,29847120.7684
1778961600000,78226.9,78288.4,78162.3,78218.1,462.618,36187943.8877
1778965200000,78218.1,78274.9,78169.8,78229.1,548.308,42897599.7679
1778968800000,78229.1,78253.4,78137.7,78140.4,612.93,47927692.0622
1778972400000,78140.4,78236.6,78084.1,78106.5,406.303,31754975.7848
1778976000000,78106.5,78207.1,77762.4,77919.2,1387.245,108203283.2828
1778979600000,77919.2,78080,77675,77682.1,2056.221,160083911.646
1778983200000,77682.1,77900,77677.1,77854.3,900.345,70063246.4808
1778986800000,77854.3,78050,77846.6,77984.9,606.46,47281540.2349
1778990400000,77984.9,78165,77956.4,78112.6,1093.032,85362564.4038
1778994000000,78112.6,78284.4,78069.8,78090.9,910.8,71196498.371
1778997600000,78090.9,78175.9,77974.9,78073.7,738.399,57638740.4639
1779001200000,78073.7,78175.7,78018,78142.9,761.468,59472260.2099
1779004800000,78142.9,78157,77995.2,78058.5,502.942,39262623.9586
1779008400000,78058.5,78271.3,78042.6,78208.6,779.595,60929692.9828
1779012000000,78208.6,78569.9,78205.8,78430,2551.906,200112707.3994
1779015600000,78430,78441,78252.8,78382.9,1020.762,79968197.4395
1779019200000,78382.9,78528.7,78280.7,78330.5,969.68,76024808.0717
1779022800000,78330.5,78330.5,78134,78172.1,1245.749,97447640.4553
1779026400000,78172.1,78183.7,77792.2,78004.1,2567.05,200172891.3356
1779030000000,78004.1,78087.1,77872.2,78002.8,866.553,67579526.8977
1779033600000,78002.8,78165,77988.6,77996.2,845.248,65989810.2201
1779037200000,77996.2,78062,77781.6,78050.8,1568.494,122212121.3366
1779040800000,78050.8,78240,77968.6,78225.8,884.652,69108447.5205
1779044400000,78225.8,78444.4,78172.1,78370,1005.376,78738683.3609
1779048000000,78370,78403.2,78197.3,78234.7,712.508,55765995.8946
1779051600000,78234.7,78457.1,78190.3,78369.1,1137.957,89178219.1681
1779055200000,78369.1,78376,77777,77959.9,3325.256,259418167.4122
1779058800000,77959.9,77967,76671.5,77416.4,11790.089,910815545.8335
1779062400000,77416.4,77443.8,76866.1,77172.5,4736.036,365172396.2109
1779066000000,77172.5,77252.8,76705.1,77085.2,3825.739,294332507.4691
1779069600000,77085.2,77194.2,76659.1,76805.2,2030.052,156144024.5825
1779073200000,76805.2,76989.9,76777.7,76900.4,1482.01,113967275.0362
1779076800000,76900.4,77040,76737.1,77002.3,2212.972,170164285.8001
1779080400000,77002.3,77053,76850,76887.5,1338.493,103005325.2805
1779084000000,76887.5,76947.1,76540,76884.8,3798.68,291545916.4061
1779087600000,76884.8,77061.5,76729.5,77043.1,2714.828,208898822.1604
1779091200000,77043.1,77161.7,76855.1,77003.7,1658.109,127683758.6094
1779094800000,77003.7,77025,76837,76902.4,897.577,69042618.7787
1779098400000,76902.4,76930,76675,76731.2,1773.372,136163785.3699
1779102000000,76731.2,77378.1,76616.2,77262,3456.518,266427360.9601
1779105600000,77262,77766.4,77242.4,77611.3,6758.259,523668219.674
1779109200000,77611.3,77614.9,76655,76907.5,7400.053,569968732.6774
1779112800000,76907.5,76927.3,76178,76365.1,9304.502,711885088.8514
1779116400000,76365.1,76450,75999.9,76381.2,6986.09,532279897.2543
1779120000000,76381.2,76620,76176,76380.4,3891.702,297352703.3109
1779123600000,76380.4,76731.1,76330.7,76669.9,2497.592,191305222.6442
1779127200000,76669.9,76679.3,76105.3,76210.2,3354.962,256044524.1117
1779130800000,76210.2,76972.9,76189.9,76903.8,4962.344,380715949.7517
1779134400000,76903.8,77155,76841.2,76869,2707.91,208482371.5337
1779138000000,76869,77169,76753.8,77059,2179.428,167732603.9435
1779141600000,77059,77193.3,76893.5,77041.3,1633.174,125841191.1769
1779145200000,77041.3,77130,76904.8,76963.9,900.101,69315351.0646
1779148800000,76963.9,77377.6,76913.4,77099.5,2376.042,183434616.325
1779152400000,77099.5,77126.7,76625,76630.9,2202.488,169181353.019
1779156000000,76630.9,76976.9,76433.4,76580.1,1768.038,135586452.8334
1779159600000,76580.1,76837.3,76543.3,76755.2,880.489,67541023.6979
1779163200000,76755.2,76913.9,76658,76886.9,811.709,62338007.742
1779166800000,76886.9,76984.3,76600.1,76868.3,1286.403,98823313.2302
1779170400000,76868.3,77077.6,76843.9,76993.9,1130.486,87021101.5848
1779174000000,76993.9,77256.7,76931.2,77196.8,1332.276,102775688.99
1779177600000,77196.8,77298.1,76923.7,77011.7,1702.207,131229626.4706
1779181200000,77011.7,77038.9,76664.1,76782.4,1766.19,135668333.2774
1779184800000,76782.4,77075.6,76655,77006.1,1846.582,141888576.9078
1779188400000,77006.1,77046.9,76588.3,76671,1216.372,93415378.9314
1779192000000,76671,76950,76607.1,76898.3,867.421,66616680.8475
1779195600000,76898.3,77024.9,76550,76845.2,2949.458,226470911.1422
1779199200000,76845.2,76988.3,76105,76362,5528.624,422646665.9485
1779202800000,76362,76658.4,76300.9,76497,2866.891,219330823.4191
1779206400000,76497,76904.7,76379.4,76864.1,1917.263,146999412.6482
1779210000000,76864.1,76999.3,76730,76821.8,1947.09,149671560.2948
1779213600000,76821.8,76927.7,76708.6,76773.4,1256.224,96488796.4286
1779217200000,76773.4,77054,76727.4,76789.5,1880.047,144576568.6974
1779220800000,76789.5,77002.5,76789.5,76987.6,619.15,47631485.3734
1779224400000,76987.6,77014.9,76938.1,76946.1,791.58,60936260.0098
1779228000000,76946.1,76946.1,76613,76679.7,1329.938,102086328.3038
1779231600000,76679.7,76959,76636.6,76806.1,791.814,60835195.5359
1779235200000,76806.1,76870,76465.9,76763.6,1352.955,103703408.5445
1779238800000,76763.6,76898,76496.3,76784.5,1514.401,116125503.9197
1779242400000,76784.5,76884.3,76564.4,76654.6,830.853,63725149.0057
1779246000000,76654.6,76797.8,76567.3,76688.7,634.365,48641232.148
1779249600000,76688.7,76805.8,76643.6,76751.9,491.493,37722321.9106
1779253200000,76751.9,77309.1,76751.9,77166.2,2892.32,223120881.4514
1779256800000,77166.2,77389.9,77154.9,77384.8,1479.242,114318295.0876
1779260400000,77384.8,77445,77200.5,77253.9,1533.244,118563363.281
1779264000000,77253.9,77610,77163.6,77424.3,2033.09,157394241.3871
1779267600000,77424.3,77516,77330,77445.1,1283.859,99410269.3462
1779271200000,77445.1,77635,77445.1,77480.1,1236.769,95915709.8306
1779274800000,77480.1,77537.6,77289.8,77350.1,945.108,73151357.6198
1779278400000,77350.1,77716.9,77325.7,77588.8,1459.158,113131362.5986
1779282000000,77588.8,77622.3,76915.1,77177.8,5064.347,390799583.156
1779285600000,77177.8,77546.5,76850,77418.9,4869.067,376316402.2757
1779289200000,77418.9,77838.9,77271.6,77421.9,4731.229,367108969.0723
1779292800000,77421.9,77528.6,76977.7,77297.8,3046.977,235288987.5067
1779296400000,77297.8,77691.9,77190.1,77535.3,1994.912,154597130.2333
1779300000000,77535.3,77608,77350,77378.6,1349.973,104577482.2004
1779303600000,77378.6,77678.3,77300.3,77638.1,1418.735,109984116.6632
1779307200000,77638.1,77737.7,77430.7,77677.6,1810.98,140570044.323
1779310800000,77677.6,77738.6,77459.5,77459.5,861.32,66844693.9211
1779314400000,77459.5,77467.9,77176.9,77467.8,1352.821,104627631.6586
1779318000000,77467.8,77528.9,77340.2,77518.9,468.444,36274793.9336
1779321600000,77518.9,78051.1,77476,77925.2,2113.96,164505737.1308
1779325200000,77925.2,78142.8,77756.3,77821.1,1799.392,140249614.3638
1779328800000,77821.1,78070.7,77774.9,77917,1957.529,152652082.0319
1779332400000,77917,78070,77862.4,78050,815.823,63613641.2634
1779336000000,78050,78153.6,77925.9,78000.8,1145.058,89353802.1217
1779339600000,78000.8,78115,77640.2,77796.9,1742.544,135593308.0173
1779343200000,77796.9,77845.5,77485.4,77588.2,1508.887,117180211.1907
1779346800000,77588.2,77867.5,77479.5,77840.1,1585.435,123080257.6484
1779350400000,77840.1,78173,77840,77890.5,2636.002,205601079.3772
1779354000000,77890.5,77946,77600.2,77600.2,1328.657,103312936.4804
1779357600000,77600.2,77648,77150,77171.1,4410.413,341145346.4667
1779361200000,77171.1,77346.1,77073.4,77159.5,2279.508,176022504.8542
1779364800000,77159.5,77331.8,77039.1,77247.5,1862.459,143768766.0388
1779368400000,77247.5,77327,76680.1,77089.4,5112.477,393482964.5299
1779372000000,77089.4,77208,76748.8,76944.8,2816.368,216844009.7124
1779375600000,76944.8,77375,76859.8,77225.5,2606.4,201145073.6407
1779379200000,77225.5,77323.1,76970,77153.9,1603.856,123719457.4428
1779382800000,77153.9,78070.1,77140,77840,8249.175,641550794.1762
1779386400000,77840,77898.4,77218.2,77355.1,3961.096,307382737.8062
1779390000000,77355.1,77782.4,77331.5,77666.6,2007.901,155739832.3607
1779393600000,77666.6,77777.1,77594.9,77669,1178.809,91550864.0577
1779397200000,77669,77782.8,77602.9,77647.3,694.182,53952692.313
1779400800000,77647.3,77725.3,77512.2,77589.5,760.926,59058470.4364
1779404400000,77589.5,77727.2,77498.7,77588.4,650.456,50492364.0452
1779408000000,77588.4,77609,77331,77341.8,1288.077,99767879.9946
1779411600000,77341.8,77641.5,77280.1,77585.6,917.298,71037885.8549
1779415200000,77585.6,77731.3,77526.9,77635.7,1672.918,129870222.3245
1779418800000,77635.7,77771.7,77635.6,77738.7,564.786,43895834.5761
1779422400000,77738.7,77865,77600,77623.2,1140.526,88658564.8516
1779426000000,77623.2,77688.9,77400.3,77456.8,970.594,75270383.0788
1779429600000,77456.8,77496.4,77318.3,77387.8,2412.597,186756443.5231
1779433200000,77387.8,77514.5,77227.6,77366.9,1990.977,154030826.1596
1779436800000,77366.9,77504,77175,77238.6,1500.385,116043707.8363
1779440400000,77238.6,77322.5,77175,77276.5,1382.905,106817751.1855
1779444000000,77276.5,77324.6,77237,77286.4,791.265,61155023.3478
1779447600000,77286.4,77399.8,77155,77394.9,1144.211,88439627.2495
1779451200000,77394.9,77550,77355.4,77501.3,1500.286,116207742.2995
1779454800000,77501.3,77520,77075,77254.7,2852.34,220323374.5869
1779458400000,77254.7,77254.7,76713.7,76738.5,4926.77,378873621.3709
1779462000000,76738.5,77016.6,76530,76755.9,5004.87,384069620.8079
1779465600000,76755.9,76971.5,76736.3,76920,1356.699,104288888.0993
1779469200000,76920,77070,76711.7,76716.6,2268.353,174413416.2133
1779472800000,76716.6,76873.9,76046,76497.9,7202.388,550382004.6815
1779476400000,76497.9,76554,75611.7,75831.3,9874.402,749933420.6178
1779480000000,75831.3,76059.4,75782.3,75951.9,2128.274,161567008.8179
1779483600000,75951.9,76065.7,75894.3,75934.4,1014.528,77088977.5069
1779487200000,75934.4,75948.3,75500,75703.7,2764.307,209222808.6048
1779490800000,75703.7,75852.8,75311,75509.6,2601.025,196518845.5158
1779494400000,75509.6,75600,75185.1,75325.2,2884.389,217362193.6159
1779498000000,75325.2,75471.5,75303.1,75461.3,1554.347,117188684.5009
1779501600000,75461.3,75549.1,75373.1,75532.4,757.937,57204753.0197
1779505200000,75532.4,75626.4,75524.2,75592.4,933.192,70526813.9651
1779508800000,75592.4,75614.1,75460.9,75499.9,591.206,44656589.9826
1779512400000,75499.9,75522.4,75430,75453.4,571.577,43132876.8623
1779516000000,75453.4,75468.3,75344.5,75365.9,603.234,45489193.2719
1779519600000,75365.9,75406,74221.4,74568.3,10136.209,758389760.432
1779523200000,74568.3,74711.7,74302.7,74643.6,5124.407,381891430.7313
1779526800000,74643.6,74726.5,74549.9,74618,1484.772,110829960.5262
1779530400000,74618,74755,74618,74679.6,718.099,53645337.471
1779534000000,74679.6,74844.7,74672,74757.8,712.172,53254369.9322
1779537600000,74757.8,74760.4,74607.9,74718.9,931.624,69584463.1134
1779541200000,74718.9,75232.6,74715.9,75178.6,3789.724,284212007.5275
1779544800000,75178.6,75674.2,75061.8,75490.1,3935.564,296588475.8852
1779548400000,75490.1,75646.7,75357.6,75487.4,2714.372,204927019.1805
1779552000000,75487.4,75611.9,75349.7,75406.1,1642.394,123925708.0568
1779555600000,75406.1,75528.9,75327.8,75457.5,1385.57,104518306.6215
1779559200000,75457.5,75957.9,75426.2,75806.3,3290.318,249310383.6786
1779562800000,75806.3,75992.3,75740.9,75949.8,1948.068,147763525.5329
1779566400000,75949.8,77267.8,75906.2,77238.6,11790.432,902909574.5249
1779570000000,77238.6,77371.9,76500,76783,6300.63,484554557.6212
1779573600000,76783,76860,76364.6,76546.7,1917.312,146781176.8841
1779577200000,76546.7,76791.3,76496,76709,1519.08,116446187.3579
1779580800000,76709,76898.1,76591.1,76807.8,892.677,68506443.9749
1779584400000,76807.8,76887.9,76713.3,76855.4,716.361,55022563.0641
1779588000000,76855.4,76931,76669,76788.7,653.922,50221166.096
1779591600000,76788.7,76980,76694.3,76704.8,872.348,67016180.6793
1779595200000,76704.8,76816.6,76684.7,76744.2,737.076,56572547.5827
1779598800000,76744.2,76842.1,76613.7,76780.1,865.406,66388295.444
1779602400000,76780.1,77056.9,76674.2,76956,2186.896,168078751.7255
1779606000000,76956,76995,76760,76778.5,1187.025,91216480.7952
1779609600000,76778.5,76825,76701.6,76804.9,1057.653,81196597.7827
1779613200000,76804.9,77018,76782.4,76992.2,1459.64,112255517.5326
1779616800000,76992.2,77490,76887,77154.7,3531.858,272607264.0531
1779620400000,77154.7,77324.5,77146.9,77280.6,941.015,72687136.9294
1779624000000,77280.6,77290,77000.1,77078.3,1119.735,86314691.1951
1779627600000,77078.3,77090,76650,76767.3,2927.415,225044097.1218
1779631200000,76767.3,76806.5,76144.1,76426.9,6777.903,518225886.3144
1779634800000,76426.9,76508.7,76314.9,76329.9,1363.74,104218803.2925
1779638400000,76329.9,76700,76329.9,76633.6,2677.322,204932562.3296
1779642000000,76633.6,76760,76525.1,76651.6,840.857,64445435.1407
1779645600000,76651.6,76754.5,76550.8,76625.3,549.408,42109374.6644
1779649200000,76625.3,76755.8,76566.7,76734.9,582.543,44660061.9787
1779652800000,76734.9,76767,76562.8,76632.7,627.785,48121491.3584
1779656400000,76632.7,76717.4,76062.2,76111.1,3106.453,236898635.988
1779660000000,76111.1,76990,76095,76769.2,5085.218,390056634.2119
1779663600000,76769.2,77200,76769.2,77032.5,1933.25,148846315.8797
1779667200000,77032.5,77266.5,77032.5,77122.7,1506.771,116230875.3506
1779670800000,77122.7,77215.8,76859.9,76908.9,1610.178,124087582.6462
1779674400000,76908.9,77449.9,76908.8,77069.7,1916.757,148015861.3993
1779678000000,77069.7,77135.6,76968.8,76994.4,648.438,49957826.038
1779681600000,76994.4,77430,76952.4,77363,2119.954,163760368.4934
1779685200000,77363,77489.8,77286.6,77379.9,2840.613,219830928.3721
1779688800000,77379.9,77641,77173.2,77396.5,3086.82,238960306.98
1779692400000,77396.5,77500,77150,77381.7,1486.127,114863442.8009
1779696000000,77381.7,77448.5,77244.8,77432.1,840.19,64977183.8648
1779699600000,77432.1,77682,77390.4,77564.5,1593.46,123568887.3922
1779703200000,77564.5,77661.2,77454.4,77507.4,994.375,77102352.0572
1779706800000,77507.4,77507.5,77300,77327.7,1195.996,92580174.8967
1779710400000,77327.7,77411,77247.9,77326.8,1270.871,98270373.3627
1779714000000,77326.8,77416,77255,77307.4,754.19,58310173.6461
1779717600000,77307.4,77750,77280,77685.9,2324.267,180304952.2663
1779721200000,77685.9,77885,77513.4,77597.9,2378.855,184795948.9427
1779724800000,77597.9,77788,77488,77704,1427.5,110789090.2804
1779728400000,77704,77786.5,77519,77528.2,1229.879,95477800.9992
1779732000000,77528.2,77633.9,77512.4,77516.6,654.541,50778819.7706
1779735600000,77516.6,77518.3,77310,77402.7,1089.588,84350579.6775
1779739200000,77402.7,77472,77180,77237.6,1432.23,110725899.9174
1779742800000,77237.6,77368.2,77235.1,77341.5,1051.065,81249962.3206
1779746400000,77341.5,77417.5,76974.1,77077.2,2461.172,189908046.0364
1779750000000,77077.2,77333.1,77017.5,77280.5,865.225,66807358.1949
1779753600000,77280.5,77316.3,76517.3,76739.2,3420.142,262841956.2726
1779757200000,76739.2,76855.9,76542.9,76713.2,3074.275,235791677.4958
1779760800000,76713.2,76785.4,76469.1,76625.6,1751.84,134238984.4964
1779764400000,76625.6,76676,76436,76625.3,1240.293,94988792.1562
1779768000000,76625.3,76776,76559.9,76705.8,1075.343,82456709.0266
1779771600000,76705.8,76968.6,76660.7,76881.9,1266.77,97317131.3373
1779775200000,76881.9,77023.1,76723.9,76868,1202.88,92462297.0265
1779778800000,76868,76885.7,76565,76687.1,2037.97,156255946.8703
1779782400000,76687.1,76824,76654,76684.2,1127.501,86516852.0465
1779786000000,76684.2,76772,76603,76635.3,1119.673,85843597.489
1779789600000,76635.3,77589.1,76536.2,77395.6,6024.186,465343373.0206
1779793200000,77395.6,77458,77136.7,77159.9,2664.162,205922629.7819
1779796800000,77159.9,77203.7,76837.7,77096.8,3885.752,299261506.394
1779800400000,77096.8,77442.7,76646.3,77202.8,4872.535,375136155.0439
1779804000000,77202.8,78049,76677,76862.9,12667.892,979293153.3944
1779807600000,76862.9,76980,76216.4,76464.2,8175.463,625496385.7179
1779811200000,76464.2,76689.1,76150,76527.4,5330.817,407588257.2546
1779814800000,76527.4,76624.1,75800,75890.4,7190.533,546715061.0166
1779818400000,75890.4,76247.9,75733,75810,3876.906,294670498.1917
1779822000000,75810,76073,75762.9,76019.8,1546.323,117413521.1595
1779825600000,76019.8,76143.1,75940,76070.6,1611.091,122504814.922
1779829200000,76070.6,76087.7,75800,75855.6,950.207,72147899.0383
1779832800000,75855.6,75968,75627.9,75717.8,2213.696,167681734.8573
1779836400000,75717.8,75952.4,75717.7,75897.4,1071.863,81327936.1112
1779840000000,75897.4,76053.5,75833.9,76040.2,1355.578,102938137.7088
1779843600000,76040.2,76077.9,75771.9,75834.2,1431.642,108661127.4431
1779847200000,75834.2,75859.5,75633.1,75835.9,1144.694,86702161.0733
1779850800000,75835.9,75926.4,75550,75621.3,1475.567,111748173.0497
1779854400000,75621.3,75665.9,75235.7,75524.4,4555.864,343557032.6134
1779858000000,75524.4,75698,75524.3,75654.9,1647.317,124537466.8704
1779861600000,75654.9,75863.3,75624.9,75791.1,1776.055,134500635.196
1779865200000,75791.1,75929.1,75711,75920,1443.868,109497430.8633
1779868800000,75920,76028.5,75783.2,75827.2,2152.343,163401803.3284
1779872400000,75827.2,75932.9,75655,75863.2,1835.676,139115157.8737
1779876000000,75863.2,75994.3,75822.6,75848.5,1056.852,80206704.8435
1779879600000,75848.5,75984.5,75709.6,75729.6,1127.022,85485111.8115
1779883200000,75729.6,76136.8,75526.7,75647.4,3905.92,296131705.8468
1779886800000,75647.4,75729,74818,75038.5,9420.657,707621815.9466
1779890400000,75038.5,75237,74707.5,74996.7,5151.489,386328155.7375
1779894000000,74996.7,75468,74936.5,75297.1,4449.246,334905381.5402
1779897600000,75297.1,75379,74953.1,75273.8,2343.506,176075554.0693
1779901200000,75273.8,75310,74642.4,74828.4,5281.415,395996666.8555
1779904800000,74828.4,74994.9,74626.9,74994.9,2422.81,181314367.0554
1779908400000,74994.9,75114.1,74911,75034.6,2078.86,155950885.7073
1779912000000,75034.6,75379,75018.1,75234,1872.745,140853522.1903
1779915600000,75234,75234,74305.4,74446,5260.377,392574186.6694
1779919200000,74446,74742.5,74236.1,74388.6,4162.942,310114988.6058
1779922800000,74388.6,74547.7,74201.2,74412.4,2722.039,202370482.4483
1779926400000,74412.4,74546.8,74320.8,74530.7,1361.566,101398907.8133
1779930000000,74530.7,74557.7,74104.7,74312.4,3557.937,264258003.0443
1779933600000,74312.4,74368.1,74070,74249.2,1830.423,135837866.9952
1779937200000,74249.2,74347.2,73020,73231.8,11929.901,877546685.041
1779940800000,73231.8,73231.8,72687.4,73146.9,7372.954,538209527.7337
1779944400000,73146.9,73146.9,72875.2,72958.6,2214.698,161628943.3937
1779948000000,72958.6,73180,72726.9,73169.2,2711.243,197853535.5493
1779951600000,73169.2,73479.6,73118.3,73460.3,2377.643,174274545.1002
1779955200000,73460.3,73474.4,73171.7,73285.7,1619.274,118680292.0155
1779958800000,73285.7,73534,73218.5,73510.4,1816.661,133365839.4886
1779962400000,73510.4,73588.9,73300.6,73367.9,1838.236,135001284.3351
1779966000000,73367.9,73510.3,73280.9,73474.1,1317.406,96677754.5653
1779969600000,73474.1,73560,73214.2,73490.3,2444.319,179461310.6797
1779973200000,73490.3,73550,72727,72993.4,7018.181,512515828.7639
1779976800000,72993.4,73561.4,72552,73000.1,13434.833,981088534.6875
1779980400000,73000.1,73155,72660,72896.6,3528.151,257222162.4477
1779984000000,72896.6,73437.7,72696.2,73424.9,5135.878,375563866.9958
1779987600000,73424.9,73718.2,73284,73518.9,3707.416,272394009.0988
1779991200000,73518.9,73729,73486.2,73629.8,1785.28,131431546.6433
1779994800000,73629.8,73629.8,73350.4,73397.4,1580.12,116079946.3662
1779998400000,73397.4,73696.5,73195.7,73550.7,2986.944,219444830.075
1780002000000,73550.7,73901.6,73522.6,73789.3,1465.22,108065805.9792
1780005600000,73789.3,73920,73421,73447.7,2340.814,172261696.7843
1780009200000,73447.7,73710,73447.6,73597.6,1167.751,85940113.7868
1780012800000,73597.6,73845,73597.5,73704.7,2258.839,166609071.7648
1780016400000,73704.7,73853.8,73432.1,73565.3,1724.17,126871641.9254
1780020000000,73565.3,73625,73140.5,73189.9,3461.202,253851115.4878
1780023600000,73189.9,73422.6,73189.9,73264,1297.808,95160451.5252
1780027200000,73264,73477.9,73169.5,73462.9,1203.231,88203068.4406
1780030800000,73462.9,73700.1,73451.9,73673.6,2049.61,150843116.2784
1780034400000,73673.6,73911.1,73604,73751.7,1694.538,124997969.1934
1780038000000,73751.7,73794.9,73337.8,73480,3307.614,243174636.271
1780041600000,73480,73798.6,73480,73620.9,1842.167,135756488.0878
1780045200000,73620.9,73877.5,73611.3,73705.7,1118.474,82516492.4533
1780048800000,73705.7,73718.9,73551.7,73600,946.857,69718391.871
1780052400000,73600,73668.5,73311.2,73449.9,1196.16,87919797.2916
1780056000000,73449.9,73450,73157.3,73253.6,2132.86,156301844.9717
1780059600000,73253.6,73316.2,72865,73110.9,4539.575,331776408.1453
1780063200000,73110.9,73176,72460.7,73058.1,9739.333,709008719.8747
1780066800000,73058.1,74187.8,72961.5,73774.1,15487.637,1141307024.9285
1780070400000,73774.1,74100,73520.8,74018.3,5463.761,403548869.9056
1780074000000,74018.3,74310,73888.9,73951.9,3684.48,273208334.3891
1780077600000,73951.9,74034.2,73123.9,73342.4,6252.041,459807956.3852
1780081200000,73342.4,73721,73205.6,73491.1,3740.511,274888859.9366
1780084800000,73491.1,73738.1,73479.7,73645.7,816.479,60118480.1351
1780088400000,73645.7,73819.7,73372.4,73389.6,1634.936,120256158.3701
1780092000000,73389.6,73544.9,73340.4,73449.4,1974.799,144994957.6534
1780095600000,73449.4,73485.3,73276.2,73437.3,797.357,58506994.1832
1780099200000,73437.3,73563,73372.7,73466.2,729.428,53597067.7934
1780102800000,73466.2,73639.5,73433.7,73632,886.934,65260216.0963
1780106400000,73632,73750,73574.5,73749.9,625.273,46067593.922
1780110000000,73749.9,73756.4,73493.1,73495.8,647.473,47664769.614
1780113600000,73495.8,73549.7,73160.3,73365.7,1693.242,124155624.5454
1780117200000,73365.7,73600,73312,73560.9,2083.831,153087770.118
1780120800000,73560.9,73694.2,73477.1,73542.7,1079.603,79445602.4303
1780124400000,73542.7,73552.3,73449.8,73515.7,476.02,34984737.231
1780128000000,73515.7,73523.2,73464.9,73488.3,331.167,24339982.1742
1780131600000,73488.3,73581.9,73464.9,73571,427.169,31409908.9611
1780135200000,73571,73646,73548.5,73621.7,461.294,33954224.5451
1780138800000,73621.7,73625,73519.2,73569.4,396.704,29185775.5565
1780142400000,73569.4,73693.4,73556,73658.2,385.958,28418935.0522
1780146000000,73658.2,73841.1,73625.9,73793,1215.321,89598259.1858
1780149600000,73793,74076.8,73780.5,73895,2172.17,160617641.3356
1780153200000,73895,74016.8,73803.4,73889.3,1147.366,84784914.0642
1780156800000,73889.3,73959,73842,73904.1,528.029,39028130.3098
1780160400000,73904.1,74003.6,73780.4,73986.6,962.416,71128598.4541
1780164000000,73986.6,74117.7,73920,74014.1,1014.058,75053251.6448
1780167600000,74014.1,74049.4,73944.9,73978.8,988.918,73173485.196
1780171200000,73978.8,73990,73891.8,73950.2,831.364,61467550.2513
1780174800000,73950.2,74025.3,73892.7,73955.1,480.086,35499802.3632
1780178400000,73955.1,73955.1,73756,73843.3,743.816,54923796.5584
1780182000000,73843.3,73971.9,73740.4,73854.1,911.774,67313628.6374
1780185600000,73854.1,74009.9,73817.6,73997.4,683.728,50539262.0952
1780189200000,73997.4,74246.1,73988,74023.8,1698.937,125912538.2235
1780192800000,74023.8,74223.9,73854.4,74060.1,1948.942,144307074.9181
1780196400000,74060.1,74190.3,74027.7,74109.9,822.018,60925659.3931
1780200000000,74109.9,74197.4,74051.4,74142.2,779.618,57803007.7069
1780203600000,74142.2,74179.4,74019.1,74022.3,549.683,40727954.6997
1780207200000,74022.3,74068,73953.6,74016.2,354.976,26269920.4132
1780210800000,74016.2,74016.2,73800,73842.4,1036.792,76603385.549
1780214400000,73842.4,73963.7,73815.4,73913.8,697.151,51515621.9801
1780218000000,73913.8,74003.4,73774,73814.2,976.013,72125310.4402
1780221600000,73814.2,73879.7,73687.6,73873.7,1159.393,85549460.7612
1780225200000,73873.7,73948,73863,73911,406.574,30046657.0418
1780228800000,73911,73968,73836.7,73894,680.785,50316031.0857
1780232400000,73894,74007.2,73783.1,73841,533.231,39399095.8567
1780236000000,73841,73841.1,73467.8,73577.1,4975.562,366316310.4233
1780239600000,73577.1,73744.1,73549.8,73617,1114.453,82067239.1445
1780243200000,73617,73694.1,73351,73499.9,2206.165,162122935.0842
1780246800000,73499.9,73699.5,73427.5,73677.9,860.658,63326332.7764
1780250400000,73677.9,73681.9,73543.8,73573.3,471.131,34681742.2675
1780254000000,73573.3,73625.6,73412.1,73520.6,806.505,59291261.4502
1780257600000,73520.6,73734,73520.6,73714.7,913.982,67313645.3596
1780261200000,73714.7,73899,73582.3,73857.4,1987.916,146622046.2741
1780264800000,73857.4,73979.2,73650,73915,1364.883,100803798.9629
1780268400000,73915,74173.8,73452.3,73649.6,2950.14,217605223.8909
1780272000000,73649.6,74057.6,73614.4,73850.2,1514.913,111896595.6559
1780275600000,73850.2,73887.4,73228,73256.1,2166.735,159242242.5701
1780279200000,73256.1,73849,73176,73753.6,1915.008,140876444.3149
1780282800000,73753.6,73985.5,73688.9,73726.2,1539.669,113720111.0032
1780286400000,73726.2,73806,73288,73486.3,1930.933,141891415.314
1780290000000,73486.3,73500,73287.6,73314.7,1551.181,113840745.0958
1780293600000,73314.7,73342.4,72923,73105.4,3420.105,250051147.555
1780297200000,73105.4,73175,72654.8,72770.2,3984.87,290489980.6476
1780300800000,72770.2,72899.8,72580.1,72877.2,3172.569,230806918.6809
1780304400000,72877.2,73064.9,72801.1,72861,3856.863,281283450.3511
1780308000000,72861,72882.7,72541.7,72719,3220.91,234080928.1208
1780311600000,72719,72734.5,72160.5,72449.7,5185.521,375690973.9914
1780315200000,72449.7,72590,71862,72178.5,10383.48,749076873.3539
1780318800000,72178.5,72200,71350,71679.9,15065.039,1080620894.4661
1780322400000,71679.9,71856,71383.1,71544.1,5836.573,417814991.5646
1780326000000,71544.1,71648,71040,71103.9,6577.84,468828319.9865
1780329600000,71103.9,71584.2,70650.4,71539.1,9631.386,684585434.2419
1780333200000,71539.1,71800,71445,71623.4,3776.555,270492357.4481
1780336800000,71623.4,71677.8,71354.9,71474.4,1870.688,133762262.7124
1780340400000,71474.4,71652.7,71360.1,71576.1,2358.743,168707258.1481
1780344000000,71576.1,71683.1,71391.3,71428.2,1104.997,79068953.6666
1780347600000,71428.2,71431.6,70879.3,71008.1,3206.2,227937653.5896
1780351200000,71008.1,71449.5,70805,71382.7,3255.573,231589302.8095
1780354800000,71382.7,71571.2,71194.4,71391.3,2203.071,157342515.4204
1780358400000,71391.3,71398.4,71057.1,71269.7,1232.398,87770505.6766
1780362000000,71269.7,71359.7,70555.1,70634.9,4107.874,291139934.5109
1780365600000,70634.9,70858.5,70063.9,70830,9289.249,654478026.0867
1780369200000,70830,71016.9,70777,70933.9,2870.161,203601944.4334
1780372800000,70933.9,71039.2,70683.5,70788,2651.742,187944276.6918
1780376400000,70788,70825,70200.2,70243.7,4870.596,343148319.577
1780380000000,70243.7,70424,69902,70083.2,4225.162,296434814.4375
1780383600000,70083.2,70251.3,69705.1,70080.8,5820.417,407316345.501
1780387200000,70080.8,70150.7,69665,69801.1,3408.36,238242300.3733
1780390800000,69801.1,69828.5,69290,69398,6538.344,454431811.3269
1780394400000,69398,69741.6,69309.6,69622.7,3024.776,210381914.9198
1780398000000,69622.7,69640.8,69363.3,69434.2,1427.347,99185347.732
1780401600000,69434.2,69519,68962,68984.9,5649.268,390940669.7647
1780405200000,68984.9,69157.4,68723.1,68782,8377.09,577281031.6499
1780408800000,68782,68810,67564.8,67992.2,20219.218,1377988357.3651
1780412400000,67992.2,68067.5,67030.4,67269.4,16029.752,1081704319.6087
1780416000000,67269.4,68112.1,67193.8,67382.9,10937.618,740401708.9422
1780419600000,67382.9,67823.4,67329.2,67456.5,4469.074,301862400.5805
1780423200000,67456.5,67628.5,67082.3,67306.1,3062.175,206176491.4394
1780426800000,67306.1,67474.4,66356,67287.9,12318.368,823749632.3305
1780430400000,67287.9,67676.1,66870,67550.5,6380.325,428945491.704
1780434000000,67550.5,67891.4,67360.7,67532.9,4384.806,296646416.98
1780437600000,67532.9,67532.9,66191.3,66363.5,9580.492,640108742.4565
1780441200000,66363.5,66838.7,66160,66725.2,7457.482,495635237.1568
1780444800000,66725.2,67174.6,66611.4,66900,4918.377,329056919.3673
1780448400000,66900,67019.7,66424.9,66878.8,3483.332,232467064.596
1780452000000,66878.8,66909.8,66542.1,66581.4,1898.308,126683715.2229
1780455600000,66581.4,66631.3,65400,65818.7,10623.681,700530429.4513
1780459200000,65818.7,66589,65797.2,66439.2,5122.048,339745165.1548
1780462800000,66439.2,67380,66439.2,67300.1,8048.629,539340862.8022
1780466400000,67300.1,67497.5,66930.9,66954.3,3921.189,263643634.5087
1780470000000,66954.3,67322.9,66826,67188.5,4240.634,284880957.7271
1780473600000,67188.5,67236.9,66945,66998.6,2129.847,142836849.5512
1780477200000,66998.6,67311,66627.5,67040.7,4821.002,322695610.2765
1780480800000,67040.7,67450,67027.6,67267.7,2880.791,193822415.4607
1780484400000,67267.7,67344.3,67027,67044.9,1651.434,110931484.2056
1780488000000,67044.9,67135.1,66755.6,67054.6,3150.598,210925215.1741
1780491600000,67054.6,67220,66605.3,66880.6,4598.189,307539746.7958
1780495200000,66880.6,66975.4,66620,66831.7,2919.828,194986105.5958
1780498800000,66831.7,66868.2,66041.3,66046.9,7771.045,515639036.3008
1780502400000,66046.9,66346.9,65500,66034.4,12484.583,821967573.3898
1780506000000,66034.4,66158.4,65671.7,65931.4,3427.06,225905577.6901
1780509600000,65931.4,66132.2,65703.1,66002.5,1967.018,129650706.5128
1780513200000,66002.5,66025.9,65201.2,65428.4,7263.293,476700714.9341
1780516800000,65428.4,65583.1,64686.2,64970.1,8692.095,565920465.3211
1780520400000,64970.1,65827.8,64919.3,65736.5,6101.124,399516677.8303
1780524000000,65736.5,65809.3,64730.2,64875.7,6100.62,397403681.568
1780527600000,64875.7,64952.3,64035.3,64115.2,8736.453,562434966.6579
1780531200000,64115.2,64400,62950.1,63315.6,11599.157,737963230.4192
1780534800000,63315.6,63476,62057.7,62141.4,12727.37,798206488.3822
1780538400000,62141.4,63605.7,61333,63198.9,19733.155,1233446604.4255
1780542000000,63198.9,64500,63186.7,64335.8,8923.837,571287935.9295
1780545600000,64335.8,64734.4,64229.4,64373.6,5669.155,365335382.9456
1780549200000,64373.6,64373.6,63617.4,63926.6,5599.798,358304334.3855
1780552800000,63926.6,64458.9,63855.8,64004.4,2911.493,186898437.9201
1780556400000,64004.4,64042.2,63376.4,63562.6,5213.346,332106315.7294
1780560000000,63562.6,63881.6,63204,63594.5,4228.326,268504823.2341
1780563600000,63594.5,63619.4,62662.4,63250.4,7187.474,452900372.7229
1780567200000,63250.4,63265.2,62221.5,62375.4,10842.028,677979068.743
1780570800000,62375.4,62798.4,62133,62519.2,6675.152,416673021.3919
1780574400000,62519.2,63944.1,62355.7,63732.3,10477.475,662804981.2305
1780578000000,63732.3,64224,63019.6,64205.8,11925.702,759387126.5654
1780581600000,64205.8,64473.6,63760.6,63928.1,5758.15,369178695.7929
1780585200000,63928.1,64377.5,63662.7,63866.9,4437.526,283898150.1315
1780588800000,63866.9,63899.1,63424,63533.6,3259.002,207430213.3415
1780592400000,63533.6,63703.6,62904.7,63505.4,5735.601,363105543.3997
1780596000000,63505.4,64082.7,63111.6,63767.7,5475.743,349052153.3685
1780599600000,63767.7,64121.5,63491,63597.3,3615.367,230570653.1822
1780603200000,63597.3,63638,63150,63595.2,3328.092,211049687.9785
1780606800000,63595.2,63848.3,63072.4,63244.8,3018.524,191534373.6372
1780610400000,63244.8,63745.6,63150,63693.9,2985.202,189234470.2988
1780614000000,63693.9,63893.6,63335.2,63849.1,2138.472,136098963.2548
1780617600000,63849.1,63954.5,63354,63388,2033.065,129467379.4288
1780621200000,63388,63538.5,63006.6,63340.7,2444.095,154603385.4956
1780624800000,63340.7,63414.9,62558,62586.6,3793.763,238523495.1444
1780628400000,62586.6,62854.4,62297.6,62695.3,4020.122,251461331.5795
1780632000000,62695.3,63615.6,62444.4,63585,4415.854,278440865.0904
1780635600000,63585,63684.4,62222.2,62293.5,7478.537,471547486.3287
1780639200000,62293.5,62605.5,61076.6,61917.9,18100.996,1118797813.2814
1780642800000,61917.9,63087.9,61340.2,63080.1,10004.521,622837009.4829
1780646400000,63080.1,63091.2,62245.7,62432,5346.55,335089031.8097
1780650000000,62432,63268.5,62406.2,62830.5,5284.511,332401276.294
1780653600000,62830.5,62910.8,62349.7,62512.8,3402.536,212968237.3444
1780657200000,62512.8,62621,61925.2,61925.2,4701.14,292580367.2317
1780660800000,61925.2,62430,61582,61933,7544.003,467641831.1423
1780664400000,61933,62313.4,60685.6,60695.4,12746.425,783679041.1541
1780668000000,60695.4,61192.9,60285.7,60828,16094.21,977279102.659
1780671600000,60828,61093.4,60013,60400.7,14427.141,872698548.7422
1780675200000,60400.7,61529.7,59718.5,61364.6,22813.271,1383650362.6018
1780678800000,61364.6,61490,60612,60786.2,4679.296,285163434.6151
1780682400000,60786.2,60945.1,59101.6,59369.7,14671.572,877391832.4154
1780686000000,59369.7,60431.4,59081.4,60269.6,10010.726,597773200.7755
1780689600000,60269.6,61759.3,59902.9,61592.5,10317.932,628594683.0087
1780693200000,61592.5,61992.8,61420.8,61643.7,6625.491,409070982.9033
1780696800000,61643.7,61941.2,61118.1,61559.5,10101.457,621836849.0059
1780700400000,61559.5,61757.2,60481.4,61026.6,7559.441,461611893.1472
1780704000000,61026.6,61496.4,61021.1,61240.2,3515.778,215375051.445
1780707600000,61240.2,61350,60920.1,61028.6,2052.307,125445377.9398
1780711200000,61028.6,61159.9,60642,60917.2,2315.59,140980023.6102
1780714800000,60917.2,60936.2,60488.7,60661.7,2810.971,170569640.0748
1780718400000,60661.7,60841.1,59428.7,60067.6,10724.246,643316677.1387
1780722000000,60067.6,61056.2,59578.7,60920.8,11678.731,707674437.5099
1780725600000,60920.8,61268.3,60656.3,60767.5,5202.444,317277668.0069
1780729200000,60767.5,61224.6,60706.3,60975.3,3067.862,187035000.6617
1780732800000,60975.3,61473,60850.1,61240,2652.737,162508054.6289
1780736400000,61240,61297.7,60852.1,60953.4,1926.947,117712509.3073
1780740000000,60953.4,60954,60073.8,60552.9,8077.374,488169092.5032
1780743600000,60552.9,60934,60510.9,60771.6,2618.501,159005486.374
1780747200000,60771.6,61168.3,60601.3,60998.8,4414.005,268811766.6424
1780750800000,60998.8,61078.2,60672.1,60779.8,1964.481,119550109.7352
1780754400000,60779.8,60995,60740.7,60761.9,1332.227,81129991.6968
1780758000000,60761.9,60902.1,60350.6,60754.3,4291.884,260310813.8045
1780761600000,60754.3,60950,60428.9,60751.6,3130.775,189945723.8853
1780765200000,60751.6,60818.5,60456.2,60548.4,2409.073,146029575.1479
1780768800000,60548.4,60721.3,60365.4,60604.9,1820.456,110202852.0026
1780772400000,60604.9,60750,60500,60557.8,1155.522,70040927.8929
1780776000000,60557.8,60726.3,60484.3,60679.1,1285.012,77868255.3433
1780779600000,60679.1,60967.8,60671.2,60720.1,2088.559,127065210.3077
1780783200000,60720.1,60790.2,60394,60510,1651.972,100044801.5319
1780786800000,60510,60914.5,60510,60855.6,1963.84,119381111.688
1780790400000,60855.6,60962,60711.1,60752.2,1222.669,74386087.7335
1780794000000,60752.2,61633.7,60728.7,61451,7576.042,464475528.0499
1780797600000,61451,61547.3,61150.2,61470.5,2636.852,161716827.6906
1780801200000,61470.5,61747,61382.1,61668.6,2448.568,150863557.5174
1780804800000,61668.6,61879.9,61443.2,61851.7,1919.091,118385402.5062
1780808400000,61851.7,62169,61609.6,61711.1,4185.482,258947756.1607
1780812000000,61711.1,62239,61580,62071.6,3702.532,229443562.3777
1780815600000,62071.6,62381.8,61950.1,62368.6,3031.884,188555170.7008
1780819200000,62368.6,62950,62220.1,62820.2,6678.061,417986685.0105
1780822800000,62820.2,62872.9,62380.1,62507.9,3481.472,218000592.4224
1780826400000,62507.9,62545.1,62270,62337.4,2422.429,151115750.3841
1780830000000,62337.4,62731.3,62325.4,62598.2,2511.334,157030804.1027
1780833600000,62598.2,62617.3,61524.5,61869.4,11342.813,702406903.5353
1780837200000,61869.4,61878.5,61622.8,61671.4,2466.115,152222328.242
1780840800000,61671.4,62303.8,61668.2,61871,4666.941,289260556.8114
1780844400000,61871,62191.6,61636,62070.7,3175.303,196641972.4675
1780848000000,62070.7,62313.4,61930.5,62052.8,2194.397,136298811.2875
1780851600000,62052.8,62303.6,62013.5,62124.8,1564.168,97266990.5137
1780855200000,62124.8,62264.4,61976.5,61996.6,1052.093,65370720.6762
1780858800000,61996.6,62003.8,61138.5,61299.8,7944.998,488147824.6947
1780862400000,61299.8,61940.6,61178.7,61840.9,4242.449,261424272.238
1780866000000,61840.9,61994.5,61614.1,61749.9,3219.427,198846009.4487
1780869600000,61749.9,64250,61685,62833.6,21486.058,1356858587.6494
1780873200000,62833.6,63437.5,62771.5,63306.5,3123.302,197058208.3742
1780876800000,63306.5,63842.9,63110.2,63604.2,3719.167,236256475.0985
1780880400000,63604.2,63623.1,62678.8,63183.8,3828.36,241374837.1453
1780884000000,63183.8,63231.4,62880.5,63093,1773.771,111810577.4286
1780887600000,63093,63432.1,62929.8,63095.9,1865.876,117844617.6028
1780891200000,63095.9,63141.4,62600.1,62650.1,1985.566,124723511.4045
1780894800000,62650.1,62792.9,62374,62736.1,2879.831,180220026.728
1780898400000,62736.1,63118,62701.4,62963.9,2416.693,152131212.7023
1780902000000,62963.9,63331.4,62778,63263.5,2976.585,187847398.7758
1780905600000,63263.5,63263.5,62951.3,63105.5,1635.146,103152413.663
1780909200000,63105.5,63571.6,63093.4,63466.2,3145.052,199276988.6348
1780912800000,63466.2,63536,63064.5,63129.4,2908.675,183959117.8562
1780916400000,63129.4,63888.6,63010.3,63451.4,5189.049,329539951.6172
1780920000000,63451.4,63935,62672.7,63840,10509.74,664422257.7558
1780923600000,63840,63932.6,63330.3,63726.4,5826.68,370786477.6631
1780927200000,63726.4,64070,63534.4,63940.9,5568.437,355322088.0052
1780930800000,63940.9,64220.9,63671.1,63745.6,6715.108,429596933.6355
1780934400000,63745.6,64025.9,63434.8,63501.6,4056.076,258330415.8219
1780938000000,63501.6,63623.5,63226.3,63526.1,3681.355,233427337.0665
1780941600000,63526.1,63665.3,63303,63438.5,1704.968,108302180.6376
1780945200000,63438.5,63573.9,63320.1,63342.1,1261.11,80023776.5551
1780948800000,63342.1,63456.4,63065.9,63456.3,3026.192,191343549.1036
1780952400000,63456.3,63840.7,63453.4,63694.3,2383.594,151758489.1113
1780956000000,63694.3,63694.3,63177.5,63406.4,2271.156,143865091.21
1780959600000,63406.4,63567.7,62939,63056.4,2934.375,185279681.9913
1780963200000,63056.4,63155.2,62386.1,62522.8,6510.404,407933349.4598
1780966800000,62522.8,62844.3,62515.2,62731.1,2108.696,132199881.7349
1780970400000,62731.1,62841.6,62505.4,62841.6,1475.772,92497030.6739
1780974000000,62841.6,62943,62668.3,62844.7,2066.546,129808941.516
1780977600000,62844.7,63407.7,62718.5,63209.7,5323.849,336037545.8246
1780981200000,63209.7,63501,63089.1,63317.9,1959.252,124040382.7007
1780984800000,63317.9,63481.8,63194.4,63275.1,1460.036,92474955.1136
1780988400000,63275.1,63422.9,62977.7,63170.6,2621.974,165543062.6489
1780992000000,63170.6,63182.3,62730.5,62814.5,4183.145,262988156.216
1780995600000,62814.5,62937.1,62547.4,62685.6,2769.407,173701946.2061
1780999200000,62685.6,62797.4,62544.4,62749,2031.178,127322622.4231
1781002800000,62749,62778.3,62462.9,62676.2,2504.465,156745887.9546
1781006400000,62676.2,62878,62385.4,62611.9,3778.586,236754929.9916
1781010000000,62611.9,62706.1,62130,62245.4,6882.856,429186456.1226
1781013600000,62245.4,62368.4,61111,61514.1,13235.627,815616186.8719
1781017200000,61514.1,61683.3,61000.3,61104.9,7625.835,467604326.5896
1781020800000,61104.9,61475,60705,61362,11381.499,695036957.9708
1781024400000,61362,61877.1,61362,61667.7,6679.208,411763084.3545
1781028000000,61667.7,61954.5,61565.8,61760.6,3546.046,218882096.3615
1781031600000,61760.6,62087.1,61690.9,62071.5,3823.956,236641505.3364
1781035200000,62071.5,62250.1,61920.7,62138.3,2631.402,163329359.0986
1781038800000,62138.3,62150,61658.3,61742.3,2936.352,181621493.0314
1781042400000,61742.3,61956.4,61630,61689.3,2156.824,133205095.987
1781046000000,61689.3,61855.9,61520,61699.9,2980.944,183832683.1478
1781049600000,61699.9,61914,61423,61889.2,2717.707,167540003.5717
1781053200000,61889.2,61948.5,61551.9,61690.7,2092.285,129240694.1898
1781056800000,61690.7,61813,61206,61278.3,2744.971,168552247.8123
1781060400000,61278.3,61563.2,61256,61517.2,1544.417,94889282.0117
1781064000000,61517.2,61530,61141.2,61266.1,1816.796,111336933.3267
1781067600000,61266.1,61365.2,61039.8,61320.7,2253.371,137895801.5975
1781071200000,61320.7,61495.4,61107.5,61432,2346.702,143937164.5693
1781074800000,61432,61766.4,61398.1,61655.2,2496.15,153818183.9113
1781078400000,61655.2,61702.6,61121.3,61227.1,3558.845,218304370.1007
1781082000000,61227.1,61392.5,60614.5,61307.1,5036.002,307403233.5947
1781085600000,61307.1,61428.6,61117.4,61356,1549.625,94945336.0788
1781089200000,61356,61409.4,60824,60998,4078.419,248923263.6249
1781092800000,60998,61926.5,60917.1,61533.1,7800.657,479671666.6438
1781096400000,61533.1,62438.7,61409.4,62120.8,8253.073,511205654.9852
1781100000000,62120.8,62235.8,61779.8,62171.7,5161.315,319910378.5862
1781103600000,62171.7,62846.8,61822.4,62606.5,8439.952,526023636.8225
1781107200000,62606.5,62620,61893.6,62198.4,4858.066,302264354.3027
1781110800000,62198.4,62335,61615.3,61947.3,6438.745,398705088.7514
1781114400000,61947.3,62132.3,61550.4,61860,2139.372,132320199.5871
1781118000000,61860,62035.6,61649.6,61916.4,2416.303,149467873.8673
1781121600000,61916.4,61922.3,61651,61769.3,2148.664,132768847.1883
1781125200000,61769.3,61769.7,61152.3,61324.4,4328.468,266056197.5477
1781128800000,61324.4,61550,61069.5,61350.6,4460.522,273324759.7576
1781132400000,61350.6,61576.6,61127.4,61476.4,2235.839,137244968.2224
1781136000000,61476.4,61951.9,61476.4,61792.7,3144.547,194255810.2931
1781139600000,61792.7,62384.9,61791.3,62179.3,2931.723,182220087.4627
1781143200000,62179.3,62279.8,61914.6,62118.3,2019.766,125427523.1102
1781146800000,62118.3,63023.2,61964.7,62671.5,8775.707,548375420.157
1781150400000,62671.5,62835.2,62522.5,62702.5,2092.491,131102922.7185
1781154000000,62702.5,62705,62537.1,62587.5,1549.413,97021414.8873
1781157600000,62587.5,63037.9,62518.2,62733,2814.272,176804810.2329
1781161200000,62733,62822.8,62580.9,62692.6,1622.169,101666458.7015
1781164800000,62692.6,63026.9,62692.1,62931,1733.548,109003053.7482
1781168400000,62931,62974.9,62763.4,62899.6,1720.878,108204192.9866
1781172000000,62899.6,63199.3,62778.3,63113.6,2090.946,131722704.3519
1781175600000,63113.6,63235.9,63014,63075.2,2150.427,135750214.2695
1781179200000,63075.2,63175,62468.2,62974.1,7222.8,453615031.0087
1781182800000,62974.1,63216.6,62649.8,63052.3,4406.484,277409666.1816
1781186400000,63052.3,63075.9,62697.6,62700.6,3196.352,200967377.484
1781190000000,62700.6,62858.9,62505.6,62726.3,3182.979,199521220.5901
1781193600000,62726.3,62819.9,62518.2,62548,2227.988,139644676.0662
1781197200000,62548,63670.5,62315,63616.6,11500.613,725272799.4483
1781200800000,63616.6,63776.8,63301,63428.6,4613.308,292901434.6834
1781204400000,63428.6,63900,63370,63580.1,5573.89,354773496.8006
1781208000000,63580.1,63645.7,63239.8,63369.1,2554.928,162052447.722
1781211600000,63369.1,63583.8,63369.1,63494.3,1264.685,80289701.6325
1781215200000,63494.3,63648.7,63435.5,63473.1,860.522,54685736.6999
1781218800000,63473.1,63699.9,63331.6,63600,1367.872,86853956.5489
1781222400000,63600,63780,63496.1,63618.5,1375.632,87545649.5848
1781226000000,63618.5,63618.5,63258,63397.7,1984.384,125766144.0258
1781229600000,63397.7,63757.6,63397.6,63593.9,1640.045,104275527.6152
1781233200000,63593.9,63623,63307.2,63494.7,1033.181,65536193.9925
1781236800000,63494.7,63849.6,63392.5,63670.6,1991.791,126825416.9352
1781240400000,63670.6,63696.8,63267.6,63323.7,2517.555,159620567.2031
1781244000000,63323.7,63384.8,62810,62955.2,3905.938,246149787.9106
1781247600000,62955.2,63194.6,62917.7,63063.2,2140.331,134913098.5542
1781251200000,63063.2,63600,63061,63442.1,2852.214,180757285.1316
1781254800000,63442.1,63934.9,63403.5,63730.1,4022.306,256428190.6182
1781258400000,63730.1,63836.8,63556.2,63667.9,1751.334,111526043.7158
1781262000000,63667.9,63863.8,63649.3,63730.5,1599.659,102021856.5953
1781265600000,63730.5,63753.7,63348,63432.5,2440.168,154993331.9989
1781269200000,63432.5,63509.9,63010.1,63201.6,4149.529,262359225.1575
1781272800000,63201.6,63988.8,63153.7,63979.9,6240.269,396905219.0594
1781276400000,63979.9,64371.8,63515,63565.7,10585.816,677460062.4452
1781280000000,63565.7,63979.9,63477.3,63954,3866.821,246643829.0708
1781283600000,63954,64080.8,63698.8,63832.9,1933.493,123471976.0879
1781287200000,63832.9,63906.4,63640.6,63659.3,1441.054,91871672.2459
1781290800000,63659.3,63791.8,63534.9,63549.1,1318.115,83895737.4654
1781294400000,63549.1,63666.9,63358.7,63423.4,1432.297,90942151.2788
1781298000000,63423.4,63605.3,63405.8,63448.9,1189.983,75573219.3348
1781301600000,63448.9,63632.1,63434.1,63477.7,912.76,57967104.0092
1781305200000,63477.7,63556.3,63388.2,63547.1,869.698,55190095.6907
1781308800000,63547.1,63620,63476.6,63577,725.67,46116389.9996
1781312400000,63577,63816.6,63575.7,63800,1600.152,101949969.4899
1781316000000,63800,63800,63496.1,63613.8,1198.719,76267791.8637
1781319600000,63613.8,63697,63372.8,63493.9,1026.718,65221888.9886
1781323200000,63493.9,63619.4,63445.8,63475.3,511.323,32484734.5878
1781326800000,63475.3,63590.9,63455.8,63556.4,810.19,51468987.5256
1781330400000,63556.4,63715.9,63515.4,63700.8,974.007,61972439.2644
1781334000000,63700.8,63867.3,63642.9,63821.6,2628.839,167628550.9503
1781337600000,63821.6,63888,63729.9,63769.8,1517.519,96828978.5237
1781341200000,63769.8,63837.2,63697.8,63712,670.832,42770916.8179
1781344800000,63712,63898.5,63694.6,63812.9,811.161,51754989.6555
1781348400000,63812.9,63947.9,63812.3,63936.3,1006.155,64291799.3218
1781352000000,63936.3,64188.8,63884.7,64105.5,2350.228,150532252.7739
1781355600000,64105.5,64234,64004.8,64065.1,1939.319,124340150.2936
1781359200000,64065.1,64203.5,64055.7,64196.7,726.574,46595298.232
1781362800000,64196.7,64316.4,64141.5,64263.6,1843.547,118438663.0796
1781366400000,64263.6,64278.8,63876.1,63997.4,4458.131,285336255.8096
1781370000000,63997.4,64095.7,63903.7,63943,1208.212,77314943.0341
1781373600000,63943,64253.1,63942.9,64124.1,1375.173,88183170.7424
1781377200000,64124.1,64310.9,64110.1,64267,895.13,57471516.0675
1781380800000,64267,64267,64197.4,64258.3,515.888,33135992.5039
1781384400000,64258.3,64746.9,64185.1,64439.7,3687.858,237909788.4227
1781388000000,64439.7,64537.9,64349.5,64419.4,1101.076,70954858.0903
1781391600000,64419.4,64565.4,64350.1,64416.6,1186.619,76486669.3078
1781395200000,64416.6,64550,64337.8,64525,952.648,61413888.3044
1781398800000,64525,64685.9,64465.7,64543.2,1040.836,67232604.3111
1781402400000,64543.2,64609.7,64435.1,64451.2,517.241,33372183.2171
1781406000000,64451.2,64512.7,64422.8,64508.8,633.942,40872525.4315
1781409600000,64508.8,64528.3,64280,64303.6,944.888,60829805.7883
1781413200000,64303.6,64380,64260.1,64328.5,743.395,47817430.5645
1781416800000,64328.5,64446.6,64203.9,64257.8,1160.522,74657287.3629
1781420400000,64257.8,64420,64176.6,64401.5,1185.626,76231513.617
1781424000000,64401.5,64490.4,64358,64428.8,813.577,52425454.4899
1781427600000,64428.8,64598.8,64288.2,64584.7,1207.054,77813535.7245
1781431200000,64584.7,64641.8,64465.5,64489.2,1212.985,78316366.38
1781434800000,64489.2,64608.8,64420,64516.1,916.298,59132603.1561
1781438400000,64516.1,64533.1,64269.3,64300.6,1457.66,93818526.1926
1781442000000,64300.6,64367.1,64207.6,64288,1027.51,66053083.767
1781445600000,64288,64312,63831,63959.2,3507.509,224499850.0094
1781449200000,63959.2,64119.1,63951.2,63991.6,1854.393,118754418.4827
1781452800000,63991.6,64211.1,63895.3,63913.1,1527.455,97843500.7133
1781456400000,63913.1,64000,63643.7,63707.7,2487.515,158750218.6748
1781460000000,63707.7,63788,63654,63785,1033.963,65888078.7678
1781463600000,63785,63830.5,63703.2,63775.1,693.591,44227337.5799
1781467200000,63775.1,64069,63760.9,63975.6,1665.827,106492715.6724
1781470800000,63975.6,65677,63971.9,65286.6,15479.655,1005333433.2337
1781474400000,65286.6,65550.9,64920,65389.1,6649.998,433684702.3869
1781478000000,65389.1,65770,65219.3,65710,3755.289,246251569.9793
1781481600000,65710,65899.2,65452,65597.6,3058.166,200784270.7003
1781485200000,65597.6,65690.6,65317,65487,1704.694,111654767.6053
1781488800000,65487,65759.1,65384,65430.6,1288.745,84482698.0132
1781492400000,65430.6,65983,65392,65895.4,2471.308,162478862.6296
1781496000000,65895.4,65895.4,65599.3,65608.4,1220.161,80172961.751
1781499600000,65608.4,65842.4,65564.4,65826.4,1496.929,98372656.5905
1781503200000,65826.4,65933,65735.1,65774.8,1768.368,116421917.9709
1781506800000,65774.8,65997.9,65602.5,65644,2242.807,147495603.2889
1781510400000,65644,65776.7,65589,65627.1,1344.821,88312855.1863
1781514000000,65627.1,65770,65468.6,65563.8,1300.293,85280467.7439
1781517600000,65563.8,66019.2,65548.5,65888.3,2999.245,197440815.8019
1781521200000,65888.3,66372.8,65811.7,66202.4,6749.319,446431204.509
1781524800000,66202.4,66597.6,66067.3,66530.7,4891.011,324481827.8739
1781528400000,66530.7,66916.9,66377.2,66418.7,9111.236,607229690.7701
1781532000000,66418.7,66648.2,66267.3,66552,3374.29,224185647.6392
1781535600000,66552,67276,66542.9,67256.4,5851.156,391826194.7397
1781539200000,67256.4,67265.8,67058.2,67128.1,3151.069,211616766.0974
1781542800000,67128.1,67128.2,66645,66823.6,3637.672,243185020.6496
1781546400000,66823.6,66917.2,66688,66733.6,1468.192,98075132.0717
1781550000000,66733.6,66863.1,66275.2,66580.1,3555.767,236611827.9147
1781553600000,66580.1,66656.3,66457.2,66491,1416.975,94287351.463
1781557200000,66491,66537.6,66301.1,66337.2,987.452,65579486.676
1781560800000,66337.2,66441,66060.1,66176.8,2768.303,183327566.8832
1781564400000,66176.8,66337.5,66092,66287.2,1162.003,76964532.7592
1781568000000,66287.2,66434.7,66202.2,66218.7,1455.093,96504269.0022
1781571600000,66218.7,66392.8,66207.8,66313.7,888.437,58915082.3503
1781575200000,66313.7,66341.8,65605.5,65707.4,5953.979,392062503.4202
1781578800000,65707.4,66130,65606.9,66121.5,3134.729,206441957.8992
1781582400000,66121.5,66247.5,65763.1,65807.3,2404.469,158693982.2475
1781586000000,65807.3,66113.7,65807.2,66024.6,1484.87,98013256.6854
1781589600000,66024.6,66566.9,66024.5,66400.1,3333.594,221120736.8278
1781593200000,66400.1,66494.2,66270,66338.4,1342.213,89056347.0287
1781596800000,66338.4,66970,66304.8,66864.5,3959.786,263852946.1863
1781600400000,66864.5,66908.1,66433.4,66479.8,2749.007,183272141.3625
1781604000000,66479.8,66760,66453.2,66480,2839.295,189118760.5892
1781607600000,66480,66621.8,66336.8,66460.3,1608.954,106888367.0663
1781611200000,66460.3,66795.3,66328.9,66395.8,3169.019,210925192.6034
1781614800000,66395.8,66444.5,65896.7,66021,5028.07,332421425.3082
1781618400000,66021,66243.5,65327.4,65632.4,6802.505,446880821.348
1781622000000,65632.4,65969,65579.9,65835.3,2953.737,194352060.8175
1781625600000,65835.3,65930.8,65671.2,65730.5,1468.146,96555488.9409
1781629200000,65730.5,65992.3,65675.7,65949.1,1456.226,95877846.188
1781632800000,65949.1,66263.6,65770.6,65817.7,2590.558,171032011.2642
1781636400000,65817.7,65817.7,65525,65656.3,1957.243,128482117.1148
1781640000000,65656.3,65838.5,65558.8,65826.9,964.706,63406136.4991
1781643600000,65826.9,65918.4,65624,65748.7,1016.57,66838171.6489
1781647200000,65748.7,65850,65650,65748.5,597.277,39276432.9964
1781650800000,65748.5,65810.1,65588.5,65640,995.034,65331365.0977
1781654400000,65640,65827.4,65640,65681.7,1119.934,73607360.5769
1781658000000,65681.7,65922,65421.3,65902.6,2161.801,141957959.4913
1781661600000,65902.6,66108.3,65750,65875.4,2025.565,133565154.4464
1781665200000,65875.4,65875.4,65680.8,65828.4,818.571,53846698.2271
1781668800000,65828.4,66020.9,65765.7,65863,587.863,38734055.4752
1781672400000,65863,65952.3,65708.4,65801.2,631.769,41578260.4964
1781676000000,65801.2,65867.4,65534.4,65593.3,1380.419,90645778.1796
1781679600000,65593.3,65685.1,65159.5,65505.9,4399.962,287752966.0798
1781683200000,65505.9,65545.3,64805,64896.4,5217.931,339658740.4983
1781686800000,64896.4,65053.7,64818.3,64889.9,1761.074,114374214.9765
1781690400000,64889.9,64977.3,64731,64771.2,1706.709,110676154.7138
1781694000000,64771.2,64832,64529.6,64773.7,3537.664,228822463.3074
1781697600000,64773.7,65103,64552.6,65007.3,3675.185,238354181.3937
1781701200000,65007.3,65332.1,64807,65239.4,3831.117,249463704.1157
1781704800000,65239.4,65439,64729.2,65068.5,4386.436,285622859.495
1781708400000,65068.5,65838.6,64950.3,65712.8,5798.438,379694728.1044
1781712000000,65712.8,66444.7,65673.7,65837.2,6724.958,444144184.2203
1781715600000,65837.2,66180,65767.8,66081.8,2154.709,142080792.5165
1781719200000,66081.8,66081.8,64734,65479,13996.248,915883264.5158
1781722800000,65479,65643,64001.8,64267.2,14470.19,934172479.081
1781726400000,64267.2,64454.2,64146,64397.5,2905.414,186824902.6574
1781730000000,64397.5,64419.5,64101,64220.8,1500.176,96386500.1042
1781733600000,64220.8,64406.8,63869.6,64266.5,2896.005,185717871.6211
1781737200000,64266.5,64502.8,64219.3,64476.6,1580.866,101825603.2021
1781740800000,64476.6,64678.5,64420.4,64434.8,1299.541,83895836.61
1781744400000,64434.8,64781.8,64434.7,64522.1,1177.429,76101227.5611
1781748000000,64522.1,64750.4,64445.6,64649.2,1131.161,73087137.3567
1781751600000,64649.2,64653.4,64220,64255.4,2481.136,159662967.5517
1781755200000,64255.4,64307.2,63752.1,63847,3911.855,250155647.4532
1781758800000,63847,63993.3,63656.3,63957.7,3014.306,192483981.1735
1781762400000,63957.7,64096.8,63811.1,64050.8,1972.411,126169543.448
1781766000000,64050.8,64478.2,63979.9,64467.1,2790.52,179357730.7337
1781769600000,64467.1,64619.4,64341,64368.4,3038.031,195950967.7536
1781773200000,64368.4,64450,64148.3,64177,1764.638,113423035.1692
1781776800000,64177,64199.9,63881.6,64049.3,3366.292,215523521.7883
1781780400000,64049.3,64174.5,63851.1,63943,2288.688,146403953.0624
1781784000000,63943,64368.5,63885.5,64337,2793.034,179190430.4373
1781787600000,64337,64409.8,63753,63948.1,5457.902,349709422.4203
1781791200000,63948.1,64176,63500,63780,6681.831,426410486.4653
1781794800000,63780,63798.2,62216.9,62326.1,20919.829,1317895142.694
1781798400000,62326.1,62778.7,62299.9,62653.2,7310.18,457535255.8223
1781802000000,62653.2,62710,62216.4,62557.8,4545.474,284063528.8102
1781805600000,62557.8,62920.1,62533.5,62669.7,4613.884,289491401.1244
1781809200000,62669.7,62971.6,62589.7,62915.9,2267.969,142418252.1533
1781812800000,62915.9,63238.3,62915.9,63054.6,2581.305,162858502.5629
1781816400000,63054.6,63093.1,62829,62934.2,1877.331,118152689.2028
1781820000000,62934.2,62970.2,62703.9,62848.2,1291.993,81159097.9275
1781823600000,62848.2,62955.5,62715.9,62920.1,844.973,53107389.3808
1781827200000,62920.1,63061.2,62807.3,62988.7,1035.593,65179646.6639
1781830800000,62988.7,63066.7,62802.8,62988,1093.037,68799234.2609
1781834400000,62988,63076.6,62848.6,62970.4,924.578,58206746.1819
1781838000000,62970.4,63000,62345.3,62742.7,5682.095,355624374.1083
1781841600000,62742.7,62888.6,62365.1,62421.6,3123.756,195562882.8098
1781845200000,62421.6,62715.6,62401.3,62700,2281.855,142805246.3419
1781848800000,62700,62887.4,62684.7,62857.2,1416.231,88924058.3773
1781852400000,62857.2,62885.9,62460.9,62589.8,2731.943,171058287.2829
1781856000000,62589.8,62755.5,62497.1,62569.4,1388.847,86964068.8348
1781859600000,62569.4,62621.5,62271.6,62355.1,2708.482,168965940.4398
1781863200000,62355.1,62564.2,62345.1,62495.7,2202.27,137515943.5542
1781866800000,62495.7,62650,62409.6,62596.7,1648.17,103101061.8274
1781870400000,62596.7,62845.8,62309.7,62792.5,3593.803,224883323.2791
1781874000000,62792.5,63397.3,62620.1,63168.4,6544.002,412226213.8503
1781877600000,63168.4,63380,62966.2,63165.9,3257.19,205732793.6512
1781881200000,63165.9,63260.4,62981.9,63187,1739.316,109813569.8836
1781884800000,63187,63363.5,62891.9,62938.9,3104.727,196204379.3733
1781888400000,62938.9,63198,62827.2,63161,2066.186,130208294.4696
1781892000000,63161,63168.4,62951.7,63079.5,666.239,42018789.4874
1781895600000,63079.5,63111.2,62909.2,62999.9,903.164,56907781.0399
1781899200000,62999.9,63255,62926.9,63216.8,973.497,61443216.0763
1781902800000,63216.8,63249.4,63019.7,63048.5,706.626,44616383.6935
1781906400000,63048.5,63347,63020.6,63284,835.515,52824589.0236
1781910000000,63284,63641.1,63237.3,63508.9,2576.113,163482525.3293
1781913600000,63508.9,63767.2,63430.3,63493,2778.922,176692199.7374
1781917200000,63493,63590.5,63369.2,63546.2,890.286,56514052.1217
1781920800000,63546.2,63546.2,63302.7,63304.6,959.157,60803338.9948
1781924400000,63304.6,63478,63286,63443.1,517.436,32794298.93
1781928000000,63443.1,63585,63365,63552.1,655.279,41607472.9444
1781931600000,63552.1,63945.7,63505.3,63645.9,3758.557,239558681.2586
1781935200000,63645.9,63732,63605.6,63704.2,846.833,53922202.5742
1781938800000,63704.2,63766.3,63560,63624.3,1458.622,92899949.806
1781942400000,63624.3,63633.2,63360,63393.9,2289.201,145279667.9421
1781946000000,63393.9,63760.7,63390.6,63703.1,1501.646,95447978.4249
1781949600000,63703.1,63748.2,63561.8,63651,1029.575,65519036.5552
1781953200000,63651,63790.4,63583.3,63652.9,1029.363,65555087.6508
1781956800000,63652.9,63762.6,63514.5,63624.3,2152.037,137012375.6982
1781960400000,63624.3,63624.4,63238.3,63369.6,2846.87,180430347.2112
1781964000000,63369.6,64143,63154.5,63925.7,6418.139,408816792.8869
1781967600000,63925.7,64356.6,63810,64135.6,5063.512,324652211.8828
1781971200000,64135.6,64140.6,63871,64000.1,1790.261,114538811.8046
1781974800000,64000.1,64015.9,63700.8,63811.3,1765.254,112694366.4614
1781978400000,63811.3,63902.2,63750.4,63775.3,684.484,43684023.2374
1781982000000,63775.3,63935.6,63761.1,63908.6,585.411,37389870.8481
1781985600000,63908.6,63957.2,63822.7,63905,440.764,28166476.9532
1781989200000,63905,64065.9,63890.1,63983.8,568.285,36352567.354
1781992800000,63983.8,64339.3,63957,64242,1521.592,97692926.9664
1781996400000,64242,64315.8,64219.9,64265.4,681.701,43808873.924
1782000000000,64265.4,64293.4,64199.4,64264.6,780.423,50135816.8816
1782003600000,64264.6,64298,64169.2,64214.2,747.422,48005248.9268
1782007200000,64214.2,64245.5,64182.4,64210.6,483.795,31063795.3681
1782010800000,64210.6,64449,64200,64394.1,1444.122,92941235.3188
1782014400000,64394.1,64589.1,64232.7,64249.4,1721.53,110931311.2617
1782018000000,64249.4,64337.3,64174.2,64226.4,867.901,55753003.231
1782021600000,64226.4,64299.4,64156.7,64267.3,608.533,39082106.9318
1782025200000,64267.3,64269.7,64137,64158.5,911.99,58536511.3693
1782028800000,64158.5,64200,63867.9,63992.7,1768.745,113196601.9381
1782032400000,63992.7,64220,63931,64180.9,1565.833,100312436.8263
1782036000000,64180.9,64374,64168.1,64334.7,1440.291,92599163.6882
1782039600000,64334.7,64452.2,64069.4,64140,2627.778,168821965.8623
1782043200000,64140,64205.5,63915.6,64162.3,2227.153,142672715.5253
1782046800000,64162.3,64162.3,63974.6,64113.6,960.621,61546220.8447
1782050400000,64113.6,64125.5,63962,64115.1,787.145,50403583.6755
1782054000000,64115.1,64327.1,64083.3,64194.3,1355.676,87045359.284
1782057600000,64194.3,64227.2,64002.9,64111.1,1049.897,67314297.3948
1782061200000,64111.1,64193.8,64032,64110,538.625,34533476.0132
1782064800000,64110,64212.6,63909.8,64174.8,1142.069,73167774.5298
1782068400000,64174.8,64267.5,64127.4,64169.9,401.638,25781520.7009
1782072000000,64169.9,64239.7,63648,63817.9,2527.478,161370039.009
1782075600000,63817.9,63935.2,63467.9,63773.6,4014.926,255727777.0536
1782079200000,63773.6,63836.9,63538.2,63767.4,2350.239,149612352.2666
1782082800000,63767.4,63767.4,63209.3,63283.4,3785.325,240054090.2814
1782086400000,63283.4,64084.7,63279.8,63870.9,5593.869,356506933.3237
1782090000000,63870.9,64827.6,63822.8,64572.8,7495.692,483216141.0519
1782093600000,64572.8,64649.3,64207.8,64225,1845.182,118914258.1433
1782097200000,64225,64434.6,63859.1,63931.6,3783.949,242659254.7029
1782100800000,63931.6,64088.1,63835,64062.5,1646.462,105301876.9392
1782104400000,64062.5,64313.3,64052.1,64221.1,1690.324,108510168.7161
1782108000000,64221.1,64307.1,63916.9,63961,1623.857,104067444.0428
1782111600000,63961,64387.6,63931.3,64184.1,2763.995,177444352.8486
1782115200000,64184.1,64325.7,64008.7,64136.9,1432.056,91873519.0099
1782118800000,64136.9,64233,64016.4,64115.1,702.844,45060557.8834
1782122400000,64115.1,64252.8,64047.8,64112.6,676.622,43401824.5026
1782126000000,64112.6,64757.2,64070,64630.4,5777.228,372596884.4974
1782129600000,64630.4,65200,64558.4,65122.5,8422.347,546643641.5397
1782133200000,65122.5,65571,64917.8,65550,7093.722,462911439.0909
1782136800000,65550,65596,64790.6,64937.7,7621.979,495979171.901
1782140400000,64937.7,65110.9,64718,64801,3347.359,217373923.6813
1782144000000,64801,64828.5,64482.3,64689,4941.665,319530331.5372
1782147600000,64689,64743.5,64350,64577.9,2806.941,181109828.1186
1782151200000,64577.9,64707,64270.1,64306.9,3229.932,208337397.0122
1782154800000,64306.9,64469.9,64203.5,64445.2,3081.452,198239250.5134
1782158400000,64445.2,64635,64311.4,64407,2294.439,147926774.3063
1782162000000,64407,64456.6,64104.9,64287.8,2295.544,147543606.836
1782165600000,64287.8,64370.1,63771,63941.1,3149.748,201571784.5502
1782169200000,63941.1,64024.9,63843,63989.3,1200.229,76743743.2959
1782172800000,63989.3,64135.8,63796.9,64120,2074.423,132757721.2857
1782176400000,64120,64252.8,63860,64118,3515.284,225265982.0738
1782180000000,64118,64243.1,64003.5,64164,1050.391,67392210.2729
1782183600000,64164,64173.7,63938,64035.1,1022.62,65459507.7451
1782187200000,64035.1,64063.7,63581,63597.9,2670.724,170267019.7405
1782190800000,63597.9,63708.5,63323.7,63368,3543.748,224966791.6352
1782194400000,63368,63375.1,62530,62907.4,9760.97,613865054.6693
1782198000000,62907.4,63064.1,62831.7,62853.8,3077.632,193687016.3051
1782201600000,62853.8,62916.5,61878.4,62344.8,11962.546,745637030.6125
1782205200000,62344.8,62470,62300,62344.6,2338.116,145880496.8989
1782208800000,62344.6,62555.3,62203.7,62280.4,2625.107,163672945.2663
1782212400000,62280.4,62626.3,62280.4,62470.1,2799.683,174896483.2265
1782216000000,62470.1,62522.4,62125.1,62230.6,2436.971,151860441.7095
1782219600000,62230.6,62511.1,61921.9,62449.5,7025.878,437232700.5113
1782223200000,62449.5,62822.5,62360.9,62461.2,6693.334,418741873.0473
1782226800000,62461.2,62480,62166.2,62459.2,4347.76,270973149.6094
1782230400000,62459.2,62804.4,62393.7,62519.4,3294.412,206237465.3447
1782234000000,62519.4,62661.9,62288.5,62323.8,1909.404,119276295.5543
1782237600000,62323.8,62421.7,62068,62210.4,2318.349,144297123.2769
1782241200000,62210.4,62449.8,62197.4,62358.3,1757.59,109541811.9247
1782244800000,62358.3,62514.6,62337.5,62437.1,1115.983,69679478.4839
1782248400000,62437.1,62631.8,62437.1,62562,924.643,57827653.8726
1782252000000,62562,62748,62482.3,62559,1702.284,106568664.6363
1782255600000,62559,62772.3,62458.6,62693.7,995.641,62339388.1245
1782259200000,62693.7,62999,62692.2,62984.9,2283.793,143583132.1526
1782262800000,62984.9,63113.4,62741.8,62909.6,2216.59,139551806.7792
1782266400000,62909.6,62990.9,62573.1,62602.2,1989.629,124813070.2575
1782270000000,62602.2,62804,62427,62707.1,1661.298,104025885.7961
1782273600000,62707.1,62770,62501,62719.2,1294.93,81124984.4653
1782277200000,62719.2,63060.4,62677,62859.1,1763.447,110904445.2657
1782280800000,62859.1,62884,62691.4,62756.2,930.247,58399270.8475
1782284400000,62756.2,62820.7,62577,62629.9,1541.515,96625268.7038
1782288000000,62629.9,62782.8,62574,62767.8,996.894,62488150.055
1782291600000,62767.8,62768.7,62603,62652,664.225,41630492.7277
1782295200000,62652,62657.1,62383,62412.1,1601.013,100079953.5602
1782298800000,62412.1,63232.7,62277,62887.9,4965.059,311462959.0139
1782302400000,62887.9,62950,62536.8,62589.8,2359.118,148063293.2521
1782306000000,62589.8,62604.5,61220.1,61300.3,16591.334,1024663146.2463
1782309600000,61300.3,61437.4,60841,61075.2,13311.885,813435142.5473
1782313200000,61075.2,61114,60220,60238.3,10349.104,627586317.207
1782316800000,60238.3,60637.1,59554,59806.9,14109.126,847721846.011
1782320400000,59806.9,60023.5,59065.8,59362,12068.525,718193077.628
1782324000000,59362,59890,59261.7,59571.2,6736.817,401494247.0087
1782327600000,59571.2,59971.7,59482.3,59923.7,3913.961,233793702.7992
1782331200000,59923.7,61176.2,59814.4,60927.4,13004.169,788843097.7598
1782334800000,60927.4,61117,60624.2,61076.3,3226.158,196333698.3951
1782338400000,61076.3,61239.6,60768,60850.1,3650.371,222590459.5837
1782342000000,60850.1,61087.9,60798.2,61054.7,2059.517,125558361.1667
1782345600000,61054.7,61146,60690.5,60785.2,3011.123,183413136.359
1782349200000,60785.2,60958.4,60684.8,60885,1383.06,84111393.8395
1782352800000,60885,60933.4,60665.2,60761.3,1432.976,87098014.0955
1782356400000,60761.3,60875.2,60650,60853.3,1398.521,84978258.7611
1782360000000,60853.3,61383.1,60755.1,61322.7,3365.237,205735799.1595
1782363600000,61322.7,61794.4,61250,61565.1,5420.788,333684071.4911
1782367200000,61565.1,61819,61565.1,61694.5,2056.203,126861810.2742
1782370800000,61694.5,61942.3,61630.2,61881.2,2850.404,176139510.4036
1782374400000,61881.2,61894.7,61643.5,61684.3,1955.729,120732919.6329
1782378000000,61684.3,61763.8,61577.6,61699.7,1082.571,66775828.3306
1782381600000,61699.7,61724.1,61231.5,61237.2,4267.208,262239467.4044
1782385200000,61237.2,61395.9,61031.2,61252.3,4248.221,260115803.7993
1782388800000,61252.3,61765.8,61043.5,61203.2,5806.381,356309439.4266
1782392400000,61203.2,61333.4,58042.6,58259.6,25947.062,1544089377.8086
1782396000000,58259.6,60463.4,58253.9,59434.4,31889.383,1893459868.9139
1782399600000,59434.4,59625.1,58799.8,59531.7,10751.735,636588547.4348
1782403200000,59531.7,60037.7,59121.3,59275.8,8059.42,479875727.1323
1782406800000,59275.8,59708.8,59103.7,59650.3,4608.383,274020640.1352
1782410400000,59650.3,59766,59328.5,59481.7,4486.639,267220432.8535
1782414000000,59481.7,59488.8,59139.1,59295.3,3529.079,209193628.5457
1782417600000,59295.3,59722.8,59290.8,59430,3531.781,210248028.1597
1782421200000,59430,60236.8,59423.5,60180.3,3388.836,202873861.1844
1782424800000,60180.3,60180.3,59702.8,59812.9,3303.322,197881382.4367
1782428400000,59812.9,60166.7,59707.2,59767.3,3494.041,209500599.8009
1782432000000,59767.3,59880.4,59600.2,59628.7,2519.37,150521141.4869
1782435600000,59628.7,59758.5,59200,59408,3247.27,192891340.7923
1782439200000,59408,59425,58310,58535.5,11861.088,696130461.9383
1782442800000,58535.5,60101.7,58289.5,60003.6,10241.018,607062557.9774
1782446400000,60003.6,60237.4,59800,59895.5,3546.801,212630485.9323
1782450000000,59895.5,60027.4,59701,59914.8,2268.939,135836681.7696
1782453600000,59914.8,60432,59672.2,60299.7,4569.52,274495182.3459
1782457200000,60299.7,60731.3,60250.4,60487,5215.023,315742303.7615
1782460800000,60487,60539.3,60113.1,60215.4,3581.155,215817267.5904
1782464400000,60215.4,60228.5,59551.1,59706.9,5125.451,307117515.2272
1782468000000,59706.9,59837.4,59214.1,59291.4,3717.142,221285044.6549
1782471600000,59291.4,59568.5,59232.1,59389.2,2955.168,175565547.8751
1782475200000,59389.2,59987.2,58936.3,59159.9,10998.843,653479495.9016
1782478800000,59159.9,60181.2,58450,60141.8,17416.331,1030508035.9049
1782482400000,60141.8,60272.9,59359,59566.4,8442.252,505034952.076
1782486000000,59566.4,60475.3,59557.9,60291.9,7323.713,440465235.3855
1782489600000,60291.9,60585,59936,60011.8,4099.53,246735480.171
1782493200000,60011.8,60266,59919.7,59996,1766.508,106134080.348
1782496800000,59996,60133.4,59505,59644.2,2620.093,156621732.3496
1782500400000,59644.2,60091.5,59584.7,59735.5,3258.379,195111858.527
1782504000000,59735.5,59973.2,59541.5,59690.4,2678.933,159961319.4407
1782507600000,59690.4,60031.9,59646.8,59882.8,1795.13,107373795.5217
1782511200000,59882.8,60057.7,59720.4,60009.9,874.256,52356421.8484
1782514800000,60009.9,60090,59898,60073.4,1036.237,62194430.0017
1782518400000,60073.4,60174.4,59839.4,60032.2,1286.307,77175086.8408
1782522000000,60032.2,60045.2,59900,59920.8,407.865,24452951.4285
1782525600000,59920.8,60350,59888.9,60251.4,1717.054,103342140.3293
1782529200000,60251.4,60392,60131.6,60277.2,1484.638,89477136.8604
1782532800000,60277.2,60450,60176.4,60214,1247.658,75295472.2598
1782536400000,60214,60284.2,60101,60206.7,854.857,51467806.1538
1782540000000,60206.7,60472.1,60082.3,60342.8,1757.629,105981797.6005
1782543600000,60342.8,60557.7,60263.2,60525.6,1700.261,102685628.0751
1782547200000,60525.6,60525.6,60343.4,60419.1,965.484,58341166.3246
1782550800000,60419.1,60479.4,60258.1,60389.7,790.058,47686324.6934
1782554400000,60389.7,60465.8,60341.7,60390.6,607.773,36712165.147
1782558000000,60390.6,60431.1,60170,60335.4,1274.031,76813912.5323
1782561600000,60335.4,60407.8,60209.5,60396.5,1304.756,78666182.5256
1782565200000,60396.5,60642.6,60351.8,60548.1,1593.881,96437639.9001
1782568800000,60548.1,60699,60473.1,60579.1,1499.196,90846233.7603
1782572400000,60579.1,60918.3,60530.6,60812.8,3632.355,220727729.9276
1782576000000,60812.8,60823.3,60631,60781.4,1523.395,92511100.4475
1782579600000,60781.4,60792.8,60382,60490.3,3014.891,182427961.6235
1782583200000,60490.3,60540.2,60411.1,60530.6,1178.073,71261367.8727
1782586800000,60530.6,60572.6,60025,60141.3,2976.516,179287113.5706
1782590400000,60141.3,60276.7,60135.6,60270.8,567.954,34208014.8505
1782594000000,60270.8,60450,60096.2,60165.7,2109.308,127155975.6141
1782597600000,60165.7,60231,59807.5,60198.4,2325.47,139663566.5417
1782601200000,60198.4,60296,59908.7,59995.3,1523.672,91521207.458
1782604800000,59995.3,60163.7,59977.2,60119.1,1047.543,62957283.9378
1782608400000,60119.1,60242.8,59943.5,60189.9,1086.579,65327901.4924
1782612000000,60189.9,60308.4,60016.4,60116.7,670.34,40326444.7548
1782615600000,60116.7,60258.7,60113.7,60169.7,518.083,31188084.1157
1782619200000,60169.7,60204.8,60060.5,60108.7,469.366,28226683.2946
1782622800000,60108.7,60112.9,59715.9,59954.4,2772.157,165957582.8361
1782626400000,59954.4,59999.9,59767,59966.8,973.329,58302226.4146
1782630000000,59966.8,60236.4,59962.5,60188.8,1662.051,99974585.2266
1782633600000,60188.8,60522.5,60109.5,60337.4,1772.623,106951279.7405
1782637200000,60337.4,60444,60220,60228.2,874.918,52765302.4103
1782640800000,60228.2,60270,60032.7,60136,1148.735,69083305.9226
1782644400000,60136,60348.7,60084.2,60320.4,1099.742,66246836.7838
1782648000000,60320.4,60443.5,60164.8,60267.1,1122.847,67689314.0596
1782651600000,60267.1,60267.1,59933,60042.5,1942.086,116635252.2566
1782655200000,60042.5,60224,59979.4,60000,1284.857,77218797.3142
1782658800000,60000,60108,59784.9,59862.2,1942.344,116399785.8445
1782662400000,59862.2,59919.6,59545.2,59657.3,3463.816,206745939.6669
1782666000000,59657.3,59825.5,59348.1,59553.1,2853.573,169909996.277
1782669600000,59553.1,59675.4,59466.8,59581.3,1331.24,79341092.9686
1782673200000,59581.3,59671.7,59225.4,59450.6,3264.353,194057816.0747
1782676800000,59450.6,59742.8,59444,59622.2,1816.214,108310491.7352
1782680400000,59622.2,59779.6,59300,59416.5,2306.593,137338841.212
1782684000000,59416.5,59882.3,58860,59037.1,5683.089,337045924.1036
1782687600000,59037.1,59821.1,58972.7,59550.4,4000.335,237945659.6304
1782691200000,59550.4,59680,58961.8,59634.8,5654.009,335024682.2233
1782694800000,59634.8,59672.6,59165.1,59405,2275.711,135180433.2157
1782698400000,59405,59783.6,58850.6,59730.8,5685.145,338013591.0152
1782702000000,59730.8,60223.4,59730.8,60017.7,4149.555,248921730.1315
1782705600000,60017.7,60029.4,59712,59796,1999.569,119666149.8145
1782709200000,59796,60079,59340,60079,4584.096,273586765.2431
1782712800000,60079,60321.7,60018.6,60044.8,3026.435,182046902.8868
1782716400000,60044.8,60167.4,59895.8,59988.7,1881.537,112946443.9251
1782720000000,59988.7,60062.3,59704.2,59805.1,2994.098,179318691.3121
1782723600000,59805.1,60090.2,59750,60041.3,2720.386,163108652.7421
1782727200000,60041.3,60307.7,60034.9,60065.8,4140.849,249129523.2225
1782730800000,60065.8,60207.4,59766.8,59933.1,3369.691,201950367.7433
1782734400000,59933.1,60775,59570,59929,17312.094,1043572280.8738
1782738000000,59929,60325.4,59295.1,59549.9,11176.872,667542480.2304
1782741600000,59549.9,59671,58973.4,59440.1,9302.449,551653375.5448
1782745200000,59440.1,59930,59060.1,59793.1,6572.426,391358719.2373
1782748800000,59793.1,60000,59555.6,59866.2,2796.104,167153047.5763
1782752400000,59866.2,60666,59866.2,60388,8051.084,486323564.5952
1782756000000,60388,60500,60165.1,60276.7,2821.946,170243219.8977
1782759600000,60276.7,60535.9,60129,60401.7,2067.87,124797035.9435
1782763200000,60401.7,60529.5,60274.1,60275.9,1053.316,63622231.2973
1782766800000,60275.9,60578.9,60234.3,60460.1,1026.62,62013142.8726
1782770400000,60460.1,60501.3,60325.9,60330,810.704,48968922.7606
1782774000000,60330,60360,60169.5,60224,1350.45,81344419.651
1782777600000,60224,60249,59650.3,59803.6,4447.214,266409494.1309
1782781200000,59803.6,60022.8,59740,59910,2047.868,122571830.3324
1782784800000,59910,60012.9,59719.7,59912.7,1385.647,83014341.1373
1782788400000,59912.7,59995.1,59566,59587.3,1967.817,117605593.7917
1782792000000,59587.3,59666.7,59381.5,59460,3029.225,180217552.3883
1782795600000,59460,59623.4,59324.3,59623.3,2348.164,139604091.4716
1782799200000,59623.3,59690.3,59480.3,59565.1,1228.474,73176373.6063
1782802800000,59565.1,59606.1,59412,59495.9,1574.696,93676414.6812
1782806400000,59495.9,59528.3,59155.3,59278.5,3786.447,224573109.3302
1782810000000,59278.5,59392,59223.2,59346.7,1687.306,100080258.4817
1782813600000,59346.7,59396.7,59250.7,59297.9,1183.265,70199511.8253
1782817200000,59297.9,59387.9,59090,59160.1,3084.383,182618133.3657
1782820800000,59160.1,59160.1,58341.2,58378.6,10775.422,632985014.0867
1782824400000,58378.6,58786,58191.7,58710.3,11921.094,697253009.9406
1782828000000,58710.3,59247.3,58402.7,58458.1,10164.579,598470476.3544
1782831600000,58458.1,58787.2,58156.7,58358.8,7630.642,445472786.0079
1782835200000,58358.8,58610,58233.4,58477.5,3201.49,186988911.0895
1782838800000,58477.5,58600,58289.2,58400.8,2122.953,124017994.8777
1782842400000,58400.8,58681.1,58329.1,58655.6,2199.097,128686632.3518
1782846000000,58655.6,58823.4,58555.1,58793.5,2558.357,150134503.7165
1782849600000,58793.5,58860,58620.1,58703.1,1490.364,87537707.0166
1782853200000,58703.1,58749.4,58477,58619.7,1442.511,84505920.1499
1782856800000,58619.7,58775.3,58472.2,58573.4,846.434,49616594.2261
1782860400000,58573.4,58642.2,58514.1,58603.5,566.233,33175830.6806
1782864000000,58603.5,58721.3,58279.3,58550,2141.977,125231918.035
1782867600000,58550,58990.9,57755.8,58740,11370.275,662935267.2259
1782871200000,58740,59154.4,58638.1,59063.6,2738.843,161490648.1016
1782874800000,59063.6,59325.6,58818.7,59177.2,5851.476,345979179.2646
1782878400000,59177.2,59444,59040,59316,2855.239,169237775.4149
1782882000000,59316,59355.3,59095,59130.4,2062.865,122127251.7193
1782885600000,59130.4,59137.2,58499.9,58735.9,5072.012,297893956.3502
1782889200000,58735.9,58809.1,58573.8,58747.7,1739.931,102123071.4767
1782892800000,58747.7,58968.6,58463,58955,2712.171,159137404.0945
1782896400000,58955,59078.6,58794.3,58924.4,2596.978,152993424.4947
1782900000000,58924.4,58928.6,58589,58632.1,2349.601,137954769.0276
1782903600000,58632.1,58729.7,58522.1,58592,1389.993,81497865.6043
1782907200000,58592,58658.8,58293.9,58497.4,4236.559,247590041.5546
1782910800000,58497.4,59491.9,58491.9,59468.9,9101.562,537039934.5484
1782914400000,59468.9,60071.7,59252,59522.9,12180.013,727331274.9941
1782918000000,59522.9,60522,59492.5,60121.7,9982.287,600550776.8844
1782921600000,60121.7,60243.2,59837.5,59904.1,3873.602,232465918.3233
1782925200000,59904.1,60222.6,59759.4,60163,3412.806,204854345.3241
1782928800000,60163,60275.2,59991.5,60143,2421.842,145640643.2537
1782932400000,60143,60333,59961.3,60002.7,3190.34,191929726.8279
1782936000000,60002.7,60166.7,59845.5,60106.2,2219.189,133083905.3836
1782939600000,60106.2,60833.9,60100,60787.5,5025.967,304409412.7773
1782943200000,60787.5,61325.3,60326.8,60454.9,8165.917,496890194.7197
1782946800000,60454.9,60454.9,59948.5,60000,3839.176,230893454.8971
1782950400000,60000,60008.4,59556.1,59730,3915.249,234011975.8445
1782954000000,59730,60299.5,59694,60154,3532.689,212073724.1144
1782957600000,60154,60483,59988.8,60395.3,2320.098,139892039.18
1782961200000,60395.3,61107.5,60266.9,61038.9,4159.081,252424772.3075
1782964800000,61038.9,61039,60701.7,60762.8,2336.407,142155240.5305
1782968400000,60762.8,60862,60457.6,60481.2,2886.477,175096754.7389
1782972000000,60481.2,60633,60231.1,60243.8,2380.349,143806171.4274
1782975600000,60243.8,60289.5,60075,60126.7,2956.332,177870868.3465
1782979200000,60126.7,60541,60110.7,60493.8,2494.128,150554339.3587
1782982800000,60493.8,61400,60354,61150.7,7851.22,478584422.2492
1782986400000,61150.7,61330.9,61020.1,61239.7,4026.303,246260260.6125
1782990000000,61239.7,61369.7,61092.3,61329,2525.357,154694235.3054
1782993600000,61329,61586.9,61115.6,61506.3,5572.172,341952232.3741
1782997200000,61506.3,62059.3,61471.1,61912.8,9166.186,566464203.2758
1783000800000,61912.8,62188.7,61365.6,61676.9,7066.374,436354039.0515
1783004400000,61676.9,61832.9,61392.1,61588.7,4144.046,255407437.9064
1783008000000,61588.7,61763.9,61107.2,61644.5,6214.57,381611905.3899
1783011600000,61644.5,61925,61588.6,61642,2618.32,161675847.9785
1783015200000,61642,61840,61633.8,61736.8,1555.081,96057446.8312
1783018800000,61736.8,61742,61389,61445.2,2842.07,174890758.3924
1783022400000,61445.2,61580,61305.7,61550.6,1879.874,115461121.0216
1783026000000,61550.6,61637.4,61483,61564.2,1288.657,79292783.0266
1783029600000,61564.2,61568.3,61367.4,61432.9,865.305,53209817.5857
1783033200000,61432.9,61583.3,61321.2,61532.7,897.61,55158894.6045
1783036800000,61532.7,61556,61210.4,61272.7,1336.114,81962150.7952
1783040400000,61272.7,61707.7,61254,61564.4,1820.082,112048908.1715
1783044000000,61564.4,61640.7,61266.4,61408.9,1720.496,105655096.2358
1783047600000,61408.9,61563.1,61300,61406.2,1206.051,74089110.1851
1783051200000,61406.2,61504.9,61307.9,61417.5,956.794,58739794.3223
1783054800000,61417.5,61777,61399.1,61670.5,1593.898,98239592.1985
1783058400000,61670.5,61819,61576.9,61677.1,1240.153,76521232.2048
1783062000000,61677.1,61849.9,61627.2,61740.1,1705.2,105311930.1264
1783065600000,61740.1,61877,61531.6,61559.4,1905.151,117597139.5834
1783069200000,61559.4,61760,61466.3,61686.8,1336.734,82362597.3274
1783072800000,61686.8,62016.7,61638.5,61889.9,1957.881,121127626.8545
1783076400000,61889.9,62078.9,61807.8,61990.1,1941.317,120298118.7642
1783080000000,61990.1,62148.7,61838.6,61946.8,2336.836,144892461.6891
1783083600000,61946.8,62261,61909.8,62079.8,2156.813,133872134.8922
1783087200000,62079.8,62255.1,61666.6,62141.2,3542.475,219360955.6398
1783090800000,62141.2,62374.6,61788,61896.3,4314.01,267684254.5458
1783094400000,61896.3,62111.7,61881.7,62080.4,1131.759,70168979.7326
1783098000000,62080.4,62270.6,62039.3,62172,1703.594,105933274.3317
1783101600000,62172,62221,62076,62178.9,1084.714,67419162.779
1783105200000,62178.9,62291.6,62112.1,62174.3,1112.399,69191018.5026
1783108800000,62174.3,62876.5,62150,62748,7277.191,455563800.5227
1783112400000,62748,62946.1,62482,62697,2639.03,165461433.0516
1783116000000,62697,62716.1,62508.4,62542.2,923.642,57822286.4549
1783119600000,62542.2,62679.6,62504,62555.6,839.189,52531022.8505
1783123200000,62555.6,62940.1,62555.4,62733.7,2453.157,154046616.1811
1783126800000,62733.7,62733.7,62375.1,62444,1949.937,121858255.7995
1783130400000,62444,62549.3,62400,62509.3,733.402,45820574.192
1783134000000,62509.3,62733.2,62453.9,62600,1121.269,70212658.6782
1783137600000,62600,62724.3,62567.5,62657.5,792.365,49643227.2763
1783141200000,62657.5,62657.5,62408.1,62444.6,972.206,60774386.1268
1783144800000,62444.6,62542,62311.8,62469.9,1156.681,72190510.4291
1783148400000,62469.9,62607.2,62433.9,62542.5,1021.227,63846102.2585
1783152000000,62542.5,62650,62485.2,62530.1,937.255,58632927.5631
1783155600000,62530.1,62559,62386.6,62464.6,807.939,50468585.6067
1783159200000,62464.6,62521.1,62420.4,62484,715.525,44693682.6165
1783162800000,62484,62534,62439.1,62457.1,574.826,35915105.6719
1783166400000,62457.1,62675.6,62457.1,62632.5,904.515,56602962.8108
1783170000000,62632.5,62777.6,62516.2,62566.7,1134.807,71064581.1433
1783173600000,62566.7,62716.5,62560.6,62669.6,748.283,46870630.3133
1783177200000,62669.6,63066.7,62661.2,62909.5,4298.483,270263574.8985
1783180800000,62909.5,62943.6,62754.8,62889.5,1446.065,90888396.6973
1783184400000,62889.5,63450,62767.1,63245.8,5016.739,316848060.7869
1783188000000,63245.8,63318.8,63064.7,63139.2,1513.977,95638509.245
1783191600000,63139.2,63440,63088.7,63263.2,1578.984,99913819.4034
1783195200000,63263.2,63366.9,63123.9,63199.2,1257.506,79512918.8947
1783198800000,63199.2,63430,63167.5,63271.4,797.027,50462501.3021
1783202400000,63271.4,63280.7,63132.2,63166.6,613.48,38766905.1828
1783206000000,63166.6,63208.6,62900.1,63112.2,1608.816,101450382.833
1783209600000,63112.2,63115,62856.3,62960,1337.907,84284902.5116
1783213200000,62960,63023.8,62762.3,62858.3,2007.578,126192261.9445
1783216800000,62858.3,62900.3,62560.7,62672.5,2216.768,138924424.9765
1783220400000,62672.5,62773,62622.9,62738.6,1457.017,91377124.1102
1783224000000,62738.6,62940,62678.2,62788.8,1233.342,77486157.9893
1783227600000,62788.8,62788.8,62621.6,62715.6,917.255,57528476.1797
1783231200000,62715.6,62800,62639,62748.2,600.622,37674718.829
1783234800000,62748.2,63036.9,62686.4,62989.5,1984.526,124736512.3877
1783238400000,62989.5,63086.2,62869.4,62887.4,1767.674,111285619.4573
1783242000000,62887.4,62907.6,62389.4,62595.1,3103.094,194295035.8928
1783245600000,62595.1,62733.2,62511.1,62729.4,1104.258,69191359.907
1783249200000,62729.4,62788,62580.3,62625.8,1291.874,80939339.7674
1783252800000,62625.8,62745.3,62526.8,62711,1322.719,82866405.8719
1783256400000,62711,62799.9,62613.8,62764,1247.094,78212388.478
1783260000000,62764,62793.9,62624.1,62778.9,1234.546,77416943.5958
1783263600000,62778.9,62924.4,62646,62709.7,2254.322,141537769.4342
1783267200000,62709.7,62748.9,62569.8,62619.8,1566.287,98105377.9339
1783270800000,62619.8,62788,62572.3,62602.5,1535.457,96236286.4968
1783274400000,62602.5,62857.9,62600,62789.2,1426.358,89434721.4462
1783278000000,62789.2,62857,62693.8,62744.4,620.893,38974135.9376
1783281600000,62744.4,62823.4,62672,62704.7,429.644,26953081.7528
1783285200000,62704.7,63232.1,62578.8,63063.9,3172.105,199828350.6212
1783288800000,63063.9,63936.9,62977.8,63705.6,8186.883,520273997.2971
1783292400000,63705.6,63987.1,63537.6,63614.4,3192.888,203593112.299
1783296000000,63614.4,63757.6,63313.6,63728.4,2567.909,163167749.1088
1783299600000,63728.4,63895,63516.7,63541.4,2592.967,165205339.7159
1783303200000,63541.4,63641.4,63338.3,63426.7,2700.842,171405994.3618
1783306800000,63426.7,63459,63103,63269.9,2273.458,143794814.4778
1783310400000,63269.9,63369.8,63155.7,63241.1,1202.11,76047368.5095
1783314000000,63241.1,63241.1,62900.9,63075.9,3841.242,242163298.7632
1783317600000,63075.9,63116.9,62938.1,62952.4,1254.396,79040846.1351
1783321200000,62952.4,63093,62852.7,63058.3,1990.339,125319151.6645
1783324800000,63058.3,63216.9,62791.2,62868,2212.071,139319624.0129
1783328400000,62868,62886.9,62601.5,62636.6,2258.637,141638099.8707
1783332000000,62636.6,63029,62634,62796.8,2970.628,186734415.2991
1783335600000,62796.8,62978,62438,62447.8,3313.778,207861789.9776
1783339200000,62447.8,62454.4,61645.7,61729.2,17688.097,1096444932.3565
1783342800000,61729.2,62018.7,61272.5,61737.7,12198.275,751807108.7828
1783346400000,61737.7,62391,61670.4,62021.6,9055.16,562009400.3843
1783350000000,62021.6,63530,62021.6,63524,14265.843,895551567.9085
1783353600000,63524,63850,63358.7,63718.9,12697.866,807730040.8579
1783357200000,63718.9,63969.3,63545,63566.4,4836.649,308573151.3132
1783360800000,63566.4,63873.7,63539,63681.9,2887.346,183996398.1689
1783364400000,63681.9,63885.8,63635.4,63720.6,2017.788,128679693.6559
1783368000000,63720.6,63887.3,63577.7,63806.1,1868.663,119026035.2758
1783371600000,63806.1,64703.2,63788.7,64465.6,8753.158,562961638.7477
1783375200000,64465.6,64486,64126.5,64227.4,1433.784,92133026.3228
1783378800000,64227.4,64328.1,64002.2,64020,1439.444,92297314.6385
1783382400000,64020,64303,63982,64177.4,3398.971,217943764.1631
1783386000000,64177.4,64178,63749.5,63814.7,6390.016,408262380.4186
1783389600000,63814.7,63884.1,63244.2,63299.1,4477.826,284638947.3612
1783393200000,63299.1,63388.6,63111.3,63165.1,2920.025,184614834.0846
1783396800000,63165.1,63255.7,63020.2,63064.9,2736.811,172797798.9667
1783400400000,63064.9,63235.5,62761.6,63092.8,5255.18,331247961.058
1783404000000,63092.8,63381,62951.4,63307.9,2746.454,173522153.1855
1783407600000,63307.9,63425.8,63045.5,63062.7,2686.694,169811009.5013
1783411200000,63062.7,63168.3,62953,63079.6,1980.198,124871228.2709
1783414800000,63079.6,63327.6,63030.3,63228.6,1920.389,121371140.1546
1783418400000,63228.6,63469.8,63202.8,63260.5,3748.416,237479758.3757
1783422000000,63260.5,63438.1,63079.2,63378.7,3164.667,200256570.3796
1783425600000,63378.7,63858.2,63366.2,63454.4,5069.58,322461414.7407
1783429200000,63454.4,63457.7,62952.4,63030.5,6799.269,429525676.244
1783432800000,63030.5,63616.1,62635.5,63540,9308.609,587161508.345
1783436400000,63540,64125.5,63347,63916.2,9207.167,587199013.5746
1783440000000,63916.2,64234,63784.5,63964.9,4221.47,270204147.7114
1783443600000,63964.9,64218.4,63868.7,64173.6,2145.397,137430783.5663
1783447200000,64173.6,64173.6,63634.1,63655.6,3001.09,191752823.0781
1783450800000,63655.6,63882.9,63354.5,63793.1,4732.462,300998468.5905
1783454400000,63793.1,63883.5,63584.2,63666.6,1221.796,77828518.7314
1783458000000,63666.6,63840.5,63280,63396.6,2898.97,184121946.1454
1783461600000,63396.6,63620,63173.1,63508.7,1816.195,115194047.3943
1783465200000,63508.7,63682.3,63283.2,63332.5,1435.074,91107604.5269
1783468800000,63332.5,63743.7,63272.6,63586.1,2280.823,144866627.5907
1783472400000,63586.1,63628.5,62887.1,63006.4,4146.121,261900329.6369
1783476000000,63006.4,63045.9,62496,62956.7,4714.866,296103441.3609
1783479600000,62956.7,63082,62666,62734.2,2493.547,156875572.2511
1783483200000,62734.2,62877.9,62647.4,62771.4,1283.579,80568271.694
1783486800000,62771.4,62850,62512.1,62610.4,1613.78,101129630.513
1783490400000,62610.4,62722,62444.1,62632.6,2682.69,167900558.5211
1783494000000,62632.6,62872,62521.4,62855.3,2719.428,170622060.9747
1783497600000,62855.3,62918.1,61821.3,61984.5,10520.977,654558448.5325
1783501200000,61984.5,62143.3,61680.4,62026.9,5798.761,359083381.4659
1783504800000,62026.9,62177,61868.1,62153.4,1989.709,123410069.7588
1783508400000,62153.4,62368,62022.2,62278.3,2312.391,143863550.5165
1783512000000,62278.3,62400,61922.5,61923.9,3055.393,190024213.3916
1783515600000,61923.9,62065.7,61606,61923.9,6313.502,390507933.4245
1783519200000,61923.9,62161.2,61685.4,61868.5,5124.458,317412114.8567
1783522800000,61868.5,61900,61500,61673.6,3650.823,225064019.1886
1783526400000,61673.6,62133.6,61661.6,62088.1,3190.56,197499795.1506
1783530000000,62088.1,62375.7,62003,62082.8,2404.418,149539145.5063
1783533600000,62082.8,62328.2,62006.2,62155.9,1750.151,108780111.0995
1783537200000,62155.9,62270.8,62033.8,62255.7,1855.043,115346376.4455
1783540800000,62255.7,62289.1,62053.7,62082.7,1111.027,69076515.9412
1783544400000,62082.7,62225,61920,62163.7,1640.525,101811244.5693
1783548000000,62163.7,62331,62144.3,62304.7,959.045,59702234.6848
1783551600000,62304.7,62327.2,62139.5,62256,1050.045,65344401.3186
1783555200000,62256,62287,62025.5,62105.5,1267.42,78781856.5743
1783558800000,62105.5,62629,61810,61879.9,4830.187,300819923.8129
1783562400000,61879.9,62104.2,61667.6,61751.6,3143.136,194404047.8947
1783566000000,61751.6,62039.8,61690.4,61943.8,1796.207,111108945.8399
1783569600000,61943.8,62445.7,61927.6,62430,2869.594,178605346.1973
1783573200000,62430,62623.5,62207.5,62566.7,3527.447,220200701.3899
1783576800000,62566.7,62989,62450.9,62924.9,4470.683,280404283.8299
1783580400000,62924.9,63266,62773.1,62977.6,5544.25,349209329.5137
1783584000000,62977.6,63072.7,62815.6,62868,1685.813,106120826.8138
1783587600000,62868,62977,62757.5,62924.9,1505.649,94637049.7369
1783591200000,62924.9,63033,62653.2,62755.9,1356.981,85273035.119
1783594800000,62755.9,62802,62583,62756.6,1863.128,116793385.1105
1783598400000,62756.6,62939.7,62429.1,62582.8,9787.295,613729481.4712
1783602000000,62582.8,63234.2,62484.1,62998.7,4465.632,280610690.5221
1783605600000,62998.7,63114,62627.8,62982.8,3115.055,195777659.6183
1783609200000,62982.8,63249.8,62769.4,62831.5,3294.276,207659475.9116
1783612800000,62831.5,62967.7,62524,62666.9,2982.179,186970741.0171
1783616400000,62666.9,63144,62634.9,63114.5,3172.771,199705799.8004
1783620000000,63114.5,63479.9,63039,63193.9,3726.329,235872601.012
1783623600000,63193.9,63359.5,63117.1,63219.2,1678.566,106131250.3024
1783627200000,63219.2,63305.5,63143,63292,734.453,46446482.5951
1783630800000,63292,63376.3,63180,63247.5,922.091,58349158.8046
1783634400000,63247.5,63395,63183.5,63189.1,924.223,58493094.5875
1783638000000,63189.1,63303.8,63030.8,63196.8,1338.275,84545489.3384
1783641600000,63196.8,63229.1,62890.6,63084.7,2133.14,134521919.3604
1783645200000,63084.7,63925,62922.1,63728.3,5343.564,339894514.8256
1783648800000,63728.3,64030,63665.9,63936.1,4347.79,277588388.2139
1783652400000,63936.1,64026.8,63793.3,63929.4,1897.95,121278348.9935
1783656000000,63929.4,64176,63833.7,64021.3,2278.329,145883852.9898
1783659600000,64021.3,64183.8,63917.1,64097.2,1683.633,107852950.2292
1783663200000,64097.2,64145.3,63815.4,63840.5,1647.15,105313345.5595
1783666800000,63840.5,63998.9,63782.1,63966,1569.001,100252093.3033
1783670400000,63966,64380,63962.1,64221.3,4233.166,271804940.3912
1783674000000,64221.3,64477.1,64085,64370,3049.969,196201223.2473
1783677600000,64370,64499.9,64255.5,64382,1681.042,108214097.7323
1783681200000,64382,64471.4,64312,64408.2,1386.662,89290636.1179
1783684800000,64408.2,64602.8,64251.2,64270.9,2763.846,178111775.6836
1783688400000,64270.9,64688.2,64127.9,64460.2,3726.907,239937270.4855
1783692000000,64460.2,64505.6,63750.1,63890,6616.191,423827969.6496
1783695600000,63890,64192,63871.8,64021.6,2483.836,158976504.824
1783699200000,64021.6,64207.9,63800.1,64121.1,2260.714,144684696.9252
1783702800000,64121.1,64141.6,63789.5,63802.1,1664.551,106399966.9944
1783706400000,63802.1,63980.5,63713,63789.8,1328.987,84852223.2127
1783710000000,63789.8,64025.7,63750,63901.8,2246.381,143584509.8298
1783713600000,63901.8,63912.9,63635,63811.2,2368.848,151129507.2203
1783717200000,63811.2,64078.4,63805.4,63995.8,1077.566,68935285.1829
1783720800000,63995.8,64147.4,63956.9,64089.1,823.281,52747903.1462
1783724400000,64089.1,64192.8,63991.2,64141.1,778.164,49889235.7371
1783728000000,64141.1,64146.2,63996.9,64096.2,711.092,45567117.3218
1783731600000,64096.2,64292.1,63968.7,63981,963.727,61794163.1942
1783735200000,63981,64146,63942.8,64135.7,665.255,42589604.5041
1783738800000,64135.7,64170.6,64040,64124.7,460.911,29555201.8609
1783742400000,64124.7,64190,64052.2,64128.8,433.508,27798402.2749
1783746000000,64128.8,64200,64086.8,64141,487.552,31277481.3225
1783749600000,64141,64260.1,64094.8,64188.9,829.212,53239575.1085
1783753200000,64188.9,64226.5,64127.3,64136.7,795.968,51081737.735
1783756800000,64136.7,64286.5,64128.8,64241.6,579.933,37238643.1923
1783760400000,64241.6,64280.4,64137.8,64145,630.23,40455339.7892
1783764000000,64145,64186.5,64122.2,64169.9,547.386,35113528.3713
1783767600000,64169.9,64195,64149,64183.5,439.266,28187373.8023
1783771200000,64183.5,64212.1,64105.6,64168.3,645.042,41382718.3271
1783774800000,64168.3,64245,64146,64221.2,559.731,35933753.95
1783778400000,64221.2,64490.9,64221.2,64324,1781.345,114653748.2365
1783782000000,64324,64461.8,63855.5,64145.9,3477.696,223079369.2507
1783785600000,64145.9,64254.1,64057.7,64150.7,1364.792,87542032.2819
1783789200000,64150.7,64373.3,64133.2,64290.1,786.212,50540515.9432
1783792800000,64290.1,64370,64262.3,64305.1,670.477,43117100.6803
1783796400000,64305.1,64321.9,64203.8,64265.5,616.91,39643107.1438
1783800000000,64265.5,64442,64264,64355.8,493.064,31728774.426
1783803600000,64355.8,64408.2,64309.2,64327.7,360.239,23181361.7451
1783807200000,64327.7,64405,64103.1,64169.7,1112.581,71460248.4912
1783810800000,64169.7,64224,63762.6,63782.3,3508.012,224263468.4468
1783814400000,63782.3,63889.1,63660,63805.1,2023.307,129054452.6944
1783818000000,63805.1,64140,63780.1,64100.9,2302.964,147371188.9388
1783821600000,64100.9,64110,64006,64048.4,928.142,59452902.121
1783825200000,64048.4,64192,64001.8,64192,744.206,47724021.5421
1783828800000,64192,64219.9,63899.9,63970,2402.458,153819756.718
1783832400000,63970,63990.9,63868,63933.6,957.581,61212976.6363
1783836000000,63933.6,63933.6,63594.3,63729.7,3041.37,193816212.7042
1783839600000,63729.7,63878.8,63702.1,63857.4,929.606,59333559.4174
1783843200000,63857.4,64076.7,63855,63951,1603.384,102573966.8585
1783846800000,63951,64017.9,63730.3,63928.6,1171.17,74810383.4958
1783850400000,63928.6,63928.6,63809.7,63841.3,704.1,44965758.3343
1783854000000,63841.3,64000,63800,63983,880.716,56300346.4708
1783857600000,63983,64111,63941.3,63993.7,1000.456,64059215.3271
1783861200000,63993.7,64076.9,63960,63990.5,515.609,33008216.3087
1783864800000,63990.5,64282.2,63928.1,64170.1,1433.308,91905704.6682
1783868400000,64170.1,64234.6,64091,64150,948.78,60873611.2393
1783872000000,64150,64185.9,64006.4,64144.1,841.263,53924318.5904
1783875600000,64144.1,64149.9,63987.6,64044,509.118,32625568.5868
1783879200000,64044,64126.3,63975,64123.1,916.333,58671511.1313
1783882800000,64123.1,64250,64123,64205.4,591.396,37950009.805
1783886400000,64205.4,64234.5,64145.7,64179.1,471.641,30273859.7293
1783890000000,64179.1,64215.3,63855.5,63893.4,1646.655,105412372.633
1783893600000,63893.4,63902,63625.1,63852.5,2817.645,179624398.455
1783897200000,63852.5,63882,63684.4,63745,1232.143,78572458.3419
1783900800000,63745,64412,63504,64036.5,6976.236,446351047.1372
1783904400000,64036.5,64040.1,63356.7,63380.1,4105.065,261216253.0708
1783908000000,63380.1,63519.7,63198.3,63337.7,4272.415,270745762.1506
1783911600000,63337.7,63353.1,62700,62779,5956.141,374976667.2575
1783915200000,62779,62875,62570,62641.2,3425.29,214825772.903
1783918800000,62641.2,62886.5,62394.5,62762,4269.962,267600327.7404
1783922400000,62762,62845,62670,62764.2,1468.434,92166548.4663
1783926000000,62764.2,63031.7,62710.7,62947.9,2792.064,175650234.5026
1783929600000,62947.9,63249.7,62901,63170,2607.602,164468732.0957
1783933200000,63170,63174.6,63050.1,63062.4,1053.065,66435818.7337
1783936800000,63062.4,63118,62811.4,62836.8,2410.645,151760923.5706
1783940400000,62836.8,63109.8,62836.8,62878.7,2300.819,144924775.4482
1783944000000,62878.7,62963.5,62540,62598.9,3925.979,246313279.5395
1783947600000,62598.9,62741.4,62128.2,62291.8,6699.192,418063813.9933
1783951200000,62291.8,62770,62073,62764.3,5867.646,366444060.6334
1783954800000,62764.3,62969.6,62532.5,62584.9,3096.484,194229114.552
1783958400000,62584.9,62606.5,62176.8,62250,3371.932,210217740.9888
1783962000000,62250,62344,61863.5,61870.1,3737.679,231996695.6047
1783965600000,61870.1,62079.8,61777.6,61992.1,3370.245,208703723.8646
1783969200000,61992.1,62274.7,61958.8,62253.3,2236.724,138888895.7705
1783972800000,62253.3,62300,62019,62176.5,2496.659,155178166.8838
1783976400000,62176.5,62187.9,61850.7,62033.6,1634.77,101378741.0318
1783980000000,62033.6,62201.7,61884.2,61896.6,1467.113,91080232.9098
1783983600000,61896.6,62328.4,61848,62311.4,1600.896,99495101.8472
1783987200000,62311.4,62652.5,62235.4,62530.5,4077.119,254756090.9384
1783990800000,62530.5,62618.9,62426.9,62507.1,1755.564,109721316.7801
1783994400000,62507.1,62619,62291.9,62520.6,1402.427,87593405.1173
1783998000000,62520.6,62586.8,62290.2,62545.8,1292.11,80669340.5615
1784001600000,62545.8,62759.7,62511.2,62719.4,1540.493,96516080.7014
1784005200000,62719.4,62861.8,62673.4,62705,2148.501,134844637.9382
1784008800000,62705,62757.3,62537.1,62597.5,1506.45,94380001.0378
1784012400000,62597.5,62630.4,62480.6,62521.9,1050.621,65728307.7835
1784016000000,62521.9,62780,62464,62681.6,1289.554,80749679.1054
1784019600000,62681.6,62719.2,62506.5,62603.2,881.907,55207124.6242
1784023200000,62603.2,62879.9,62572.8,62771.7,1455.457,91315841.3633
1784026800000,62771.7,62900,62685.9,62812.3,1271.874,79874852.9393
1784030400000,62812.3,64000.5,62755,63935.7,16626.247,1054567589.2317
1784034000000,63935.7,64179.8,63673.1,63818.4,6587.233,420807132.8205
1784037600000,63818.4,64348.1,63561.1,64277.9,5075.016,324316305.94
1784041200000,64277.9,65000,64167.4,64739.7,12759.492,824146307.2481
1784044800000,64739.7,64882.1,64560.1,64702.7,5000.795,323693440.869
1784048400000,64702.7,64702.8,64251,64601.3,4256.888,274569680.2005
1784052000000,64601.3,64634.5,64450.2,64549,1385.182,89397182.735
1784055600000,64549,64699.5,64456.1,64550.9,1769.985,114273714.7371
1784059200000,64550.9,64578.8,64388.5,64540.7,1431.644,92306378.639
1784062800000,64540.7,64883.5,64498.6,64656.3,1942.347,125627253.473
1784066400000,64656.3,65084.1,64490.7,64837,3662.147,237612467.6456
1784070000000,64837,65034.7,64751,65013.4,1521.406,98772710.6821
1784073600000,65013.4,65037,64742,64800.1,1460.667,94754675.0941
1784077200000,64800.1,64838.6,64620.6,64648.8,1236.543,80021624.4552
1784080800000,64648.8,64743.3,64460.9,64474.6,1695.337,109421774.2492
1784084400000,64474.6,64820,64474.6,64765.2,1215.383,78591676.7382
1784088000000,64765.2,64860,64685.4,64727.8,896.519,58080170.3194
1784091600000,64727.8,64942.8,64579,64921.5,1315.412,85145115.7294
1784095200000,64921.5,65273.7,64781.2,64783.8,5149.967,335009500.1624
1784098800000,64783.8,64864.9,64449.1,64524,3592.219,232051267.0274
1784102400000,64524,64765,64524,64740,1642.894,106211388.5506
1784106000000,64740,64894.2,64622.6,64640.4,1340.599,86840331.8552
1784109600000,64640.4,64833,64582,64631.5,874.503,56572364.0488
1784113200000,64631.5,64731.7,64583.4,64702.4,877.029,56711310.0785
1784116800000,64702.4,65232.3,64574.4,65125,4954.12,321539395.873
1784120400000,65125,65535,64850,65084.7,8827.821,576085818.0402
1784124000000,65084.7,65518,65027,65364.2,5078.084,331539920.6968
1784127600000,65364.2,65566.6,65225,65384.9,3162.99,206869562.8312
1784131200000,65384.9,65428,64750,65087.1,4609.166,299643636.8261
1784134800000,65087.1,65200,64940,65020,2149.572,139805520.4351
1784138400000,65020,65120.4,64820,64839.6,1616.508,105070115.5531
1784142000000,64839.6,64978.4,64687.6,64951.6,1586.16,102861780.3206
1784145600000,64951.6,65037.4,64864.5,64942.3,639.249,41527411.4054
1784149200000,64942.3,64993.8,64755.8,64803,970.667,62944648.1728
1784152800000,64803,64949.1,64734.1,64831.2,786.747,51022843.1647
1784156400000,64831.2,64919.4,64641.5,64717.1,1110.03,71883494.0324
1784160000000,64717.1,64821.6,64470,64561.1,2107.571,136177577.5719
1784163600000,64561.1,64811.3,64337.9,64699.9,2182.682,140906935.4473
1784167200000,64699.9,64706.1,64544,64613.8,789.886,51043942.0795
1784170800000,64613.8,64718.8,64519.4,64589,969.535,62639367.3651
1784174400000,64589,64669.9,64504.4,64612.1,584.466,37746622.0952
1784178000000,64612.1,64974.7,64574.9,64889.1,1818.511,117879580.3834
1784181600000,64889.1,64947.3,64587.2,64748.2,1441.492,93396334.2497
1784185200000,64748.2,64749,64051.2,64197.9,3841.804,247037666.0107
1784188800000,64197.9,64333,63848.7,64093.4,5055.287,323909465.8699
1784192400000,64093.4,64156.5,63972.9,64062.9,1098.735,70402445.4814
1784196000000,64062.9,64238,64044,64190,959.921,61588256.0919
1784199600000,64190,64240,64055.1,64218.1,1273.497,81701922.9678
1784203200000,64218.1,64223.4,63824,63936.4,2169.079,138817539.2327
1784206800000,63936.4,64458.8,63925.2,64349.9,4072.335,261513444.5733
1784210400000,64349.9,64869.1,64296.4,64502.3,6395.784,413011344.7866
1784214000000,64502.3,64878.4,64278.1,64675.3,4043.465,261289797.2377
1784217600000,64675.3,64687.9,64300,64448.2,2810.288,181230611.9451
1784221200000,64448.2,64454.8,63952.6,64046,3581.622,229777239.4082
1784224800000,64046,64307.3,64021.9,64208.5,1852.405,118858490.6821
1784228400000,64208.5,64277.4,64111.2,64236,1067.992,68563420.4409
1784232000000,64236,64248,64070.1,64082.2,630.614,40452065.3504
1784235600000,64082.2,64215.7,64070,64135.1,528.626,33911095.7657
1784239200000,64135.1,64212.6,63909.3,63935.5,1492.793,95603226.8633
1784242800000,63935.5,63981.6,63701.8,63795.3,2042.667,130319695.5395
1784246400000,63795.3,63883.8,63566.7,63862.8,2474.972,157734369.6292
1784250000000,63862.8,64033.2,63433.2,63511,3472.927,221242785.7182
1784253600000,63511,63628.9,63351.2,63458,2366.103,150178571.9002
1784257200000,63458,63690.1,63450.6,63537.9,1529.573,97266013.2517
1784260800000,63537.9,63556.4,63271.8,63451.9,2463.377,156196921.8014
1784264400000,63451.9,63451.9,62766,62811.9,5881.505,370795381.91
1784268000000,62811.9,62972.7,62673.1,62916.4,5444.435,342033103.6585
1784271600000,62916.4,62950,62763.2,62791.6,2510.47,157844081.9693
1784275200000,62791.6,62908.9,62609.7,62853.7,3068.842,192597197.3182
1784278800000,62853.7,63039.3,62819,62956.7,2022.028,127269108.4934
1784282400000,62956.7,63168.2,62954.6,63142,1782.678,112451771.5106
1784286000000,63142,63331,63029,63265.9,2847.753,179934531.4406
1784289600000,63265.9,63316.1,63035.2,63071.1,2251.341,142188696.3888
1784293200000,63071.1,63155.2,62502,63128.2,9056.693,568551543.1416
1784296800000,63128.2,63498.9,63051,63149,7015.396,443807639.4516
1784300400000,63149,63453.5,62810.6,63443.3,4701.099,296740038.9554
1784304000000,63443.3,63687.6,63277.4,63563.4,3802.232,241393754.6616
1784307600000,63563.4,64215.9,63562.8,64016.8,5834.358,373262109.0662
1784311200000,64016.8,64360,63855.5,64226.1,4378.739,280723519.6659
1784314800000,64226.1,64231.1,63939.2,64120.7,2504.466,160479507.7063
1784318400000,64120.7,64166.7,63926.9,64081,1789.199,114569154.1127
1784322000000,64081,64189.8,64031.3,64074.6,719.17,46105583.7054
1784325600000,64074.6,64122.8,63877.8,63955,730.942,46763536.6172
1784329200000,63955,63988.9,63853,63911.1,588.473,37611978.2075
1784332800000,63911.1,63989.1,63858.7,63884,442.715,28295120.7888
1784336400000,63884,63974.7,63861.8,63930,379.754,24272245.3879
1784340000000,63930,64012.7,63897.8,63928.5,463.445,29636798.2891
1784343600000,63928.5,63995.2,63890.2,63988.1,333.001,21289522.5948
1784347200000,63988.1,63988.1,63909.2,63943.7,285.082,18229902.546
1784350800000,63943.7,63975.1,63894,63937.9,365.375,23359561.2835
1784354400000,63937.9,63979.2,63917.3,63955.3,210.424,13455808.0017
1784358000000,63955.3,63994.5,63950.5,63974.3,526.03,33654436.6481
1784361600000,63974.3,63994.9,63925,63975,404.159,25849064.7073
1784365200000,63975,63986.1,63902,63954.8,315.356,20163088.0759
1784368800000,63954.8,63988.2,63951.5,63979.1,237.915,15219649.2915
1784372400000,63979.1,64060,63979.1,64026.1,312.919,20029502.191
1784376000000,64026.1,64232.6,64013.5,64174.3,1293.077,82906886.098
1784379600000,64174.3,64179,63926.1,64078.4,1161.681,74385456.4137
1784383200000,64078.4,64165.3,64065.2,64093.6,595.587,38189016.1317
1784386800000,64093.6,64137,64000,64091,490.08,31396556.9636
1784390400000,64091,64300,64054.1,64275.9,1308.879,84004256.178
1784394000000,64275.9,64456,64241.1,64448.1,2687.007,172943752.2224
1784397600000,64448.1,64650.5,64408.8,64481.7,2487.833,160473558.7188
1784401200000,64481.7,64569.8,64439.4,64525.2,699.174,45094957.9708
1784404800000,64525.2,64710.4,64473.4,64669.1,1848.86,119460614.3067
1784408400000,64669.1,64831.9,64579.1,64697.5,2685.793,173812489.182
1784412000000,64697.5,64847.1,64678.9,64776.2,1325.378,85836217.321
1784415600000,64776.2,64819.9,64679.3,64806,620.255,40172643.6156
1784419200000,64806,64886.2,64730,64753.8,1001.183,64884770.8185
1784422800000,64753.8,64763.2,64714.6,64737.5,816.251,52843259.309
1784426400000,64737.5,64948,64666.7,64795.3,1396.463,90533057.7611
1784430000000,64795.3,64816.7,64595.7,64689,1197.244,77425921.9546
1784433600000,64689,64780.9,64587.8,64699.8,1355.916,87689660.2058
1784437200000,64699.8,64794.5,64641.8,64696.7,452.771,29299163.4795
1784440800000,64696.7,64738.9,64671,64686,398.037,25753517.0678
1784444400000,64686,64765.5,64617.2,64696,1202.279,77761282.3763
1784448000000,64696,64729.4,64606.8,64692.2,888.127,57430950.8756
1784451600000,64692.2,64703.1,64467,64493,1292.926,83443045.9398
1784455200000,64493,64670,64450.7,64560.7,908.131,58642740.5539
1784458800000,64560.7,64617.6,64410,64446.4,973.81,62827299.7391
1784462400000,64446.4,64446.4,64250,64418.4,1800.402,115874664.9883
1784466000000,64418.4,64489.6,64269.6,64450.5,925.932,59620391.8361
1784469600000,64450.5,64641.7,64384.2,64560.8,1387.607,89516045.9402
1784473200000,64560.8,64595.4,64463.9,64548,541.889,34963444.3643
1784476800000,64548,64626.1,64475,64516.9,655.997,42341074.7816
1784480400000,64516.9,64734.1,64379,64524.7,1741.177,112469247.3778
1784484000000,64524.7,64530.8,64224.3,64392.4,2090.807,134635467.8046
1784487600000,64392.4,64440,64313.3,64432.2,396.642,25539683.8465
1784491200000,64432.2,64561.7,64431.9,64513,957.087,61715387.6369
1784494800000,64513,64534.9,64313,64379,909.874,58591131.1402
1784498400000,64379,64880.4,64313,64650.1,3062.448,198039309.3263
1784502000000,64650.1,64750,64537.5,64698.2,965.106,62381286.4235
1784505600000,64698.2,65100,64372.3,64524.4,4313.58,279654061.4683
1784509200000,64524.4,65012.5,64461.3,64589,2736.153,177110305.0078
1784512800000,64589,64943.9,64550,64801.2,2121.297,137430083.3964
1784516400000,64801.2,64915.3,64614,64842.1,1411.162,91418698.0421
1784520000000,64842.1,64844.4,64500.1,64509.4,1198.001,77443534.707
1784523600000,64509.4,64536.2,64028.6,64097.4,3507.148,225193401.068
1784527200000,64097.4,64195.6,63678.8,63886.2,5241.542,334912191.1767
1784530800000,63886.2,64292.4,63854.9,64247.2,2389.262,153103984.4161
1784534400000,64247.2,64332.8,63802.6,64029.7,3829.466,245415175.4926
1784538000000,64029.7,64258.9,63972,64164.2,1223.798,78499113.264
1784541600000,64164.2,64388.8,64127.4,64274.3,1319.507,84826221.4394
1784545200000,64274.3,65053.9,64235.1,64975.9,5370.852,347706359.8012
1784548800000,64975.9,64981.8,64566.8,64623.1,3165.952,204897846.665
1784552400000,64623.1,64742.6,64166.8,64308.8,4175.111,269337218.0309
1784556000000,64308.8,64545,64030,64384,3731.597,240019192.6835
1784559600000,64384,65718,64381.1,65573.8,10460.284,681746663.6752
1784563200000,65573.8,65616.4,65301.2,65483.9,4314.854,282431763.8716
1784566800000,65483.9,65621.2,65316.5,65560.1,2237.149,146499648.7934
1784570400000,65560.1,65769.3,65160.2,65206.9,3833.482,251006599.3856
1784574000000,65206.9,65249.9,65013.1,65117.5,2610.595,169983867.912
1784577600000,65117.5,65423.5,65025.3,65337.1,1718.857,112143364.8319
1784581200000,65337.1,65420.6,65235.4,65257.4,876.943,57284667.6759
1784584800000,65257.4,65257.5,65055.9,65117.1,1236.354,80531096.5395
1784588400000,65117.1,65251.8,65097,65221.1,1025.824,66866626.3189
1784592000000,65221.1,65566.6,65114,65539.2,1979.114,129382941.0179
1784595600000,65539.2,65636.7,65201.7,65202.3,1983.471,129731948.3107
1784599200000,65202.3,65476.5,65145.1,65380.1,1408.901,91996837.6909
1784602800000,65380.1,65565.9,65380,65537.9,1389.352,90961237.0289
1784606400000,65537.9,65719.9,65446.2,65494.6,1934.506,126851969.8064
1784610000000,65494.6,65929.7,65460,65722.5,2733.961,179617002.7079
1784613600000,65722.5,65970,65594,65892.4,2645.075,174143301.4694
1784617200000,65892.4,66244.9,65833,66163.9,3907.14,258090593.0253
1784620800000,66163.9,66333.3,66109.4,66205.5,3537.46,234299877.0736
1784624400000,66205.5,66341,66115.5,66263.6,1554.128,102941606.2517
1784628000000,66263.6,66394,66150.2,66169,2145.911,142269977.5043
1784631600000,66169,66328,66121,66320.1,1301.4,86180741.8097
1784635200000,66320.1,66634.8,66236.1,66525,3707.402,246444344.3822
1784638800000,66525,66800.9,66295.1,66750.8,4741.502,315528303.0371
1784642400000,66750.8,66937.7,66609.9,66805.5,5603.374,374325196.9357
1784646000000,66805.5,66805.5,66489,66640.4,2783.642,185511285.8323
1784649600000,66640.4,66733.7,66434.1,66515.2,1635.473,108858705.4403
1784653200000,66515.2,66544.4,66026,66188,4074.03,270067881.6741
1784656800000,66188,66339.5,66070.6,66296.5,2132.978,141268438.6877
1784660400000,66296.5,66506.9,66233.2,66411.1,1686.366,111958362.6632
1784664000000,66411.1,66471,66316.8,66370.3,806.865,53564526.9204
1784667600000,66370.3,66385.6,66253.5,66351.8,1116.317,74032879.772
1784671200000,66351.8,66352.7,66170.7,66271.3,695.205,46065586.1687
1784674800000,66271.3,66546.7,66193.3,66524,1017.121,67542226.3539
1784678400000,66524,66709.5,66500.2,66587.9,1626.53,108350969.791
1784682000000,66587.9,66626.9,66245.6,66392.9,1710.951,113631613.7778
1784685600000,66392.9,66500,66260.7,66279.4,726.484,48211484.998
1784689200000,66279.4,66340.8,66136.7,66175.4,1169.371,77456067.1828
1784692800000,66175.4,66402.9,66161.1,66349.4,1014.241,67271991.3201
1784696400000,66349.4,66349.4,65902.2,65945.6,3214.43,212210696.1463
1784700000000,65945.6,66006.4,65800,65905.1,2122.524,139862410.8086
1784703600000,65905.1,65940,65666.6,65812.3,2164.112,142384133.7775
1784707200000,65812.3,66131.8,65811.3,65953.4,2242.463,147974965.961
1784710800000,65953.4,66050.3,65810.3,65891.5,1312.257,86498372.7685
1784714400000,65891.5,66085,65858.6,66013.1,1607.771,106073366.8749
1784718000000,66013.1,66063.9,65868.4,65987.3,1066.423,70354478.3801
1784721600000,65987.3,65989.4,65509.8,65599.3,3173.908,208558102.1658
1784725200000,65599.3,65948,65526.8,65919.4,3798.085,249648624.2698
1784728800000,65919.4,66175.4,65550,65767.7,4518.062,297423062.2148
1784732400000,65767.7,66111,65766.1,66008.2,3047.744,201053779.9121
1784736000000,66008.2,66364.7,65878,66192.5,3124.194,206693555.0404
1784739600000,66192.5,66244,65903.3,65985.1,2378.598,157141468.4391
1784743200000,65985.1,66044,65695,65855.6,1888.519,124375184.3192
1784746800000,65855.6,65927.8,65647.8,65883.7,1130.569,74426973.2762
1784750400000,65883.7,65950.1,65757.8,65887.6,1138.283,74993843.1584
1784754000000,65887.6,66100,65858,66036.8,942.432,62196101.2254
1784757600000,66036.8,66045.7,65892.4,66012.7,883.868,58297071.2079
1784761200000,66012.7,66100,65794.2,66080.8,1155.67,76227544.9531
1784764800000,66080.8,66285.5,66014.5,66019.4,1692.303,111961668.4357
1784768400000,66019.4,66180.8,65708.3,65790.4,1930.491,127213924.9347
1784772000000,65790.4,65808.2,65611,65773.5,1065.555,70028289.3901
1784775600000,65773.5,65786.5,65536.8,65621.7,1512.01,99233642.4489
1784779200000,65621.7,65706.9,65560,65584,1006.976,66080482.8563
1784782800000,65584,65770,65540,65653.7,973.795,63934719.2054
1784786400000,65653.7,65784.7,65587.9,65758.3,754.85,49590788.4019
1784790000000,65758.3,65758.4,65314.9,65402.7,3492.057,228469058.715
1784793600000,65402.7,65632,65369.7,65594.8,1182.597,77488962.5889
1784797200000,65594.8,65724.4,65570.3,65608.5,1129.468,74168439.5975
1784800800000,65608.5,65756.7,65555.5,65701.2,956.687,62849363.2846
1784804400000,65701.2,65709.6,65509,65530.1,1080.624,70897181.4725
1784808000000,65530.1,65558.1,64951.5,65130.4,5698.763,371623482.7273
1784811600000,65130.4,65196.6,64821.8,64847,5417.307,352123189.2491
1784815200000,64847,65191.5,64766,64872.1,3885.377,252394250.5435
1784818800000,64872.1,65000,64684,64927.2,3376.159,218879577.9123
1784822400000,64927.2,64927.3,64662.6,64724,1992.311,129038899.5371
1784826000000,64724,64869.6,64581.8,64648.9,2261.683,146422375.0175
1784829600000,64648.9,64932.2,64647.3,64836.9,1480.822,95903610.1206
1784833200000,64836.9,64904.8,64657.9,64819.5,1734.076,112328765.0368
1784836800000,64819.5,65175.8,64805.2,65111.8,2324.444,151203753.3138
1784840400000,65111.8,65198.3,64971.1,65144.9,1460.972,95083084.5565
1784844000000,65144.9,65195.7,64985,65162.1,1154.97,75206039.4416
1784847600000,65162.1,65189.2,65012.2,65065.8,1195.155,77808150.0868
1784851200000,65065.8,65081.1,64712.8,64942.9,2345.035,152096538.6058
1784854800000,64942.9,65139.7,64911.6,65044.9,1539.731,100159182.1854
1784858400000,65044.9,65164,64884.7,65091.5,983.913,63970713.4853
1784862000000,65091.5,65442.3,65044.6,65419.9,2602.761,169973206.9179
1784865600000,65419.9,65436,65234.4,65285.9,1108.768,72451851.5415
1784869200000,65285.9,65369,65207.7,65287,738.027,48184541.4646
1784872800000,65287,65495.2,65244.5,65448.6,1266.552,82841876.0678
1784876400000,65448.6,65784.7,65331.3,65472.8,4763.921,312359667.4702
1784880000000,65472.8,65488,65262.8,65277,1519.274,99326066.5969
1784883600000,65277,65294.4,64924.8,65087.9,2726.789,177410480.3371
1784887200000,65087.9,65129.6,64856.8,64924.7,1354.715,88012683.1861
1784890800000,64924.7,65070,64815.1,65047.8,1628.253,105770551.2212
1784894400000,65047.8,65109.8,64704.4,64745.6,2440.322,158352311.6802
1784898000000,64745.6,64774,63882.4,64127.9,11425.54,734724660.9748
1784901600000,64127.9,64173.8,63700.7,64026.7,8532.792,545085457.23
1784905200000,64026.7,64296.2,63815.2,64059.8,7263.149,465502709.348
1784908800000,64059.8,64171.2,63845,63923,2079.095,133048875.6778
1784912400000,63923,64179.3,63871.5,64145.4,1865.066,119433069.0997
1784916000000,64145.4,64255.1,64091.2,64232.2,1155.318,74118652.3948
1784919600000,64232.2,64254,64103.6,64192.3,957.967,61476733.5667
1784923200000,64192.3,64249.7,64091.5,64133.9,929.159,59612887.5058
1784926800000,64133.9,64194.3,64081,64109.1,885.788,56810613.6289
1784930400000,64109.1,64187.6,64083.4,64129.6,414.976,26613322.009
1784934000000,64129.6,64147.4,64102,64113,281.962,18081390.6677
1784937600000,64113,64145,64002.3,64040.2,661.1,42361246.9777
1784941200000,64040.2,64134.3,63975,64035.6,761.825,48787547.7508
1784944800000,64035.6,64068.7,63978.7,64008,746.116,47754403.106
1784948400000,64008,64066.8,63984.8,64044.3,312.426,20005869.9448
1784952000000,64044.3,64165.4,64044.2,64144.9,420.375,26949996.0584
1784955600000,64144.9,64171.9,63937.4,63982.2,845.01,54122174.0443
1784959200000,63982.2,64027.9,63910,63980,587.919,37606346.2309
1784962800000,63980,64011.7,63960,63967.6,544.076,34813583.1923
1784966400000,63967.6,63972.7,63750.1,63838.5,2053.042,131077511.9339
1784970000000,63838.5,63989.2,63785,63966.7,796.579,50892889.1854
1784973600000,63966.7,64038.5,63951.3,64034.4,557.64,35685647.7865
1784977200000,64034.4,64072,64009.7,64029.1,390.11,24981524.4536
1784980800000,64029.1,64095,63996,64085,408.277,26146157.0855
1784984400000,64085,64237.1,64064,64137.3,924.499,59308893.2367
1784988000000,64137.3,64192,64081.5,64174,514.97,33029887.3978
1784991600000,64174,64241.2,64133.4,64145.5,607.887,39020253.2758
1784995200000,64145.5,64217.5,64075.6,64180.2,912.518,58529987.0841
1784998800000,64180.2,64317.2,64158.2,64235.8,962.274,61822499.6982
1785002400000,64235.8,64422.4,64235.8,64388.8,1405.801,90470832.5724
1785006000000,64388.8,64419.9,64332.5,64355.3,767.597,49411765.4831
1785009600000,64355.3,64362,64275.8,64298.7,447.783,28800816.2857
1785013200000,64298.7,64406.7,64215.9,64317.2,968.604,62278418.7504
1785016800000,64317.2,64400,64316.9,64374.4,488.507,31437710.0351
1785020400000,64374.4,64397.3,64326.4,64335.1,442.978,28510286.6205
1785024000000,64335.1,64481,64313.1,64480,731.263,47102100.3042
1785027600000,64480,64519,64414.5,64430.6,513.126,33076538.5594
1785031200000,64430.6,64498.4,64390,64481.7,344.345,22188216.4403
1785034800000,64481.7,64550.9,64449.7,64516,716.939,46254515.579
1785038400000,64516,64568.9,64461,64495.3,487.643,31457819.0946
1785042000000,64495.3,64495.3,64369.5,64389,711.895,45867870.4773
1785045600000,64389,64421.7,64256.8,64409,1175.154,75604907.9943
1785049200000,64409,64433,64313.1,64342.3,618.167,39784136.105
1785052800000,64342.3,64466,64318.1,64451.5,499.742,32174611.1164
1785056400000,64451.5,64520,64445.9,64503.7,775.748,50031740.5107
1785060000000,64503.7,64550,64459.9,64485.5,618.07,39862893.6201
1785063600000,64485.5,64506.7,64454.5,64479.7,379.484,24467664.5002
1785067200000,64479.7,64626,64401.6,64430,1303.96,84148279.2579
1785070800000,64430,64548.6,64375.6,64488.2,723.279,46617573.0914
1785074400000,64488.2,64750,64488.1,64686.7,2957.244,191244245.7004
1785078000000,64686.7,64800,64639.5,64733.1,1282.485,83018494.9072
1785081600000,64733.1,64912,64665.7,64693.1,2101.243,136154162.1862
1785085200000,64693.1,64772.1,64636.1,64665.5,670.61,43379133.4799
1785088800000,64665.5,64741.7,64634.7,64709.3,391.66,25330922.8129
1785092400000,64709.3,64729.6,64639.6,64667.5,394.516,25519026.8813
1785096000000,64667.5,64681.1,64601.6,64620.4,321.335,20770374.9002
1785099600000,64620.4,64893.2,64616.7,64825.7,1063.875,68916765.8401
1785103200000,64825.7,65480,64825.7,65382.2,6657.137,434144186.7533
1785106800000,65382.2,65559.4,65240.8,65376,2246.546,146928521.1116
1785110400000,65376,65398.1,65035.2,65110.6,2039.14,132885207.7505
1785114000000,65110.6,65191.5,64868.1,65178.3,2005.83,130485028.6501
1785117600000,65178.3,65253,65087,65145.7,1063.849,69329875.0011
1785121200000,65145.7,65342.9,65145,65259.3,985.036,64274983.0128
1785124800000,65259.3,65476.6,65210.7,65258.9,1237.592,80850195.4667
1785128400000,65258.9,65493.4,65247.5,65436.3,928.425,60689993.2584
1785132000000,65436.3,65749.2,65348,65385.1,3361.141,220282670.6539
1785135600000,65385.1,65420,65183.9,65201.4,1908.875,124665920.336
1785139200000,65201.4,65234.3,65096.7,65127.1,1363.646,88870583.2158
1785142800000,65127.1,65322.4,65064.3,65233.6,1255.477,81855450.6183
1785146400000,65233.6,65406.2,65203,65309.9,1113.608,72729097.952
1785150000000,65309.9,65312.6,65051.2,65072.6,1158.93,75523136.4831
1785153600000,65072.6,65245.6,64808.1,65061,3367.012,218875910.6902
1785157200000,65061,65692.9,64880,65186.6,6858.221,448114335.8623
1785160800000,65186.6,65402.6,64416.3,64660,9057.805,587057104.2533
1785164400000,64660,64749.9,64374.1,64514.6,3216.156,207712316.4154
1785168000000,64514.6,64941.5,64476.4,64871.2,2877.405,186230802.3337
1785171600000,64871.2,65069.6,64750.1,64994.3,1578.132,102494251.8172
1785175200000,64994.3,65034.7,64709.7,64846.8,1696.28,109973675.7734
1785178800000,64846.8,65057.5,64777.1,64946.7,1470.943,95525248.4473
1785182400000,64946.7,65025.1,64875.8,64939.4,657.284,42690596.4148
1785186000000,64939.4,64939.4,64756.2,64794.8,590.532,38285764.6236
1785189600000,64794.8,64794.8,63750.3,63750.4,5778.692,371023628.5126
1785193200000,63750.4,63932.3,63565,63724.5,6862.808,437328653.2285
1785196800000,63724.5,63793.6,63423.1,63446.1,3935.228,250268245.8542
1785200400000,63446.1,63498,63023.1,63196.3,6853.042,433296955.331
1785204000000,63196.3,63276.1,63073,63147,1461.993,92357368.5558
1785207600000,63147,63344.8,63119.9,63310.3,1616.383,102237883.8817
1785211200000,63310.3,63330,63183.4,63317.7,1105.097,69924723.0236
1785214800000,63317.7,63588,63284,63411.6,2200.193,139622643.4449
1785218400000,63411.6,63630,63360.3,63599.1,1349.086,85665583.5677
1785222000000,63599.1,63621,63415,63465.8,1543.96,98042078.2427
1785225600000,63465.8,63499.4,63364.5,63394.5,1457.728,92460003.6359
1785229200000,63394.5,63544.5,63327.1,63361.6,1284.239,81472252.596
1785232800000,63361.6,63523.7,63250.1,63438.1,1892.12,119918669.3883
1785236400000,63438.1,63567.5,63312,63427.3,2121.773,134591269.899
1785240000000,63427.3,63536,63336.3,63512.4,1421.536,90197250.1628
1785243600000,63512.4,63566.7,62707.4,63075,8017.348,505483815.4737
1785247200000,63075,63558,62914.7,63386.4,5699.593,360458899.5297
1785250800000,63386.4,64048.7,63236.8,63899.8,7974.287,508060445.4462
1785254400000,63899.8,64087.5,63747.2,64013.2,2553.067,163162590.7639
1785258000000,64013.2,64013.2,63471.3,63660,2929.916,186609546.0222
1785261600000,63660,63840.1,63642.1,63705.9,1763,112332899.9669
1785265200000,63705.9,63880,63646.9,63872.3,1273.192,81176193.4236
1785268800000,63872.3,64019.7,63845.9,63887.2,1487.758,95102338.9357
1785272400000,63887.2,64047.8,63863.4,63947.4,941.547,60216391.3335
1785276000000,63947.4,63994,63724.5,63750.2,1412.331,90172759.7275
1785279600000,63750.2,63927.7,63525,63901.7,3059.833,194964306.3961
1785283200000,63901.7,64174.2,63843.1,63924.4,2539.456,162578758.7348
1785286800000,63924.4,63976,63654.1,63672.7,1586.838,101270734.0787
1785290400000,63672.7,64111.4,63622.4,63952.2,2043.515,130553348.832
1785294000000,63952.2,63976.9,63662.4,63719.9,1475.205,94087727.7717
1785297600000,63719.9,63947.9,63557.2,63947.1,1713.074,109228509.7237
1785301200000,63947.1,64069,63860.8,64035.6,1563.225,100001546.6706
1785304800000,64035.6,64434.7,63988.9,64406.3,3220.626,207047139.1874
1785308400000,64406.3,64540.8,64370.4,64537.9,1943.814,125277405.6054
1785312000000,64537.9,64562.1,64240,64397.6,2526.401,162660115.6762
1785315600000,64397.6,64721.3,64357.1,64669.4,2741.071,177007278.4055
1785319200000,64669.4,64694.2,64381.7,64445.8,1732.045,111847865.5847
1785322800000,64445.8,64570,64391.2,64484.7,1065.057,68653948.561
1785326400000,64484.7,64485,64192.2,64252.8,1990.914,128060888.5431
1785330000000,64252.8,64657.6,64110,64645.4,4759.359,306224095.0076
1785333600000,64645.4,64690.3,64015,64078.5,4604.298,295865448.6935
1785337200000,64078.5,64175.9,63860.2,63941.4,3766.696,241122777.7025
1785340800000,63941.4,64133.4,63568,63782.9,4529.22,289002035.3594
1785344400000,63782.9,64275,63668.5,64252.7,3421.913,218692149.7609
1785348000000,64252.7,64733,63746.5,64484.9,12996.064,835773249.0816
1785351600000,64484.9,64578,63464.8,63556.1,7562.427,484007342.1392
1785355200000,63556.1,63700,63337.4,63482.9,4283.128,272069858.6052
1785358800000,63482.9,63830,63176,63830,3478.205,220773691.9283
1785362400000,63830,64098.8,63827.5,63908.7,2689.033,171981535.4397
1785366000000,63908.7,64042.9,63849.9,63952.6,1602.551,102460779.4543
1785369600000,63952.6,64092.6,63580,63669.8,2094.704,133671283.6375
1785373200000,63669.8,64361.8,63653.9,64243.2,2608.784,167021421.6754
1785376800000,64243.2,64390,64135,64169.6,1683.815,108216170.9943
1785380400000,64169.6,64281.5,64086.3,64141.4,1061.277,68112833.998
1785384000000,64141.4,64155,63975,63998.8,835.392,53531928.3106
1785387600000,63998.8,64166,63879.9,64012.4,1767.325,113113797.8559
1785391200000,64012.4,64059.9,63925.4,63976.6,635.001,40630344.7092
1785394800000,63976.6,64130.7,63913.1,63984.1,1256.368,80441792.8888
1785398400000,63984.1,64336,63950,64277.2,1910.542,122647347.8582
1785402000000,64277.2,64617.9,64252.7,64544.7,2736.13,176482197.5341
1785405600000,64544.7,64610,64534.3,64548,1017.883,65724458.8844
1785409200000,64548,64868.6,64512.6,64758,2830.358,183140007.3447
1785412800000,64758,64998.8,64752.2,64887.6,3607.375,234025858.9436
1785416400000,64887.6,65186.3,64659,64997.1,4757.636,308880171.2374
1785420000000,64997.1,65023.6,64584.2,64654.2,3490.961,226064990.5651
1785423600000,64654.2,64868.8,64569.3,64700,1601.883,103654104.2415
1785427200000,64700,64938.4,64697.6,64792.7,1256.917,81483480.3304
1785430800000,64792.7,64965,64743.6,64844.6,893.502,57961582.8039
1785434400000,64844.6,64876,64654.3,64671.3,990.238,64109370.9382
1785438000000,64671.3,64889.5,64671.3,64776.5,1061.404,68781648.9038
1785441600000,64776.5,64915.3,64724.1,64755.9,1257.06,81470211.1174
1785445200000,64755.9,64784.6,64684,64706.6,561.216,36329275.1352
1785448800000,64706.6,65009.5,64635.3,64826.3,2238.966,145246186.9384
1785452400000,64826.3,65080,64687.6,64751.1,2902.555,188408602.9772
1785456000000,64751.1,64877.7,64654.9,64701.8,1205.174,78045724.0466
1785459600000,64701.8,65391.6,64450,64537.7,6477.602,420787608.5553
1785463200000,64537.7,64596.5,64170.1,64269.8,4163.221,267877232.4545
1785466800000,64269.8,64419,64139.3,64334.4,2383.461,153238085.4283
1785470400000,64334.4,64409.1,64200,64273.9,1958.086,125895894.8343
1785474000000,64273.9,64390,64230.2,64321.9,1454.257,93534334.1116
1785477600000,64321.9,64458,64156.4,64199,1650.016,106089520.3688
1785481200000,64199,64217.6,63785.4,63905.1,3958.686,253216995.1244
1785484800000,63905.1,63947,63763.4,63797.6,2545.534,162565116.5827
1785488400000,63797.6,63816.6,63602.6,63687.9,2178.827,138791712.3176
1785492000000,63687.9,63922.1,63567.3,63878.6,1807.602,115270927.0081
1785495600000,63878.6,63982.8,63752.4,63773.3,1827.279,116709366.5665
1785499200000,63773.3,63794.5,63593,63725.2,1800.889,114702742.3267
1785502800000,63725.2,63801,63208,63248,6309.154,400569930.4034
1785506400000,63248,63285.9,62384.9,62664.8,18598.095,1166154134.1989
1785510000000,62664.8,62739.9,62452.6,62691,3293.542,206260901.0084
1785513600000,62691,62904.8,62677,62837.5,2071.16,130115806.5344
1785517200000,62837.5,63267.6,62767.8,63209.9,2636.148,166178243.9994
1785520800000,63209.9,63268.2,62932.7,63070,2521.914,159118563.0546
1785524400000,63070,63135.4,62888.7,62939.3,1559.818,98227585.1772
1785528000000,62939.3,63008.1,62896.8,62929.8,1100.86,69307488.8783
1785531600000,62929.8,63030,62804.4,62922.9,1487.98,93629833.7308
1785535200000,62922.9,62994.3,62821.2,62913.6,608.599,38295380.8794
1785538800000,62913.6,62988.6,62828.1,62857.8,353.568,22244390.9002
1785542400000,62857.8,63022.1,62856.6,62907.9,705.38,44400729.9337
1785546000000,62907.9,62966.2,62888.9,62945.7,477.231,30027903.6907
1785549600000,62945.7,63070,62945.6,63040.4,606.201,38206110.0034
1785553200000,63040.4,63055.9,62936.1,62974.2,682.219,42967051.9503
1785556800000,62974.2,63076,62963,63069.8,295.887,18648612.6441
1785560400000,63069.8,63110.3,62963.6,62999.8,644.072,40611254.6565
1785564000000,62999.8,63047.7,62963.6,63046,306.684,19325195.2651
1785567600000,63046,63081.8,62999,63011.1,452.538,28520235.1206
1785571200000,63011.1,63118.3,63011.1,63090,330.74,20860771.5192
1785574800000,63090,63110.4,63012,63014.8,566.329,35721462.4793
1785578400000,63014.8,63080,62950.4,63030.6,564.003,35533796.4209
1785582000000,63030.6,63065.6,63011.1,63049,291.77,18393404.8528
1785585600000,63049,63094.5,63049,63069.2,354.729,22375263.4126
1785589200000,63069.2,63076.1,63021,63038.6,292.028,18413309.873
1785592800000,63038.6,63100,63038.6,63099.7,483.524,30498026.5036
1785596400000,63099.7,63109.5,62968,62972.7,478.051,30140142.0579
1785600000000,62972.7,62999.6,62839,62904.7,995.937,62666848.1846
1785603600000,62904.7,62969.6,62576.6,62677.1,2946.351,184833789.0838
1785607200000,62677.1,62709.1,62240,62551.3,5427.734,338891440.8969
1785610800000,62551.3,62623.5,62422.7,62496.8,1758.959,109981354.2376
1785614400000,62496.8,62638.5,62453.3,62625.9,1117.316,69899895.3667
1785618000000,62625.9,62843.3,62625.8,62792.2,1660.072,104163843.4404
1785621600000,62792.2,62839.9,62759.8,62800,497.13,31224133.9042
1785625200000,62800,62827.8,62729.2,62790.3,752.344,47223831.0614
1785628800000,62790.3,62953.3,62782.1,62812.2,1176.695,73983972.0613
1785632400000,62812.2,63110,62812.2,62958.2,2393.073,150772493.2444
1785636000000,62958.2,63537.5,62931.2,63422.9,5574.258,353185484.5949
1785639600000,63422.9,63550.5,63355,63439.9,2019.987,128205341.9871
1785643200000,63439.9,63606.4,63439.9,63558.4,972.987,61813874.6481
1785646800000,63558.4,63617.2,63376.6,63431.5,1370.269,86942425.347
1785650400000,63431.5,63481.7,63405.5,63457.8,567.949,36032942.7455
1785654000000,63457.8,63520,63446.6,63469.1,758.756,48161099.5163
1785657600000,63469.1,63508.1,63138,63166.1,2908.518,184181660.1297
1785661200000,63166.1,63298.7,63057.5,63242.6,1208.632,76392884.8789
1785664800000,63242.6,63245.2,63066.1,63170.9,1183.958,74758720.03
1785668400000,63170.9,63175.8,62953,62999.8,1363.597,86006867.2661
1785672000000,62999.8,63217.1,62999.7,63097.9,1099.045,69382224.8757
1785675600000,63097.9,63117,62970,63089.5,850.86,53650717.5039
1785679200000,63089.5,63181.9,63023.9,63036.6,875.572,55244875.4123
1785682800000,63036.6,63156,63017.1,63074.8,509.572,32149384.0436
1785686400000,63074.8,63248.4,63030.1,63152.7,953.384,60212055.9321
1785690000000,63152.7,63321.7,63120,63280,946.781,59876169.6808
1785693600000,63280,63590,63265,63356.5,1897.439,120335552.3341
1785697200000,63356.5,63456.6,63302.2,63424.9,609.995,38649662.8626
1785700800000,63424.9,63474.4,63363,63466.1,545.339,34583942.6377
1785704400000,63466.1,63751,63450,63549.5,2221.608,141283330.5219
1785708000000,63549.5,63770,63343.7,63385.8,2208.811,140336238.4529
1785711600000,63385.8,63565,63304.8,63545.9,1701.771,107956180.0771
1785715200000,63545.9,63574.4,63152.1,63287.1,1918.806,121492387.6032
1785718800000,63287.1,63323.9,63058.8,63182.7,1704.03,107660871.2567
1785722400000,63182.7,63264.1,63067.1,63110.5,1061.079,67010144.5745
1785726000000,63110.5,63140.9,62741.8,62830,2213.212,139277105.5997
1785729600000,62830,62968.3,62714.2,62754.7,1893.671,119025638.4061
1785733200000,62754.7,62840.3,62703.3,62795.9,1633.412,102562876.0532
1785736800000,62795.9,62842.2,62579.9,62598.1,2190.962,137312852.5888
1785740400000,62598.1,62669.9,62500,62591.5,2191.147,137160035.5778
1785744000000,62591.5,62622.6,62266.6,62509.1,3552.416,221703193.8367
1785747600000,62509.1,62832,62490.4,62798.5,2219.607,139055753.5899
1785751200000,62798.5,62831.7,62577.1,62711.8,2378.458,149151651.3294
1785754800000,62711.8,62754,62494.4,62533.9,2120.519,132823668.39
1785758400000,62533.9,62800.3,62404.4,62675.2,3859.443,241759368.8939
1785762000000,62675.2,63392,62531.3,63323.6,7149.23,449775133.2718
1785765600000,63323.6,63970,63113,63935.2,12170.767,773955302.9558
1785769200000,63935.2,63965.6,63599.8,63661.8,4961.477,316309207.7652
1785772800000,63661.8,63913.7,63624.2,63737.1,2859.009,182392506.447
1785776400000,63737.1,64043.3,63678.2,63877.6,2400.364,153312373.814
1785780000000,63877.6,63967.3,63721.3,63833.8,1294.121,82634296.2606
1785783600000,63833.8,64067.8,63807.3,63838.2,1889.123,120780678.2326
1785787200000,63838.2,64000,63728.2,63754.6,1311.53,83753742.9568
1785790800000,63754.6,63765.9,63520.5,63560.3,2081.576,132466641.0117
1785794400000,63560.3,63663.8,63361.2,63588.3,1975.459,125454810.4966
1785798000000,63588.3,63600.1,63438,63504,789.509,50144556.3846
1785801600000,63504,63568.2,63286.4,63337.6,1634.057,103592241.958
1785805200000,63337.6,63904,63331.4,63823.8,4087.46,260398341.8806
1785808800000,63823.8,63964.5,63652.2,63797.9,1463.746,93374033.9113
1785812400000,63797.9,63839.8,63621.6,63776.3,1249.001,79597239.9171
1785816000000,63776.3,64230,63737.9,64010.2,4778.601,305967250.2078
1785819600000,64010.2,64035.1,63770,63790.6,1702.35,108710511.9002
1785823200000,63790.6,63844.6,63628,63654.6,1274.529,81215045.1948
1785826800000,63654.6,63741,63474.7,63662.7,1757.774,111817022.9595
1785830400000,63662.7,63726.4,63535.1,63558.3,802.961,51071116.7021
1785834000000,63558.3,63600.5,63482.2,63580.7,1126.972,71612533.9805
1785837600000,63580.7,63820.1,63423.9,63737.6,2103.444,133787211.2279
1785841200000,63737.6,63920,63680,63891.1,1700.013,108476323.7727
1785844800000,63891.1,64053.1,63760,63876.1,1880.298,120168167.1791
1785848400000,63876.1,64081.6,63611.9,63662.9,4447.704,284020130.9046
1785852000000,63662.9,64165,63581.5,64097.3,4270.825,272928686.9262
1785855600000,64097.3,64269.1,63778,64095,4392.279,281373714.5817
1785859200000,64095,64108.1,63870,63927.1,1476.938,94524582.0741
1785862800000,63927.1,64165,63857.6,63940.1,1686.723,108008516.4678
1785866400000,63940.1,64388.3,63934.3,64276.2,3584.431,230313221.9378
1785870000000,64276.2,64382,64156.6,64206,1480.159,95141294.4282
1785873600000,64206,64407.5,63977,64316,3894.926,250068997.6841
1785877200000,64316,64316,64145.2,64165.1,1232.987,79179887.1166
1785880800000,64165.1,64265.4,64104.6,64241,655.664,42084124.0552
1785884400000,64241,64500,64054.1,64076.5,2615.81,168231441.0248
1785888000000,64076.5,64184,63948.5,63969.8,2340.195,149838115.6299
1785891600000,63969.8,64321.1,63918.5,64305,1811.609,116181882.635
1785895200000,64305,64488,64299,64341.1,2440.604,157166714.3557
1785898800000,64341.1,64440,64018,64153.9,2680.923,172053818.3709
1785902400000,64153.9,64200,64060.9,64147.7,669.189,42912806.9109
1785906000000,64147.7,64500,64134.5,64309.5,2619.014,168537013.3429
1785909600000,64309.5,64347,64205.2,64229.9,891.629,57319817.7557
1785913200000,64229.9,64253.7,63958.7,64141.4,2147.185,137566332.6738
1785916800000,64141.4,64262.4,64071.1,64100.1,1430.275,91777636.2207
1785920400000,64100.1,64184.9,64074.1,64128.1,604.152,38745894.8789
1785924000000,64128.1,64217.8,63984,64032.7,1116.833,71585993.7973
1785927600000,64032.7,64133.2,64015.2,64045,913.936,58547261.3015
1785931200000,64045,64617.7,64018.6,64301.3,5315.451,342333100.5914
1785934800000,64301.3,64388,63850,64380,8591.23,550713133.1294
1785938400000,64380,64562,64249.4,64441.2,5740.015,369605733.2516
1785942000000,64441.2,64717.5,64352,64352,6726.231,434185717.9016
1785945600000,64352,64733.3,64352,64632.8,3042.312,196581078.1302
1785949200000,64632.8,64785.2,64505,64730.5,1706.256,110329542.5043
1785952800000,64730.5,64829.5,64640,64764.1,1830.425,118482017.6297
1785956400000,64764.1,64912.3,64750,64806.4,1972.888,127951663.5106
1785960000000,64806.4,65000,64775.5,64800,3688.543,239391989.4332
1785963600000,64800,64800.1,64625,64699.9,1891.042,122359838.2977
1785967200000,64699.9,64754.5,64586.5,64602,921.685,59606017.1473
1785970800000,64602,64719.2,64543.8,64627.3,996.13,64367853.0144
1785974400000,64627.3,64691,64535,64606.3,1129.237,72961105.6172
1785978000000,64606.3,64629.2,64460,64553.7,1050.948,67838617.7713
1785981600000,64553.7,64620.6,64405,64549.3,1408.542,90841403.8765
1785985200000,64549.3,64551.6,64457.6,64493.9,615.274,39687736.3807
1785988800000,64493.9,64707.1,64462.5,64697.9,1259.585,81414595.3568
1785992400000,64697.9,64980,64696.3,64878.9,2711.014,175891583.9452
1785996000000,64878.9,64879,64711.4,64832.4,799.034,51772280.475
1785999600000,64832.4,64939.2,64747.1,64791.2,1079.655,70015561.8353
1786003200000,64791.2,64977,64726.8,64915,1207.277,78291915.3073
1786006800000,64915,64920.8,64600,64650.3,3444.893,223008205.4772
1786010400000,64650.3,64659.5,64547.1,64590.1,1001.224,64684824.0248
1786014000000,64590.1,64629,64471.4,64591.8,1661.513,107264412.0663
1786017600000,64591.8,64610.8,64355,64388.6,2409.708,155336173.7653
1786021200000,64388.6,64516.5,64137.1,64400.2,5839.827,375435532.6366
1786024800000,64400.2,64821,64319.9,64743.7,4570.248,295162276.1931
1786028400000,64743.7,64961,64590.9,64600.7,4731.444,306513331.0791
1786032000000,64600.7,64749.7,64555,64722,1653.851,106903172.881
1786035600000,64722,64807.7,64509,64585.6,1234.334,79793888.0901
1786039200000,64585.6,64591.7,64337.8,64380.8,1744.091,112406330.6564
1786042800000,64380.8,64437.5,64315.7,64412.4,1244.191,80115469.3909
1786046400000,64412.4,64502.3,64403,64403.9,943.548,60822000.8254
1786050000000,64403.9,64484,64370.1,64409.2,806.213,51942034.2889
1786053600000,64409.2,64419.2,64282.3,64318,793.183,51035137.6605
1786057200000,64318,64332.8,64155,64288.4,1590.124,102135200.1289
1786060800000,64288.4,64378.9,64191.7,64286.8,2004.52,128837703.0668
1786064400000,64286.8,64448.3,64258.8,64390.1,1116.276,71842222.0288
1786068000000,64390.1,64528.4,64214.4,64360.3,1967.539,126643808.1178
1786071600000,64360.3,64376.9,64220.8,64257.1,921.118,59228829.2526
1786075200000,64257.1,64333,64112,64224.2,1668.014,107150395.6555
1786078800000,64224.2,64369.3,64139.8,64301,1274.229,81850210.6762
1786082400000,64301,64435.3,64245.2,64271.5,2154.89,138601412.1533
1786086000000,64271.5,64396.9,64222,64288.8,1464.576,94221176.2105
1786089600000,64288.8,64648,64266.4,64577.7,2966.809,191406197.4579
1786093200000,64577.7,64938,64577.6,64812.3,4740.117,307172911.1909
1786096800000,64812.3,64886.5,64770,64869.2,1413.803,91655166.4604
1786100400000,64869.2,65198.3,64860.2,65001.8,5782.69,375983790.408
1786104000000,65001.8,65366.8,64954,65267.5,8347.237,543984194.2815
1786107600000,65267.5,65319.8,64960.6,64984.2,4772.832,311105852.6474
1786111200000,64984.2,65248,64751.9,64931.1,6709.422,435978803.9694
1786114800000,64931.1,65112,64860,64889.9,1796.266,116708384.28
1786118400000,64889.9,65050,64776.5,64779.6,1489.904,96694348.3526
1786122000000,64779.6,64805.6,64494.7,64737.1,4888.39,316006433.776
1786125600000,64737.1,64850,64650,64701.4,1167.853,75641112.3777
1786129200000,64701.4,64998,64701.3,64922.5,1698.885,110271039.728
1786132800000,64922.5,65014.6,64913.4,64937.8,666.772,43306250.3462
1786136400000,64937.8,65080,64892.2,64895.3,987.283,64138967.6692
1786140000000,64895.3,64917.4,64800.7,64845.3,698.131,45284889.6492
1786143600000,64845.3,64888.3,64840.8,64883.1,242.118,15705346.4381
1786147200000,64883.1,64920.6,64773.4,64881.7,785.634,50948971.1149
1786150800000,64881.7,64924.3,64869.6,64873.8,332.603,21582312.8133
1786154400000,64873.8,64927.3,64855.4,64886,470.751,30545389.6827
1786158000000,64886,65048.9,64880.4,64998.7,825.192,53616767.5875
1786161600000,64998.7,65034.8,64932.1,64974,427.426,27776613.1855
1786165200000,64974,64997,64940.3,64968.5,294.388,19127732.1345
1786168800000,64968.5,64993.3,64931.6,64974.7,355.189,23071099.7461
1786172400000,64974.7,64977.3,64919.5,64934.4,261.989,17015709.4719
1786176000000,64934.4,64988,64920.1,64959.6,393.182,25538252.622
1786179600000,64959.6,65022.5,64952.3,64955.6,433.841,28189006.762
1786183200000,64955.6,64993.8,64955.5,64975.3,273.123,17746495.9803
1786186800000,64975.3,64986.5,64915.2,64930.5,312.473,20292165.2244
1786190400000,64930.5,65030.7,64880,64968,760.713,49411468.0199
1786194000000,64968,64998.6,64961.9,64989.6,258.478,16796914.3782
1786197600000,64989.6,65175.3,64989.6,65090.7,1617.251,105277219.3254
1786201200000,65090.7,65117,65028,65043.1,550.069,35789440.8825
1786204800000,65043.1,65092.3,65003.3,65052.4,333.252,21674182.9641
1786208400000,65052.4,65129.3,65044.4,65082.8,378.613,24642426.1144
1786212000000,65082.8,65095.3,64979.8,65007.7,398.276,25898291.5554
1786215600000,65007.7,65061,64975.4,65036.9,345.043,22429038.7736
1786219200000,65036.9,65060.4,65022.1,65043,130.286,8473741.8948
1786222800000,65043,65044.2,64963.2,64987.9,426.815,27745212.9433
1786226400000,64987.9,65013.2,64910.9,64911.1,347.156,22550720.5776
1786230000000,64911.1,64946.3,64896.7,64929.4,336.599,21851360.3562
1786233600000,64929.4,64963.7,64928.5,64943.6,231.899,15059228.7265
1786237200000,64943.6,64974.8,64825.3,64843.5,1076.848,69858470.5237
1786240800000,64843.5,64843.5,64740.4,64786.7,1146.167,74265888.5176
1786244400000,64786.7,64788.4,64694.4,64758.4,824.505,53384323.9965
1786248000000,64758.4,64807.1,64753.9,64756.6,534.682,34636637.457
1786251600000,64756.6,64776.7,64741.6,64776.6,283.464,18356207.9912
1786255200000,64776.6,64830,64767,64813.5,630.613,40868888.0337
1786258800000,64813.5,64830.7,64792.2,64792.4,517.608,33547313.5824
1786262400000,64792.4,64904,64761,64797.2,1043.589,67667506.1726
1786266000000,64797.2,64853.9,64779,64853.9,300.526,19474176.6367
1786269600000,64853.9,64948.8,64851.9,64926.9,868.278,56367610.653
1786273200000,64926.9,64979.9,64912.8,64921.7,606.724,39404333.6778
1786276800000,64921.7,64927.2,64863.4,64927.2,580.647,37683877.6201
1786280400000,64927.2,65242,64927.1,65199.6,3094.023,201505621.1874
1786284000000,65199.6,65282.3,65122.5,65241.8,1872.761,122093949.323
1786287600000,65241.8,65247.2,65180.3,65203,513.081,33458471.5679
1786291200000,65203,65238.8,65146,65206,605.372,39472902.4035
1786294800000,65206,65211,65166.6,65173.9,278.783,18173925.2653
1786298400000,65173.9,65202,65158.8,65171.4,229.542,14961731.2825
1786302000000,65171.4,65192.4,65154,65154.1,281.873,18370768.7509
1786305600000,65154.1,65163.6,65045.6,65117.1,902.485,58750826.7159
1786309200000,65117.1,65230,65097.5,65172.4,629.621,41026659.0391
1786312800000,65172.4,65547,64935.3,65041.3,4999.374,326246098.5704
1786316400000,65041.3,65080.7,64801.1,64863.5,1905.133,123642111.2875
1786320000000,64863.5,65297,64791,64943.8,3403.403,221289578.3046
1786323600000,64943.8,65372.7,64861.4,65172.6,2112.735,137584748.3967
1786327200000,65172.6,65199.5,64871.4,65074.9,1525.365,99204804.6992
1786330800000,65074.9,65149.9,64873,64948.7,1342.255,87235636.3283
1786334400000,64948.7,65073.1,64892.7,64978.9,656.463,42665777.8573
1786338000000,64978.9,65133,64950,65110,667.228,43398158.7793
1786341600000,65110,65313.2,65095.9,65274.3,1511.211,98534729.6831
1786345200000,65274.3,65344.9,65172.4,65183.8,1246.993,81389623.6645
1786348800000,65183.8,65300,65159.6,65216.9,1250.955,81601593.2373
1786352400000,65216.9,65217,64924.2,64940.3,1332.258,86656007.1408
1786356000000,64940.3,65051.5,64937.9,64989.3,1226.501,79723701.1869
1786359600000,64989.3,65109.1,64946.8,65100.3,915.704,59553976.886
1786363200000,65100.3,65215.8,64802.4,64841.7,2493.452,162037223.3812
1786366800000,64841.7,64942,64472.5,64533.1,5245.342,339298737.1193
1786370400000,64533.1,64850,64505.3,64589.7,3713.446,240204504.8306
1786374000000,64589.7,64684.8,64142.2,64256,11989.235,771079037.5837
1786377600000,64256,64326.5,63779.2,63878.1,8503.237,544605633.089
1786381200000,63878.1,64000,63786.9,63925,3196.232,204229699.1285
1786384800000,63925,63990.7,63781.2,63857.3,2140.229,136684102.446
1786388400000,63857.3,64074.9,63850.4,64020,1993.305,127502036.6351
1786392000000,64020,64174.4,63991.9,64131.2,1003.106,64290261.626
1786395600000,64131.2,64131.3,63946.2,63950.8,1003.377,64261437.2853
1786399200000,63950.8,64030.4,63903.3,63991,821.719,52567758.0773
1786402800000,63991,63995,63880.8,63946.8,744.849,47623981.3096
1786406400000,63946.8,64034,63855.9,64006.3,1214.483,77658229.0319
1786410000000,64006.3,64054.6,63920.6,64022.3,828.644,53034717.9074
1786413600000,64022.3,64060,63997.4,64009.8,509.351,32611902.2034
1786417200000,64009.8,64154.4,64009.8,64112.5,617.135,39556252.6657
1786420800000,64112.5,64128.9,63996,63996,552.319,35386024.4958
1786424400000,63996,64028.2,63931,63965.6,860.086,55021404.0089
1786428000000,63965.6,64028.4,63804.1,63941.7,1335.88,85363383.0114
1786431600000,63941.7,64082.3,63875.3,64034.9,1214.425,77722289.8778
1786435200000,64034.9,64122,64011.4,64107.9,711.293,45565217.4259
1786438800000,64107.9,64275,64098,64274.9,1576.014,101157798.3001
1786442400000,64274.9,64287.8,64157.1,64193.2,1379.009,88570662.4461
1786446000000,64193.2,64376.7,64193.2,64350,1691.122,108777427.0102
1786449600000,64350,64486.3,64252.4,64292.1,2631.006,169336853.5129
1786453200000,64292.1,64344.5,64012.3,64177.2,3080.389,197630718.8781
1786456800000,64177.2,64238.2,63667,63743.9,5646.722,360830529.9713
1786460400000,63743.9,63841.5,63395.2,63580.7,8076.358,513721592.1914
1786464000000,63580.7,63643.8,63425,63480.9,2577.437,163799567.862
1786467600000,63480.9,63609.7,63433,63576.6,1489.084,94591821.2581
1786471200000,63576.6,63604.8,63204.9,63348.8,4118.087,260988506.6296
1786474800000,63348.8,63512,63183.1,63503.3,2844.472,180149779.266
1786478400000,63503.3,63724.8,63503.3,63706.9,3585.492,228089033.017
1786482000000,63706.9,63744.5,63581.3,63636.8,1680.464,107004320.135
1786485600000,63636.8,63744.3,63588,63631,1145.77,72953683.4727
1786489200000,63631,63631,63516.7,63560.5,706.406,44906792.1871
1786492800000,63560.5,63721.8,63494.2,63719.7,994.221,63258041.1205
1786496400000,63719.7,63836,63660,63799.3,1296.585,82663844.4479
1786500000000,63799.3,63879.1,63695.8,63723.9,1344.034,85740240.8656
1786503600000,63723.9,63821.3,63676.2,63800,687.217,43810421.3852
1786507200000,63800,63867.7,63711,63753.2,839.951,53568222.5569
1786510800000,63753.2,63846.7,63700.4,63815.6,815.131,52007676.2512
1786514400000,63815.6,63815.6,63570.1,63689.3,1911.712,121684581.0741
1786518000000,63689.3,63807.6,63604.3,63800.3,878.396,55962488.0909
1786521600000,63800.3,63839.2,63738.5,63763.7,976.255,62269107.215
1786525200000,63763.7,64080,63739.1,64079.8,3113.767,199167966.6645
1786528800000,64079.8,64205.2,64031,64107,2727.313,174825428.3471
1786532400000,64107,64224.2,64083.1,64209.8,1522.031,97645098.7638
1786536000000,64209.8,64477,63946,64099.4,9338.835,599432553.42
1786539600000,64099.4,64139.5,63802.9,63802.9,4210.966,269264005.37
1786543200000,63802.9,63897.2,63327.6,63339.5,7549.371,480152991.9221
1786546800000,63339.5,63545.9,63280,63413,3600.611,228387547.5726
1786550400000,63413,63546,63335.3,63457.5,1942.728,123282542.6276
1786554000000,63457.5,63526.3,63380,63440.1,1055.745,66984782.0835
1786557600000,63440.1,63499.6,63343.8,63352.4,985.311,62475460.2904
1786561200000,63352.4,63439.9,63260.1,63396,1537.57,97387842.3499
1786564800000,63396,63578.7,63389.9,63578.7,1228.121,77972224.0137
1786568400000,63578.7,63633,63391.2,63436.8,1161.437,73763696.6968
1786572000000,63436.8,63503.2,63330,63402.3,889.745,56422596.7641
1786575600000,63402.3,63462.2,63340,63450.8,851.078,53956041.2868
1786579200000,63450.8,63690,63430.9,63526.4,1642.501,104408994.8297
1786582800000,63526.4,63608.1,63344.8,63423.9,1126.209,71456426.387
1786586400000,63423.9,63555.1,63341.7,63520.5,679.076,43086182.3572
1786590000000,63520.5,63664,63478.4,63622.1,1870.219,118896450.8823
1786593600000,63622.1,63748.7,63563,63662,1634.595,104066264.1007
1786597200000,63662,63994.4,63638.4,63845.6,2993.207,191169944.6781
1786600800000,63845.6,63920.9,63722.5,63920.8,1575.365,100551159.8906
1786604400000,63920.8,63925.9,63827.5,63838,662.133,42281398.2885
1786608000000,63838,63887.8,63710.8,63747.6,1002.07,63918409.5847
1786611600000,63747.6,63774,63548.2,63755.1,2030.091,129218857.6203
1786615200000,63755.1,63793.2,63548.9,63628.4,3064.091,194995621.6457
1786618800000,63628.4,63638,63317.5,63459.7,2910.63,184668506.4711
1786622400000,63459.7,63689,63414.7,63669.6,2114.339,134389557.7671
1786626000000,63669.6,63830.4,63523.5,63691.2,3631.444,231335368.7031
1786629600000,63691.2,63975.7,63644.6,63838.6,3025.584,193187108.6795
1786633200000,63838.6,63916.1,63386,63386,2899.876,184585182.158
1786636800000,63386,63548,62810.5,63130,11664.155,736706016.119
1786640400000,63130,63269.5,63041.2,63110.2,2469.527,155950748.9596
1786644000000,63110.2,63348.4,63088.8,63276.7,2206.911,139466666.3238
1786647600000,63276.7,63490.8,63276.6,63388.5,1780.592,112878196.2218
1786651200000,63388.5,63449,63337.4,63383.3,783.326,49656967.1591
1786654800000,63383.3,63470,63354.8,63448.1,1117.76,70887844.3055
1786658400000,63448.1,63617,63448.1,63498,1837.219,116752929.0274
1786662000000,63498,63511.6,63360.8,63461.9,836.258,53050173.2597
1786665600000,63461.9,63539.7,63381,63517.8,938.483,59562609.8133
1786669200000,63517.8,63570,63430.1,63549.2,1082.478,68746090.0454
1786672800000,63549.2,63597.6,63437.3,63437.3,742.859,47187749.4908
1786676400000,63437.3,63552.4,63268,63288.2,1163.361,73734668.1201
1786680000000,63288.2,63451.5,63228.2,63348.5,1095.254,69398496.439
1786683600000,63348.5,63375.8,63253.1,63354.1,981.79,62168021.9951
1786687200000,63354.1,63354.1,62892,62935.9,3517.352,221837968.8614
1786690800000,62935.9,63078.8,62870.1,62870.2,4389.016,276387092.6371
1786694400000,62870.2,62953.8,62651,62903.6,6240.586,391883210.2848
1786698000000,62903.6,62903.6,62700.1,62750,2110.263,132491293.1441
1786701600000,62750,62914.3,62700,62785.1,2244.205,140991079.4861
1786705200000,62785.1,62904.1,62773.2,62834.7,1062.162,66747815.8127
1786708800000,62834.7,62882,62688,62704,1750.72,109903656.8039
1786712400000,62704,62792.7,62560.4,62638.7,4309.997,270035710.6353
1786716000000,62638.7,62772,62505.1,62583.1,3167.919,198383038.1677
1786719600000,62583.1,63058.2,62579.2,62952.3,3555.222,223519864.9581
1786723200000,62952.3,63191.3,62934.9,63108.2,2394.378,151045765.6252
1786726800000,63108.2,63218,62962.4,62985.8,2642.503,166752138.158
1786730400000,62985.8,63054.3,62857.2,62901.8,1319.858,83096641.0811
1786734000000,62901.8,62970.5,62796.3,62935.4,1351.248,84959409.5253
1786737600000,62935.4,62998.3,62866.7,62877.9,798.927,50278789.4502
1786741200000,62877.9,62914,62847,62904,533.758,33560894.3959
1786744800000,62904,62937.4,62761.8,62854,773.895,48620686.7419
1786748400000,62854,63040,62834.8,63018.5,578.75,36432709.4443
1786752000000,63018.5,63039.3,62966.2,62993.3,502.881,31677520.1362
1786755600000,62993.3,63016.8,62961.1,63013.7,420.669,26500371.3633
1786759200000,63013.7,63110,63010,63109.9,505.861,31903456.5588
1786762800000,63109.9,63159.9,63010.1,63026.1,603.109,38042793.7647
1786766400000,63026.1,63122,63026.1,63088.8,303.38,19140244.009
1786770000000,63088.8,63129.4,63003.6,63053.5,444.211,28014599.7589
1786773600000,63053.5,63106.7,63000.8,63081.4,340.709,21479755.6331
1786777200000,63081.4,63102.1,63008,63047.1,657.588,41461251.5644
1786780800000,63047.1,63056,62892,62906.3,887.569,55896418.4346
1786784400000,62906.3,63017,62883.3,63004.1,576.906,36315429.3751
1786788000000,63004.1,63020,62967.1,63008.7,244.998,15433813.1583
1786791600000,63008.7,63031.7,62960.3,62989.9,300.521,18930352.8239
1786795200000,62989.9,63037.9,62914.5,63028.8,677.565,42667425.0793
1786798800000,63028.8,63058.6,62990.3,63026.1,453.612,28588422.9442
1786802400000,63026.1,63026.1,62966.3,63008.8,257.165,16203380.9134
1786806000000,63008.8,63099.7,63000,63065.7,388.727,24510913.1791
1786809600000,63065.7,63093.2,63033.2,63064.1,299.027,18858246.9376
1786813200000,63064.1,63076,63030.4,63044.4,190.491,12009446.6342
1786816800000,63044.4,63089.6,63000.1,63027.8,385.721,24314058.6517
1786820400000,63027.8,63095.2,63027.7,63095.2,245.098,15459076.3701
1786824000000,63095.2,63095.2,63041.6,63078.8,219.906,13868289.4513
1786827600000,63078.8,63139,63071.1,63124.6,424.478,26789594.5755
1786831200000,63124.6,63146,63093.6,63099.9,273.598,17268878.218
1786834800000,63099.9,63124.5,63055,63059.2,348.268,21971538.2729
1786838400000,63059.2,63062,63032.7,63051.2,302.342,19060861.3373
1786842000000,63051.2,63053.9,62970.1,63052.2,703.293,44312148.337
1786845600000,63052.2,63126.3,62990,63094,757.179,47758271.1095
1786849200000,63094,63098.7,63083.7,63098.1,125.48,7917004.1923
1786852800000,63098.1,63130.4,63052.4,63052.5,197.155,12440934.8241
1786856400000,63052.5,63068.3,63003.8,63028.1,366.274,23087756.3481
1786860000000,63028.1,63051.2,63015.2,63030.9,259.907,16382643.4124
1786863600000,63030.9,63035,63018.5,63027.4,207.68,13089005.5969
1786867200000,63027.4,63040.1,63027.4,63033.3,127.849,8058745.4581
1786870800000,63033.3,63033.4,62930.2,62960.1,640.797,40359662.7851
1786874400000,62960.1,62988.8,62930.9,62980.8,334.079,21034823.1769
1786878000000,62980.8,62987,62949.1,62987,212.713,13393925.6528
1786881600000,62987,62998,62959,62986.9,178.073,11215509.0633
1786885200000,62986.9,63046.1,62986.9,63027.7,290.341,18299712.5499
1786888800000,63027.7,63078,63024.8,63074.7,303.299,19125191.6318
1786892400000,63074.7,63116.8,63070.8,63111,443.345,27971955.3578
1786896000000,63111,63366,63100,63224.8,2379.79,150542899.6226
1786899600000,63224.8,63247.2,63087.7,63123.8,669.842,42307272.055
1786903200000,63123.8,63145.6,63086,63109.2,294.755,18605372.737
1786906800000,63109.2,63197.1,63056.9,63075.8,863.37,54505954.9914
1786910400000,63075.8,63112.6,62981.8,63036.2,558.992,35240566.5127
1786914000000,63036.2,63050,62698.7,62890,1864.454,117246458.9616
1786917600000,62890,62929,62676.4,62887.5,1950.758,122497614.5109
1786921200000,62887.5,62970.6,62795.5,62873.2,1050.003,66026486.8878
1786924800000,62873.2,62924.9,62711.4,62880.1,1037.954,65207697.7027
1786928400000,62880.1,63215.6,62857.3,63079,3046.333,192204392.293
1786932000000,63079,63478.4,62998.3,63376.3,3330.833,210716197.9806
1786935600000,63376.3,63500,63309.5,63399.9,1733.524,109875042.7873
1786939200000,63399.9,63566.9,63399.9,63517.8,3348.687,212600589.6145
1786942800000,63517.8,63565.3,63403.8,63485.2,1276.649,81037689.5144
1786946400000,63485.2,63715.8,63447.1,63633.9,3680.849,234096420.9284
1786950000000,63633.9,63647.4,63497.6,63502,1300.305,82614036.6854
1786953600000,63502,63532.4,63323.9,63352,2112.133,133913846.9552
1786957200000,63352,63405.4,63272.8,63290.9,1052.928,66683981.2246
1786960800000,63290.9,63676,63270.1,63661.1,2866.178,182026642.7689
1786964400000,63661.1,63766.4,63561.2,63594.9,2293.832,146035546.1631
1786968000000,63594.9,63650,63496.7,63520.6,2277.975,144809442.5717
1786971600000,63520.6,63795.8,63411,63640.9,3476.993,221174876.3414
1786975200000,63640.9,63891.8,63554,63870,2967.82,189067850.8499
1786978800000,63870,64197.1,63781,64171.2,6425.127,411224851.4441
1786982400000,64171.2,64185,64028.5,64089.1,2411.452,154569090.7746
1786986000000,64089.1,64400,63939.1,64301.4,6111.34,392464405.569
1786989600000,64301.4,64664,64251.9,64402.5,5002.53,322494916.5592
1786993200000,64402.5,64402.8,64245.6,64275.1,1359.892,87471858.4406
1786996800000,64275.1,64410.2,64231,64362,1110.669,71437125.6867
1787000400000,64362,64407.4,64261.1,64348.9,1070.602,68890318.331
1787004000000,64348.9,64392.6,64240.6,64261,873.686,56173794.2226
1787007600000,64261,64548,64247,64498.1,1267.836,81720857.6604
1787011200000,64498.1,64535.9,64327.2,64357.3,1048.173,67517694.2742
1787014800000,64357.3,64360.9,64122.8,64179.9,1476.399,94822500.3844
1787018400000,64179.9,64254.1,64021,64071.6,2022.968,129698799.0616
1787022000000,64071.6,64158.9,64007.6,64144.2,1431.148,91725977.5947
1787025600000,64144.2,64219.8,64055,64186.1,1265.747,81187892.4515
1787029200000,64186.1,64245.6,64102.4,64198.4,1361.358,87383019.3176
1787032800000,64198.4,64430.4,64132,64296,1994.787,128271555.4019
1787036400000,64296,64327.2,64133.9,64172,979.485,62904624.2379
1787040000000,64172,64320.9,64051.3,64260.6,1254.528,80522916.8945
1787043600000,64260.6,64260.6,64103,64138.6,600.273,38510282.3419
1787047200000,64138.6,64195.4,64093.8,64170.5,663.684,42573414.336
1787050800000,64170.5,64377,64159.5,64323.1,1291.611,83057789.2381
1787054400000,64323.1,64325.3,64178.3,64190,829.437,53288230.5622
1787058000000,64190,64258.8,64017.8,64194.4,3454.965,221535090.7676
1787061600000,64194.4,65041.7,64188.9,64697.4,11084.611,717237678.7512
1787065200000,64697.4,64867.7,64620,64832.4,3112.832,201600591.1436
1787068800000,64832.4,64868.7,64640.4,64808.6,2317.752,150099342.2486
1787072400000,64808.6,64808.8,64644.5,64644.6,1451.476,93956850.4764
1787076000000,64644.6,64798,64628.1,64751.1,1062.107,68739063.0969
1787079600000,64751.1,64771.1,64610.5,64617,1008.386,65219041.2343
1787083200000,64617,64628,64537.4,64544.7,1143.143,73831132.8955
1787086800000,64544.7,64630,64535.1,64573.5,645.861,41704383.0436
1787090400000,64573.5,64622.8,64530.7,64610.4,682.805,44091113.9244
1787094000000,64610.4,64757.9,64599.8,64693.2,820.801,53098057.3868
1787097600000,64693.2,64710.1,64441.5,64457.8,1552.756,100231391.1013
1787101200000,64457.8,64516.8,64340,64368.4,2159.384,139122175.4128
1787104800000,64368.4,64386.1,64308,64314.2,1233.547,79379625.8303
1787108400000,64314.2,64388.9,64241.9,64293.5,1700.101,109345134.8123
1787112000000,64293.5,64364.8,64263,64283.8,807.995,51962666.4423
1787115600000,64283.8,64380,64200,64211.6,993.467,63864249.2949
1787119200000,64211.6,64324.2,64136,64314.7,2353.486,151159411.4585
1787122800000,64314.7,64372.8,64238.7,64271,1089.961,70098695.4
1787126400000,64271,64480.9,64215.6,64382.8,1846.29,118807348.1735
1787130000000,64382.8,64447,64321.9,64391.2,827.201,53248662.0397
1787133600000,64391.2,64429.9,64333.6,64421.8,578.368,37231872.2861
1787137200000,64421.8,64510.9,64416.3,64479,1345.306,86741044.3216
1787140800000,64479,64967.9,64437.4,64849.6,6484.313,420058577.4304
1787144400000,64849.6,65200,64748.5,64982.8,12843.327,834726964.8269
1787148000000,64982.8,65967.4,64982.8,65900,15989.531,1046940399.2195
1787151600000,65900,69893.2,65854.9,68523.3,50371.786,3420433756.5563
1787155200000,68523.3,69000,68379.9,68434.4,8701.473,597550185.8415
1787158800000,68434.4,68506.9,67792.4,68157.7,7932.717,540000867.0091
1787162400000,68157.7,68417.5,67989,68351.9,2553.661,174266375.2868
1787166000000,68351.9,68446,68024.7,68399.9,3165.788,216139271.9749
1787169600000,68399.9,69600,68350.7,69010.9,7465.093,514577889.1339
1787173200000,69010.9,70052.6,68931.8,69689.6,12144.79,845146962.8069
1787176800000,69689.6,69813.9,68956.5,69230.5,4739.55,328432837.1935
1787180400000,69230.5,69447.2,69131,69305,3137.755,217467192.6021
1787184000000,69305,69765.2,69281,69397.9,4039.989,281009284.9649
1787187600000,69397.9,69899.5,69250,69691.2,3063.699,213064194.3038
1787191200000,69691.2,69805.5,69230.8,69275.5,2671.011,185470479.9517
1787194800000,69275.5,69338.2,68875,69173.8,2664.509,183997112.0429
1787198400000,69173.8,69598.2,69145.6,69469.9,1723.809,119605148.0192
1787202000000,69469.9,69655.4,69337.6,69398.4,1554.114,107976431.9626
1787205600000,69398.4,69928.2,69320,69828.7,3361.567,234187048.8712
1787209200000,69828.7,70018,69467.4,69820.2,4100.061,285912437.3513
1787212800000,69820.2,71809.4,69777.1,71549.8,18844.818,1339918612.0873
1787216400000,71549.8,72043.8,71453.1,71770,9254.643,664680670.3552
1787220000000,71770,72516.8,71671.5,71967.8,8556.007,616475810.4818
1787223600000,71967.8,72300,71767.3,71884.6,4697.076,338330672.371
1787227200000,71884.6,71977,71423.8,71916.7,6339.676,454619915.1645
1787230800000,71916.7,72072.6,71028.8,71655.2,7866.825,563328606.5806
1787234400000,71655.2,71955.9,71312.3,71789.6,4094.283,293277557.1621
1787238000000,71789.6,72825.6,71750.7,72432.8,9988.29,722129980.7707
1787241600000,72432.8,72897.8,72167,72804.1,4382.328,317758180.997
1787245200000,72804.1,72947.5,72500,72706.7,3281.588,238707151.8324
1787248800000,72706.7,72780.3,72340,72382.1,3124.776,226603434.0851
1787252400000,72382.1,72744.8,72282.1,72648.1,2486.435,180416624.601
1787256000000,72648.1,73074.4,72555.1,72634.1,3255.169,236918264.8674
1787259600000,72634.1,72819.3,72516.4,72699.9,1106.374,80427805.1917
1787263200000,72699.9,72850,72439.7,72645.9,2143.751,155736382.7376
1787266800000,72645.9,73399.7,72621.5,72992.3,5508.453,402848642.5496
1787270400000,72992.3,73961.9,72987.5,73670.1,6591.872,484945631.4354
1787274000000,73670.1,75750,73619,75096.6,14968.799,1119649599.5397
1787277600000,75096.6,75160,74324.7,74412.6,5045.39,377149441.621
1787281200000,74412.6,74860.2,74205,74482.8,4274.987,318627319.7446
1787284800000,74482.8,75019.6,74482.8,74999.9,3047.747,228140330.5485
1787288400000,74999.9,75502.8,74879.1,75440.7,5337.588,401687656.5123
1787292000000,75440.7,75741.5,75072,75612,5911.947,445984572.5909
1787295600000,75612,76913,75574.2,76312.4,12545.266,957855945.1603
1787299200000,76312.4,79559.2,76260.7,79273.4,20818.302,1620669789.0542
1787302800000,79273.4,79376.4,77235.9,77899.8,17728.367,1382580722.3363
1787306400000,77899.8,78248,77601.6,77798,4516.815,351680438.8861
1787310000000,77798,77850,76399.6,76753.7,8962.323,690544500.3507
1787313600000,76753.7,77481.1,76541.4,77224.5,4945.323,380854807.6846
1787317200000,77224.5,77715,76219,77254,7832.112,603284495.4906
1787320800000,77254,77448.8,76535.3,77386.6,5434.824,418466841.0474
1787324400000,77386.6,77896.3,77139.5,77224.7,3832.941,297318326.7311
1787328000000,77224.7,77555.6,76741.7,77463.6,3012.124,232404647.372
1787331600000,77463.6,77704.1,77161.9,77377.3,2285.664,177091964.8981
1787335200000,77377.3,77530,76602.8,77117,3374.706,259806278.8554
1787338800000,77117,77333.5,76822,76985.9,2358.169,181819722.4322
1787342400000,76985.9,77510,76796.3,77486.4,2334.578,180405446.2254
1787346000000,77486.4,78666,77350,78482.7,5752.616,449421593.9305
1787349600000,78482.7,78751.9,78052.6,78437.8,4009.731,314645200.3686
1787353200000,78437.8,78701.9,78080.6,78307.5,2101.34,164749124.3361
