start_time_ms,open,high,low,close,volume,turnover
1755820800000,4224.08,4254.93,4222,4244.74,40691.94,172497716.8254
1755824400000,4244.74,4264.98,4220.12,4255.85,46880.9,199091742.5419
1755828000000,4255.85,4314.21,4249.08,4289.72,149993.79,643551812.13
1755831600000,4289.72,4299.76,4263.21,4277.07,61214.15,261854868.6814
1755835200000,4277.07,4306.82,4271.91,4280.18,65394.36,280530906.9205
1755838800000,4280.18,4292.62,4271,4289.23,41893.87,179371683.0063
1755842400000,4289.23,4318.61,4278.11,4293.73,81455.49,350080895.1476
1755846000000,4293.73,4344.03,4290,4326.08,107980.68,466947737.2004
1755849600000,4326.08,4353,4325.01,4328.01,76360.24,331454040.2091
1755853200000,4328.01,4330.99,4303.86,4327.93,84963.19,366909329.8121
1755856800000,4327.93,4329.41,4288,4294.9,73934.02,318381720.6112
1755860400000,4294.9,4298.63,4270.98,4272.97,85183.74,364713932.1457
1755864000000,4272.97,4275.91,4206.26,4243.27,261788.46,1109221987.5561
1755867600000,4243.27,4320.38,4231.45,4288.94,216105.01,924567549.0395
1755871200000,4288.94,4646.97,4288.13,4611.64,1226175.22,5556416458.1417
1755874800000,4611.64,4666.61,4610.83,4613.88,280043.61,1300379799.2619
1755878400000,4613.88,4779.9,4613.39,4745.01,412832.15,1951057404.3296
1755882000000,4745.01,4848.7,4744.78,4799,399509.86,1920211910.0469
1755885600000,4799,4805.62,4753.4,4790.01,184322.75,881532326.5768
1755889200000,4790.01,4859.99,4782.87,4832.36,150115.98,724054514.93
1755892800000,4832.36,4867.99,4810.07,4848.79,157081.95,759525577.7805
1755896400000,4848.79,4888,4837.5,4852.52,200205.71,974179813.6354
1755900000000,4852.52,4856.91,4794.35,4810.61,110765.71,534086882.4286
1755903600000,4810.61,4847.82,4808,4831.62,50270.29,242727901.2462
1755907200000,4831.62,4831.7,4803,4807.6,59787.07,287861725.464
1755910800000,4807.6,4817.8,4758,4780.8,91986.42,439653113.7485
1755914400000,4780.8,4792.37,4661.39,4714.5,260978.09,1229602385.8198
1755918000000,4714.5,4723.76,4675,4695.19,109739.85,515975712.8072
1755921600000,4695.19,4747.82,4694.01,4746.69,96924.08,457951105.0997
1755925200000,4746.69,4765.82,4727.6,4750,74279.3,352590886.0372
1755928800000,4750,4762.21,4733.56,4745.17,69438.19,329450868.6273
1755932400000,4745.17,4750.72,4707,4712.99,58815.82,277872826.1516
1755936000000,4712.99,4729.38,4696.73,4717.44,60331.97,284344517.7678
1755939600000,4717.44,4741.9,4706.34,4738,52551.86,248367847.2399
1755943200000,4738,4746,4710.48,4711.99,48005.97,226827610.0483
1755946800000,4711.99,4729.95,4688,4703.8,53229.07,250656754.7196
1755950400000,4703.8,4734.56,4691.2,4713.94,61988.69,292360683.0635
1755954000000,4713.94,4734,4706.32,4717.14,45428.99,214402511.2517
1755957600000,4717.14,4756.61,4713.86,4725.6,96939.31,459052385.318
1755961200000,4725.6,4767.93,4720.02,4748.8,64135.46,304383046.284
1755964800000,4748.8,4760.57,4741.4,4741.4,47462.27,225452850.1974
1755968400000,4741.4,4750.85,4724.15,4747.66,50197.24,237919022.2627
1755972000000,4747.66,4757.84,4741.11,4751.69,19988.14,94933331.5201
1755975600000,4751.69,4759.86,4744.37,4756.71,20127.87,95690775.6724
1755979200000,4756.71,4758,4739.49,4749.27,19414.4,92220028.8627
1755982800000,4749.27,4751.25,4735.3,4747.72,17743.98,84177208.9788
1755986400000,4747.72,4786.51,4747.08,4779.88,38173.12,182019535.8242
1755990000000,4779.88,4795.96,4765.4,4776.12,43645.71,208762159.7258
1755993600000,4776.12,4816.87,4771.42,4796.16,67121.09,322079796.0763
1755997200000,4796.16,4797.44,4756.49,4775.16,63900.64,305199449.1498
1756000800000,4775.16,4789.99,4770.22,4774.34,27382.59,130888327.7294
1756004400000,4774.34,4796.13,4749.82,4787.74,44578.22,212701679.3676
1756008000000,4787.74,4799.48,4775.05,4792.25,24919.95,119268265.721
1756011600000,4792.25,4793.29,4776.92,4782.26,28602.54,136850091.4394
1756015200000,4782.26,4785.73,4755,4758.88,40695.03,194053423.2999
1756018800000,4758.88,4783.43,4756.29,4757.22,39250.61,187179411.303
1756022400000,4757.22,4777.6,4743,4775.23,42028.64,200162093.2677
1756026000000,4775.23,4784.99,4759.16,4770.46,34715.23,165690439.4628
1756029600000,4770.46,4773.8,4730.91,4738.03,66149.43,313995721.4779
1756033200000,4738.03,4749.99,4716.48,4746.33,61970.26,293366409.2571
1756036800000,4746.33,4757.23,4736.64,4753.61,36235.7,172062243.3821
1756040400000,4753.61,4779.99,4752.48,4768.41,61682.54,294139742.7502
1756044000000,4768.41,4799.46,4757.93,4793.29,65524.73,313251045.6366
1756047600000,4793.29,4830,4783.37,4796.41,145232.07,698686149.1082
1756051200000,4796.41,4841.98,4793.5,4820.34,97676.28,470720065.6986
1756054800000,4820.34,4937.3,4819.48,4904.32,270672.3,1321740545.6786
1756058400000,4904.32,4957.96,4895.69,4934.4,176034.63,868290389.7669
1756062000000,4934.4,4956.93,4743.49,4813.14,552210.56,2666719120.1149
1756065600000,4813.14,4815,4706.11,4785.55,325784.41,1552992770.9558
1756069200000,4785.55,4823,4751.8,4783.36,120782.52,578092306.5615
1756072800000,4783.36,4792.5,4722.16,4780.43,127110.7,604456508.0966
1756076400000,4780.43,4804,4771.43,4779.11,67054.54,321040377.5955
1756080000000,4779.11,4798.07,4668.33,4699.21,175692.05,829216300.4141
1756083600000,4699.21,4744.54,4697.53,4730.42,73463.14,346978205.3678
1756087200000,4730.42,4774.77,4725.34,4763,63408.78,301704697.4622
1756090800000,4763,4773,4718.91,4725.71,70121.95,332697577.1393
1756094400000,4725.71,4738.1,4691.27,4717.42,82357.5,388024922.3673
1756098000000,4717.42,4729.64,4700.25,4703.56,53546.15,252440135.1649
1756101600000,4703.56,4707,4615,4629.43,193846.69,902357663.096
1756105200000,4629.43,4651.53,4579.61,4589.75,186042.41,858449819.0845
1756108800000,4589.75,4614.77,4555,4597.15,160509.38,736615195.522
1756112400000,4597.15,4612.7,4568.19,4611.56,101072.82,464105917.1907
1756116000000,4611.56,4611.56,4518,4542.59,215426.67,980811906.7557
1756119600000,4542.59,4598.56,4542,4597.7,111140.64,508638988.106
1756123200000,4597.7,4646.23,4583,4644.76,126405.77,583375172.1979
1756126800000,4644.76,4660.97,4588.82,4627.81,247947.91,1147786921.7053
1756130400000,4627.81,4682.88,4617.6,4657.33,156100.67,726815162.127
1756134000000,4657.33,4667,4603.36,4610.36,105035.75,486044488.3588
1756137600000,4610.36,4643.4,4588.02,4594.01,135241.76,623713740.6879
1756141200000,4594.01,4598.44,4563.18,4584.74,124041.9,568271753.0797
1756144800000,4584.74,4595.5,4566.3,4571.79,65934.87,301917394.045
1756148400000,4571.79,4575.39,4413.47,4418.18,322852.23,1450690405.7131
1756152000000,4418.18,4443.68,4330.39,4348.64,468381.97,2054474900.0134
1756155600000,4348.64,4384,4334.72,4348.41,158151.75,689659362.2882
1756159200000,4348.41,4414,4348.41,4389.56,100657.11,441537620.7842
1756162800000,4389.56,4389.56,4350.71,4374,80546.45,352155646.84
1756166400000,4374,4393.19,4317.75,4329.19,196368.05,854864690.4059
1756170000000,4329.19,4420,4308.6,4418.48,173022.67,755975032.7559
1756173600000,4418.48,4448.44,4386.32,4394.53,134617.58,594851842.3089
1756177200000,4394.53,4407.27,4371.41,4400.27,107525.54,472234043.034
1756180800000,4400.27,4440,4400.27,4432.17,66614.05,294831987.7983
1756184400000,4432.17,4446.9,4419,4428.3,43092.96,191101178.3268
1756188000000,4428.3,4439.8,4403.12,4413.02,73354.99,324058419.4866
1756191600000,4413.02,4452.64,4391.48,4427.03,89922.09,397674577.9659
1756195200000,4427.03,4445.5,4403.01,4417.91,57500.53,254238760.1351
1756198800000,4417.91,4440.54,4405.1,4417.86,48529.21,214600229.4805
1756202400000,4417.86,4448.76,4415.87,4439.01,48278.31,214025148.3759
1756206000000,4439.01,4464.1,4404.48,4425.54,95053.83,421224780.3692
1756209600000,4425.54,4534.8,4403.06,4493.81,319513.32,1434507451.1461
1756213200000,4493.81,4517.6,4433.37,4477.9,229508.62,1027127627.0807
1756216800000,4477.9,4560.21,4450,4550.4,180762.55,815460177.2662
1756220400000,4550.4,4578.08,4501.33,4516.63,180291.68,818436032.696
1756224000000,4516.63,4553.84,4496.27,4552.1,110859.78,501252605.0223
1756227600000,4552.1,4556.89,4503.26,4519,101345.51,458759527.3543
1756231200000,4519,4564,4518.3,4545.56,78518.23,356719147.214
1756234800000,4545.56,4595.88,4523.63,4594,110371.29,503659475.0816
1756238400000,4594,4609.46,4566.85,4582.77,90574.78,415711132.7334
1756242000000,4582.77,4605.75,4559.52,4602.65,42974.36,196892005.9763
1756245600000,4602.65,4608.01,4573.83,4598.94,48504.09,222613522.2806
1756249200000,4598.94,4631.99,4586.83,4597.94,85099.28,392282726.8763
1756252800000,4597.94,4599.54,4561.86,4567.61,53486.36,244991644.8226
1756256400000,4567.61,4572.38,4537.79,4560,73018.33,332592113.2718
1756260000000,4560,4586.73,4543.37,4575.13,64378.14,294089807.0487
1756263600000,4575.13,4625.48,4544.06,4601.27,96851.84,444027570.4446
1756267200000,4601.27,4641.81,4596,4626.61,83433.71,385773400.6311
1756270800000,4626.61,4644,4605.76,4611.3,59790.72,276309937.8598
1756274400000,4611.3,4612,4580.25,4584.34,59936.21,275334129.0235
1756278000000,4584.34,4590,4557.51,4578.1,82319.26,376483960.4167
1756281600000,4578.1,4595.73,4551.6,4592.21,69047.15,315634428.0962
1756285200000,4592.21,4618,4583.82,4585.99,78709.11,362138640.2572
1756288800000,4585.99,4611.09,4566.33,4578.43,68759.96,315357620.9743
1756292400000,4578.43,4612.59,4578.4,4605.78,28203.38,129666914.9895
1756296000000,4605.78,4623.1,4574.7,4612.51,82585.56,379673104.4415
1756299600000,4612.51,4659.8,4571.43,4593.29,181442.78,836693393.9307
1756303200000,4593.29,4663,4579.73,4610.5,158657.03,733729517.5565
1756306800000,4610.5,4658.92,4605.36,4655.86,86895.48,402941546.1657
1756310400000,4655.86,4656.48,4602.8,4628.08,85266.14,394657718.9007
1756314000000,4628.08,4643.78,4607.01,4629.01,50842.01,235233773.5342
1756317600000,4629.01,4642.47,4585.7,4588.93,62474.83,288317543.5093
1756321200000,4588.93,4597.48,4530.68,4562.4,144274.56,657990481.1901
1756324800000,4562.4,4612.9,4506.63,4592.4,296914.73,1354591607.7552
1756328400000,4592.4,4594.94,4511.42,4524.62,98718.41,449046799.9058
1756332000000,4524.62,4534.53,4477.8,4521.09,96083.44,432903018.1042
1756335600000,4521.09,4537.55,4487.76,4504.73,55195.37,248817208.3789
1756339200000,4504.73,4520,4464.29,4491.68,80893.29,363103616.5417
1756342800000,4491.68,4520.92,4491.4,4513.86,51609.09,232592958.0666
1756346400000,4513.86,4526.47,4503.83,4509.2,38790.1,175139289.4796
1756350000000,4509.2,4547,4504.11,4539.54,69538.15,315282549.7818
1756353600000,4539.54,4578.81,4532.18,4569.2,64484.75,293909966.1442
1756357200000,4569.2,4587.96,4551.31,4568.59,62780.27,286855828.358
1756360800000,4568.59,4584.83,4553.15,4581.7,36259.32,165727954.2768
1756364400000,4581.7,4599,4563.6,4594.71,43721.2,200173830.1417
1756368000000,4594.71,4632.47,4592.14,4602.41,85381.51,393576970.4705
1756371600000,4602.41,4603.05,4580,4584.74,39810.55,182731455.5307
1756375200000,4584.74,4611.74,4580.07,4609.2,73007.57,335835147.5608
1756378800000,4609.2,4609.64,4581.79,4593.6,46609.69,214052412.2264
1756382400000,4593.6,4612.95,4572.69,4597.62,95914.92,440689678.8995
1756386000000,4597.62,4614.26,4560.17,4573.01,98807.35,452871134.0014
1756389600000,4573.01,4591.58,4541.16,4564.97,111570.53,509351766.8657
1756393200000,4564.97,4571.56,4480.57,4500.97,174604.13,788410599.4263
1756396800000,4500.97,4527.62,4454.71,4462.96,122471.65,551054915.7472
1756400400000,4462.96,4495.65,4460.28,4487.43,90201.45,403904662.2853
1756404000000,4487.43,4506,4470.62,4478.07,62061.3,278637863.5953
1756407600000,4478.07,4490.26,4432,4435.45,80828.46,360578075.321
1756411200000,4435.45,4468.61,4425.61,4456.41,69372.03,308926369.6695
1756414800000,4456.41,4489.47,4455,4485.62,49249.57,220401941.9744
1756418400000,4485.62,4513.5,4485.59,4503.95,58995.42,265558437.4531
1756422000000,4503.95,4512.63,4491.25,4508.69,31725.15,142783766.701
1756425600000,4508.69,4515.59,4466.16,4479.74,60170.2,270059610.3693
1756429200000,4479.74,4488.57,4431.56,4454.52,94011.21,418786879.672
1756432800000,4454.52,4491.84,4446.86,4478.29,82056.57,367154563.5197
1756436400000,4478.29,4503,4465.11,4487.19,50887.4,228356210.7825
1756440000000,4487.19,4495.74,4467.14,4475.8,36107.53,161879767.9369
1756443600000,4475.8,4482.64,4462.13,4478.22,34965.17,156352808.4158
1756447200000,4478.22,4485.55,4442.86,4454.01,86610.35,386136120.9089
1756450800000,4454.01,4454.02,4366,4379.5,187323.94,824048657.5518
1756454400000,4379.5,4396.34,4328,4332.99,144723.89,630978858.5842
1756458000000,4332.99,4344.12,4316.51,4335.39,114121.05,494080516.3594
1756461600000,4335.39,4360,4331.26,4344.39,71608.23,311319215.8468
1756465200000,4344.39,4356.4,4330.2,4344.46,38717.47,168115580.9394
1756468800000,4344.46,4452.13,4344.1,4405.1,272370.14,1198447735.0675
1756472400000,4405.1,4410.7,4311.36,4328.9,189295.93,824104395.0449
1756476000000,4328.9,4353.85,4260,4280.64,332494.41,1427927091.5681
1756479600000,4280.64,4347.97,4280.07,4314.18,153358.72,662813909.8658
1756483200000,4314.18,4353.3,4293.92,4334,95103.89,411429191.6175
1756486800000,4334,4356.64,4311.99,4330.58,71595.7,310478400.0845
1756490400000,4330.58,4339.45,4302.34,4313.2,53249.53,229823459.8817
1756494000000,4313.2,4365.74,4304.25,4338.68,97607.89,423904431.4513
1756497600000,4338.68,4346.86,4310.69,4320.36,74489.99,322601228.8505
1756501200000,4320.36,4380.17,4303.27,4364.18,106657.67,464145341.4293
1756504800000,4364.18,4367.22,4343.4,4364.5,45668.07,198838191.3599
1756508400000,4364.5,4372.98,4355.53,4358.91,26278.74,114700144.6822
1756512000000,4358.91,4362.26,4327.62,4341.72,43471.42,188764651.9879
1756515600000,4341.72,4347.57,4257.25,4264.06,117129.35,502723323.7082
1756519200000,4264.06,4315.22,4255.01,4303.25,72311.2,310540120.5018
1756522800000,4303.25,4382.45,4302.05,4351.18,98499.61,428451078.6387
1756526400000,4351.18,4367,4349.04,4350.68,26527.44,115575798.6758
1756530000000,4350.68,4400,4345,4377.91,91424.28,400450927.7231
1756533600000,4377.91,4402.82,4372.2,4394.48,54191.63,237734470.0702
1756537200000,4394.48,4414,4387.24,4399.7,54200.92,238444034.1091
1756540800000,4399.7,4405.26,4383,4393.11,37381.86,164210316.3641
1756544400000,4393.11,4396,4376.36,4390,33036.92,144910089.7511
1756548000000,4390,4406.23,4382,4390.62,29614.07,130122615.9534
1756551600000,4390.62,4401,4380.99,4390.35,18947.88,83181957.9783
1756555200000,4390.35,4391.74,4346.2,4365.47,73141.08,319280365.1153
1756558800000,4365.47,4365.85,4329.45,4356.4,77229.94,335629372.492
1756562400000,4356.4,4368.63,4335,4361.55,47261.46,205784823.3083
1756566000000,4361.55,4381.84,4354.02,4373.85,42500.89,185722542.109
1756569600000,4373.85,4373.85,4356.94,4360.33,29886.76,130430790.4939
1756573200000,4360.33,4371.36,4346.72,4360.51,29461.78,128393495.2716
1756576800000,4360.51,4365.68,4344.25,4348.43,25429.07,110722186.8539
1756580400000,4348.43,4353,4333.03,4352.36,20033.01,87022083.3676
1756584000000,4352.36,4353,4331.8,4342.01,18145.66,78774632.5232
1756587600000,4342.01,4354.53,4337.33,4345.18,14877.06,64658739.427
1756591200000,4345.18,4359.64,4338.39,4356.57,16309.65,70982358.404
1756594800000,4356.57,4377.35,4355.41,4372.76,35626.08,155652963.3945
1756598400000,4372.76,4468.93,4371.2,4465.65,136162.08,602460807.2689
1756602000000,4465.65,4468.43,4433.55,4454.21,70847.7,315212971.364
1756605600000,4454.21,4460.36,4443.54,4448.2,25781.13,114739818.7941
1756609200000,4448.2,4486.86,4447.28,4486,61049.29,272682548.071
1756612800000,4486,4490.02,4455.74,4463.59,63943.79,285828196.6521
1756616400000,4463.59,4463.59,4447.02,4457,36068.35,160650048.742
1756620000000,4457,4459.41,4431.06,4432.7,48463.24,215262918.3264
1756623600000,4432.7,4456.28,4430.31,4448.4,32935.39,146423369.6345
1756627200000,4448.4,4471.3,4448.4,4469.11,36297.21,161941666.4982
1756630800000,4469.11,4478.6,4458.03,4462.6,45382.58,202818626.0246
1756634400000,4462.6,4468.98,4445.14,4452.57,60509.46,269471434.5111
1756638000000,4452.57,4481.44,4436.85,4473.94,60955.73,271969394.046
1756641600000,4473.94,4496.43,4461,4487.25,53411.72,239118640.4037
1756645200000,4487.25,4496.18,4461.93,4468.12,65769.64,294558288.9404
1756648800000,4468.12,4472.29,4446.55,4457,51201.69,228235784.0876
1756652400000,4457,4488.93,4455.26,4482.65,53758.85,240590029.2381
1756656000000,4482.65,4484.77,4457.12,4468.99,36733.41,164136297.2056
1756659600000,4468.99,4486,4466.04,4474.99,29703.6,133066543.3506
1756663200000,4474.99,4489.92,4470.61,4487.21,21384.42,95855416.3839
1756666800000,4487.21,4488.4,4452.32,4453.78,33418.14,149310081.412
1756670400000,4453.78,4460,4440.69,4452.49,38345.72,170703553.4771
1756674000000,4452.49,4477.22,4447.65,4467.91,29922.97,133474589.926
1756677600000,4467.91,4471.8,4431.45,4442.71,47730.28,212340249.0071
1756681200000,4442.71,4442.72,4375.43,4389.43,138104.99,608153786.1538
1756684800000,4389.43,4409.76,4360,4394.28,132690.47,581568037.5061
1756688400000,4394.28,4430.81,4381.42,4415.08,78644.05,346709237.4694
1756692000000,4415.08,4418.18,4364.27,4385.35,69605.89,305235590.1976
1756695600000,4385.35,4406.82,4369.17,4402.15,57710.77,253165862.8647
1756699200000,4402.15,4410.71,4370.98,4383.79,55725.79,244558284.0534
1756702800000,4383.79,4405.41,4355.11,4392.92,76512.94,335240433.945
1756706400000,4392.92,4407.47,4372.48,4395.76,42610.33,187227625.7072
1756710000000,4395.76,4462.24,4378.02,4461.68,113172.35,500753575.9679
1756713600000,4461.68,4490,4460.71,4474.87,118153.21,528784768.5528
1756717200000,4474.87,4482,4435,4439.88,81603.13,364059362.6209
1756720800000,4439.88,4443.47,4387.2,4406.72,128927.9,568751014.2404
1756724400000,4406.72,4413.97,4380.78,4391,60280.76,264993824.7194
1756728000000,4391,4411.78,4382.01,4401.41,46723.05,205592489.3884
1756731600000,4401.41,4423,4370.1,4383.46,91092.83,400380261.9414
1756735200000,4383.46,4401.54,4378,4394.61,61260.47,269086343.0915
1756738800000,4394.61,4404.09,4341.92,4360.03,101137.97,441646744.6727
1756742400000,4360.03,4369.9,4343.96,4353.5,54301.04,236622681.8261
1756746000000,4353.5,4356.79,4307.08,4321.12,130284.4,563427203.8679
1756749600000,4321.12,4348.54,4319.98,4345.07,47736.27,207054492.16
1756753200000,4345.07,4367.71,4340.56,4366.41,36024.17,156955477.1316
1756756800000,4366.41,4366.5,4260,4286.61,214109.06,921024743.2582
1756760400000,4286.61,4289,4210,4259.8,155498.41,661274409.3575
1756764000000,4259.8,4298.81,4249.73,4282.19,107827.01,460626500.6715
1756767600000,4282.19,4317.98,4280.32,4312.81,70001.76,300961706.3464
1756771200000,4312.81,4317.65,4288.97,4301.72,51946.97,223561398.5026
1756774800000,4301.72,4339.04,4291.7,4320.47,59917.98,258756899.0826
1756778400000,4320.47,4361.8,4313.17,4359.21,90044.24,390405721.8895
1756782000000,4359.21,4393.85,4351,4365.71,106737.61,466625168.3938
1756785600000,4365.71,4387,4358.86,4385.99,36803.81,161004086.4889
1756789200000,4385.99,4388.5,4367.68,4383.32,36817.37,161242739.824
1756792800000,4383.32,4414.74,4380,4410.99,66035.7,290571139.4644
1756796400000,4410.99,4412.51,4366.56,4375.53,81311.98,356738742.964
1756800000000,4375.53,4406.41,4367.37,4390.65,55108.8,241860732.1256
1756803600000,4390.65,4406.99,4383.01,4398.63,40332.4,177276941.4673
1756807200000,4398.63,4399.81,4376.02,4390.6,32408.39,142122043.9654
1756810800000,4390.6,4391.6,4337.79,4346.29,76626.29,334231559.6253
1756814400000,4346.29,4351.68,4268.69,4274.67,194662.73,838336609.3849
1756818000000,4274.67,4391.92,4271.8,4377.3,325334.69,1407565760.036
1756821600000,4377.3,4396.75,4330.4,4345.83,160845.39,701143886.5898
1756825200000,4345.83,4352.16,4281.48,4292.38,149417.34,644449161.3576
1756828800000,4292.38,4308.93,4275,4294.62,87345.33,374874901.1723
1756832400000,4294.62,4329.76,4285.11,4316.8,81998.12,353291271.8362
1756836000000,4316.8,4321.12,4264,4294.08,125906.19,540225580.6506
1756839600000,4294.08,4312.99,4254.02,4272.63,101892.89,435834872.3835
1756843200000,4272.63,4326.74,4264.02,4311.46,135323.56,582053975.3669
1756846800000,4311.46,4334.32,4301.44,4327.19,58281.64,251717823.335
1756850400000,4327.19,4332.31,4306.84,4327.6,42117.28,181945771.1486
1756854000000,4327.6,4335.87,4312.16,4324.97,28726.23,124186963.9233
1756857600000,4324.97,4331.36,4302.1,4308.28,36239.96,156431889.8657
1756861200000,4308.28,4324.58,4281.34,4323.2,49746.79,213744533.9041
1756864800000,4323.2,4354.32,4310.42,4336.5,71508.21,310124435.3294
1756868400000,4336.5,4342,4318.73,4333,32377.11,140196114.6948
1756872000000,4333,4341.73,4309.56,4338.4,48454.75,209586110.6571
1756875600000,4338.4,4339.84,4312,4314.09,39633.4,171319755.2582
1756879200000,4314.09,4319.65,4290.94,4305.81,66133.45,284680286.1513
1756882800000,4305.81,4315,4285.98,4308.41,45980.56,197840115.268
1756886400000,4308.41,4332.01,4306.34,4317.14,48284.32,208579944.0922
1756890000000,4317.14,4352,4301.31,4350.79,58070.7,251424534.7046
1756893600000,4350.79,4376.41,4343.56,4370.09,94114.62,410561779.4609
1756897200000,4370.09,4385,4364.68,4370.85,57643.02,252158365.8296
1756900800000,4370.85,4379.68,4340.16,4353.32,93391.4,407195180.426
1756904400000,4353.32,4439.68,4350,4418.19,192604,847900147.8772
1756908000000,4418.19,4480,4413.02,4465.9,220845,982849619.7652
1756911600000,4465.9,4485,4452.95,4477.91,80820.86,361133250.2802
1756915200000,4477.91,4482.98,4451.88,4464.48,73749.9,329121735.0429
1756918800000,4464.48,4488.86,4462.38,4470.4,81954.06,366810283.4229
1756922400000,4470.4,4477.48,4455.62,4467.43,54002.91,241123685.0772
1756926000000,4467.43,4476.74,4456.36,4473,40638.3,181469881.9212
1756929600000,4473,4478.14,4460.79,4462.57,24967.87,111553805.6657
1756933200000,4462.57,4471.51,4434.06,4458.35,34143.66,152022455.7958
1756936800000,4458.35,4479.91,4456.7,4467.36,28009.32,125123709.9621
1756940400000,4467.36,4470.66,4442,4448.4,25542.32,113775532.6255
1756944000000,4448.4,4481.28,4443.07,4466.55,32986.37,147357483.6005
1756947600000,4466.55,4476.78,4447.35,4466.61,26149.43,116654535.2045
1756951200000,4466.61,4469.26,4416.83,4419.77,88097.54,390649734.4475
1756954800000,4419.77,4428.61,4387.55,4396.42,132514.38,583925206.3005
1756958400000,4396.42,4413,4385.77,4389.67,63652.31,280067175.5777
1756962000000,4389.67,4389.68,4360.55,4373.43,104369.34,456338434.2677
1756965600000,4373.43,4381.47,4353.56,4363.27,62805.31,274163368.1376
1756969200000,4363.27,4381.72,4360.01,4369.21,49115.67,214619617.3654
1756972800000,4369.21,4389.9,4362.93,4367.6,53771.68,235457449.4619
1756976400000,4367.6,4393.99,4367.6,4393.52,31380.57,137519239.0282
1756980000000,4393.52,4432,4390.11,4405.41,100597.13,443907621.1042
1756983600000,4405.41,4431.47,4390,4404.79,88873.49,392184831.5655
1756987200000,4404.79,4427.18,4381,4414.32,115681.57,509356279.5858
1756990800000,4414.32,4418.1,4364.04,4376.52,108365.11,475432446.7367
1756994400000,4376.52,4382.18,4324.01,4339.43,247027.59,1073374520.6375
1756998000000,4339.43,4344.41,4291.5,4302.4,169479.9,730602951.3117
1757001600000,4302.4,4317,4282.2,4294.45,107863.09,463572906.0361
1757005200000,4294.45,4321.47,4293.27,4303,49801.76,214660099.3388
1757008800000,4303,4316.33,4268.32,4271.44,133389.53,572152112.8293
1757012400000,4271.44,4285.87,4262.21,4273.91,53009.68,226513634.6442
1757016000000,4273.91,4308.5,4270.03,4303.01,52227.58,224387604.073
1757019600000,4303.01,4323.89,4300,4316.94,37366.84,161139090.3009
1757023200000,4316.94,4352.74,4313.86,4339.2,56424.79,244248594.1486
1757026800000,4339.2,4347.4,4292.68,4295.45,61951.03,267685125.3861
1757030400000,4295.45,4312,4288.1,4298.99,54729.91,235328852.0105
1757034000000,4298.99,4331.37,4295.75,4323.67,47290.54,204164803.3761
1757037600000,4323.67,4333.89,4296.4,4321.87,62305.28,268886801.5589
1757041200000,4321.87,4330.25,4295.25,4327.17,45699.68,197065293.0083
1757044800000,4327.17,4333.31,4314,4328.14,28889.55,124857170.8618
1757048400000,4328.14,4341.08,4324.92,4336.41,24891.38,107868737.5208
1757052000000,4336.41,4339.54,4320.34,4330.58,25141.7,108858191.2871
1757055600000,4330.58,4427.51,4329.61,4414.51,198550.06,870583209.0347
1757059200000,4414.51,4419.14,4384.96,4404.11,108096.05,475518728.6272
1757062800000,4404.11,4407,4371,4395.3,83025.49,364234621.7331
1757066400000,4395.3,4421.85,4392.82,4408.51,70440.43,310576716.8323
1757070000000,4408.51,4424.88,4404.41,4416.05,64506.63,284847746.4322
1757073600000,4416.05,4494.38,4405.93,4469.76,357999.77,1592659174.0427
1757077200000,4469.76,4479.08,4431.88,4441.19,135329.93,603180196.625
1757080800000,4441.19,4441.19,4260.34,4270.73,550859.52,2384536570.4507
1757084400000,4270.73,4302,4252.95,4279.88,164393.36,703915646.6106
1757088000000,4279.88,4302,4270.77,4294.9,75129.14,322054667.3933
1757091600000,4294.9,4296,4269.06,4287.6,53834.89,230542772.4744
1757095200000,4287.6,4315.16,4281.33,4310.99,87500.88,376174258.0247
1757098800000,4310.99,4330.65,4303.53,4329.59,65288.68,282091825.041
1757102400000,4329.59,4341.92,4319.44,4336.8,38628.27,167309967.0305
1757106000000,4336.8,4337,4283.01,4295,133761.33,576427969.3406
1757109600000,4295,4318.84,4294,4310.57,28021.69,120666317.0346
1757113200000,4310.57,4317.57,4302.81,4306.37,27962.58,120468706.8191
1757116800000,4306.37,4327.27,4302,4321.21,27869.74,120224690.982
1757120400000,4321.21,4323.9,4310.68,4316.74,14565.53,62890265.4809
1757124000000,4316.74,4322,4302.54,4321.33,18757.75,80888954.7534
1757127600000,4321.33,4323.76,4314.35,4318.5,14156.18,61133518.7868
1757131200000,4318.5,4318.84,4302,4307.89,14570.24,62771217.3815
1757134800000,4307.89,4310.92,4288.89,4293.41,40559.49,174295174.2821
1757138400000,4293.41,4305.93,4291.15,4301.2,15444.57,66407840.6293
1757142000000,4301.2,4312.88,4298.09,4310.55,15915.98,68539572.6559
1757145600000,4310.55,4313.46,4302.97,4309.12,11883.37,51197713.3556
1757149200000,4309.12,4309.15,4289,4291.27,28574.26,122782210.726
1757152800000,4291.27,4302.41,4283.64,4299.41,26463.39,113599349.6261
1757156400000,4299.41,4299.77,4288.35,4297.73,15440.11,66293516.0982
1757160000000,4297.73,4306.62,4290,4297.4,19037.77,81845887.2776
1757163600000,4297.4,4300.5,4285,4292.05,20911.13,89752565.9494
1757167200000,4292.05,4299.97,4289.66,4293.92,20912.61,89820393.0002
1757170800000,4293.92,4295.14,4261,4267.72,92182.09,393933624.098
1757174400000,4267.72,4304.24,4232.95,4287.98,193826.88,826548503.6738
1757178000000,4287.98,4290.15,4264.64,4271.14,28978.95,123966900.2753
1757181600000,4271.14,4285.37,4267.5,4276.84,23486.32,100410843.2476
1757185200000,4276.84,4279.68,4248.28,4253.83,33573.06,143034171.7001
1757188800000,4253.83,4279.34,4252.02,4277.52,23952.94,102183838.3661
1757192400000,4277.52,4284.96,4266.36,4281,18407.8,78709355.2401
1757196000000,4281,4287.26,4268.02,4276.56,14121.44,60391610.3717
1757199600000,4276.56,4282.74,4266.47,4271.83,13540.33,57893663.9506
1757203200000,4271.83,4288.23,4268.86,4282.79,16125.24,69025853.8553
1757206800000,4282.79,4303,4281.35,4294.09,47404.02,203596288.7372
1757210400000,4294.09,4302.73,4287.2,4298.01,21810.05,93659490.6726
1757214000000,4298.01,4302.99,4291.36,4296,18531.13,79638140.3055
1757217600000,4296,4301.33,4291.21,4299.61,21952.14,94325947.0104
1757221200000,4299.61,4301.99,4290,4293,18981.67,81556891.1212
1757224800000,4293,4294,4280.44,4282.5,23140.43,99184515.6298
1757228400000,4282.5,4306.11,4276.01,4293.12,35791.31,153591083.4487
1757232000000,4293.12,4314,4293.11,4299.25,44182.16,190200876.4998
1757235600000,4299.25,4310,4290,4297.9,34027.8,146300839.9676
1757239200000,4297.9,4305.42,4294.63,4303.2,17926.64,77092770.6401
1757242800000,4303.2,4309.87,4301.22,4309.29,13834.95,59561467.0205
1757246400000,4309.29,4309.4,4292.11,4299.3,22502.01,96704859.4365
1757250000000,4299.3,4306.96,4285.2,4303.37,28584.3,122846898.8025
1757253600000,4303.37,4310.01,4295.21,4298.39,38035.51,163678645.2091
1757257200000,4298.39,4303.75,4293.21,4297.19,30705.9,131956523.6951
1757260800000,4297.19,4300.01,4280.7,4282,35167.58,150841761.565
1757264400000,4282,4286.57,4269.9,4273.21,57956.73,247881531.0762
1757268000000,4273.21,4282.51,4268.44,4279.39,27604.79,118031427.6959
1757271600000,4279.39,4295.62,4275,4292.3,25262.75,108300281.4698
1757275200000,4292.3,4299.99,4279.16,4299.48,27077.56,116155496.4146
1757278800000,4299.48,4299.68,4285.2,4286.8,21282.28,91324376.583
1757282400000,4286.8,4310,4285.31,4308.38,35434.3,152375651.8663
1757286000000,4308.38,4335,4296.65,4304.06,66869.2,288706892.3892
1757289600000,4304.06,4317.95,4290.38,4297.1,37970.79,163441041.6315
1757293200000,4297.1,4300.9,4281.97,4290.8,29149.71,125066396.9383
1757296800000,4290.8,4307.82,4276.64,4307.39,35121.72,150799742.6541
1757300400000,4307.39,4329,4301.94,4309.83,42354.79,182713981.3259
1757304000000,4309.83,4312.2,4293.1,4295.31,21238.46,91349997.7106
1757307600000,4295.31,4302.5,4287,4294.87,22565.38,96854906.0898
1757311200000,4294.87,4301.55,4286.99,4289.84,18272.09,78461849.48
1757314800000,4289.84,4310,4285.02,4290.31,45514.82,195551093.7938
1757318400000,4290.31,4303.52,4285.83,4300.12,33371.18,143362093.0535
1757322000000,4300.12,4333.67,4295.02,4317.47,98498,425113502.7169
1757325600000,4317.47,4336.77,4312.73,4327.35,83891.54,362989160.0359
1757329200000,4327.35,4328.47,4296.7,4309.81,83482.13,359771006.2714
1757332800000,4309.81,4320.94,4303.24,4318.42,31553.61,136087231.2879
1757336400000,4318.42,4361.44,4313.51,4318,182904.42,793252815.204
1757340000000,4318,4357.94,4311.53,4349.9,103151.74,447286535.1611
1757343600000,4349.9,4383,4342.36,4369.89,111681.39,487647972.0932
1757347200000,4369.89,4372.5,4331.07,4336.99,109854.01,477592929.1876
1757350800000,4336.99,4342,4298.2,4309.21,127478.57,550047398.46
1757354400000,4309.21,4334,4307.41,4327.51,66483.75,287289040.5257
1757358000000,4327.51,4327.52,4281,4290.82,118893.51,510863451.5046
1757361600000,4290.82,4301.08,4280,4296.88,66439.79,285044572.4271
1757365200000,4296.88,4320,4292.82,4319.96,28604.55,123189792.5926
1757368800000,4319.96,4329.9,4305.79,4309.32,35590.18,153710829.279
1757372400000,4309.32,4319.65,4292.14,4304.55,67725.68,291378308.9891
1757376000000,4304.55,4314.03,4287,4299.9,40428.36,173782238.2356
1757379600000,4299.9,4306.68,4279.9,4284.5,42062.98,180360960.869
1757383200000,4284.5,4293.68,4274.11,4288.43,45471.78,194730031.8593
1757386800000,4288.43,4306.47,4286.01,4304.47,26765.1,115011167.2973
1757390400000,4304.47,4315.92,4301.3,4311.01,30154.3,129941394.3093
1757394000000,4311.01,4319.53,4300.3,4317.17,28772.06,123981057.5379
1757397600000,4317.17,4374.75,4312.87,4364.5,130941.19,569855782.8664
1757401200000,4364.5,4380,4344.5,4360.41,95926.49,418611863.4124
1757404800000,4360.41,4366.17,4342.21,4358.96,53924.21,234864434.5912
1757408400000,4358.96,4365,4351.45,4355.69,28616.7,124746912.8503
1757412000000,4355.69,4361.91,4340.12,4346.91,39876.14,173469026.0443
1757415600000,4346.91,4354.92,4342.82,4346,25449.25,110692243.7038
1757419200000,4346,4366.77,4325.11,4343.36,93389.53,405779569.2504
1757422800000,4343.36,4359.24,4321.02,4345.39,101593.29,440921892.6196
1757426400000,4345.39,4360.93,4282.86,4303.67,225087.81,970129868.08
1757430000000,4303.67,4307.8,4275,4282.12,118874.93,509454420.5627
1757433600000,4282.12,4295.38,4275.3,4285.61,73650.5,315496141.5185
1757437200000,4285.61,4294.12,4276.67,4283.95,35942,154012565.5403
1757440800000,4283.95,4291.7,4278.3,4284.26,28079.98,120304310.4487
1757444400000,4284.26,4297.88,4281.7,4292.3,28256.9,121259367.0599
1757448000000,4292.3,4305.66,4278.52,4303.06,51848.27,222542670.6087
1757451600000,4303.06,4319,4292.89,4301.07,62236.47,268061204.1704
1757455200000,4301.07,4318.62,4297.2,4317.98,37275.65,160715010.0153
1757458800000,4317.98,4318.03,4300.69,4308.67,35040.11,151026777.5866
1757462400000,4308.67,4314.3,4282.14,4283.52,46636.68,200288749.0109
1757466000000,4283.52,4312.75,4282.32,4300.8,35302.24,151692959.6176
1757469600000,4300.8,4325.86,4300.8,4315.87,54049.38,233273499.5806
1757473200000,4315.87,4323,4306.48,4319.57,27089.47,116892690.7485
1757476800000,4319.57,4319.57,4306.47,4310.8,13583.52,58570772.6097
1757480400000,4310.8,4318,4293.02,4307.05,69947.74,301074892.507
1757484000000,4307.05,4318.44,4296.3,4312.27,29376.51,126550719.6689
1757487600000,4312.27,4333.45,4310.14,4327.9,55613.31,240532270.0714
1757491200000,4327.9,4333.34,4321.66,4330.11,32965.11,142662863.2591
1757494800000,4330.11,4331.61,4304.75,4322.97,52147.43,225039255.2267
1757498400000,4322.97,4331.48,4315,4325.26,30414.56,131517260.2797
1757502000000,4325.26,4332,4318.95,4329.5,28090.79,121514831.3124
1757505600000,4329.5,4393.7,4327.26,4369.89,236194.57,1031220964.3834
1757509200000,4369.89,4438,4355.01,4416,217063.3,954456446.5263
1757512800000,4416,4452.18,4395.98,4398.62,142732.5,631650029.0477
1757516400000,4398.62,4423,4392.78,4402.99,79437.52,350104032.5232
1757520000000,4402.99,4407.32,4359.29,4383.84,110398.42,483287420.7004
1757523600000,4383.84,4395.19,4340.03,4364.46,105869.02,461883504.6603
1757527200000,4364.46,4371.85,4324,4339.19,91172.97,395898422.0382
1757530800000,4339.19,4340.53,4297.4,4320.31,139949.83,603530954.5757
1757534400000,4320.31,4333.11,4318,4328.14,42922.93,185726325.8314
1757538000000,4328.14,4351.38,4326.13,4347.52,55798.47,242227386.557
1757541600000,4347.52,4354.59,4335.03,4344.28,29278.65,127213965.939
1757545200000,4344.28,4353.9,4336.66,4347.51,20878.96,90752388.1787
1757548800000,4347.51,4359.31,4337,4357.59,26582.1,115539118.3076
1757552400000,4357.59,4381.99,4352.69,4363.31,55494.09,242493386.4698
1757556000000,4363.31,4384.74,4360.41,4375.51,39306.94,171888942.1295
1757559600000,4375.51,4410,4371.21,4403.22,53025.25,232926546.0355
1757563200000,4403.22,4418.72,4394,4410.4,67631.02,298096832.3985
1757566800000,4410.4,4424.65,4396.76,4418.22,55847.22,246228500.7518
1757570400000,4418.22,4442,4405.01,4437.96,77946.06,345132340.5361
1757574000000,4437.96,4449.99,4424.61,4439.17,68007.09,301855172.8388
1757577600000,4439.17,4441.65,4426.07,4430.41,33047.37,146498481.2214
1757581200000,4430.41,4433.83,4404.43,4415.01,74564.08,329107355.74
1757584800000,4415.01,4429.99,4413.44,4425.72,37020.49,163754437.7516
1757588400000,4425.72,4438,4421.17,4428.19,43933.61,194628283.339
1757592000000,4428.19,4484.77,4349.13,4424.82,434154.52,1918155420.2404
1757595600000,4424.82,4442.55,4383.19,4436.52,218486.62,963381823.0354
1757599200000,4436.52,4437.86,4395,4425.65,98888.03,436888051.5178
1757602800000,4425.65,4431.34,4398.61,4410.62,68863.78,304002224.9052
1757606400000,4410.62,4425,4405.62,4415.64,46008.81,203142289.9074
1757610000000,4415.64,4440.57,4411.44,4431.79,52249.73,231477925.5502
1757613600000,4431.79,4436.46,4406.02,4418.3,50112.25,221438960.6493
1757617200000,4418.3,4430.15,4411.01,4422.06,34526.55,152636855.5584
1757620800000,4422.06,4425.49,4412.98,4415.86,15811.56,69834653.3342
1757624400000,4415.86,4429.52,4412.7,4427.02,15828,69967372.8519
1757628000000,4427.02,4460,4421.69,4451.66,69179.61,307435116.9927
1757631600000,4451.66,4468.34,4449.31,4457.11,40433.09,180298346.9552
1757635200000,4457.11,4539.18,4447.94,4510.65,168842.98,759568772.8521
1757638800000,4510.65,4531.58,4492.55,4495.78,81229.29,366805542.5932
1757642400000,4495.78,4522.9,4493.91,4505.24,44171.3,199220960.2839
1757646000000,4505.24,4507.16,4486.22,4503.71,48357.02,217499561.1685
1757649600000,4503.71,4523.77,4498,4519.31,58584,264415762.141
1757653200000,4519.31,4558.3,4512.58,4556.95,74584.33,338298426.0234
1757656800000,4556.95,4562.71,4532,4538.66,77147.49,350774281.2269
1757660400000,4538.66,4551,4523,4524.89,49432.81,224141224.6361
1757664000000,4524.89,4532.97,4511.96,4516.95,47462.32,214536054.3343
1757667600000,4516.95,4527.86,4503.2,4514.41,48655.1,219699888.5571
1757671200000,4514.41,4522.9,4506.03,4515.39,25244.49,113928426.1649
1757674800000,4515.39,4536.47,4512.4,4520.41,40934.56,185222358.7159
1757678400000,4520.41,4531.5,4502.53,4525.42,40565.19,183156774.154
1757682000000,4525.42,4543.81,4505.43,4538.88,60096.08,271860288.5773
1757685600000,4538.88,4570.9,4523.52,4545.88,158523.76,721173278.9336
1757689200000,4545.88,4551.55,4526.32,4540.88,43067.97,195449288.9473
1757692800000,4540.88,4575.86,4531.95,4574.24,72580.33,330965244.5315
1757696400000,4574.24,4627,4562.8,4611.44,161232.56,741588328.8129
1757700000000,4611.44,4626.8,4597.86,4623.14,69414.66,320295180.184
1757703600000,4623.14,4659.2,4612.43,4655.65,97690.54,453147120.9816
1757707200000,4655.65,4693.22,4627.95,4668.73,146402.97,682324230.3793
1757710800000,4668.73,4670.24,4642.86,4648.03,63607.16,296161581.886
1757714400000,4648.03,4754.08,4648.03,4693.09,185409.83,872755537.0032
1757718000000,4693.09,4714.54,4669.93,4710.31,79463.25,372848695.9954
1757721600000,4710.31,4716.99,4694.91,4703.05,35039.31,164769214.4187
1757725200000,4703.05,4733.81,4697.77,4697.81,52849.19,249165833.8464
1757728800000,4697.81,4713.09,4689.58,4701.2,39209.71,184349038.7043
1757732400000,4701.2,4766.07,4699.57,4754.15,82103.05,388894605.4239
1757736000000,4754.15,4754.65,4731.6,4739.67,44587.83,211463624.3798
1757739600000,4739.67,4740.7,4715.36,4721.57,37283.83,176139684.836
1757743200000,4721.57,4729,4699.13,4709.1,52225.56,246217250.9736
1757746800000,4709.1,4721.94,4704.82,4708.87,22389.92,105538300.1686
1757750400000,4708.87,4729,4708.87,4727.8,23789.75,112275934.6519
1757754000000,4727.8,4731.55,4717.92,4729.86,26719.11,126219691.5787
1757757600000,4729.86,4737.99,4708,4715.99,41309.61,195133878.8718
1757761200000,4715.99,4723.97,4705.97,4717.87,18693.8,88127220.0881
1757764800000,4717.87,4728.99,4712.16,4718.49,16577.43,78233631.1038
1757768400000,4718.49,4723.74,4647.02,4683.8,117837.82,551999138.7665
1757772000000,4683.8,4709.35,4664,4687.45,94316.59,442334520.8225
1757775600000,4687.45,4704,4640.87,4653.19,99482.59,464200847.7614
1757779200000,4653.19,4666.93,4614.03,4622.38,134796.04,624849608.884
1757782800000,4622.38,4642,4605,4632.47,77320.6,357373012.5039
1757786400000,4632.47,4651,4623.44,4641.29,41132.66,190766521.5549
1757790000000,4641.29,4648.09,4633.2,4636.92,22785.27,105741927.4837
1757793600000,4636.92,4661.26,4635.6,4656.4,42183.71,196324859.4056
1757797200000,4656.4,4667,4655.28,4662.66,31428.45,146456245.5627
1757800800000,4662.66,4664.18,4645.99,4657.12,13370.79,62235477.9952
1757804400000,4657.12,4671.88,4654.64,4665.47,21029.61,98056537.1786
1757808000000,4665.47,4680.8,4658.53,4668.76,28560.43,133438208.8955
1757811600000,4668.76,4678.24,4649.32,4672.4,24945.51,116302290.1489
1757815200000,4672.4,4692.87,4670.09,4682.69,38827.41,181788757.1617
1757818800000,4682.69,4686.47,4659.34,4662.45,27798.39,129868382.8601
1757822400000,4662.45,4667.03,4632.29,4658.56,53612.97,249413104.424
1757826000000,4658.56,4679.69,4657,4675.37,25118.3,117362993.9881
1757829600000,4675.37,4681.8,4658.43,4665.22,34572.24,161396822.6448
1757833200000,4665.22,4666.69,4638.68,4649.59,30468.57,141749565.6345
1757836800000,4649.59,4663.5,4643.92,4654.47,25708.12,119646376.7478
1757840400000,4654.47,4673,4650.62,4663.95,41878.89,195429052.7859
1757844000000,4663.95,4669.1,4655.49,4658.5,20060.89,93491978.3426
1757847600000,4658.5,4666.61,4625.22,4633.83,78562.25,364466704.1722
1757851200000,4633.83,4644.99,4614.52,4632.41,68244.66,315955505.0416
1757854800000,4632.41,4635.5,4606.01,4612.11,76832.59,354757871.7447
1757858400000,4612.11,4645,4576.57,4601.61,214528.45,987594821.6152
1757862000000,4601.61,4604.82,4575.1,4581.98,57665.27,264502212.1043
1757865600000,4581.98,4611.09,4579,4596.67,46204.83,212460774.3668
1757869200000,4596.67,4632.67,4590.06,4620.8,50099.38,231296514.208
1757872800000,4620.8,4621.65,4600.23,4604,28495.85,131389967.4281
1757876400000,4604,4626.29,4590.52,4615.42,40296.47,185697169.3322
1757880000000,4615.42,4628.57,4613.71,4616.88,21747.46,100497158.7908
1757883600000,4616.88,4637,4598.29,4629.99,50195.32,231896778.2933
1757887200000,4629.99,4636.99,4610.1,4628.94,25812.31,119380030.0252
1757890800000,4628.94,4630,4600.91,4603.52,42956.86,198064781.1353
1757894400000,4603.52,4615.86,4586.26,4601.37,37037.71,170444502.7337
1757898000000,4601.37,4623.24,4579.42,4617.17,56192.52,258401937.8706
1757901600000,4617.17,4629.68,4610.03,4619.98,22915.63,105916625.0546
1757905200000,4619.98,4643,4618.45,4635.5,39321.77,182195304.9912
1757908800000,4635.5,4661,4635.5,4642.52,55811.28,259462217.2509
1757912400000,4642.52,4663.89,4639.12,4661.39,46403.72,216115649.4458
1757916000000,4661.39,4668.93,4615,4628.09,102812.55,476973566.2182
1757919600000,4628.09,4640.78,4585,4596.18,113256.09,522032900.6249
1757923200000,4596.18,4596.18,4506.03,4508.69,289330.01,1315608393.2627
1757926800000,4508.69,4535,4496.44,4525.34,156887.78,709119196.9395
1757930400000,4525.34,4534.99,4505.8,4528.75,55771.08,251982680.1612
1757934000000,4528.75,4539,4520.54,4529.77,43035.22,195014865.7814
1757937600000,4529.77,4536.79,4507.3,4514.59,53781.87,243155841.393
1757941200000,4514.59,4541.98,4486.2,4515.23,145406.73,656091884.8903
1757944800000,4515.23,4529,4496.39,4510,70594.04,318594982.6998
1757948400000,4510,4519.99,4463.5,4498,151843.97,681165053.1064
1757952000000,4498,4511.08,4477,4493.29,64260.23,288895571.7601
1757955600000,4493.29,4509,4472.07,4508.14,47848.92,214942375.777
1757959200000,4508.14,4512.41,4484.22,4499.49,42539.39,191277597.645
1757962800000,4499.49,4513.83,4474,4491.46,65651.67,295039284.2004
1757966400000,4491.46,4512.09,4486.31,4510.15,51646.18,232580617.3802
1757970000000,4510.15,4527.68,4504.99,4522.26,28943.47,130733314.5783
1757973600000,4522.26,4528.48,4507.49,4511.5,18389.2,83055687.5686
1757977200000,4511.5,4526.7,4506,4521.64,13124.21,59303879.4644
1757980800000,4521.64,4522.23,4502.02,4512.17,21054.84,94963390.3733
1757984400000,4512.17,4536.5,4511.31,4516.62,31525.07,142709670.2623
1757988000000,4516.62,4530.81,4511.56,4512.41,21293.37,96279223.1025
1757991600000,4512.41,4530.81,4511.8,4519.29,19951.87,90211755.2043
1757995200000,4519.29,4522.4,4485.48,4517.6,60077.43,270658548.8437
1757998800000,4517.6,4531,4509.19,4527.6,46341.79,209543603.7219
1758002400000,4527.6,4534.31,4490.99,4506.22,65020.68,293230536.968
1758006000000,4506.22,4514.72,4500,4510.8,27570.11,124285603.4324
1758009600000,4510.8,4530,4496,4509.36,51197.97,231063722.2092
1758013200000,4509.36,4515,4500.58,4509.24,17984.99,81094469.4646
1758016800000,4509.24,4512.78,4490.57,4496.25,26783.82,120612607.9358
1758020400000,4496.25,4505.4,4490.48,4499.26,23917.97,107583906.3968
1758024000000,4499.26,4505.66,4492.73,4498,24970.27,112354412.638
1758027600000,4498,4511.41,4427.45,4471.51,245712.27,1096237785.5789
1758031200000,4471.51,4471.64,4421.1,4444.36,127333.28,565362743.3278
1758034800000,4444.36,4468.95,4428,4466,68099.6,302906898.7004
1758038400000,4466,4470,4444.36,4461.18,55136.92,245819008.6571
1758042000000,4461.18,4509.21,4460.41,4484.55,135828.82,609760655.3716
1758045600000,4484.55,4495.66,4463.34,4472.74,54113.92,242336449.2067
1758049200000,4472.74,4493.76,4468.71,4489.43,29866.41,133860288.8389
1758052800000,4489.43,4497.31,4481.64,4496.73,33873.97,152105094.0301
1758056400000,4496.73,4510.81,4488.05,4506.49,49954.68,224834970.6717
1758060000000,4506.49,4524,4498.47,4518.23,45583.15,205683470.1169
1758063600000,4518.23,4522.48,4491.18,4499.63,57754.42,260203036.7341
1758067200000,4499.63,4515,4490.11,4511.82,29498.87,132927449.2153
1758070800000,4511.82,4517.85,4501,4512.12,18177.54,81953439.8661
1758074400000,4512.12,4552.27,4505.09,4529.25,73015.46,331070748.7022
1758078000000,4529.25,4529.81,4493.25,4495.46,55807.15,251867942.3449
1758081600000,4495.46,4503.28,4459.39,4474.56,79857.44,357814376.4162
1758085200000,4474.56,4517.03,4474.09,4512.51,55321.91,248513415.3619
1758088800000,4512.51,4547.89,4502.49,4543.47,71317.14,322792249.7157
1758092400000,4543.47,4553.97,4534.56,4542.22,51741.41,235033596.4682
1758096000000,4542.22,4544.13,4492.32,4508.36,100075.3,451403897.7038
1758099600000,4508.36,4509.2,4492,4492.61,28357.27,127628233.0271
1758103200000,4492.61,4499,4476.01,4481.39,46565.05,208862443.818
1758106800000,4481.39,4495.3,4476.54,4489.31,31064.58,139402895.9994
1758110400000,4489.31,4511.47,4480.62,4499.64,44649.42,200757416.0074
1758114000000,4499.64,4511.23,4480.38,4494.19,61539.54,276762816.3246
1758117600000,4494.19,4502.04,4464,4488.34,87312.67,391346082.6823
1758121200000,4488.34,4498.13,4479.42,4487.53,44709.45,200779559.4694
1758124800000,4487.53,4490.69,4467.52,4485.26,41697.83,186833911.4055
1758128400000,4485.26,4532.68,4425,4426.42,161581.42,726223204.101
1758132000000,4426.42,4521.41,4400.81,4454.64,544591.63,2431726194.9472
1758135600000,4454.64,4525.46,4451.91,4515.99,164509.44,738879720.7174
1758139200000,4515.99,4540,4492.2,4499.88,79381.35,358689457.7923
1758142800000,4499.88,4538.65,4484.46,4527.89,53536.12,241627245.6061
1758146400000,4527.89,4603.9,4525.58,4586.11,147039.32,672034249.5232
1758150000000,4586.11,4616.66,4579.16,4588.79,80905.57,371969379.5311
1758153600000,4588.79,4608.34,4581,4582.58,49228.1,226281804.3224
1758157200000,4582.58,4634.44,4578.4,4617.59,81532.14,376051228.8806
1758160800000,4617.59,4618.45,4602.83,4612,35583.89,163963506.4928
1758164400000,4612,4643.71,4607.17,4612.52,61488.54,284437004.4226
1758168000000,4612.52,4618.78,4596.69,4610.1,41367.19,190581683.1743
1758171600000,4610.1,4610.64,4582.88,4587.91,30267.21,138984498.5785
1758175200000,4587.91,4592.69,4551.01,4569.55,96935.88,442700788.7565
1758178800000,4569.55,4580.71,4568.51,4572.66,34800.03,159213458.8573
1758182400000,4572.66,4606.91,4568.61,4600.33,67289.68,309011211.2978
1758186000000,4600.33,4602.74,4588,4595.51,24856.44,114212093.7203
1758189600000,4595.51,4599.7,4568.64,4572.67,60901.79,279108613.4709
1758193200000,4572.67,4587.13,4566.4,4573.81,28810.86,131877063.5616
1758196800000,4573.81,4585.73,4565.39,4568.1,33640.3,153906662.7387
1758200400000,4568.1,4604.44,4556.42,4585.79,101104.18,463068842.7438
1758204000000,4585.79,4623.82,4584.27,4593,171603.66,790188114.8169
1758207600000,4593,4606.74,4583.97,4596.67,73358.93,337189634.835
1758211200000,4596.67,4634.2,4587.59,4618.76,67103.77,309778696.4902
1758214800000,4618.76,4628,4593.73,4607,73784.49,339994734.7334
1758218400000,4607,4621.41,4599.36,4616.28,32289.8,148868232.0608
1758222000000,4616.28,4617.36,4578,4586.14,48087.98,220843211.9515
1758225600000,4586.14,4604.16,4584.1,4603.13,21920.46,100756970.7722
1758229200000,4603.13,4603.81,4589,4592.42,13387.16,61517197.3135
1758232800000,4592.42,4600.35,4584.48,4589.18,19595.51,89961532.5606
1758236400000,4589.18,4590.39,4568.16,4585.05,50836.17,232787794.4655
1758240000000,4585.05,4610.6,4584.24,4607.15,42074.2,193451781.6587
1758243600000,4607.15,4618.92,4596.05,4604.7,41356.22,190529458.5493
1758247200000,4604.7,4613.19,4585.81,4586.86,34333.78,157779993.8003
1758250800000,4586.86,4599.73,4538.54,4547.75,140236.21,639396787.0168
1758254400000,4547.75,4557.76,4530.3,4555.81,91706.26,416580392.4927
1758258000000,4555.81,4556.55,4525.01,4538.94,58249.88,264277931.8808
1758261600000,4538.94,4540.98,4518,4522.04,57379.88,259928540.1137
1758265200000,4522.04,4542.5,4515.82,4537.22,54275.66,245835207.9708
1758268800000,4537.22,4548.17,4527.81,4532.24,40033.85,181638367.5587
1758272400000,4532.24,4541.61,4512.83,4520.55,39103.3,177048102.0497
1758276000000,4520.55,4532.02,4514.82,4525.77,29058.89,131478120.6443
1758279600000,4525.77,4527,4506.19,4512.13,48313.99,218106516.5273
1758283200000,4512.13,4519.79,4505.04,4516.37,45439.4,205086262.6611
1758286800000,4516.37,4535.47,4508,4526.01,60717.65,274672000.6263
1758290400000,4526.01,4542.8,4484,4493.08,143526.56,647638389.4619
1758294000000,4493.08,4495,4442.16,4472.62,182800.77,816410116.2711
1758297600000,4472.62,4488.55,4469.12,4479.74,43672.17,195645697.32
1758301200000,4479.74,4479.74,4455.56,4457.95,42925.16,191675957.461
1758304800000,4457.95,4460.9,4431,4447.06,88073.37,391476429.6366
1758308400000,4447.06,4465.37,4438.72,4438.72,42299.31,188447972.3955
1758312000000,4438.72,4463.86,4436.35,4458.93,44172.78,196771779.5139
1758315600000,4458.93,4471.79,4448.47,4470.46,36068.68,160929245.6368
1758319200000,4470.46,4477.78,4467,4467.01,14004.15,62625650.4909
1758322800000,4467.01,4468.27,4444.14,4467.83,28630.75,127605812.8697
1758326400000,4467.83,4474.98,4459,4474.81,20672.71,92392017.1368
1758330000000,4474.81,4475.83,4457.07,4465,16703.03,74608232.2617
1758333600000,4465,4468,4452.55,4464.07,14137.96,63046329.7034
1758337200000,4464.07,4467,4457.71,4464.86,7945.51,35459431.1433
1758340800000,4464.86,4476.15,4462,4473.63,15428.8,68957887.7953
1758344400000,4473.63,4483.45,4465.77,4477.61,22778.42,101935013.7786
1758348000000,4477.61,4477.61,4470,4472.74,8704.19,38932929.8296
1758351600000,4472.74,4482.96,4468.54,4482.43,22756.98,101870708.4938
1758355200000,4482.43,4482.43,4463.41,4464.79,15243.58,68198842.4749
1758358800000,4464.79,4471.32,4455,4464.96,19591.05,87439435.9258
1758362400000,4464.96,4476,4462.88,4463.3,13614.92,60838256.6812
1758366000000,4463.3,4471.02,4462.62,4469.37,10573.61,47238118.8314
1758369600000,4469.37,4470.59,4462.13,4464.21,15982.26,71359978.6256
1758373200000,4464.21,4470.47,4461.44,4466.93,10787.92,48176264.6906
1758376800000,4466.93,4497.25,4463,4486.17,48924.34,219319698.8523
1758380400000,4486.17,4506.99,4485.25,4497.4,62455.48,280921782.9265
1758384000000,4497.4,4508,4487.99,4501.26,32020.18,144071671.4504
1758387600000,4501.26,4502.04,4468.06,4484.67,58769.98,263361783.4417
1758391200000,4484.67,4486.09,4471.06,4473.44,30726.4,137582165.3587
1758394800000,4473.44,4483.87,4470,4477.95,9680.86,43337089.078
1758398400000,4477.95,4486.4,4476.17,4482.53,7647.21,34283905.2085
1758402000000,4482.53,4500.24,4482.4,4488.59,21746.76,97684221.5498
1758405600000,4488.59,4493.64,4485.58,4491.77,10933.8,49089934.8591
1758409200000,4491.77,4491.78,4476.77,4478.94,9164.31,41074270.0641
1758412800000,4478.94,4487.89,4472.21,4485.44,16863.41,75535004.1538
1758416400000,4485.44,4487.34,4476.1,4479.04,8967.73,40187642.2497
1758420000000,4479.04,4486.54,4456,4477,35996.38,160851650.5799
1758423600000,4477,4478,4470.81,4476.8,8107.6,36279982.4274
1758427200000,4476.8,4477.59,4466.86,4470.66,10931.13,48865541.7941
1758430800000,4470.66,4476.63,4465.29,4476.26,9862.32,44081316.8284
1758434400000,4476.26,4491,4475.66,4482.9,19391,86947300.2309
1758438000000,4482.9,4483.95,4474.04,4476.71,7730.32,34622616.2504
1758441600000,4476.71,4478.39,4465,4467.32,15367.51,68689581.7448
1758445200000,4467.32,4472.76,4440.03,4464.29,60209.62,268164323.6446
1758448800000,4464.29,4467.69,4456.55,4457.04,19235.2,85846918.8797
1758452400000,4457.04,4465,4453.78,4458.3,8874.03,39581477.0185
1758456000000,4458.3,4472.18,4457.97,4465.74,15376.51,68672684.3926
1758459600000,4465.74,4480,4464.36,4474.62,16203.86,72468242.9784
1758463200000,4474.62,4483,4468.86,4470.92,21921.63,98102325.5511
1758466800000,4470.92,4485,4470,4480.95,17369.85,77802201.5504
1758470400000,4480.95,4487.89,4461.82,4475.1,47407.4,212103085.6666
1758474000000,4475.1,4493.65,4465.18,4490.4,41221.38,184597137.6827
1758477600000,4490.4,4496.78,4483.09,4496.18,22883.4,102763662.123
1758481200000,4496.18,4497.7,4475,4492.99,26946.03,120841009.4961
1758484800000,4492.99,4493.63,4472.36,4472.82,19779.81,88645826.8257
1758488400000,4472.82,4476.7,4465.35,4469.47,16442.11,73503082.9728
1758492000000,4469.47,4476.89,4443.51,4463.74,44918.88,200270724.44
1758495600000,4463.74,4463.75,4441.18,4443.11,30453.74,135463152.3214
1758499200000,4443.11,4454.6,4318.01,4333.61,295235.86,1292655154.1094
1758502800000,4333.61,4352,4323.16,4326.71,104100.74,451538313.5414
1758506400000,4326.71,4338.57,4258,4286.6,215112.24,923370813.074
1758510000000,4286.6,4306,4285.26,4303.86,45332.46,194884760.9376
1758513600000,4303.86,4308.96,4286.25,4287.93,31836.81,136789666.8166
1758517200000,4287.93,4296,4205.2,4216.15,116247.9,495034095.2581
1758520800000,4216.15,4221.51,4046.73,4188.31,606894.08,2516439865.6997
1758524400000,4188.31,4220.76,4178,4190.62,152374.59,639375717.6446
1758528000000,4190.62,4204.88,4182.63,4191.97,57241.98,240082530.5791
1758531600000,4191.97,4195.11,4133.54,4149.29,124492.58,518163331.2437
1758535200000,4149.29,4187.8,4136.35,4180,75775.38,315587868.7674
1758538800000,4180,4189,4171.07,4179.71,37565.99,157030076.3344
1758542400000,4179.71,4199.18,4166.88,4190.01,44079.4,184315599.5818
1758546000000,4190.01,4215.94,4170.04,4205.01,118934.78,498472963.7521
1758549600000,4205.01,4218,4180.08,4187.67,101676.96,426967971.7138
1758553200000,4187.67,4193.92,4156.32,4165.46,91691.2,382578282.703
1758556800000,4165.46,4181.2,4157.37,4162.33,53920.17,224778743.4673
1758560400000,4162.33,4178.47,4143.35,4162.51,72485.71,301545652.3836
1758564000000,4162.51,4176,4152.74,4153.09,28529.73,118743257.1922
1758567600000,4153.09,4164,4116.64,4132.96,105666.65,437191506.2734
1758571200000,4132.96,4187.61,4131.5,4179.89,49531.38,206164930.0422
1758574800000,4179.89,4196.99,4174,4195.73,30696.27,128519602.3194
1758578400000,4195.73,4196.36,4182.02,4188.26,25882.01,108413813.6211
1758582000000,4188.26,4205.99,4186.75,4196.41,29101.56,122210039.8878
1758585600000,4196.41,4209.61,4187.17,4189.19,30692.91,128877520.782
1758589200000,4189.19,4197,4160.31,4161.41,43751.8,182780034.2167
1758592800000,4161.41,4181,4138.77,4141.29,55471.74,230544468.7768
1758596400000,4141.29,4195.38,4110.94,4186.18,114672.24,476658339.5356
1758600000000,4186.18,4191.89,4152.29,4175.01,42300.98,176446294.1282
1758603600000,4175.01,4193,4163,4181.51,33374.06,139614530.1308
1758607200000,4181.51,4213.84,4176.44,4203.01,55236.58,232041974.7792
1758610800000,4203.01,4209.9,4195.21,4203.14,36715.83,154321653.9637
1758614400000,4203.14,4212.9,4192,4206.56,31609.23,132922394.8028
1758618000000,4206.56,4228.84,4182.16,4189.99,72198,303687355.1555
1758621600000,4189.99,4194.8,4182.95,4191.12,22750.57,95307940.4278
1758625200000,4191.12,4194.14,4175.7,4189.91,22166.76,92783283.9545
1758628800000,4189.91,4203.47,4182,4193.52,35450.08,148601885.3642
1758632400000,4193.52,4208,4178,4185.49,50341.14,210947666.9648
1758636000000,4185.49,4209.4,4160.31,4172.64,92609.59,387420517.6237
1758639600000,4172.64,4202,4160,4178.97,63540.22,265592089.7269
1758643200000,4178.97,4205.2,4161.45,4190.49,79301.78,331584497.1986
1758646800000,4190.49,4192.44,4135,4147.43,90388.24,375595162.0249
1758650400000,4147.43,4166,4144.09,4155.33,68277.87,283467540.6739
1758654000000,4155.33,4181.64,4140.24,4151.33,56420.33,234813352.6439
1758657600000,4151.33,4174.93,4137.18,4174.22,38940.39,161806544.9177
1758661200000,4174.22,4191,4162.09,4181.47,30712.51,128279679.1437
1758664800000,4181.47,4188.26,4166.74,4180.04,24586.21,102698199.5509
1758668400000,4180.04,4183.64,4158.72,4162.25,26426,110126381.2199
1758672000000,4162.25,4192.95,4155.89,4172.18,42739.19,178467600.6137
1758675600000,4172.18,4192.27,4166.67,4188.04,23797.87,99605273.882
1758679200000,4188.04,4190.97,4158.16,4167.68,51114.91,213021023.4832
1758682800000,4167.68,4172.69,4127.18,4145.52,74559.86,308899469.7647
1758686400000,4145.52,4160.47,4070.45,4139.38,242521.18,997794117.477
1758690000000,4139.38,4174,4136.78,4170.96,45816.27,190475801.0566
1758693600000,4170.96,4182,4165.3,4179.61,39106.47,163228677.7658
1758697200000,4179.61,4182.86,4163.54,4173.6,30172.35,125939349.5907
1758700800000,4173.6,4176.89,4165.75,4173.11,23424.01,97734374.6666
1758704400000,4173.11,4182.96,4168.01,4181.12,24915.81,104049296.1528
1758708000000,4181.12,4182.76,4161.84,4175.41,29145.32,121612390.9827
1758711600000,4175.41,4197.04,4172.25,4179.96,61380.97,256882299.2945
1758715200000,4179.96,4185.75,4169.16,4178.64,24946.42,104244407.3724
1758718800000,4178.64,4184.4,4144.3,4148.42,75869.94,316020009.0979
1758722400000,4148.42,4205.9,4148.06,4192.33,91323.47,381829572.3291
1758726000000,4192.33,4196.87,4160,4163.66,79587.61,332815400.3787
1758729600000,4163.66,4175.46,4151.89,4171.01,56408.35,234865066.6102
1758733200000,4171.01,4192.67,4164.23,4181.5,38258.13,159886788.5999
1758736800000,4181.5,4182.66,4162.34,4170.46,43111.59,179799986.7322
1758740400000,4170.46,4172.88,4153.06,4158.8,20953.26,87190944.0432
1758744000000,4158.8,4167.46,4145.87,4163.61,30758.2,127863652.8767
1758747600000,4163.61,4170,4127,4142.64,45120.96,187221961.7237
1758751200000,4142.64,4161.69,4140.98,4152.06,29742.5,123480936.7625
1758754800000,4152.06,4160.17,4142.1,4150.28,18737.85,77773356.026
1758758400000,4150.28,4159,4119.61,4126.41,63599.93,263063293.6592
1758762000000,4126.41,4134.4,4080,4100,130842.92,536828157.3106
1758765600000,4100,4136.45,4060.17,4099.6,162916.32,667207209.2147
1758769200000,4099.6,4101.59,4018.04,4060.01,169596.86,686888567.9874
1758772800000,4060.01,4069,3960.01,4000.44,246414.84,987827972.7667
1758776400000,4000.44,4038.36,3975.63,4022.94,111523.44,447573355.0445
1758780000000,4022.94,4026.85,3991.4,3996.05,79841.43,319890066.2162
1758783600000,3996.05,4020.02,3984.18,4006.61,79844.28,319785848.1973
1758787200000,4006.61,4033.54,4001.21,4013.01,53599.87,215385383.9554
1758790800000,4013.01,4050,4010.01,4022.79,86307.37,348383501.4019
1758794400000,4022.79,4040.99,4007.05,4011.3,53636.76,215812966.1791
1758798000000,4011.3,4017.99,3986.3,3999.96,76917.09,307670815.3653
1758801600000,3999.96,4014.5,3921.2,3976.32,275269.14,1093353466.1985
1758805200000,3976.32,4005.92,3942.64,3968.3,231841.4,920828423.6437
1758808800000,3968.3,4020.98,3966.53,4011.84,144012.64,576817672.7641
1758812400000,4011.84,4014.99,3977.73,4001.09,61092.46,244191665.8654
1758816000000,4001.09,4004.95,3925.19,3938.18,150164.8,594069132.8011
1758819600000,3938.18,3941,3821.26,3837.17,411514.16,1597234305.4689
1758823200000,3837.17,3923.69,3821.36,3923.36,243502.09,942900777.3582
1758826800000,3923.36,3946,3905.64,3910.49,122415.39,480768599.4979
1758830400000,3910.49,3917.94,3875.9,3884.44,93332.57,363576599.5415
1758834000000,3884.44,3916.79,3879.02,3903.3,59939.17,233707604.3275
1758837600000,3903.3,3936.31,3879.89,3890.94,67357.13,263308624.6771
1758841200000,3890.94,3904,3847.01,3872.05,116845.17,452138637.126
1758844800000,3872.05,3937.4,3864.98,3929.77,100723.3,392346561.0794
1758848400000,3929.77,3956.01,3918.45,3947.04,73935.11,291153211.6452
1758852000000,3947.04,3971.29,3940.17,3957.57,55241.73,218465834.4789
1758855600000,3957.57,3969.18,3942.61,3964.39,49834.47,197051247.4005
1758859200000,3964.39,3976,3936.39,3944.45,53570.22,211905291.6257
1758862800000,3944.45,3961.7,3917.83,3920.2,58273.88,229418593.1102
1758866400000,3920.2,3947.63,3907.98,3919.76,82215.63,322748306.1879
1758870000000,3919.76,3947,3906.12,3938.1,93515.93,366847710.208
1758873600000,3938.1,3944.15,3923.94,3932.99,44059.62,173477954.2238
1758877200000,3932.99,3939.33,3892.78,3913.85,54432.25,212957231.7492
1758880800000,3913.85,3915.43,3872.04,3886.31,68441.69,266056205.8026
1758884400000,3886.31,3916,3870.84,3904.36,57952.38,225682198.5134
1758888000000,3904.36,3963.6,3873.04,3935.35,177735.15,697064063.9083
1758891600000,3935.35,3984,3903.98,3969.03,189639.59,748049771.5182
1758895200000,3969.03,3977.29,3921,3929.5,105806.75,417160483.4369
1758898800000,3929.5,3961.55,3927,3944,52844.76,208643737.3329
1758902400000,3944,3994.68,3940.86,3988.72,68730.3,273313472.8765
1758906000000,3988.72,4044.39,3974.99,4042.68,138823.3,558075870.2691
1758909600000,4042.68,4067.82,4034,4042.2,104106.18,421630146.8326
1758913200000,4042.2,4044.55,4004.99,4021.68,88974.9,357999624.7019
1758916800000,4021.68,4028.56,4006.76,4007.38,35675.67,143275361.9743
1758920400000,4007.38,4024.62,4002.2,4021.12,29373.79,117849669.4596
1758924000000,4021.12,4038.78,4017.29,4023.99,39072,157420841.0593
1758927600000,4023.99,4034.67,4012.45,4029.69,27412.59,110309570.778
1758931200000,4029.69,4031.04,4014.17,4024.69,14856.36,59761641.3419
1758934800000,4024.69,4027.35,4003.5,4016.58,21343.43,85675439.0637
1758938400000,4016.58,4021.87,4007,4010.16,15326.09,61518918.1796
1758942000000,4010.16,4029.25,4008,4017.01,16718.55,67208262.296
1758945600000,4017.01,4026.78,4013,4019.56,11783.04,47360427.8944
1758949200000,4019.56,4019.84,4009.65,4017.92,13577.61,54502413.4377
1758952800000,4017.92,4018.42,4010.57,4017.25,10506.23,42165332.2829
1758956400000,4017.25,4020.66,4003.82,4006.05,20198.41,81002743.3691
1758960000000,4006.05,4006.08,3981.01,3984.14,79396.47,316854905.5335
1758963600000,3984.14,3997.05,3970.48,3993.7,51247.51,204027425.5503
1758967200000,3993.7,4016.8,3987.54,4007.36,45754.31,183245221.6631
1758970800000,4007.36,4012.15,3996.91,4000.97,18002.41,72100062.8501
1758974400000,4000.97,4037.6,3992.86,4026.73,58926.54,236702307.3339
1758978000000,4026.73,4029.93,4012.8,4018.06,29826.32,119877059.9869
1758981600000,4018.06,4024.63,4007,4012.7,29169.79,117121138.2595
1758985200000,4012.7,4020.7,3997.16,4017.17,42506.93,170411400.8503
1758988800000,4017.17,4018.29,4001.12,4005.82,18887.86,75715207.4678
1758992400000,4005.82,4006,3978,3999.84,69817.59,278628797.7701
1758996000000,3999.84,4002.5,3983.63,3994.45,23098.74,92225494.4089
1758999600000,3994.45,4002.17,3989.03,4000.69,12569.44,50226861.8693
1759003200000,4000.69,4008,3998.73,4005.09,10194.64,40808180.2104
1759006800000,4005.09,4019.35,4004.51,4013.4,12664.27,50807125.843
1759010400000,4013.4,4032.4,4012.13,4020.9,23274.27,93612102.9866
1759014000000,4020.9,4026.53,4011.72,4016.9,14235.56,57204365.6889
1759017600000,4016.9,4030.64,4003.19,4014.81,24780.45,99573347.3368
1759021200000,4014.81,4016.59,3991.95,3994.43,26747.22,107067407.5034
1759024800000,3994.43,4009.43,3993.2,3999.83,22003.22,88044601.301
1759028400000,3999.83,4009.02,3994.86,4000.99,11110.14,44446255.8298
1759032000000,4000.99,4004.55,3994.78,4003.5,10200.49,40802478.221
1759035600000,4003.5,4018.67,4001.06,4009.19,12762.89,51169533.7157
1759039200000,4009.19,4015.6,3994.75,4004.28,24272.9,97170618.8174
1759042800000,4004.28,4014.18,3999.61,4012.2,14412.01,57766675.1851
1759046400000,4012.2,4014.31,3998,4000.04,19192.72,76880276.7025
1759050000000,4000.04,4005.1,3986.67,3993.82,37650.77,150404134.749
1759053600000,3993.82,3998.74,3981.21,3994.54,24545.78,97920762.1188
1759057200000,3994.54,3995.31,3982.47,3990.66,19340.96,77130298.3037
1759060800000,3990.66,3991.04,3960.98,3975.88,54784.72,217694902.0254
1759064400000,3975.88,4020,3975.29,4011.26,56338.43,225312641.1046
1759068000000,4011.26,4025.77,4005.58,4022.48,41352.42,166066565.8491
1759071600000,4022.48,4027.36,4013.48,4019.14,38480.75,154679162.5453
1759075200000,4019.14,4053.4,4019.14,4030.81,58580.9,236252838.977
1759078800000,4030.81,4049.56,4021.1,4037.58,54147.82,218600096.3278
1759082400000,4037.58,4043.43,4033.2,4040.69,17421.44,70343905.2321
1759086000000,4040.69,4045,4030.39,4037.19,13190.91,53236106.515
1759089600000,4037.19,4064.99,4033.15,4049.29,45487.63,184349306.0306
1759093200000,4049.29,4060.85,4040.48,4047.98,16890.62,68388865.1934
1759096800000,4047.98,4139.28,4047.76,4130.1,155757,639439366.9472
1759100400000,4130.1,4143,4118.41,4139.5,45881.68,189536685.1442
1759104000000,4139.5,4144.15,4120.06,4125.33,41632.69,172035294.6226
1759107600000,4125.33,4135.72,4109.2,4112.71,32105.41,132338987.5482
1759111200000,4112.71,4127.42,4105.32,4109.57,27322.22,112429832.2998
1759114800000,4109.57,4120.7,4101.14,4120.68,34509.74,141905861.4918
1759118400000,4120.68,4122.43,4112,4118.07,21798.91,89768669.7
1759122000000,4118.07,4119.37,4102.03,4112.93,22599.77,92844769.8137
1759125600000,4112.93,4113.35,4091.16,4095.96,37606.11,154193236.1498
1759129200000,4095.96,4112.34,4085.9,4106.9,30130.03,123511814.498
1759132800000,4106.9,4135.11,4106.49,4120.73,41051.46,169153762.3418
1759136400000,4120.73,4139.63,4117.04,4132.8,35529.64,146688902.2784
1759140000000,4132.8,4136.59,4111.99,4114.58,25240.83,104100067.7986
1759143600000,4114.58,4115.46,4092.07,4101.53,43803.64,179661725.3682
1759147200000,4101.53,4126.95,4090.5,4095.68,48509.46,199236409.7648
1759150800000,4095.68,4187.09,4079,4167.19,192115.32,795936673.8562
1759154400000,4167.19,4204.8,4158.21,4186.76,158685.2,663566448.7148
1759158000000,4186.76,4198.48,4150.2,4162.99,97644.21,407385771.6177
1759161600000,4162.99,4173.16,4136.82,4140.11,53800.74,223539398.4685
1759165200000,4140.11,4157.27,4125.33,4153.66,60987.84,252572716.4562
1759168800000,4153.66,4161.75,4139.96,4160.43,32359.66,134318711.0808
1759172400000,4160.43,4192.35,4157.79,4186.99,57107.71,238398945.7669
1759176000000,4186.99,4232,4179.5,4224.57,103093.23,434303942.2319
1759179600000,4224.57,4234.8,4208.67,4221.46,40536.78,171140715.2966
1759183200000,4221.46,4229.21,4211.56,4224.04,25151.89,106123419.9274
1759186800000,4224.04,4228.32,4210.31,4212.56,21795.87,91939705.4785
1759190400000,4212.56,4244.74,4192.51,4203.87,91610.94,386125570.6151
1759194000000,4203.87,4225.88,4188.78,4201.53,45919.01,193067603.8576
1759197600000,4201.53,4208.88,4194.3,4196.99,20019.44,84086830.304
1759201200000,4196.99,4205.79,4185.49,4196.59,22648.94,95046524.726
1759204800000,4196.59,4198.62,4185.72,4186.63,17876.62,74958407.2979
1759208400000,4186.63,4192.99,4166.74,4182.3,56727.58,237095105.0441
1759212000000,4182.3,4201.5,4177.41,4187.89,43703.49,183133334.8898
1759215600000,4187.89,4205.82,4171.23,4180.47,43742.38,183083098.1358
1759219200000,4180.47,4181.39,4163,4167,39346.45,164126383.5618
1759222800000,4167,4174.76,4132,4138.81,95482.69,396515718.0406
1759226400000,4138.81,4163.84,4133.31,4155.66,48270.35,200137261.3922
1759230000000,4155.66,4167.88,4144.96,4162.28,38254.46,159059527.0595
1759233600000,4162.28,4175.82,4152,4156.2,47783.4,198920963.0136
1759237200000,4156.2,4173.7,4137.87,4152,68862.45,286182571.8473
1759240800000,4152,4158.45,4113.77,4147.24,109681.82,453270034.5758
1759244400000,4147.24,4148.24,4091.52,4117.45,115876.35,476294923.5725
1759248000000,4117.45,4124.8,4089.48,4096.88,49351.9,202698476.1101
1759251600000,4096.88,4109.29,4091.36,4098.99,45268.9,185591753.5736
1759255200000,4098.99,4117.68,4091,4115.07,33153.48,136205901.7815
1759258800000,4115.07,4169.57,4106.2,4158.46,95297.49,394403714.2463
1759262400000,4158.46,4196.38,4147.06,4194.56,64124.46,267400043.5432
1759266000000,4194.56,4201.72,4151.03,4151.26,75172.8,314158118.1561
1759269600000,4151.26,4170.96,4127.33,4138.32,89003.91,368966645.9264
1759273200000,4138.32,4145.39,4115.75,4143.41,47857.09,197684522.1894
1759276800000,4143.41,4150.82,4122.09,4147,40444.85,167319826.4297
1759280400000,4147,4172.99,4140.81,4169.42,67745.64,281537435.0475
1759284000000,4169.42,4169.85,4149.4,4151.36,35098.32,145944237.6335
1759287600000,4151.36,4152.08,4126.26,4127.28,56422.43,233546817.2248
1759291200000,4127.28,4155.77,4124.94,4139.53,35643.36,147677701.181
1759294800000,4139.53,4155.87,4138.77,4142.79,21575.14,89503829.7602
1759298400000,4142.79,4145.77,4121.11,4124.83,37490.17,154919826.3691
1759302000000,4124.83,4147.52,4123.02,4144.43,26593.82,110024040.1294
1759305600000,4144.43,4329.89,4141.27,4290.8,350131.71,1487877452.7379
1759309200000,4290.8,4317.93,4278.27,4309.08,126911.49,545122548.9202
1759312800000,4309.08,4312.44,4277.27,4281.26,64526.69,276991610.5305
1759316400000,4281.26,4304.8,4281.26,4296.86,42676.42,183311444.4928
1759320000000,4296.86,4314.09,4277.57,4282.91,73036.15,313752219.0489
1759323600000,4282.91,4301.74,4277.67,4294.4,53185.35,228214919.3791
1759327200000,4294.4,4338.98,4289.63,4322.37,122622.19,529604267.4931
1759330800000,4322.37,4342.83,4312.55,4325.54,60742.66,262905598.9589
1759334400000,4325.54,4338.77,4315.94,4323.07,55352.3,239654070.296
1759338000000,4323.07,4331.98,4286.01,4290.86,77783.74,335126126.565
1759341600000,4290.86,4317.21,4290,4305.96,37272.3,160487566.9215
1759345200000,4305.96,4337.76,4302.76,4332.07,43761.53,189281396.5646
1759348800000,4332.07,4334.82,4311.7,4333.15,38437.31,166221107.8499
1759352400000,4333.15,4333.5,4285.11,4302.72,39671.89,170960268.6636
1759356000000,4302.72,4328.71,4302.72,4310.78,24839.42,107187036.0205
1759359600000,4310.78,4353.85,4308.16,4346,55125.36,238953552.006
1759363200000,4346,4379.7,4330.63,4333.6,113589.11,495027080.3347
1759366800000,4333.6,4398.58,4330.26,4391.46,77618.63,339268678.2424
1759370400000,4391.46,4398.38,4365,4384.3,59445.51,260478998.7785
1759374000000,4384.3,4397.84,4367.82,4375.68,48451.13,212403147.9684
1759377600000,4375.68,4384,4356.09,4371.58,50375.27,220094899.684
1759381200000,4371.58,4398,4368.54,4382.89,82263.59,360749604.7066
1759384800000,4382.89,4423.21,4372.88,4402.62,131880.04,580852102.9516
1759388400000,4402.62,4409.16,4367.81,4374.3,49277.18,216169431.1615
1759392000000,4374.3,4392.93,4367.63,4386.7,35088.78,153707431.0597
1759395600000,4386.7,4395.56,4377.42,4390.54,22227.74,97515282.4259
1759399200000,4390.54,4395.93,4373.18,4378.45,27747.16,121584561.9419
1759402800000,4378.45,4392.99,4370.72,4377.33,30702.89,134561198.0912
1759406400000,4377.33,4406.6,4374,4404.39,45638.81,200416288.9509
1759410000000,4404.39,4419.03,4376.33,4416,134243.78,590852079.4547
1759413600000,4416,4419.18,4362.95,4372.05,144857.84,636133798.6456
1759417200000,4372.05,4442.11,4330.47,4435.95,244493.15,1072463176.9485
1759420800000,4435.95,4469.6,4424.16,4447.1,168700.81,750002851.519
1759424400000,4447.1,4476.95,4437.5,4464.83,64778.71,288805948.07
1759428000000,4464.83,4496.24,4463.77,4485.32,75841.83,340046039.6002
1759431600000,4485.32,4515.77,4482.26,4492.85,97420.94,438382501.275
1759435200000,4492.85,4495.2,4463.41,4489.2,56462.95,252961686.9849
1759438800000,4489.2,4494.82,4465.26,4466.59,27471.69,123119051.512
1759442400000,4466.59,4483.78,4453.43,4461.73,38659.94,172618027.6995
1759446000000,4461.73,4487.35,4460.41,4481.74,36200.49,161907448.4835
1759449600000,4481.74,4482.11,4463.49,4466.51,22093.18,98790454.5903
1759453200000,4466.51,4477.75,4458.42,4469.72,25680.01,114744895.5991
1759456800000,4469.72,4514.49,4469.18,4508.18,53170.06,239002831.4432
1759460400000,4508.18,4558.84,4488,4498.77,108891.98,493001875.6835
1759464000000,4498.77,4508.81,4481,4495.36,34987.19,157288117.4382
1759467600000,4495.36,4499.5,4465,4474.8,53257.55,238505192.8136
1759471200000,4474.8,4483.83,4454.43,4470.14,34536.79,154377969.4802
1759474800000,4470.14,4474.84,4451,4460.45,44195.84,197034794.3282
1759478400000,4460.45,4465.99,4425.38,4464.8,88798.64,394777434.5567
1759482000000,4464.8,4480.48,4454.18,4471.71,43791.1,195676817.1082
1759485600000,4471.71,4494,4465,4487.15,28119.93,126048023.1711
1759489200000,4487.15,4488.61,4463.37,4476.96,35390.17,158451471.9394
1759492800000,4476.96,4490.93,4470.19,4480.45,27094.04,121400168.2097
1759496400000,4480.45,4503.42,4444,4468.01,88994.94,398102197.2765
1759500000000,4468.01,4488.38,4433.28,4480.84,110816.73,494271742.564
1759503600000,4480.84,4541.68,4455.39,4533.61,117471.44,528562012.2466
1759507200000,4533.61,4592.59,4518.28,4522.68,257094.01,1170055602.4536
1759510800000,4522.68,4525,4451,4470.06,271869.88,1221074188.3543
1759514400000,4470.06,4511.98,4448.57,4510.41,69028.38,309684630.8372
1759518000000,4510.41,4543.98,4501.09,4517.1,70857.33,320433010.102
1759521600000,4517.1,4541.28,4489.05,4533.17,48398.07,218371791.0326
1759525200000,4533.17,4535.69,4512.53,4520.66,16881.48,76390561.2235
1759528800000,4520.66,4533.29,4520.66,4526.91,12584.06,56977351.3096
1759532400000,4526.91,4527.52,4503.21,4511.2,25021.16,112950916.6816
1759536000000,4511.2,4515.66,4493.15,4499.99,28211.83,126975019.6744
1759539600000,4499.99,4500.71,4466.66,4478.89,35519.89,159141938.996
1759543200000,4478.89,4488.05,4462,4483.17,30042.97,134432898.7087
1759546800000,4483.17,4488.04,4468.43,4484.13,21925.04,98228841.2589
1759550400000,4484.13,4498.47,4477.08,4492.43,25856.84,116069219.1513
1759554000000,4492.43,4509.86,4490.16,4502.25,25241.36,113561606.0399
1759557600000,4502.25,4516.67,4500.34,4505.47,22494.13,101420018.2773
1759561200000,4505.47,4512.69,4491.9,4497,35010.98,157601617.5188
1759564800000,4497,4501.61,4482.01,4488.51,36330.42,163166794.4089
1759568400000,4488.51,4501.69,4482.07,4488.51,20201.57,90750706.0174
1759572000000,4488.51,4503.2,4482,4486.13,18314.43,82252055.0364
1759575600000,4486.13,4494.11,4478.13,4482.77,18923.92,84906953.1132
1759579200000,4482.77,4488.28,4474.27,4478.94,21096,94561678.7202
1759582800000,4478.94,4508.32,4477.41,4498.5,36520.08,164297207.7371
1759586400000,4498.5,4510.5,4467.06,4468.68,45421.79,203925077.5988
1759590000000,4468.68,4481.51,4437.65,4453.51,97791.19,435776671.9802
1759593600000,4453.51,4467.41,4438.08,4466.14,52706.25,234845239.9847
1759597200000,4466.14,4476.18,4451.86,4463.07,31336.66,139967187.1656
1759600800000,4463.07,4466.84,4448.9,4454.47,18861.96,84082150.8192
1759604400000,4454.47,4468.43,4453.57,4466.5,13985.34,62421342.3443
1759608000000,4466.5,4484.93,4466.5,4473.9,24016.07,107533131.4824
1759611600000,4473.9,4493.61,4473.74,4483.18,17476.12,78405876.2709
1759615200000,4483.18,4494,4478.31,4487.61,15480.49,69460378.4972
1759618800000,4487.61,4489.04,4480.06,4485.74,7251.71,32519841.9228
1759622400000,4485.74,4492.7,4464.97,4470.18,24982.65,111831657.733
1759626000000,4470.18,4488.06,4469.01,4486.13,12081.27,54123243.739
1759629600000,4486.13,4549.99,4478.1,4547.35,133711.04,604681285.8108
1759633200000,4547.35,4574.18,4524.52,4530.01,138127.32,628555376.6901
1759636800000,4530.01,4587.6,4526.16,4572.37,97389.82,444161739.1015
1759640400000,4572.37,4584.74,4555.89,4568,68219.3,311626348.4831
1759644000000,4568,4572.94,4552.33,4558.86,37289.77,170115505.9719
1759647600000,4558.86,4614.28,4557.9,4604.65,104771.35,480901654.7608
1759651200000,4604.65,4618.86,4581.77,4586.47,70637.7,324800061.4433
1759654800000,4586.47,4589.76,4535,4548.58,121230.25,552873755.09
1759658400000,4548.58,4551.18,4521.71,4540.8,96988.32,439876849.504
1759662000000,4540.8,4556.07,4533.33,4549.44,44511.73,202411730.5359
1759665600000,4549.44,4550.05,4528,4530.31,58471.66,265358118.4074
1759669200000,4530.31,4543.73,4529.17,4536.94,27082.83,122842615.443
1759672800000,4536.94,4548.8,4527.62,4533.34,30341.95,137705374.7348
1759676400000,4533.34,4541.77,4524,4530.37,22125.04,100251993.7145
1759680000000,4530.37,4539.49,4488.88,4527.36,104187.57,470218879.5599
1759683600000,4527.36,4537.5,4501.29,4510.27,52039.91,235195034.2905
1759687200000,4510.27,4524.11,4495.29,4516.74,28752.79,129625573.7659
1759690800000,4516.74,4517.5,4479,4484.79,64722.56,290952159.7216
1759694400000,4484.79,4507.82,4471.84,4495.87,40722.43,182896951.1687
1759698000000,4495.87,4506.99,4490.03,4503.52,16348.27,73558910.1876
1759701600000,4503.52,4517.49,4498.71,4511.09,25823.75,116427101.8361
1759705200000,4511.09,4522.42,4509.16,4511.97,25106.73,113391567.2162
1759708800000,4511.97,4551.38,4485.27,4497.4,106807.04,482943464.0028
1759712400000,4497.4,4540.14,4487.35,4526.37,47348.26,214121140.5322
1759716000000,4526.37,4548.81,4503.6,4536.72,41192.96,186629066.8826
1759719600000,4536.72,4540.89,4526.29,4535.07,23292.52,105604199.6411
1759723200000,4535.07,4540.85,4520.25,4522.39,19293.72,87375361.8179
1759726800000,4522.39,4528.27,4506.53,4526.06,30695.72,138666193.8647
1759730400000,4526.06,4575.74,4524.51,4558.71,72847.3,331792126.9641
1759734000000,4558.71,4576.85,4526.84,4531.4,62837.92,285697355.7085
1759737600000,4531.4,4566.34,4531.31,4559.97,41357.88,188317180.9611
1759741200000,4559.97,4576.13,4558.85,4571.49,34973.03,159756399.4317
1759744800000,4571.49,4578.76,4555.38,4571.98,26512.26,121069509.2599
1759748400000,4571.98,4592.92,4562.71,4569.93,52962.82,242471879.4528
1759752000000,4569.93,4595.74,4568.23,4579.27,47713.68,218621723.0889
1759755600000,4579.27,4637.5,4575.1,4636.92,149534.17,689234155.4526
1759759200000,4636.92,4675.96,4628.63,4637.07,153386.92,713381958.6936
1759762800000,4637.07,4693.32,4636.11,4671.33,107159.62,500806990.7786
1759766400000,4671.33,4683.76,4657.18,4676.67,54785.72,255832452.4178
1759770000000,4676.67,4718.79,4672.34,4694.44,109258.64,513434031.2779
1759773600000,4694.44,4716.88,4677.8,4710.21,56774.49,266618142.2688
1759777200000,4710.21,4732.36,4692.49,4720.4,68429.13,322193127.0656
1759780800000,4720.4,4733.96,4684.02,4686.96,53125.36,250100256.6679
1759784400000,4686.96,4696.22,4667,4691.63,38847.41,181913094.5694
1759788000000,4691.63,4707.01,4680,4696.65,24071.8,113004065.1529
1759791600000,4696.65,4704.18,4680.38,4681.76,26958.85,126514657.3142
1759795200000,4681.76,4691.08,4670.18,4677.27,21817.97,102089515.8732
1759798800000,4677.27,4697.34,4659.85,4673.85,24357.68,113890057.8751
1759802400000,4673.85,4689.53,4666,4684.37,24184.96,113169910.3574
1759806000000,4684.37,4694.35,4676.17,4688.78,19617.17,91925145.5321
1759809600000,4688.78,4718.28,4676.59,4711.81,47534.45,223403955.9367
1759813200000,4711.81,4729.99,4701.94,4709.6,56497.39,266299115.9667
1759816800000,4709.6,4718,4663.48,4667.43,87520.96,409920587.2995
1759820400000,4667.43,4681.49,4663,4676.92,41973.57,196131386.1082
1759824000000,4676.92,4676.98,4636,4668.96,95277.61,443420605.7896
1759827600000,4668.96,4682.18,4664.38,4678.88,29062.4,135837027.4788
1759831200000,4678.88,4696.64,4671.12,4690.46,35027.29,164229544.0953
1759834800000,4690.46,4712.55,4685.23,4707.34,55744.42,262027295.8501
1759838400000,4707.34,4748,4693.5,4746.92,78240.76,369278482.0905
1759842000000,4746.92,4755.7,4660.35,4702.6,233125.06,1098396250.4918
1759845600000,4702.6,4708.85,4588.12,4592.07,305659.86,1417796367.6269
1759849200000,4592.07,4604.92,4472,4511.01,480176.72,2176452050.9967
1759852800000,4511.01,4522.73,4451.04,4498.18,285484.86,1281932167.6463
1759856400000,4498.18,4505.99,4466.29,4474.55,105642.58,474086508.6654
1759860000000,4474.55,4482.54,4445,4463.1,96671.15,431571492.6544
1759863600000,4463.1,4494.76,4457.13,4478.5,89553.18,400930992.142
1759867200000,4478.5,4516.6,4474.68,4508.83,61404.81,276516196.9129
1759870800000,4508.83,4512.92,4477.53,4491.59,38458.82,172971306.9335
1759874400000,4491.59,4505,4480.77,4496.33,18791.73,84486643.0427
1759878000000,4496.33,4497.77,4425.75,4445.65,103771.92,462256749.8082
1759881600000,4445.65,4479.42,4431.9,4469.93,66529.9,296661462.1996
1759885200000,4469.93,4488.3,4455.56,4481.34,29738.64,133079341.1742
1759888800000,4481.34,4497.11,4471.54,4479.01,30763.02,137989284.3417
1759892400000,4479.01,4479.01,4431.32,4442.05,64963.81,288919017.2946
1759896000000,4442.05,4465.27,4409.59,4460.74,78568.46,348669081.7515
1759899600000,4460.74,4461.13,4418.5,4435.9,44091.63,195607020.4845
1759903200000,4435.9,4456.99,4422.04,4453.49,28243.35,125485798.0734
1759906800000,4453.49,4462.08,4440,4461.5,48740.07,216910830.4415
1759910400000,4461.5,4495,4456,4473.89,76405.8,341967956.2326
1759914000000,4473.89,4483.68,4469.47,4483.09,20181.96,90368098.8039
1759917600000,4483.09,4503.9,4478,4498.36,39747.46,178590535.3109
1759921200000,4498.36,4505.63,4480.26,4486,32757.75,147161624.7579
1759924800000,4486,4496.17,4466.66,4476.58,42626.88,190899750.4916
1759928400000,4476.58,4487.39,4437.08,4473.84,94772,422870589.7718
1759932000000,4473.84,4521.99,4435.55,4447.53,165822.18,743598356.2111
1759935600000,4447.53,4467.33,4433.5,4444.83,59475.13,264701299.4011
1759939200000,4444.83,4496.52,4436.4,4493.61,69266.97,309306939.865
1759942800000,4493.61,4556.78,4487.17,4536.87,146319.25,662773194.2672
1759946400000,4536.87,4543.19,4510.03,4520.84,74518.71,337267766.7588
1759950000000,4520.84,4525.39,4496.43,4513.13,75453.52,340214153.0224
1759953600000,4513.13,4525.44,4498,4502.3,30344.38,136895651.2729
1759957200000,4502.3,4527.18,4500.49,4524.09,23553.45,106366786.6509
1759960800000,4524.09,4539.99,4518.66,4520,21667.78,98130957.8015
1759964400000,4520,4536.8,4507.49,4524.4,27892.63,126179045.1172
1759968000000,4524.4,4530.24,4505.57,4509.45,19991,90295231.4957
1759971600000,4509.45,4513.11,4460.23,4477.53,91607.56,410596093.8402
1759975200000,4477.53,4479.93,4401.2,4410.79,125794.2,557631244.9677
1759978800000,4410.79,4451.87,4409.75,4449.2,62490.7,277190360.1345
1759982400000,4449.2,4457.24,4436.83,4453.45,28747.7,127903096.4411
1759986000000,4453.45,4459,4435.69,4452.76,30015.84,133424687.9862
1759989600000,4452.76,4453.32,4419.75,4427.69,54540.48,241794374.1259
1759993200000,4427.69,4435.77,4408.25,4424.22,38243.14,169122218.3424
1759996800000,4424.22,4425.08,4317.56,4326.63,275090.22,1200101077.3037
1760000400000,4326.63,4355,4323.68,4333.19,79326.28,344378412.4495
1760004000000,4333.19,4356.36,4322.24,4352.27,60017.36,260570789.3629
1760007600000,4352.27,4385.54,4351.88,4371.14,51063.89,223107125.6923
1760011200000,4371.14,4411.48,4367,4401.64,78342.74,344107379.7374
1760014800000,4401.64,4405.59,4345.24,4348.79,115081.98,503629529.2803
1760018400000,4348.79,4373.12,4303,4343,165576.75,717970506.2032
1760022000000,4343,4362.44,4288,4312.13,132693.47,572978046.5244
1760025600000,4312.13,4326,4262.82,4275.51,128417.77,551661513.5325
1760029200000,4275.51,4335.28,4266.92,4333.08,95438.82,411038532.3124
1760032800000,4333.08,4339.66,4298.62,4306.55,65387.62,282504136.7182
1760036400000,4306.55,4343.97,4305.71,4337.25,35860.91,155174319.7761
1760040000000,4337.25,4347.19,4326.5,4335.75,25626.89,111131096.9705
1760043600000,4335.75,4358.46,4334.21,4356.6,27141,118060368.6963
1760047200000,4356.6,4382,4351,4376.83,30517.07,133347223.8434
1760050800000,4376.83,4378.11,4355.11,4367.14,23610.49,103057478.0424
1760054400000,4367.14,4384,4361.46,4380.04,23963.68,104832478.0985
1760058000000,4380.04,4392.9,4369.53,4372.11,30150.61,132073671.3792
1760061600000,4372.11,4380.51,4348.51,4358.5,42469.82,185391404.3624
1760065200000,4358.5,4392,4341.51,4346,50608.74,220933101.7565
1760068800000,4346,4362.35,4331.8,4343.15,32651.42,141968002.7323
1760072400000,4343.15,4369.38,4326.08,4366.96,36110.57,157072036.0924
1760076000000,4366.96,4377,4318.14,4326.06,55073.16,239341891.0377
1760079600000,4326.06,4332.54,4313.3,4321.18,41535.29,179545426.8789
1760083200000,4321.18,4348.24,4311.26,4344.4,36406.15,157698616.1265
1760086800000,4344.4,4350,4316.36,4319.75,38241.54,165702372.696
1760090400000,4319.75,4344.6,4318.34,4341.3,21834.1,94526004.9949
1760094000000,4341.3,4346.67,4326.21,4341.59,22268.1,96629320.1571
1760097600000,4341.59,4351.37,4332.51,4346.83,21163.3,91906193.0933
1760101200000,4346.83,4389.64,4341.55,4353.4,108521.13,473589561.5724
1760104800000,4353.4,4373.99,4274,4277.25,160502.14,692719475.5671
1760108400000,4277.25,4282.13,4067.98,4100.91,677403.59,2827575781.2047
1760112000000,4100.91,4136.03,4083.17,4106.21,174898.83,719086793.1526
1760115600000,4106.21,4110.3,4074.06,4091.19,120494.95,493678587.4606
1760119200000,4091.19,4098.25,4050.13,4051.03,120924.45,492465408.0462
1760122800000,4051.03,4061.89,3946.77,3994.7,395562.17,1584259677.1817
1760126400000,3994.7,4022.24,3841,3865.21,445763.75,1752071540.0459
1760130000000,3865.21,3970.76,3311.76,3911.03,1647862.76,6074708416.6093
1760133600000,3911.03,3917.68,3777.35,3851.3,373657.39,1442160764.4284
1760137200000,3851.3,3914.96,3782.4,3823.77,171119.97,658586397.3394
1760140800000,3823.77,3873.88,3798.15,3833.47,103731.24,398195273.0047
1760144400000,3833.47,3836.3,3720.93,3731.03,121732.14,459010471.2226
1760148000000,3731.03,3862.23,3727.28,3839.45,102814.14,390423324.3438
1760151600000,3839.45,3846.61,3752.51,3788.9,85474.14,323883572.3486
1760155200000,3788.9,3819.03,3777.05,3818.42,66140.08,251078156.4102
1760158800000,3818.42,3830.79,3758.99,3786.01,84921.32,321727216.084
1760162400000,3786.01,3810.42,3769.81,3778.79,54656.57,207130428.7729
1760166000000,3778.79,3784.06,3731,3757.45,84968.3,319206549.6616
1760169600000,3757.45,3819.5,3747,3813.28,96718.45,367271184.7891
1760173200000,3813.28,3846.26,3810.44,3827.83,95613.75,366054957.2635
1760176800000,3827.83,3857.38,3816.44,3831.59,53790.73,206280404.6775
1760180400000,3831.59,3841.57,3786.1,3838.27,69248.99,264212889.3451
1760184000000,3838.27,3843.55,3803.23,3821.05,42614.76,163007454.0816
1760187600000,3821.05,3837.54,3781.73,3830.84,78477.85,299045613.7203
1760191200000,3830.84,3836.79,3794.84,3811.39,45200.15,172215682.1983
1760194800000,3811.39,3854,3811.03,3822.93,73512.35,281562794.0157
1760198400000,3822.93,3846.55,3805.86,3816.6,60926.88,232956461.2845
1760202000000,3816.6,3839.88,3810.14,3822.76,28392.23,108537975.6414
1760205600000,3822.76,3824,3808.37,3813.02,13310.35,50792184.8742
1760209200000,3813.02,3813.94,3726.24,3757.42,119754.21,450600632.8274
1760212800000,3757.42,3764.95,3656.19,3692.85,146474.63,542821494.0833
1760216400000,3692.85,3741.86,3637.48,3734.22,124593.23,459554787.516
1760220000000,3734.22,3761.94,3722.29,3740.99,59817.24,223785988.4998
1760223600000,3740.99,3751,3729.55,3745.01,32090.33,120074991.4
1760227200000,3745.01,3762.04,3690.49,3698.05,74721.88,278523947.0371
1760230800000,3698.05,3738.39,3692.26,3716.56,63138.34,234733601.1802
1760234400000,3716.56,3748.51,3703.87,3731.98,49338.44,183546824.9857
1760238000000,3731.98,3818.19,3725.4,3779.66,98618.94,372331542.4082
1760241600000,3779.66,3822.38,3773.62,3800.37,85424.68,325066770.2514
1760245200000,3800.37,3816.05,3794.15,3804.41,23666.39,90094443.8475
1760248800000,3804.41,3838.78,3801.73,3830.62,45256.31,173049904.6162
1760252400000,3830.62,3843.06,3814.26,3825.78,32685.07,125107328.2951
1760256000000,3825.78,3844.52,3819.09,3820.49,32787.85,125623545.2131
1760259600000,3820.49,3846.62,3803.93,3841.48,53703.34,205328161.1025
1760263200000,3841.48,3866.79,3812.5,3817.99,57300.62,219781691.7696
1760266800000,3817.99,3832.38,3812.11,3818.01,28322.09,108209474.8933
1760270400000,3818.01,3847.89,3815.76,3829.98,38535.9,147702159.6243
1760274000000,3829.98,3833.18,3790.69,3807.83,76840.41,292720915.6478
1760277600000,3807.83,4026.88,3805.8,3973.88,327401.61,1287851945.6445
1760281200000,3973.88,4078,3963.25,4032.79,320155.07,1288535082.5082
1760284800000,4032.79,4175.79,4032.79,4104.81,312590.5,1281705886.124
1760288400000,4104.81,4157,4096.97,4125.74,140085.26,578542828.1337
1760292000000,4125.74,4147.99,4092.65,4106.85,69625.86,286751833.4238
1760295600000,4106.85,4139.53,4105.42,4133.6,40704.96,167949990.275
1760299200000,4133.6,4196.97,4123.34,4134.31,104495.61,434153062.4174
1760302800000,4134.31,4162.98,4080.53,4133.83,111133.31,457724788.011
1760306400000,4133.83,4154.66,4108.43,4132.7,92506.49,382380328.6495
1760310000000,4132.7,4160,4106.35,4150.3,49461.71,204507110.529
1760313600000,4150.3,4185.84,4121.9,4138,71968.7,298734088.3582
1760317200000,4138,4198.45,4124.9,4196.73,45877.61,190985778.5708
1760320800000,4196.73,4218.74,4150.41,4157.03,69104.25,288801955.1285
1760324400000,4157.03,4169.08,4129.62,4138.06,39792.49,165040071.7892
1760328000000,4138.06,4145.36,4112.93,4140.01,46544.31,192145414.7451
1760331600000,4140.01,4142.97,4121,4129.72,22329.99,92203088.4018
1760335200000,4129.72,4180.78,4112.64,4168.79,65701.55,272904891.6319
1760338800000,4168.79,4197.43,4157.36,4177.02,70486.86,294561647.9227
1760342400000,4177.02,4194.67,4165,4173.41,37920.08,158490435.7504
1760346000000,4173.41,4175.5,4140,4162.23,52506.23,218217068.2906
1760349600000,4162.23,4165.57,4137.78,4150.1,31367.45,130203579.282
1760353200000,4150.1,4154.04,4034.23,4078.07,223239.91,912730437.2789
1760356800000,4078.07,4132.98,4054.06,4094.95,106540.72,436757788.9579
1760360400000,4094.95,4180,4090,4162.62,234014.51,968453908.6085
1760364000000,4162.62,4174.83,4077.5,4093.21,139842.08,575229638.6876
1760367600000,4093.21,4147.8,4090.58,4133.76,68815.22,283596181.1491
1760371200000,4133.76,4173.91,4126.29,4163.21,75427.04,313173265.0029
1760374800000,4163.21,4238.88,4154.74,4233.77,123577.06,517955892.9019
1760378400000,4233.77,4240.67,4197.24,4226.81,95857.46,404538868.9576
1760382000000,4226.81,4270,4221.74,4250.4,79054.35,336138570.47
1760385600000,4250.4,4289.58,4241.55,4284.17,57886.76,246651861.7376
1760389200000,4284.17,4290,4251.92,4256.68,34717.74,148190734.9844
1760392800000,4256.68,4274.82,4249.35,4269.74,29965.43,127724569.8135
1760396400000,4269.74,4269.74,4231.27,4239.36,42906.01,182187749.0353
1760400000000,4239.36,4262,4222.86,4240.21,45150.06,191504738.6146
1760403600000,4240.21,4242.25,4200.01,4209.53,79325.18,334399045.498
1760407200000,4209.53,4209.77,4164.85,4169.7,71626.34,299916166.7803
1760410800000,4169.7,4171.99,4135,4150.86,98750,409915779.1097
1760414400000,4150.86,4158.64,4083.83,4098.22,117101.32,482571344.3878
1760418000000,4098.22,4125.75,4052.72,4068.35,122839.42,501873619.3825
1760421600000,4068.35,4089.85,3961.41,4001.12,219395.87,881286178.9519
1760425200000,4001.12,4024.99,3965.55,3978.51,151743.53,606467788.0968
1760428800000,3978.51,4009.65,3948.56,3993.91,151190.07,601758114.3294
1760432400000,3993.91,4012.3,3967.31,3983.26,71659.78,286002209.6324
1760436000000,3983.26,3984.25,3885,3940,223897.57,879613177.027
1760439600000,3940,3983.7,3939.05,3969.37,117849.79,467458674.4239
1760443200000,3969.37,3971.61,3928.25,3938.41,124200.45,490193052.2642
1760446800000,3938.41,3976.06,3891.43,3953.99,219094.2,862657170.7499
1760450400000,3953.99,4018.27,3937.24,3967.77,206706.34,822883341.2708
1760454000000,3967.77,4087.88,3948.07,4084.02,210734.68,846596202.3581
1760457600000,4084.02,4167.96,4056.01,4094.6,291824.72,1201042529.3678
1760461200000,4094.6,4140,4044.12,4099.5,187655.48,769767098.8267
1760464800000,4099.5,4137,4091.43,4118.82,73235.49,301382903.192
1760468400000,4118.82,4148.3,4047.32,4101.12,187227.52,766038579.0743
1760472000000,4101.12,4124.78,4071.04,4116.2,60037.56,246206912.4353
1760475600000,4116.2,4121.55,4090.22,4116.76,27371.33,112404351.3422
1760479200000,4116.76,4140.6,4099.65,4116.89,35220.06,145127164.7043
1760482800000,4116.89,4144.18,4115.18,4122.81,39150.22,161816147.1456
1760486400000,4122.81,4131.59,4090.66,4117.82,58994.68,242271423.7747
1760490000000,4117.82,4119.66,4079.59,4112.18,45800.52,187635663.5123
1760493600000,4112.18,4144.83,4105.07,4116.27,58467.85,241227107.5076
1760497200000,4116.27,4121.54,4058.03,4079.6,75355.11,307980030.8611
1760500800000,4079.6,4122,4070,4114.26,40971.96,167968273.0724
1760504400000,4114.26,4123,4091.19,4108.36,39227.59,161174799.6405
1760508000000,4108.36,4121.65,4071.61,4116.57,87214.63,357336389.187
1760511600000,4116.57,4128.15,4102,4120.24,34335.02,141301211.6031
1760515200000,4120.24,4215.43,4117.17,4180.36,151340.98,631180921.0096
1760518800000,4180.36,4184.08,4136,4154.02,88489.57,367898937.9751
1760522400000,4154.02,4156.25,4109.07,4116.08,71177.72,293786823.1458
1760526000000,4116.08,4129.4,4084.62,4097.45,70609.14,289713074.6802
1760529600000,4097.45,4105.77,4066,4092.92,70257.4,287083941.2987
1760533200000,4092.92,4101,4013.92,4052.95,164567.69,667619816.7645
1760536800000,4052.95,4104.62,3990.15,4007.5,169987.97,689566961.5621
1760540400000,4007.5,4034.14,3956,3978.4,158137.59,631019397.0292
1760544000000,3978.4,4001.92,3963.79,3973.87,76419.89,304422507.8323
1760547600000,3973.87,3992,3926.09,3990.62,130389.51,515924745.1328
1760551200000,3990.62,4012.79,3966.8,4005.5,83483.34,333111440.9759
1760554800000,4005.5,4010.4,3968.51,3980.98,78049.15,311408837.464
1760558400000,3980.98,3994.12,3933.82,3959.23,108890.39,431815671.193
1760562000000,3959.23,3980.65,3923.01,3951.54,77976.66,308325114.577
1760565600000,3951.54,3979.03,3948.58,3959.03,45143.43,178964003.2706
1760569200000,3959.03,3992.2,3951.26,3983.61,34764.89,138177326.9852
1760572800000,3983.61,3996.21,3973.2,3979.69,25574.52,101882744.0238
1760576400000,3979.69,4010,3978.02,4008.02,37443.6,149720965.7398
1760580000000,4008.02,4034.85,3998.17,4029.64,54021.05,217243895.5667
1760583600000,4029.64,4034.87,4010,4013.04,27332.1,109996594.6642
1760587200000,4013.04,4029.8,3990.41,3997.34,46823.84,187548173.034
1760590800000,3997.34,4019.21,3977.18,3994.7,41283.23,165081959.6223
1760594400000,3994.7,4049.37,3992.51,4040.5,51375.33,206858118.1763
1760598000000,4040.5,4044.9,3992.01,4001.83,58992.98,236596527.4379
1760601600000,4001.83,4005.79,3978.55,3992.15,39973.63,159641241.0225
1760605200000,3992.15,4047.05,3935.14,4028.44,179594.76,717315441.4328
1760608800000,4028.44,4079.88,4027.95,4046.96,95562.48,387332554.3755
1760612400000,4046.96,4062.02,4031.26,4060.4,43682.17,176707883.355
1760616000000,4060.4,4084,4037.02,4052.96,61125.83,247929164.0025
1760619600000,4052.96,4067.81,4003.88,4018.57,101370.85,409078406.0276
1760623200000,4018.57,4057.93,3965.67,4013,211240.47,847242658.7952
1760626800000,4013,4019.2,3888.05,3904.01,250556.44,990067149.1433
1760630400000,3904.01,3966.41,3853.01,3961.8,252616.62,983959792.9904
1760634000000,3961.8,3962.99,3914,3919.75,129019.45,507925227.6707
1760637600000,3919.75,3920,3874,3903.11,134885.66,525525242.758
1760641200000,3903.11,3911.38,3848.03,3865.26,106357.01,411815127.3891
1760644800000,3865.26,3879.45,3822.74,3849.06,83602.26,321702681.8014
1760648400000,3849.06,3884.58,3837.24,3881.91,49692.48,191987991.3552
1760652000000,3881.91,3887.78,3860.99,3863.38,35174.82,136181694.6086
1760655600000,3863.38,3896.74,3859.04,3892.37,43738.85,169891388.8873
1760659200000,3892.37,3927.42,3886.36,3926.93,57643.93,225425105.8827
1760662800000,3926.93,3949.59,3903.46,3918.71,57503.21,225765436.6683
1760666400000,3918.71,3929.87,3897.82,3921.11,45286.77,177223965.5315
1760670000000,3921.11,3935,3917.22,3931.72,19771.08,77638697.5624
1760673600000,3931.72,3935.34,3908.51,3911.12,32420.19,127064583.1037
1760677200000,3911.12,3921.96,3891.31,3893.68,48619.16,189861359.9675
1760680800000,3893.68,3905.59,3805.35,3817.98,141730.44,545512692.5981
1760684400000,3817.98,3822.35,3750,3753.75,206298.71,779977306.686
1760688000000,3753.75,3768.44,3702.13,3706.78,210302.47,784940852.2837
1760691600000,3706.78,3766.67,3694.45,3721.6,123254.83,460356033.9364
1760695200000,3721.6,3736.86,3672,3723.41,163740.59,606326033.125
1760698800000,3723.41,3816.66,3718.3,3776.22,227502.47,859932644.3189
1760702400000,3776.22,3809.66,3768.43,3773.56,74322.87,281345113.2477
1760706000000,3773.56,3808.32,3737.54,3787.6,179553.36,677917461.5122
1760709600000,3787.6,3797.08,3712.13,3748.51,177457.39,666000027.4899
1760713200000,3748.51,3799.98,3741.82,3795.75,93062.42,350896703.1795
1760716800000,3795.75,3846.42,3776.48,3786.27,196965.25,751131958.8012
1760720400000,3786.27,3825.1,3778.1,3815.65,57209.39,217467640.4979
1760724000000,3815.65,3847.67,3810.43,3833.99,69175.9,265193288.9708
1760727600000,3833.99,3849.31,3812.5,3825.87,44326.56,169702587.9736
1760731200000,3825.87,3861.67,3816.15,3856.58,46924.05,180416529.5114
1760734800000,3856.58,3881.74,3851.07,3874.23,59937.38,232101481.8348
1760738400000,3874.23,3881.14,3843.89,3852.23,40914.8,157918167.588
1760742000000,3852.23,3852.84,3826.16,3829.88,29710.07,114051361.5855
1760745600000,3829.88,3842.4,3817,3838.47,30664.33,117475554.5747
1760749200000,3838.47,3878.11,3837.7,3866.82,38890.14,150132787.2149
1760752800000,3866.82,3880.45,3843.42,3849.29,32511.46,125519894.7411
1760756400000,3849.29,3877.94,3847.42,3868.8,18194.65,70353457.0426
1760760000000,3868.8,3868.91,3840,3842.07,22134.43,85213766.9362
1760763600000,3842.07,3867.04,3840.85,3865.56,22728.84,87647655.3207
1760767200000,3865.56,3876,3859.12,3870.41,21496.67,83160054.3268
1760770800000,3870.41,3926.99,3870.26,3891.12,110393.21,430763419.7601
1760774400000,3891.12,3904,3871.46,3874.93,35461.93,137838942.3912
1760778000000,3874.93,3885.22,3863.55,3876.37,31773.4,123134277.9595
1760781600000,3876.37,3891.65,3860,3874.2,32130.6,124544846.1041
1760785200000,3874.2,3881.94,3866.29,3880.21,17392.96,67371835.1778
1760788800000,3880.21,3892.24,3870,3880.99,17304.69,67149927.1496
1760792400000,3880.99,3881.57,3852.96,3863.76,31227.91,120705213.719
1760796000000,3863.76,3880.56,3845.95,3872.01,36236.1,139962873.0916
1760799600000,3872.01,3879.14,3861.89,3876.01,23855.51,92358033.3229
1760803200000,3876.01,3881.34,3851.8,3863.73,28250.22,109144602.6081
1760806800000,3863.73,3898.99,3856.62,3891.98,40039.56,155313364.9894
1760810400000,3891.98,3897.6,3881.09,3887.14,16719.81,65006161.8912
1760814000000,3887.14,3893.73,3880.77,3892.01,9789.26,38060311.0913
1760817600000,3892.01,3908.69,3881.68,3883.27,38100.74,148398241.5996
1760821200000,3883.27,3895.14,3865.89,3889.56,23771.72,92190450.8205
1760824800000,3889.56,3893.26,3880.12,3883.57,9271.1,36025053.9045
1760828400000,3883.57,3888,3878.23,3886.9,6074.54,23594129.2239
1760832000000,3886.9,3890.63,3860,3867.5,24575.2,95203810.6046
1760835600000,3867.5,3875.49,3853.59,3872.48,23624.31,91301542.8827
1760839200000,3872.48,3874.29,3862.31,3871.6,10234.86,39580223.2669
1760842800000,3871.6,3905,3866.33,3904.71,25397.94,98800500.0806
1760846400000,3904.71,3907.39,3889.06,3901.53,15453.85,60229615.1741
1760850000000,3901.53,3919.88,3891.56,3894.93,26577.68,103788314.7248
1760853600000,3894.93,3899.08,3870.86,3879.2,31908.92,123803169.3952
1760857200000,3879.2,3892,3875.26,3886.37,23738.37,92168241.8173
1760860800000,3886.37,3957.32,3824.1,3861.2,210294.14,815875280.2501
1760864400000,3861.2,3930.85,3846,3910.53,112243.65,436408228.2004
1760868000000,3910.53,3948.16,3896.29,3929.41,72803,285576019.5961
1760871600000,3929.41,3951.08,3912.53,3922.66,69861.47,274721561.4568
1760875200000,3922.66,3929.2,3903.56,3921.93,40348.42,158045568.1126
1760878800000,3921.93,3989.14,3912.1,3970.87,74786.78,295481117.1496
1760882400000,3970.87,4001.55,3953,3987.67,87123.42,346869315.0236
1760886000000,3987.67,3991.36,3971.22,3977.78,36335.94,144613384.041
1760889600000,3977.78,3987.65,3956.13,3979.79,42936.88,170435681.457
1760893200000,3979.79,4026.15,3979.21,3991.6,89034.16,356247912.2539
1760896800000,3991.6,4005.86,3982.8,3999.99,31827.72,127172042.7071
1760900400000,3999.99,4004.03,3976.56,3983.82,29012.33,115680043.2078
1760904000000,3983.82,4003.73,3971.36,3999.33,28456.27,113498152.0206
1760907600000,3999.33,4002.73,3982.79,3995.98,22373.94,89362301.0287
1760911200000,3995.98,4031.62,3986.79,4019.23,51034.85,204807431.1796
1760914800000,4019.23,4019.23,3967.17,3980.97,66744.23,266207654.6993
1760918400000,3980.97,3981.08,3906.5,3939.77,144166.54,567821654.5817
1760922000000,3939.77,3952.4,3927.86,3935.86,42724.79,168400623.1276
1760925600000,3935.86,3964.82,3916.41,3954.16,51078.97,201523190.5256
1760929200000,3954.16,4039.25,3944.05,4025.37,83691.31,334328026.7242
1760932800000,4025.37,4054.22,4020.69,4053.01,70578.88,284904999.4412
1760936400000,4053.01,4074.35,4038.26,4059.71,80936.97,328141220.5358
1760940000000,4059.71,4084.83,4055,4073.53,52834.42,215252284.6925
1760943600000,4073.53,4076.07,4050.24,4053.67,47211.89,191877560.569
1760947200000,4053.67,4071.03,4032.63,4043.54,62368.62,252486305.3509
1760950800000,4043.54,4050.56,4033,4042.9,25349.87,102393973.3573
1760954400000,4042.9,4052.82,4013.39,4024.83,58599.74,236399297.9085
1760958000000,4024.83,4040,4009.44,4032.82,40559.03,163256661.673
1760961600000,4032.82,4037.97,4022.07,4035.92,23222.06,93585120.0615
1760965200000,4035.92,4043.86,4015.91,4037.41,49425.5,199238645.6788
1760968800000,4037.41,4049.1,4010.57,4037.3,51677,208328683.0205
1760972400000,4037.3,4049,4000,4002.12,69153.88,278279226.7905
1760976000000,4002.12,4002.12,3924.19,3947.73,234816.01,929490293.7327
1760979600000,3947.73,3963,3920.13,3949.15,90149.23,355590726.4555
1760983200000,3949.15,3974.27,3944.02,3972.58,37389.76,148050576.2203
1760986800000,3972.58,3991.7,3957.22,3979.4,41291.74,164142743.6762
1760990400000,3979.4,3997.91,3972.48,3997.35,27277.51,108746715.6098
1760994000000,3997.35,4002.19,3968.13,3975.29,31283.63,124695320.417
1760997600000,3975.29,3990.6,3968.98,3987.37,16272.76,64826476.2405
1761001200000,3987.37,3992.31,3974.42,3977.84,14395.97,57311572.6222
1761004800000,3977.84,3985.12,3961.21,3970.58,23230.23,92301788.8913
1761008400000,3970.58,3973.35,3930.22,3946.33,64412.78,254414676.0519
1761012000000,3946.33,3949.4,3923.7,3929.89,35618.26,140112923.5278
1761015600000,3929.89,3942.03,3916.11,3920.76,25838.68,101492706.256
1761019200000,3920.76,3920.76,3839.22,3848.57,175137.26,678518483.2048
1761022800000,3848.57,3873.93,3837.47,3861.65,88514.69,341527354.1489
1761026400000,3861.65,3890.08,3852.9,3885.09,50187.09,194598153.5555
1761030000000,3885.09,3895.61,3873.01,3890.33,32365.87,125783500.122
1761033600000,3890.33,3891.63,3849.54,3866,81063.76,313567045.6935
1761037200000,3866,3873.9,3854.01,3862.52,31768.91,122809608.1628
1761040800000,3862.52,3895.98,3857.54,3882.2,45997.28,178433481.0108
1761044400000,3882.2,3893,3868,3888.19,33969.78,131845036.9436
1761048000000,3888.19,3918.76,3873.02,3878.7,100548.91,392118383.0329
1761051600000,3878.7,3897.55,3850,3864.01,140682.68,545009510.0834
1761055200000,3864.01,4025,3862.34,4020.78,349498.45,1380912872.6782
1761058800000,4020.78,4084.54,3994.92,4081.69,249305.84,1008071882.8011
1761062400000,4081.69,4110,4017.14,4028.45,265872.74,1083639384.491
1761066000000,4028.45,4039.75,3960.45,4012.95,246458.95,986524386.5583
1761069600000,4012.95,4022.06,3972.1,4011.82,92359.33,368829909.6691
1761073200000,4011.82,4021.52,3990.15,3993.81,38993.87,156222675.8906
1761076800000,3993.81,3999.46,3929.58,3952.01,121104.38,478818252.8504
1761080400000,3952.01,3964.82,3890.3,3943.67,120827.17,474450641.2195
1761084000000,3943.67,3947.66,3890.3,3898.96,110774.98,433641030.8846
1761087600000,3898.96,3909.85,3854.83,3870.7,123576.08,479226121.121
1761091200000,3870.7,3888.29,3815.36,3840.13,102493.95,394670985.7188
1761094800000,3840.13,3872.97,3839.32,3868.78,59428.51,229150894.2634
1761098400000,3868.78,3874.84,3858.69,3860.03,34972.75,135219645.1784
1761102000000,3860.03,3861,3834.96,3857.51,52137.36,200627015.1824
1761105600000,3857.51,3882.65,3854.99,3877.39,34848.46,134900770.2303
1761109200000,3877.39,3880.34,3835.04,3858.15,57734.02,222316054.1679
1761112800000,3858.15,3868.79,3850.01,3851.16,25988.81,100284777.0973
1761116400000,3851.16,3874.16,3838.53,3866.89,38918.39,150034864.556
1761120000000,3866.89,3867.27,3846.24,3852.28,27724.04,106883255.7699
1761123600000,3852.28,3856.64,3821.66,3834.99,56346.21,216258772.4857
1761127200000,3834.99,3847.45,3815.76,3818.69,53590.24,205359295.9602
1761130800000,3818.69,3837.54,3765.6,3826.63,210152.96,800099918.3505
1761134400000,3826.63,3856.39,3818.47,3844.86,68546.08,263375664.838
1761138000000,3844.86,3875.82,3822.86,3871.1,135426.86,521343989.5327
1761141600000,3871.1,3873.34,3776.04,3852.49,248087.35,946288429.9242
1761145200000,3852.49,3864.61,3787.86,3839.44,179588.27,687652981.4127
1761148800000,3839.44,3860.1,3807.91,3833.6,169202.63,648662013.3247
1761152400000,3833.6,3841.58,3792.62,3805.82,66238.09,253122297.0068
1761156000000,3805.82,3820.1,3789.14,3800.64,68199.13,259492197.2154
1761159600000,3800.64,3826.29,3781.77,3802.8,59788,227663717.1301
1761163200000,3802.8,3808.98,3766.93,3779.54,57924.47,219352256.3616
1761166800000,3779.54,3780.41,3703.14,3742.21,166083.73,621120468.1942
1761170400000,3742.21,3760.82,3731.21,3749.81,29557.95,110781689.9668
1761174000000,3749.81,3814.97,3748.16,3803.73,86614.6,328232273.7428
1761177600000,3803.73,3820.45,3794.6,3813.67,41436.83,157826913.3242
1761181200000,3813.67,3835.37,3810.01,3819.45,41322.9,157942911.9176
1761184800000,3819.45,3833.38,3813,3824.39,20947.12,80097526.573
1761188400000,3824.39,3833.62,3820.17,3825.63,17285.86,66160556.5131
1761192000000,3825.63,3847.02,3820.6,3833.69,36900.35,141582335.7141
1761195600000,3833.69,3848.36,3832.81,3845.97,26230.69,100714799.1785
1761199200000,3845.97,3896.15,3841.75,3890.29,102096.22,395619973.3108
1761202800000,3890.29,3891.41,3868.53,3879.74,64473.28,250078673.0171
1761206400000,3879.74,3904.08,3879.19,3885.73,54220.34,211042424.3748
1761210000000,3885.73,3890.33,3872.83,3889.43,32377.44,125664527.4996
1761213600000,3889.43,3904.73,3875,3875.6,42719.6,166196600.1953
1761217200000,3875.6,3887.24,3856.64,3861.76,52501.3,203200006.1551
1761220800000,3861.76,3861.76,3832,3851.6,85187.17,327629295.7436
1761224400000,3851.6,3867.08,3830.08,3849.61,86806.77,333933680.5084
1761228000000,3849.61,3852.2,3806.69,3845.85,109161.21,417897017.0188
1761231600000,3845.85,3887.35,3841,3875,98764.15,381861914.282
1761235200000,3875,3935,3863.46,3916.77,106041.38,413645734.0456
1761238800000,3916.77,3927,3874.46,3920.23,119364.97,465782890.4619
1761242400000,3920.23,3921.82,3855.45,3868.4,85822.87,333279955.2508
1761246000000,3868.4,3870.32,3840.47,3857.87,63294.36,244055635.1474
1761249600000,3857.87,3858.89,3815.74,3827.37,68660.99,263555802.2666
1761253200000,3827.37,3835.79,3818.82,3825.79,27531.66,105347575.285
1761256800000,3825.79,3854.36,3824.13,3848.51,52050.7,199980775.7612
1761260400000,3848.51,3858.44,3843.25,3855.12,19356.29,74564391.6755
1761264000000,3855.12,3875.74,3843.25,3865.81,48751.29,188114212.8112
1761267600000,3865.81,3881.61,3854.71,3879.67,28822.34,111551893.3604
1761271200000,3879.67,3894.7,3868.56,3886.87,29289.18,113764214.2288
1761274800000,3886.87,3892.05,3876.73,3889.2,39016.67,151535267.986
1761278400000,3889.2,3979.45,3884.09,3973.3,122524.88,482849060.3107
1761282000000,3973.3,3987.87,3955.38,3973.03,67744.98,268939430.124
1761285600000,3973.03,3987.34,3962,3981.41,43744.62,173916569.2109
1761289200000,3981.41,3983.41,3932.8,3948,78280.93,309537355.8889
1761292800000,3948,3965.87,3928.43,3951.35,60722.71,239565598.1307
1761296400000,3951.35,3969,3948.18,3957.01,35549.5,140784807.4401
1761300000000,3957.01,3964.42,3946.6,3955.84,20916.11,82701212.5365
1761303600000,3955.84,3963.21,3923.55,3945.71,47499.18,187325742.1712
1761307200000,3945.71,4029.3,3939.51,3962.11,239460.42,952747098.3502
1761310800000,3962.11,3980.32,3915.77,3945.11,128966.99,508956219.298
1761314400000,3945.11,3945.6,3888.37,3900.26,144610.55,565541015.6952
1761318000000,3900.26,3929.41,3868.01,3887.24,94899.25,370126577.118
1761321600000,3887.24,3890.93,3863.72,3887.6,61891.17,239945823.628
1761325200000,3887.6,3905.45,3873.08,3886.25,64237.1,250011417.6414
1761328800000,3886.25,3913.59,3881.46,3909.81,20589.95,80378247.1792
1761332400000,3909.81,3936.8,3909.72,3924.76,41192.38,161728375.1858
1761336000000,3924.76,3941.91,3921.8,3937.59,26337.98,103615229.0942
1761339600000,3937.59,3944.87,3923.67,3942.13,19009.73,74798017.0981
1761343200000,3942.13,3943.96,3929.32,3934.97,10636.28,41869657.2521
1761346800000,3934.97,3935.98,3924.4,3933.76,9533.49,37460361.735
1761350400000,3933.76,3934.77,3910.84,3917.68,28273.71,110859799.9149
1761354000000,3917.68,3938.93,3914.08,3932.11,18905.1,74231411.707
1761357600000,3932.11,3936.57,3924.78,3932.9,11581.95,45519616.3322
1761361200000,3932.9,3934.23,3916.54,3919.8,15616.6,61310176.8296
1761364800000,3919.8,3935.83,3917.65,3921.18,28616.98,112325999.9305
1761368400000,3921.18,3930.97,3918.34,3929.94,14136.85,55471497.8712
1761372000000,3929.94,3934.78,3924.16,3926.6,18788.54,73844369.8245
1761375600000,3926.6,3959.25,3923.5,3927,53452.74,210532496.0453
1761379200000,3927,3955,3925.78,3952.55,33694.53,132689698.6359
1761382800000,3952.55,3955.49,3938.5,3941.28,27059.2,106790411.9892
1761386400000,3941.28,3946.06,3930,3941.01,19519.53,76887089.0355
1761390000000,3941.01,3944.38,3936.88,3938.71,8927.45,35180737.2618
1761393600000,3938.71,3955,3938,3951.98,20109.08,79419657.4067
1761397200000,3951.98,3956.89,3933.3,3941.71,26436.26,104179140.8996
1761400800000,3941.71,3946.8,3931.84,3936.66,13599.52,53576071.8344
1761404400000,3936.66,3936.66,3922.05,3931.8,23087.16,90720260.7695
1761408000000,3931.8,3936.7,3926.08,3931.17,10730,42179276.8975
1761411600000,3931.17,3938.2,3928.71,3933.13,7473.25,29393968.2098
1761415200000,3933.13,3968.59,3927.57,3958.44,42445.33,167759955.7393
1761418800000,3958.44,3962.93,3949.59,3956.33,12760.9,50483371.7712
1761422400000,3956.33,3958.5,3942.58,3943.99,15996.35,63200821.9866
1761426000000,3943.99,3951.61,3934.26,3951.5,16201.28,63878348.1323
1761429600000,3951.5,3963.89,3944.57,3960.17,9986.81,39503301.5605
1761433200000,3960.17,3962.99,3948,3952.01,6200.09,24521057.6021
1761436800000,3952.01,3960.41,3944.17,3948.4,13564.08,53619361.9492
1761440400000,3948.4,3954.21,3913.4,3931.35,41280.16,162214658.8749
1761444000000,3931.35,3938.01,3919.78,3928.6,24724.56,97120952.4608
1761447600000,3928.6,3934.84,3921.14,3930.51,20466.61,80390758.6258
1761451200000,3930.51,3940.48,3927.21,3938.6,16188.01,63687595.6064
1761454800000,3938.6,3946.05,3936.13,3941.28,7346.5,28953296.71
1761458400000,3941.28,3945,3936.82,3943.41,6559.49,25855364.5356
1761462000000,3943.41,3955.46,3939.7,3950.24,14173.18,55956578.37
1761465600000,3950.24,3966.44,3949.17,3958.85,21087.28,83452491.2061
1761469200000,3958.85,4012.4,3955.15,3987.03,103894.57,414232749.0497
1761472800000,3987.03,3989.18,3972.57,3981.7,29608.45,117864610.9566
1761476400000,3981.7,4055.62,3975.01,4044,117623.5,473084138.848
1761480000000,4044,4078.46,4040,4071.9,101283.48,411080966.4431
1761483600000,4071.9,4100,4061.26,4083.01,88368.86,360822751.4254
1761487200000,4083.01,4091.17,4062.47,4066.06,49298.86,200962959.6272
1761490800000,4066.06,4076.73,4057.18,4073.72,46698.07,189938111.6842
1761494400000,4073.72,4074.85,4045.4,4054.53,36196.01,146838579.2121
1761498000000,4054.53,4068.2,4052,4058,17247.86,70065103.8991
1761501600000,4058,4079.58,4056.6,4071.13,26770.69,109000113.6065
1761505200000,4071.13,4071.84,4062.93,4066.65,9693.45,39425516.6458
1761508800000,4066.65,4072.3,4051.17,4060.54,21424.49,86999239.574
1761512400000,4060.54,4095.61,4053,4079.38,32886.89,134031035.5783
1761516000000,4079.38,4179.42,4079.08,4159.32,170668.34,706372389.802
1761519600000,4159.32,4178.33,4146.32,4157.96,55163.79,229689062.0069
1761523200000,4157.96,4191,4147.42,4169.41,67314.73,280787309.4216
1761526800000,4169.41,4207.98,4165.03,4190.41,86231.32,361073533.3229
1761530400000,4190.41,4218,4181.05,4203.8,61484.39,258270326.9834
1761534000000,4203.8,4224.29,4197.03,4203.19,45076.57,189770922.1971
1761537600000,4203.19,4217,4192.58,4212.08,35055.49,147414511.3859
1761541200000,4212.08,4254.61,4209.13,4230.97,86227.42,365144369.5687
1761544800000,4230.97,4243.99,4220.02,4233.38,40721.64,172313517.3672
1761548400000,4233.38,4246.25,4193.23,4200.01,75260.78,316941011.1956
1761552000000,4200.01,4200.37,4153.59,4165,86838.1,362660460.4706
1761555600000,4165,4171.79,4152.17,4158.45,66917.71,278466111.2843
1761559200000,4158.45,4173.38,4153,4165.35,32522.49,135468970.4481
1761562800000,4165.35,4174.6,4130.36,4160.81,101079.59,419448110.1672
1761566400000,4160.81,4166.23,4135.51,4143.81,47224.32,195950707.1848
1761570000000,4143.81,4186.3,4125.02,4176.04,104959.65,436441013.6655
1761573600000,4176.04,4181.88,4121.24,4147.47,92371.13,382973940.0401
1761577200000,4147.47,4175.26,4145.17,4172,47545.77,197918351.2532
1761580800000,4172,4219.11,4171.54,4213.01,78606.27,330006802.1623
1761584400000,4213.01,4223.69,4196.01,4218.9,56274.2,236921445.2406
1761588000000,4218.9,4233.02,4204.94,4212.68,52819.6,222782293.8215
1761591600000,4212.68,4219.46,4182.29,4191.61,68845.73,289119386.4992
1761595200000,4191.61,4194.06,4126.12,4126.12,114344.41,474732566.5429
1761598800000,4126.12,4137.42,4092.55,4113.93,96087.1,395276429.058
1761602400000,4113.93,4142.61,4107.52,4120.89,49825.39,205648473.7613
1761606000000,4120.89,4125.66,4100,4117.9,39755.8,163538749.0468
1761609600000,4117.9,4131.75,4105,4113.5,34253.24,140989609.0489
1761613200000,4113.5,4140.59,4113.5,4134.61,29071.18,120043730.3726
1761616800000,4134.61,4140.06,4068.69,4093.36,93899.2,384591248.8307
1761620400000,4093.36,4098.99,4065,4091.99,67000.71,273655118.8959
1761624000000,4091.99,4104.99,4085.2,4097.54,43113.41,176626214.8922
1761627600000,4097.54,4102.62,4064,4066.57,34338.01,140093653.4586
1761631200000,4066.57,4114,4066,4111.15,44740.65,183154180.6433
1761634800000,4111.15,4126.07,4107.32,4115.01,37870.42,155892932.5212
1761638400000,4115.01,4134.64,4108.05,4121.55,35118.93,144836823.9105
1761642000000,4121.55,4127.94,4101.31,4120.87,39591.93,162889799.4545
1761645600000,4120.87,4123.56,4106.32,4116.74,21089.81,86772684.6904
1761649200000,4116.74,4126.47,4107.85,4110.08,24921.35,102585615.0346
1761652800000,4110.08,4124.87,4095.32,4120.16,45965.91,188926373.4026
1761656400000,4120.16,4166.32,4119.68,4156.63,97859.6,405546177.2373
1761660000000,4156.63,4174.83,4067.2,4117.06,195398.24,805083028.5904
1761663600000,4117.06,4140,4084.16,4094.86,126420.95,520330887.1782
1761667200000,4094.86,4138.93,4090.2,4132.49,73885.62,304269030.6998
1761670800000,4132.49,4146.42,4120,4138.59,41439.69,171307073.2726
1761674400000,4138.59,4149.88,4101.05,4112.97,62668.97,258409054.1054
1761678000000,4112.97,4116.48,4024,4037.06,139437.02,566074586.2117
1761681600000,4037.06,4040.2,3957.01,3976.69,244450.8,975455394.8754
1761685200000,3976.69,3990.19,3929.2,3979.88,125652.08,497468697.0502
1761688800000,3979.88,3997.59,3969.23,3992.42,41179.36,164106097.3121
1761692400000,3992.42,3993.94,3973.62,3976.81,26394.14,105104110.4172
1761696000000,3976.81,3991.43,3966.53,3969.87,37050.79,147342443.5575
1761699600000,3969.87,4007.67,3961.57,3980.25,59750.18,238006321.5161
1761703200000,3980.25,4002.67,3978.17,4000.81,21127.38,84328341.0848
1761706800000,4000.81,4001.05,3983,3995.9,18802.26,75084177.4278
1761710400000,3995.9,4018.75,3993.61,4011,24839.79,99546934.035
1761714000000,4011,4037.12,4010.15,4025.1,46024.34,185360379.0109
1761717600000,4025.1,4035.47,4015.04,4023.02,25170.13,101301821.0381
1761721200000,4023.02,4029.59,4010.4,4023.15,27588.71,110914730.23
1761724800000,4023.15,4025.68,4001.43,4005.57,32919.16,132064985.1
1761728400000,4005.57,4008.34,3981.58,3995.47,44694.39,178592356.0647
1761732000000,3995.47,4002.48,3986.15,3987.34,30612.95,122301253.3326
1761735600000,3987.34,4014.22,3981.77,4008.93,34410.41,137669226.7816
1761739200000,4008.93,4019,4001.63,4014.03,20991.17,84181891.0347
1761742800000,4014.03,4027.99,3980.59,3992.58,96555.76,386605277.7025
1761746400000,3992.58,3998.89,3971.29,3986.74,73463.28,292505788.3098
1761750000000,3986.74,3993.84,3938.5,3950,113915.1,451074401.5453
1761753600000,3950,3975.69,3923.38,3960.66,94161.33,371912491.0298
1761757200000,3960.66,4014.86,3957.79,4013.2,68716.68,274154476.196
1761760800000,4013.2,4017.99,3834.28,3916.05,484278.29,1896592532.2327
1761764400000,3916.05,3956.53,3885.06,3902.91,144576.2,566592943.4945
1761768000000,3902.91,3951.88,3884.46,3949.31,71461.04,280079063.305
1761771600000,3949.31,3963.74,3928.18,3954.5,26912.91,106235098.818
1761775200000,3954.5,3958.19,3932.4,3938.99,29056.42,114557460.6653
1761778800000,3938.99,3939.2,3870.85,3900.65,84176.13,328423710.5869
1761782400000,3900.65,3921.64,3882.56,3920.64,50900.83,198783144.1351
1761786000000,3920.64,3933.75,3902.82,3925.5,35594.01,139557051.2913
1761789600000,3925.5,3945.86,3920.12,3944.54,33785.85,133012061.406
1761793200000,3944.54,3947.67,3926,3932.52,27515.98,108337199.7949
1761796800000,3932.52,3933.3,3833.78,3869.82,223441.51,867623600.2287
1761800400000,3869.82,3922.06,3854.63,3915,127633.93,496801340.3236
1761804000000,3915,3926,3895.07,3911.86,56971.71,222792489.4742
1761807600000,3911.86,3944.32,3905.85,3938.71,49378.81,194075982.9652
1761811200000,3938.71,3938.98,3912.85,3919.5,43013.84,168864748.5756
1761814800000,3919.5,3922.87,3890.02,3898.36,53320.46,208110535.2905
1761818400000,3898.36,3907.83,3881.49,3890.7,45757.12,178245953.0331
1761822000000,3890.7,3896.39,3874.27,3878.7,33531.14,130253268.0674
1761825600000,3878.7,3882.92,3790,3815.7,198312.99,759562939.0651
1761829200000,3815.7,3834.99,3756.01,3764.21,170455.43,646613230.0225
1761832800000,3764.21,3805,3762.05,3798.7,83379.54,315474183.9997
1761836400000,3798.7,3805.69,3755.49,3771.18,63921.77,241294236.0846
1761840000000,3771.18,3801.3,3760,3778.96,55455.59,209724301.2352
1761843600000,3778.96,3778.96,3723.58,3769.01,173037.42,648392197.2587
1761847200000,3769.01,3770.48,3717.06,3718.35,85019.73,317700850.0736
1761850800000,3718.35,3734.65,3675.55,3684.05,153828.34,569976471.1651
1761854400000,3684.05,3755.78,3677,3754.43,90097.42,334839819.3209
1761858000000,3754.43,3782.19,3745.13,3771.29,62355.45,234533409.0546
1761861600000,3771.29,3782.89,3761.8,3782.18,23885.78,90084099.2963
1761865200000,3782.18,3806,3771.79,3803.06,41726.1,158077601.0999
1761868800000,3803.06,3839.58,3794.25,3830.29,60373.69,230427756.583
1761872400000,3830.29,3859.91,3824.44,3845.64,74991.26,288323719.4585
1761876000000,3845.64,3850.22,3805.1,3820,72195.84,276351942.5773
1761879600000,3820,3836.03,3809.65,3827.89,29714.99,113650943.1617
1761883200000,3827.89,3872.97,3825,3860.67,83290.94,321366528.8236
1761886800000,3860.67,3861.74,3843.44,3848.46,29407.69,113306074.5593
1761890400000,3848.46,3851.24,3818.92,3829,46022.08,176305986.4241
1761894000000,3829,3839.23,3818.98,3829.5,33670.01,128927912.0905
1761897600000,3829.5,3853.89,3816.33,3850.15,47757.66,183110002.337
1761901200000,3850.15,3862.93,3837.86,3843.61,27665.88,106454784.7701
1761904800000,3843.61,3853,3830.75,3833.86,24234.09,93111969.561
1761908400000,3833.86,3884.34,3826,3872.86,61309.99,236200525.2455
1761912000000,3872.86,3887.7,3831.43,3834.19,79414.06,306458271.2138
1761915600000,3834.19,3872.67,3828.36,3857.85,77968.41,300108306.7928
1761919200000,3857.85,3871.67,3835.91,3866.25,62997.34,242853381.7309
1761922800000,3866.25,3880.99,3850.73,3857.73,65324.62,252492152.6877
1761926400000,3857.73,3866.71,3811.37,3820.55,89112.51,341860016.7557
1761930000000,3820.55,3833.76,3801.56,3826.76,80727.28,308288325.888
1761933600000,3826.76,3869.2,3806.78,3850.68,83066.58,318912162.1729
1761937200000,3850.68,3905.45,3834.16,3884.3,94241.11,365647730.8844
1761940800000,3884.3,3891.48,3854.12,3858.56,31767.91,123154411.3934
1761944400000,3858.56,3863.43,3837.59,3859.5,26319.57,101355634.5494
1761948000000,3859.5,3865,3848.5,3853.3,8988.08,34672904.3639
1761951600000,3853.3,3856.93,3844.78,3845.8,8243.27,31748010.4907
1761955200000,3845.8,3848.03,3827.09,3845.01,31184.12,119645066.6694
1761958800000,3845.01,3858.57,3839.71,3841.75,20917.46,80483244.784
1761962400000,3841.75,3853.29,3834.19,3850.3,14534.69,55858939.2526
1761966000000,3850.3,3862.69,3849,3859.47,12088.39,46609359.3986
1761969600000,3859.47,3867.34,3853,3864.52,15958.9,61634707.0155
1761973200000,3864.52,3866.12,3850.73,3853.5,13793.64,53243262.4545
1761976800000,3853.5,3859.6,3850.01,3856.55,9830.92,37884102.0353
1761980400000,3856.55,3867.04,3854.15,3859.42,16425.36,63435794.9166
1761984000000,3859.42,3881.5,3858.72,3880.34,17671.74,68365061.734
1761987600000,3880.34,3881.34,3869.88,3873.93,16778.28,65021709.329
1761991200000,3873.93,3880.53,3870.06,3875.29,12016.24,46548342.5074
1761994800000,3875.29,3880.2,3866.07,3876.35,13127.03,50847675.1125
1761998400000,3876.35,3880.16,3872.95,3874.82,9141.1,35437720.6978
1762002000000,3874.82,3877.87,3856,3868.09,18188.72,70300975.8197
1762005600000,3868.09,3873.91,3856.11,3871.04,19242.95,74358655.5422
1762009200000,3871.04,3901.47,3869.07,3893.19,45027.03,175069221.8912
1762012800000,3893.19,3908,3883.01,3890.01,32100.25,124997694.976
1762016400000,3890.01,3892.34,3860.43,3864.05,33728.68,130656200.9709
1762020000000,3864.05,3879,3862,3878.11,20039.69,77548325.9204
1762023600000,3878.11,3878.95,3869.01,3877.99,5568.23,21576116.777
1762027200000,3877.99,3891.08,3876.34,3879.68,19725.95,76615286.9847
1762030800000,3879.68,3883.03,3865.16,3865.35,9598.81,37192459.3039
1762034400000,3865.35,3874.82,3860.99,3873.05,23872.27,92309225.0206
1762038000000,3873.05,3875.51,3866.36,3871.8,7295.73,28243816.1057
1762041600000,3871.8,3872.46,3860.1,3864.4,10212.34,39476805.1728
1762045200000,3864.4,3875.54,3860.1,3870.29,8041.59,31108878.6773
1762048800000,3870.29,3885.87,3866.4,3878.4,11597.95,44968056.9837
1762052400000,3878.4,3883.5,3875.28,3878.78,7336.76,28457938.0297
1762056000000,3878.78,3912.29,3873.67,3906.97,34357.13,133863546.251
1762059600000,3906.97,3907.84,3892.59,3900.9,21761.6,84871801.8589
1762063200000,3900.9,3906.57,3889,3900.23,14388.97,56088665.598
1762066800000,3900.23,3917.01,3889.86,3904.34,27990.33,109201342.7469
1762070400000,3904.34,3909.4,3890,3892.47,26058.47,101579117.4151
1762074000000,3892.47,3901.35,3865,3870.13,48704.07,188928754.9927
1762077600000,3870.13,3873.7,3843.64,3861.22,68558.07,264530163.3972
1762081200000,3861.22,3895.4,3859.72,3888.13,43296.78,167976007.4529
1762084800000,3888.13,3892.77,3867.74,3875.45,34433.46,133581381.2545
1762088400000,3875.45,3875.5,3851.62,3865.72,36750.32,141957948.1883
1762092000000,3865.72,3871.6,3836.45,3851.03,43601.55,167847775.3817
1762095600000,3851.03,3869.79,3844,3851.15,27871.35,107511135.3779
1762099200000,3851.15,3863.8,3837.07,3862.32,32150.26,123782545.4493
1762102800000,3862.32,3862.63,3846.85,3857.44,9419.8,36315344.9049
1762106400000,3857.44,3865.37,3853.01,3862.52,10244.25,39546856.0395
1762110000000,3862.52,3862.77,3841.02,3854.46,14738.83,56765711.0207
1762113600000,3854.46,3857.99,3845.44,3857.03,5827.49,22455343.5685
1762117200000,3857.03,3868.24,3848,3859.7,19292.45,74444452.4102
1762120800000,3859.7,3862.39,3841.8,3853.23,19703.39,75879810.0545
1762124400000,3853.23,3915.43,3853.23,3905.15,89901.95,349640004.7727
1762128000000,3905.15,3914.02,3859.18,3862.5,53634.11,208564613.8581
1762131600000,3862.5,3863.05,3826.03,3834.9,72095.08,277164716.9563
1762135200000,3834.9,3839.84,3782.61,3797,113975.32,433723934.144
1762138800000,3797,3805,3723.88,3733.87,163258.74,612945837.6766
1762142400000,3733.87,3747,3712.17,3744.08,67522.87,251838069.9284
1762146000000,3744.08,3763.67,3724.14,3729.36,70685.56,264722479.0176
1762149600000,3729.36,3738.86,3680,3715.86,104444.8,387328662.1608
1762153200000,3715.86,3734.54,3695.17,3712.17,68157.56,253334024.1099
1762156800000,3712.17,3719.84,3685,3714.73,86065.34,318846677.5631
1762160400000,3714.73,3739.53,3693.63,3701.28,65404.11,243011624.4691
1762164000000,3701.28,3718.9,3658,3674,102421.75,377833904.1389
1762167600000,3674,3721.93,3671.01,3709.31,99570.73,368373410.9751
1762171200000,3709.31,3727.11,3701.73,3707.34,44667.15,166041561.7098
1762174800000,3707.34,3727.99,3690,3717.81,77485.45,287424742.2958
1762178400000,3717.81,3747.76,3703,3733.13,85181.38,317248013.7371
1762182000000,3733.13,3738.52,3578.57,3586.82,435632.11,1580826046.6504
1762185600000,3586.82,3625.94,3561,3617.05,195485.38,703181363.0901
1762189200000,3617.05,3681.79,3610,3664.45,118792.19,433290545.6632
1762192800000,3664.45,3671.24,3628,3630,56537.86,206282264.7942
1762196400000,3630,3647.84,3617.51,3629.46,57556.39,208957000.6608
1762200000000,3629.46,3635,3557.82,3586.5,99449.58,357235820.0224
1762203600000,3586.5,3613.83,3554.05,3600.12,89532.69,321491254.4715
1762207200000,3600.12,3601.83,3557.43,3587.94,53122.96,190369023.7407
1762210800000,3587.94,3605.55,3562.5,3601.83,37081.3,132980621.2077
1762214400000,3601.83,3636.41,3564.08,3616,82604.54,297530513.9297
1762218000000,3616,3653.68,3604.75,3642.27,51578.01,187526288.4919
1762221600000,3642.27,3647.87,3616.18,3623.94,26401.81,95881183.2779
1762225200000,3623.94,3649.99,3618.43,3640.41,32075.23,116745909.546
1762228800000,3640.41,3646.73,3619.16,3623.49,25415.11,92334512.9451
1762232400000,3623.49,3630.71,3480.71,3490.02,249940.87,883863365.6741
1762236000000,3490.02,3558.96,3476.12,3510.3,169307.83,595689053.2658
1762239600000,3510.3,3521.33,3470.08,3492.61,109744.09,383135962.9474
1762243200000,3492.61,3511.56,3458.01,3494.31,117219.2,408742744.7022
1762246800000,3494.31,3501.35,3473.42,3490.7,45742.85,159566098.0753
1762250400000,3490.7,3501.66,3470.97,3483.86,48112.94,167737339.4804
1762254000000,3483.86,3534.72,3481.75,3527.21,77345.77,271548673.6352
1762257600000,3527.21,3530.75,3493.24,3509.47,70606.92,247705361.2479
1762261200000,3509.47,3522.59,3491.33,3505.36,55755.23,195643000.4299
1762264800000,3505.36,3564.72,3471.1,3554.8,158948.3,559178295.1628
1762268400000,3554.8,3586.48,3493.5,3505.76,194690.01,690837945.0444
1762272000000,3505.76,3519,3423,3427.85,183548.54,635644729.3211
1762275600000,3427.85,3427.85,3361,3371.83,292072.99,990525722.8846
1762279200000,3371.83,3373.17,3254.75,3302.56,392076.08,1296661036.5456
1762282800000,3302.56,3316.62,3224.84,3229.47,165020.37,540229284.8843
1762286400000,3229.47,3251.37,3122.17,3212.71,460203.26,1463796131.6262
1762290000000,3212.71,3218.13,3051.42,3213.09,379733.81,1192605143.3677
1762293600000,3213.09,3287.99,3196.45,3245.9,198717.59,645526886.2583
1762297200000,3245.9,3303.42,3240.61,3284.8,130588.25,427840662.555
1762300800000,3284.8,3299.22,3226.85,3239,100212.9,326320667.1473
1762304400000,3239,3254.32,3165,3241.75,197491.35,631924837.5499
1762308000000,3241.75,3325,3241.42,3323.1,157752.42,517581199.9779
1762311600000,3323.1,3347.58,3303.84,3333.35,80393.62,267502150.7534
1762315200000,3333.35,3344.48,3312.39,3328,66028.07,219699929.0436
1762318800000,3328,3354.22,3322.76,3324.36,42279.3,141041389.8638
1762322400000,3324.36,3340.57,3309.18,3335.65,52857.7,175614948.8189
1762326000000,3335.65,3341.01,3299.18,3329.01,45481.74,151104237.4615
1762329600000,3329.01,3329.26,3280.16,3299.23,104234.42,344105106.7912
1762333200000,3299.23,3321.41,3292.01,3306.18,43977.53,145411615.3674
1762336800000,3306.18,3306.72,3272.56,3274.55,51177.22,168269429.2585
1762340400000,3274.55,3324.3,3273.76,3321.78,75399.94,248989578.0586
1762344000000,3321.78,3358,3311.66,3343.06,118951.79,397079889.991
1762347600000,3343.06,3374.52,3322.21,3357.75,119888.73,400924236.3191
1762351200000,3357.75,3370,3315.61,3346.65,107998.32,360881876.6594
1762354800000,3346.65,3397.98,3331.47,3396.06,104628.69,352715526.2389
1762358400000,3396.06,3438.65,3367.7,3434.88,183045.22,622002903.7505
1762362000000,3434.88,3445.68,3415.01,3433.35,96812.04,332043423.2796
1762365600000,3433.35,3477.99,3427.55,3459.25,90705.97,313260349.4492
1762369200000,3459.25,3470.73,3443.25,3452.58,64739.33,223684980.618
1762372800000,3452.58,3478.87,3437.78,3448.8,72928.16,252405588.8099
1762376400000,3448.8,3450.72,3427.62,3440.16,73291.72,251944951.0252
1762380000000,3440.16,3443.58,3413.22,3422.55,42859.07,146736685.3583
1762383600000,3422.55,3434.49,3413.03,3422.79,28101.61,96270527.9618
1762387200000,3422.79,3422.79,3390.43,3405.61,50291.63,171157169.7734
1762390800000,3405.61,3409.41,3373.22,3403.89,62432.7,211590987.4519
1762394400000,3403.89,3429.58,3390.21,3420.07,55335.4,188676146.2403
1762398000000,3420.07,3449.81,3419.3,3431.29,48807.6,167702638.5452
1762401600000,3431.29,3455,3426.86,3451.12,29960.69,103132449.1332
1762405200000,3451.12,3451.12,3378.4,3387.01,91904.69,312991099.6181
1762408800000,3387.01,3400.85,3377.06,3383.16,45363.08,153773389.7658
1762412400000,3383.16,3393.18,3359.26,3378.45,78463.03,264886761.4042
1762416000000,3378.45,3394.93,3370,3383.27,40665.08,137539328.7858
1762419600000,3383.27,3393,3373.34,3381.04,23187.16,78460017.2036
1762423200000,3381.04,3414.07,3364.02,3392.12,65162.35,220970026.9325
1762426800000,3392.12,3406.88,3379.09,3398.11,36203.76,122866415.395
1762430400000,3398.11,3404.01,3340.55,3347.81,79129.37,266242731.8337
1762434000000,3347.81,3402.73,3347.8,3389.74,85877.93,290368188.8347
1762437600000,3389.74,3399.87,3316.78,3327.54,171887.21,574978009.3388
1762441200000,3327.54,3365,3275.02,3298.85,200916.87,666440090.9269
1762444800000,3298.85,3322.04,3242.67,3274.89,190443.81,624457112.46
1762448400000,3274.89,3338.91,3267.99,3327.41,153652.77,507527420.9528
1762452000000,3327.41,3351.5,3292.38,3326.68,120795.68,401000440.5531
1762455600000,3326.68,3341.89,3306.9,3323.68,56424.3,187699846.9047
1762459200000,3323.68,3334.79,3285.01,3304.56,58719.15,194200402.834
1762462800000,3304.56,3334.15,3290.67,3324.26,39941.7,132220733.9556
1762466400000,3324.26,3328.39,3293.7,3317.21,33337.46,110360975.7983
1762470000000,3317.21,3317.9,3288.16,3313.62,38730.36,127849990.2818
1762473600000,3313.62,3331.01,3291.3,3322.96,54708.79,181370468.1543
1762477200000,3322.96,3329,3272.14,3323.15,92883.32,306550522.6601
1762480800000,3323.15,3350.74,3301.96,3345.45,73959.54,245958982.2744
1762484400000,3345.45,3364.98,3340.18,3343.47,63288.83,212244667.8587
1762488000000,3343.47,3347.34,3317.03,3337.16,44908.07,149660766.2319
1762491600000,3337.16,3368.85,3336.31,3365.76,53894.24,180945540.396
1762495200000,3365.76,3369,3345.08,3346.18,21222.8,71240570.628
1762498800000,3346.18,3363.63,3334.04,3356.14,37024.88,123940082.5054
1762502400000,3356.14,3359.26,3332,3340,21424.35,71660764.8487
1762506000000,3340,3340.63,3287.24,3299,75347.82,249194842.9911
1762509600000,3299,3308.46,3269.73,3278.22,57542.52,189032260.8619
1762513200000,3278.22,3278.22,3223.11,3258,136372.45,442883562.2625
1762516800000,3258,3272.32,3194.73,3221.52,132523.37,427051829.6402
1762520400000,3221.52,3248.92,3212.51,3240,81521.96,263681785.8593
1762524000000,3240,3299.15,3191.51,3286.4,159444.44,517882631.9638
1762527600000,3286.4,3317.16,3260.43,3295.38,144117.08,474885749.3128
1762531200000,3295.38,3332,3271.93,3307.53,89867.13,297156164.3697
1762534800000,3307.53,3396.49,3294.48,3383.91,138302.91,465401043.6241
1762538400000,3383.91,3435,3376.08,3424.4,122558.39,417969402.8122
1762542000000,3424.4,3448.6,3415.26,3441.72,50036.23,171797675.3415
1762545600000,3441.72,3470,3426.73,3462.72,70103.9,241753925.6227
1762549200000,3462.72,3468.86,3446.23,3466.8,31170.41,107834700.0302
1762552800000,3466.8,3471.93,3441.13,3444.37,39160.21,135236031.0735
1762556400000,3444.37,3448.82,3431.18,3434.39,33048.06,113675422.7454
1762560000000,3434.39,3448.04,3405,3422.85,62084.18,212809259.901
1762563600000,3422.85,3445.48,3420.21,3435.59,31794.99,109264358.1083
1762567200000,3435.59,3459.29,3430.42,3439.25,46087.69,158955656.7363
1762570800000,3439.25,3466.81,3437.38,3452.2,43096.79,148853899.6324
1762574400000,3452.2,3487.19,3446.6,3456.9,66898.96,231794753.6008
1762578000000,3456.9,3465.44,3423.03,3429.09,56438.7,194319527.946
1762581600000,3429.09,3454.2,3415.76,3443.65,58627.3,201501152.5675
1762585200000,3443.65,3450.52,3422.66,3446.55,28487.58,97935930.3697
1762588800000,3446.55,3471.77,3434,3453.21,28795.25,99470262.5032
1762592400000,3453.21,3464.27,3436.58,3437.82,24017.39,82858556.9309
1762596000000,3437.82,3449.33,3431.74,3444.31,23716.28,81606853.8199
1762599600000,3444.31,3454.87,3405,3411.39,59405.74,203429856.0968
1762603200000,3411.39,3416.34,3395.9,3407.81,43206.01,147166948.8213
1762606800000,3407.81,3410.93,3388,3395,42905.24,145853129.8979
1762610400000,3395,3412.07,3371.35,3398.31,76790.12,260432161.1459
1762614000000,3398.31,3402.75,3365,3375.09,46567.05,157456695.8251
1762617600000,3375.09,3382.94,3353.29,3366.52,61867.43,208393743.0098
1762621200000,3366.52,3398.69,3360.9,3397.47,48818.76,165220471.2969
1762624800000,3397.47,3406,3383.68,3400.85,30273.27,102792316.1556
1762628400000,3400.85,3405.16,3360.81,3387.66,36241.16,122455051.6148
1762632000000,3387.66,3402.22,3378.96,3396.3,21117.11,71647919.9168
1762635600000,3396.3,3408.87,3392.52,3404.31,16086.23,54747414.4102
1762639200000,3404.31,3409.69,3392.36,3407.55,12561.53,42717670.6905
1762642800000,3407.55,3413.96,3397.45,3400.54,12509.96,42614304.3107
1762646400000,3400.54,3401.5,3370.06,3382.63,34721.18,117473369.4393
1762650000000,3382.63,3402.89,3377.94,3399.11,15266.05,51765300.5837
1762653600000,3399.11,3399.11,3362.45,3365.87,34729.83,117377103.8198
1762657200000,3365.87,3377,3356.53,3374.84,29966.05,100851213.6826
1762660800000,3374.84,3389.83,3368.03,3372.71,20271.06,68479524.3372
1762664400000,3372.71,3407.21,3370.61,3403.78,42716.93,145082264.3553
1762668000000,3403.78,3418.75,3398.27,3403.15,30745.88,104776298.0468
1762671600000,3403.15,3428.42,3400.2,3420.6,31162.66,106416886.5331
1762675200000,3420.6,3422.64,3407.44,3420.23,20878.39,71310567.3568
1762678800000,3420.23,3433.66,3396.43,3399.05,48871.44,167078600.4009
1762682400000,3399.05,3400.3,3380,3400.18,47577.2,161297628.0593
1762686000000,3400.18,3432.65,3400.17,3427.33,39974.1,136663363.9762
1762689600000,3427.33,3463.32,3423.29,3440.29,69172.67,238330364.4885
1762693200000,3440.29,3463.95,3440.12,3456.67,43687.27,150867729.2369
1762696800000,3456.67,3563.12,3451.55,3504.6,236571.76,831752536.7671
1762700400000,3504.6,3536.53,3502.96,3513.29,63875.62,224967569.1263
1762704000000,3513.29,3536.28,3499.19,3526.47,62359.1,219422704.3605
1762707600000,3526.47,3530.25,3501.88,3513.82,33027.8,116054801.3285
1762711200000,3513.82,3543.86,3508.19,3540.1,38445.71,135583132.1571
1762714800000,3540.1,3579.2,3533.61,3579.19,72421.54,257581649.404
1762718400000,3579.19,3598.58,3559.65,3577.51,65810.46,235592964.969
1762722000000,3577.51,3595,3571.21,3579.96,33392.94,119604509.9345
1762725600000,3579.96,3594.28,3562.85,3585.92,38319.58,137026884.8178
1762729200000,3585.92,3622.07,3563.7,3581.23,87156.11,312671422.3294
1762732800000,3581.23,3651.83,3546.8,3633.94,120088.89,432887070.1793
1762736400000,3633.94,3658,3615.47,3628,82341.93,299473763.7703
1762740000000,3628,3639,3610.04,3626.8,40140.54,145498204.998
1762743600000,3626.8,3646.69,3621.43,3625.96,36630.84,133003300.755
1762747200000,3625.96,3630.82,3599.15,3615.54,48094.3,173635500.6036
1762750800000,3615.54,3624.66,3587.01,3606.64,49100.46,176968856.2445
1762754400000,3606.64,3610.9,3592.97,3603.18,19970.3,71954419.8964
1762758000000,3603.18,3621.12,3601.49,3607.13,35140.17,126943005.1639
1762761600000,3607.13,3614.1,3585,3592.8,49040.75,176444137.0343
1762765200000,3592.8,3629.94,3585,3623,54232.39,195534954.7056
1762768800000,3623,3626.56,3601.41,3604.52,21761.2,78637143.538
1762772400000,3604.52,3619.62,3601.71,3608.71,20553.15,74194958.8925
1762776000000,3608.71,3609.09,3581.11,3590,38966.88,139902962.4657
1762779600000,3590,3621.23,3588.4,3613.79,58030.87,209460932.4553
1762783200000,3613.79,3614.19,3526.35,3539.77,153794.02,547628850.4451
1762786800000,3539.77,3559.34,3506.18,3517.71,152718.4,539493405.0509
1762790400000,3517.71,3537.18,3505,3527.76,76700.47,270163167.845
1762794000000,3527.76,3558.06,3521,3553.35,53489.29,189335117.5648
1762797600000,3553.35,3556.46,3530.52,3530.52,33630.32,119168545.0424
1762801200000,3530.52,3574.58,3526.86,3556.48,51201.93,181941877.4045
1762804800000,3556.48,3582.45,3552.49,3569.77,31178.12,111279188.8218
1762808400000,3569.77,3570.36,3528.16,3539.99,54939.99,194636330.4904
1762812000000,3539.99,3579.72,3525.42,3574.37,31244.57,110964990.4298
1762815600000,3574.37,3580.45,3560.44,3566.26,22222.74,79374317.9696
1762819200000,3566.26,3591.45,3550.68,3584.46,51305.57,183133548.8244
1762822800000,3584.46,3647.38,3572.64,3579.77,98049.41,353915536.8996
1762826400000,3579.77,3635.42,3557.45,3613.94,88557.13,318733757.3632
1762830000000,3613.94,3632,3597.08,3604.12,37345.72,135055077.5743
1762833600000,3604.12,3608.75,3570.38,3573.44,49165.48,176233295.9302
1762837200000,3573.44,3573.95,3542.12,3546.41,56796.23,202000285.0153
1762840800000,3546.41,3557.68,3527.76,3555.55,78828.21,279415372.4153
1762844400000,3555.55,3564.85,3540,3542.31,37712.76,134061463.8537
1762848000000,3542.31,3562.5,3541.12,3561.51,30733.22,109229001.7283
1762851600000,3561.51,3586.23,3548.55,3553.56,49831.81,177791016.4354
1762855200000,3553.56,3564.33,3546.16,3558.59,27130.47,96460019.3173
1762858800000,3558.59,3580.5,3558.2,3572.29,29234.58,104429875.4311
1762862400000,3572.29,3593.25,3538,3539.78,74692.02,266078580.0312
1762866000000,3539.78,3572.65,3524.46,3531.06,75001.08,266023567.3931
1762869600000,3531.06,3546.19,3486,3528.32,175494.04,616422747.2878
1762873200000,3528.32,3528.32,3465.85,3479.34,128754.5,449260092.3394
1762876800000,3479.34,3499,3462.77,3483.21,61599.01,214461802.9659
1762880400000,3483.21,3497.58,3443.23,3471.31,73232.75,253795472.7056
1762884000000,3471.31,3484.84,3458.1,3467.22,70542.97,245050378.0184
1762887600000,3467.22,3468.74,3447.34,3455.4,33856.25,117092226.0793
1762891200000,3455.4,3460.9,3426.96,3436.68,72004.77,247696669.9458
1762894800000,3436.68,3447.86,3406.2,3415.83,75182.41,257584537.6273
1762898400000,3415.83,3435.5,3403.01,3427.84,41536.69,142128653.8883
1762902000000,3427.84,3435.9,3406.32,3415.57,43135.32,147539627.3329
1762905600000,3415.57,3433.49,3407.3,3416.02,39364.6,134671437.9155
1762909200000,3416.02,3453,3410,3445.39,67117.12,230731902.2669
1762912800000,3445.39,3454.34,3415.38,3425.1,54091.95,185725873.9343
1762916400000,3425.1,3444.6,3419.72,3437.79,30739.65,105588815.5223
1762920000000,3437.79,3444.12,3430.22,3443,16349.41,56181881.7822
1762923600000,3443,3456.11,3441.52,3447.37,30383.32,104781719.7601
1762927200000,3447.37,3455.72,3437,3437,17898.1,61699523.084
1762930800000,3437,3451.13,3422.41,3426.39,28897.24,99318029.119
1762934400000,3426.39,3479.5,3426.39,3467.23,66896.44,231604475.2862
1762938000000,3467.23,3494,3464.43,3481.9,71212.71,247922798.4612
1762941600000,3481.9,3547.67,3480.96,3532.64,87370.09,307209881.0163
1762945200000,3532.64,3569.76,3532.64,3548.1,82790.89,293841558.6666
1762948800000,3548.1,3564.75,3538.08,3550.65,57517.78,204161232.113
1762952400000,3550.65,3587.38,3544.03,3575.06,69260.28,247014177.544
1762956000000,3575.06,3580.79,3478.55,3501.15,188494,664393547.7912
1762959600000,3501.15,3519.88,3415.13,3426.4,247025.51,856074471.1535
1762963200000,3426.4,3432.15,3368.17,3397.51,254905.47,867009228.0604
1762966800000,3397.51,3451,3389.29,3427.78,125542.05,429337014.9274
1762970400000,3427.78,3452.5,3415.25,3422.14,77159.02,264936418.4697
1762974000000,3422.14,3424.32,3369.33,3406.17,125491.01,426360860.0292
1762977600000,3406.17,3439.99,3398.25,3415.2,52132.13,178264257.7052
1762981200000,3415.2,3429.07,3406.23,3421.42,24366.64,83297278.7764
1762984800000,3421.42,3422.1,3390.17,3420.04,33966.1,115665894.2794
1762988400000,3420.04,3421.54,3401.17,3412.72,27110.43,92448097.3374
1762992000000,3412.72,3431.81,3401.84,3410.39,40023.52,136708587.3261
1762995600000,3410.39,3455.74,3408.45,3421.92,86114.43,295956466.8357
1762999200000,3421.92,3445.57,3420.21,3432.27,26045.78,89428641.5149
1763002800000,3432.27,3472.23,3373.05,3451.13,132398.86,454027403.9101
1763006400000,3451.13,3491.66,3431.07,3481.12,111979.83,388047689.308
1763010000000,3481.12,3538.99,3464,3527.3,73342.23,257032016.8545
1763013600000,3527.3,3552.55,3518.71,3539.14,67095.36,237207947.6962
1763017200000,3539.14,3564.38,3529.15,3536.7,82318.16,291625669.4506
1763020800000,3536.7,3548.88,3520,3522.33,58338.06,206254486.289
1763024400000,3522.33,3527.75,3475,3484.78,104364,365394199.936
1763028000000,3484.78,3515.8,3484.78,3503.96,56470.61,197676964.5789
1763031600000,3503.96,3517.35,3492.41,3499.88,34192.39,119819741.0111
1763035200000,3499.88,3509.88,3480.63,3499.84,51704.94,180701211.1121
1763038800000,3499.84,3500.62,3423.97,3436.61,163936.18,566132539.8368
1763042400000,3436.61,3479.19,3390,3441.54,211715.64,725918707.9027
1763046000000,3441.54,3446.85,3363.88,3384.61,203554.17,692498458.0684
1763049600000,3384.61,3396.74,3321.36,3325.77,167237.02,561396224.2615
1763053200000,3325.77,3327.4,3250.35,3253.12,222319.43,731640708.3407
1763056800000,3253.12,3262.37,3181.17,3211.62,220605.25,710591268.9259
1763060400000,3211.62,3237.17,3173.08,3195.38,168648.4,540820514.2227
1763064000000,3195.38,3204.39,3151.57,3169.06,158729.2,503868909.0503
1763067600000,3169.06,3192,3157.66,3177.34,79303.01,251734677.8932
1763071200000,3177.34,3235.56,3172.3,3227.17,85089.16,273122397.3845
1763074800000,3227.17,3270.73,3213.74,3229.3,110735.79,359344751.0772
1763078400000,3229.3,3238.8,3185.4,3198.65,112706.6,362079301.8036
1763082000000,3198.65,3219.9,3181.21,3205.53,78130.22,250009851.3357
1763085600000,3205.53,3250,3202.13,3236.27,58041.01,187552866.7285
1763089200000,3236.27,3238,3205.07,3226.26,49355.01,159000205.1638
1763092800000,3226.26,3227.59,3105.44,3161.92,212938.47,671397900.9393
1763096400000,3161.92,3205,3155.5,3190.94,106535.95,338590436.8687
1763100000000,3190.94,3225.3,3131.89,3221.22,141651.28,449226307.9357
1763103600000,3221.22,3239.78,3191.51,3213.46,111478.09,358246693.4008
1763107200000,3213.46,3217.82,3181.2,3203.59,63222.22,202291142.5813
1763110800000,3203.59,3214.27,3146.86,3154.22,122481.77,388123188.463
1763114400000,3154.22,3194.94,3150.87,3174.4,47237.71,150064183.9496
1763118000000,3174.4,3181.92,3114.89,3142.99,121845.52,383092840.4968
1763121600000,3142.99,3142.99,3066.85,3125.85,227853.81,707385612.9712
1763125200000,3125.85,3150,3071.72,3120.81,157880.77,491007603.2152
1763128800000,3120.81,3220.87,3105.96,3197.82,255557.75,809952615.297
1763132400000,3197.82,3233.6,3157.31,3195.73,176047.49,562328283.295
1763136000000,3195.73,3256.55,3180.62,3230.42,124683.12,402201765.8964
1763139600000,3230.42,3244.63,3159.58,3178.19,98512.57,315040231.7705
1763143200000,3178.19,3207.79,3152.5,3167.24,88017.52,279762681.3032
1763146800000,3167.24,3219.98,3158,3206.51,72633.94,232137454.8483
1763150400000,3206.51,3212.45,3120.42,3135.84,88460.83,278756490.6566
1763154000000,3135.84,3173.8,3122.72,3165.6,55717.74,175939341.2864
1763157600000,3165.6,3186,3140.41,3157.88,50172.37,158694520.9398
1763161200000,3157.88,3157.88,3086.73,3110.56,117526.4,365559634.4735
1763164800000,3110.56,3149.43,3108.15,3139.28,43439.31,136034421.9697
1763168400000,3139.28,3179,3122.36,3172.49,56079.75,177207387.0962
1763172000000,3172.49,3192.77,3161.55,3191.98,34404.23,109384687.8067
1763175600000,3191.98,3192.7,3166,3178.05,35991.19,114461999.5755
1763179200000,3178.05,3191.5,3156.14,3171.05,40050.41,127043481.9303
1763182800000,3171.05,3182.77,3158.16,3177.78,25007.11,79273166.4025
1763186400000,3177.78,3186.85,3165.14,3174.12,17131.71,54409876.6548
1763190000000,3174.12,3184.35,3167.5,3175.01,14586.5,46321199.4542
1763193600000,3175.01,3176.91,3131.89,3141.5,62848.73,198075689.9801
1763197200000,3141.5,3164.29,3137.27,3151.62,33102.6,104320841.2019
1763200800000,3151.62,3171.19,3144.01,3167.58,18573.96,58664311.2866
1763204400000,3167.58,3172.06,3145.38,3151.15,20731.9,65492587.7181
1763208000000,3151.15,3167.07,3145.74,3160.99,15099.02,47660330.8317
1763211600000,3160.99,3197.24,3157.61,3191.6,51930.75,165186929.3137
1763215200000,3191.6,3191.91,3173.25,3176.55,22978.85,73132538.0359
1763218800000,3176.55,3189.79,3171.81,3184.74,18491.46,58832732.7152
1763222400000,3184.74,3186.85,3161.08,3184.99,30188.92,95820769.3325
1763226000000,3184.99,3219.22,3180.56,3213.86,71953.93,230258290.8027
1763229600000,3213.86,3230,3202.59,3207.27,36447.34,117262739.8716
1763233200000,3207.27,3213.47,3191.09,3196.59,18658.34,59720856.1101
1763236800000,3196.59,3199.81,3165.73,3173.54,34220.17,108834745.2733
1763240400000,3173.54,3187.6,3151.1,3156.37,43014.69,136191912.9935
1763244000000,3156.37,3170.79,3153.11,3169.44,25738.27,81407246.5111
1763247600000,3169.44,3176,3165.31,3166.38,14515.85,46023571.6245
1763251200000,3166.38,3173.71,3144,3150.98,30759.41,97054854.933
1763254800000,3150.98,3156.89,3130,3148.79,59616.07,187242635.0247
1763258400000,3148.79,3203.83,3140.09,3202.19,50025.18,158877867.0442
1763262000000,3202.19,3209.04,3191.48,3201.53,26583.89,85060603.6276
1763265600000,3201.53,3206.35,3185.28,3193.08,20573.07,65693926.5232
1763269200000,3193.08,3214.61,3192.06,3203.29,24885.04,79780597.3759
1763272800000,3203.29,3215.44,3197,3199.36,22391.39,71803897.3381
1763276400000,3199.36,3219.8,3197.58,3218.41,24631.38,79005533.8292
1763280000000,3218.41,3226.6,3204.9,3218.14,30552.47,98176461.4711
1763283600000,3218.14,3248.46,3208,3247.13,41998.17,135712937.3007
1763287200000,3247.13,3247.14,3228.16,3235.3,27256.44,88194501.6328
1763290800000,3235.3,3236.79,3157.9,3167.4,118048.8,376248429.3328
1763294400000,3167.4,3181,3152.29,3168.37,54328.48,172165912.2124
1763298000000,3168.37,3173.45,3137.35,3152.27,49422.94,155832339.9858
1763301600000,3152.27,3177.67,3145.92,3170.31,44605.92,141073143.6765
1763305200000,3170.31,3179.44,3096,3103.48,110803.97,346930551.4892
1763308800000,3103.48,3125,3055.63,3059.85,151195.66,466328531.3961
1763312400000,3059.85,3087.5,3020.43,3078.27,149925.57,458176211.0897
1763316000000,3078.27,3128.16,3041.21,3059.51,163958.27,506377158.9089
1763319600000,3059.51,3116.42,3055.89,3089.93,70609.38,218269039.4951
1763323200000,3089.93,3116.18,3083.56,3088.07,24486.46,75907312.7905
1763326800000,3088.07,3095.65,3057.04,3072.24,51681.57,158709974.1477
1763330400000,3072.24,3101.71,3041.61,3090.35,61082.24,187600522.264
1763334000000,3090.35,3106.39,3001,3093.69,165943.14,506898362.3879
1763337600000,3093.69,3140.93,3067.04,3135.37,137990.78,429178111.9602
1763341200000,3135.37,3145.26,3113.04,3113.3,53837.72,168516365.845
1763344800000,3113.3,3159.71,3110.07,3148.45,67384.57,211759762.033
1763348400000,3148.45,3179.69,3147,3175.82,55454.64,175719081.4447
1763352000000,3175.82,3193.44,3165.22,3184.99,48859.36,155431897.3037
1763355600000,3184.99,3192.76,3176.01,3185.95,39968.89,127271554.2425
1763359200000,3185.95,3197.04,3169.1,3192.85,39972.05,127265971.2797
1763362800000,3192.85,3207.74,3188.12,3197.09,37131.75,118766890.9044
1763366400000,3197.09,3204.39,3183.52,3189.08,35968.77,114864526.7976
1763370000000,3189.08,3217.99,3178.24,3193.92,55147.46,176426065.0523
1763373600000,3193.92,3207.22,3190,3195.24,23939.21,76576220.3322
1763377200000,3195.24,3222.9,3191.69,3202.69,38842.34,124560896.4814
1763380800000,3202.69,3203,3181.05,3182.61,39054.5,124578428.6132
1763384400000,3182.61,3188.02,3093,3120.26,149788.54,469991487.9676
1763388000000,3120.26,3210.01,3100.01,3150.62,237256.98,748593696.4948
1763391600000,3150.62,3164.98,3103,3119.28,146835.36,459885208.9816
1763395200000,3119.28,3141.83,3062,3132.99,165661.06,512827852.9716
1763398800000,3132.99,3136.57,3052,3056.72,110264.81,340398763.5636
1763402400000,3056.72,3079.59,3017.26,3023.11,147139.48,447819117.2465
1763406000000,3023.11,3036.8,2970.53,2980.65,210636.09,631924867.1738
1763409600000,2980.65,3020.75,2957.4,3003.1,160112.54,478018093.4585
1763413200000,3003.1,3026.98,2980.98,3007.66,88196.24,264772109.3665
1763416800000,3007.66,3031,2997.92,3021.57,46158.33,139263618.3525
1763420400000,3021.57,3030.37,3003.6,3030,43270.89,130520066.1463
1763424000000,3030,3040.07,2989.11,3031.5,85033.13,256712612.4086
1763427600000,3031.5,3049.22,3012.12,3015.79,48913.18,148202204.2532
1763431200000,3015.79,3044.45,2975.81,2983.69,155567.86,468364752.0442
1763434800000,2983.69,3027.85,2943.51,3023.27,205315.56,611990934.4473
1763438400000,3023.27,3024.6,2957.13,3005.05,105109.03,314283104.1487
1763442000000,3005.05,3023.37,2983.09,3011.4,68457.73,205914190.7536
1763445600000,3011.4,3014.63,2972.28,2989.02,71156.37,212900210.8765
1763449200000,2989.02,3034,2976.09,3023.37,94507.51,284650446.6852
1763452800000,3023.37,3069.15,3023.37,3059.46,128058.58,390493982.1602
1763456400000,3059.46,3066.73,3027.82,3059.35,85071.18,259198305.6441
1763460000000,3059.35,3071.71,3049.73,3065.04,41057.65,125707078.2961
1763463600000,3065.04,3073.3,3051.39,3056.91,37560.33,115019919.8855
1763467200000,3056.91,3066,3037.88,3048.36,64859.52,197874599.6019
1763470800000,3048.36,3051.01,3020.09,3047.91,65788.7,199916976.3691
1763474400000,3047.91,3092.52,3031.58,3056.85,133856.38,410711748.5689
1763478000000,3056.85,3123.83,3031.98,3105.98,199915.73,617601889.5698
1763481600000,3105.98,3168.8,3098.52,3151.53,152141.86,477988505.8359
1763485200000,3151.53,3158.93,3118.24,3134.66,77541.58,243244422.2938
1763488800000,3134.66,3170,3134.66,3159.87,65730.49,207302162.0721
1763492400000,3159.87,3168.36,3134.6,3144.57,67923.71,214075516.0238
1763496000000,3144.57,3149.52,3121.32,3121.78,36885.88,115662808.5723
1763499600000,3121.78,3129.98,3094.53,3096.35,56479.87,175632637.943
1763503200000,3096.35,3128.16,3094.75,3123.77,46607.25,145076265.0181
1763506800000,3123.77,3124.96,3105.8,3122.03,25759.59,80231091.0679
1763510400000,3122.03,3122.57,3076.4,3099.3,68467.2,211874836.8798
1763514000000,3099.3,3115.46,3083.25,3103.55,60380.89,187208209.6516
1763517600000,3103.55,3124.83,3096.47,3112.43,39083.4,121743354.1802
1763521200000,3112.43,3116.99,3066.73,3071.37,61568.94,189928027.3677
1763524800000,3071.37,3075.14,3041.97,3046.92,66745.53,204336055.6041
1763528400000,3046.92,3051.7,2990.17,3015.5,165627.64,499994434.8934
1763532000000,3015.5,3043.66,3008.25,3039.51,89484.75,270941768.5764
1763535600000,3039.51,3086.81,3037.24,3083.69,94199.72,288738358.1177
1763539200000,3083.69,3099.99,3070.78,3079.01,110109.38,339556217.5533
1763542800000,3079.01,3087.17,3051.45,3087.17,89853.99,275730713.4119
1763546400000,3087.17,3111.37,3082.13,3090.65,52860.85,163609715.7435
1763550000000,3090.65,3101.95,3075.76,3082.4,32693.85,101023717.6385
1763553600000,3082.4,3108.49,3079.34,3099.49,38956.99,120486960.6239
1763557200000,3099.49,3099.99,3049.47,3065.55,87970.58,270517445.666
1763560800000,3065.55,3068.1,3017.19,3058.99,191134.22,582089991.9612
1763564400000,3058.99,3105.38,2964.66,2971.15,296689.33,897296620.9526
1763568000000,2971.15,2985,2934.25,2948.36,192568.89,569955834.1707
1763571600000,2948.36,2959.94,2897,2921.56,183620.69,536475390.7733
1763575200000,2921.56,2927.7,2878.01,2898.29,147429.85,426848665.5332
1763578800000,2898.29,2904.72,2871.11,2880.16,94554.45,272596376.7433
1763582400000,2880.16,2955.94,2873.2,2944.37,156953.38,457280955.3045
1763586000000,2944.37,3001.76,2938,2990.26,222874.8,663109848.7365
1763589600000,2990.26,2991.29,2951.6,2983.25,58711.18,174592150.4215
1763593200000,2983.25,3027.95,2982.86,3024.3,92019.56,277327279.7846
1763596800000,3024.3,3049.64,3003.73,3018.45,103067.3,312267876.8992
1763600400000,3018.45,3049.99,3017.99,3047,52854.94,160406610.1134
1763604000000,3047,3057.63,3029.06,3042.96,62942.86,191340686.7444
1763607600000,3042.96,3052.58,3035.99,3038.1,38921.76,118477819.1856
1763611200000,3038.1,3054.89,3016.46,3053.68,85861.51,260144245.3488
1763614800000,3053.68,3063.15,3031.31,3034.53,58314.57,177594205.2763
1763618400000,3034.53,3042.36,3006.54,3019.91,54055.47,163342535.9505
1763622000000,3019.91,3043.86,3014.01,3038.36,47105.77,142759369.3524
1763625600000,3038.36,3045.32,3022,3030.03,42393.87,128598484.6988
1763629200000,3030.03,3033.04,2990.69,3010.01,82441.76,248183506.9985
1763632800000,3010.01,3020.29,2992.2,3015,48866.88,146927631.2354
1763636400000,3015,3026.97,3001,3022.66,43725.7,131864017.8605
1763640000000,3022.66,3032,3009.55,3027.82,42557.31,128635374.44
1763643600000,3027.82,3050,2994.31,2998.72,142555.97,430400498.1766
1763647200000,2998.72,3021.97,2961.25,2999.15,261012.51,780695552.7601
1763650800000,2999.15,3002.35,2950.19,2953.78,211435.63,629420657.5716
1763654400000,2953.78,2959.82,2845.93,2861.4,464783.52,1345918503.6232
1763658000000,2861.4,2872.52,2805.55,2831.86,301413.16,852106707.0375
1763661600000,2831.86,2859.03,2802.2,2812.18,199956.21,565618593.1448
1763665200000,2812.18,2854.05,2788.4,2846.44,161333.15,454666670.8918
1763668800000,2846.44,2855,2816.51,2834.06,80461.73,228292255.2411
1763672400000,2834.06,2896.46,2833.16,2878.07,84828.65,243400231.8836
1763676000000,2878.07,2904.96,2875,2884.98,69674.1,201530027.2459
1763679600000,2884.98,2890.51,2825.21,2832.85,122228.68,348567666.4921
1763683200000,2832.85,2869.44,2831.11,2860.26,75761.56,216137597.6604
1763686800000,2860.26,2885.71,2849.63,2860.74,61836.2,177191015.4952
1763690400000,2860.74,2861.16,2769.35,2781.35,208059.18,587026319.2366
1763694000000,2781.35,2826.05,2780.7,2807.07,93152.32,261363644.2127
1763697600000,2807.07,2821.25,2780.41,2817.74,69030.36,193330773.5863
1763701200000,2817.74,2832.76,2798.3,2808.54,64419.93,181466589.1537
1763704800000,2808.54,2813.75,2778.04,2788.88,64764.49,181035274.0407
1763708400000,2788.88,2800.19,2646.3,2719.23,543029.2,1476997742.5477
1763712000000,2719.23,2754.63,2705.01,2737.06,153143.79,418604479.2893
1763715600000,2737.06,2747.89,2677.29,2680.66,181084.17,489657671.5078
1763719200000,2680.66,2716.45,2662.23,2695.67,165792.87,446367249.921
1763722800000,2695.67,2721.76,2672.5,2687.49,82669.95,223123978.0327
1763726400000,2687.49,2742.7,2620.76,2726.33,294229.7,788513126.1899
1763730000000,2726.33,2768.56,2709.84,2740.6,186186.7,510842520.4235
1763733600000,2740.6,2780.23,2716.19,2769.13,283565.61,780681875.4684
1763737200000,2769.13,2778.21,2685.52,2703.89,225739.99,614536784.2683
1763740800000,2703.89,2763.88,2673.49,2761.99,225709.17,611701767.9492
1763744400000,2761.99,2806.99,2753.67,2779.7,125857.69,350676969.9063
1763748000000,2779.7,2794.04,2713.38,2777.88,161178.95,443756423.9939
1763751600000,2777.88,2786.88,2738.47,2750.81,64557.8,178533801.9699
1763755200000,2750.81,2755,2706.11,2736.25,106725.1,291712292.0997
1763758800000,2736.25,2775.43,2729.42,2765.68,50414.27,139036213.6806
1763762400000,2765.68,2772.97,2718.53,2719.98,52768.65,144693560.4179
1763766000000,2719.98,2768.75,2711.23,2764.85,59757.13,164025918.4141
1763769600000,2764.85,2779.6,2756.24,2764.93,39770.12,110069616.5405
1763773200000,2764.93,2783.11,2759.7,2773.26,25179.04,69801669.1429
1763776800000,2773.26,2776.21,2738,2751.6,33583.15,92386993.2299
1763780400000,2751.6,2756.8,2741.28,2751.26,19491.44,53584170.2812
1763784000000,2751.26,2753.39,2724.77,2745.99,36900.95,100924318.1554
1763787600000,2745.99,2748.56,2725.66,2742.8,20003.46,54731261.406
1763791200000,2742.8,2768.18,2730.8,2765.11,39061.43,107615791.0427
1763794800000,2765.11,2769.99,2753.4,2755.36,29510.07,81449678.7051
1763798400000,2755.36,2755.52,2717.01,2728.72,61580.04,168165739.9771
1763802000000,2728.72,2738.99,2720,2724.58,33920.86,92581502.6315
1763805600000,2724.58,2730.64,2703.49,2711.68,47674.49,129393049.9673
1763809200000,2711.68,2742.18,2702.63,2733.68,40252.68,109837548.5217
1763812800000,2733.68,2734.62,2709.62,2720.03,33553.69,91239820.8844
1763816400000,2720.03,2733.34,2710.16,2718,26633.12,72431912.0175
1763820000000,2718,2754.35,2716.92,2745.19,77016.42,211118395.0105
1763823600000,2745.19,2749.83,2724.71,2737.82,34329.07,93943508.8628
1763827200000,2737.82,2758.35,2733.8,2754.36,40193.9,110434624.374
1763830800000,2754.36,2757.83,2743.15,2748.45,22461.43,61757409.3105
1763834400000,2748.45,2753.84,2741.38,2751.24,14558.21,40003880.9148
1763838000000,2751.24,2756.37,2743.53,2749.11,10371.79,28522415.3204
1763841600000,2749.11,2755.58,2731.55,2739.78,26955.62,73942945.243
1763845200000,2739.78,2747.72,2735.36,2746.5,15132.86,41496962.2632
1763848800000,2746.5,2798.79,2739.8,2788.14,59987.8,166338084.9055
1763852400000,2788.14,2793.03,2766.01,2768.85,40273.92,111800040.0046
1763856000000,2768.85,2789.18,2766.68,2771.97,26633.11,73947108.4254
1763859600000,2771.97,2816.42,2770.28,2807.22,49436.66,138277085.4383
1763863200000,2807.22,2833.55,2802.48,2819.87,59297.56,167257236.6208
1763866800000,2819.87,2823.94,2808.28,2823.33,22783.19,64145291.284
1763870400000,2823.33,2852.07,2818.31,2826.89,91321.53,258702148.095
1763874000000,2826.89,2830.34,2811.21,2824.25,32598.69,91995481.6732
1763877600000,2824.25,2831.64,2803,2808.23,35069.19,98723460.4834
1763881200000,2808.23,2810.54,2775.55,2791.97,71677.52,200031900.6849
1763884800000,2791.97,2814.76,2791.85,2809.93,34008.72,95339056.8202
1763888400000,2809.93,2823,2803.87,2814.98,27257.13,76677522.2513
1763892000000,2814.98,2815.69,2801.18,2807.37,21851.09,61342958.0672
1763895600000,2807.37,2819.92,2801.93,2814.61,24643.41,69254074.6
1763899200000,2814.61,2846.69,2812.6,2834,52817.62,149703392.9256
1763902800000,2834,2844.74,2821,2843.11,30049.27,85109786.939
1763906400000,2843.11,2857.25,2807.98,2813.16,86823.3,245820487.14
1763910000000,2813.16,2839.72,2808.42,2834.59,46375.9,131028036.038
1763913600000,2834.59,2845.81,2796.38,2798.45,48887.41,138036418.5999
1763917200000,2798.45,2806.96,2784.53,2790.95,55348.36,154617151.4589
1763920800000,2790.95,2816.23,2790.95,2807.46,41176.15,115517784.2077
1763924400000,2807.46,2836.8,2805.92,2821.37,36509.39,103021736.7378
1763928000000,2821.37,2834.62,2819.73,2827.35,23866.62,67489810.2249
1763931600000,2827.35,2843.82,2815.06,2840,33273.14,94164022.1526
1763935200000,2840,2843.99,2822.65,2837.25,29688.18,84069394.076
1763938800000,2837.25,2842.61,2793.26,2800.65,59199.13,166308686.6785
1763942400000,2800.65,2801.77,2761.44,2786.49,95559.6,265762144.3732
1763946000000,2786.49,2806.45,2775.91,2804.59,54108.13,150882036.5495
1763949600000,2804.59,2867.04,2802.39,2839.2,119556.28,339845961.3783
1763953200000,2839.2,2865.68,2833.11,2854.95,47549.23,135504873.0081
1763956800000,2854.95,2869.39,2801.21,2823.61,84116.43,237667420.6362
1763960400000,2823.61,2885.41,2820.69,2865.7,99117.13,284080234.3353
1763964000000,2865.7,2867.64,2827.16,2837.86,62417.45,177289131.491
1763967600000,2837.86,2844.1,2821.61,2828.51,39253.46,111180057.2382
1763971200000,2828.51,2841.64,2820.01,2837.61,30606.05,86535092.8223
1763974800000,2837.61,2837.61,2786.21,2796.13,95074.48,266487410.4733
1763978400000,2796.13,2805.75,2791.83,2797.67,30868.96,86390335.8155
1763982000000,2797.67,2807,2788.18,2801.96,31230.98,87412593.2322
1763985600000,2801.96,2810.99,2793.41,2802.51,31308.16,87694999.0664
1763989200000,2802.51,2828.3,2801.12,2813.83,54115.67,152486530.0547
1763992800000,2813.83,2847.8,2782.3,2831.4,141826.02,399133801.4955
1763996400000,2831.4,2859.96,2811.29,2845.21,100485.34,284879331.6122
1764000000000,2845.21,2874.43,2841.15,2857.79,73191.59,209055237.8105
1764003600000,2857.79,2943.75,2854.89,2939.23,175295.27,509517986.4848
1764007200000,2939.23,2962,2926.77,2956.25,115787.67,340932719.189
1764010800000,2956.25,2979,2951.87,2957.31,84628.83,251001390.2397
1764014400000,2957.31,2986.25,2950.6,2971.14,64325.59,191218657.3597
1764018000000,2971.14,2972.55,2945.68,2957.75,66811.59,197862974.6746
1764021600000,2957.75,2979.43,2950.61,2959.2,35124.72,104111635.8061
1764025200000,2959.2,2967.4,2950.53,2952.28,36058.53,106698189.2924
1764028800000,2952.28,2952.29,2930.35,2942.02,47524.32,139772841.1768
1764032400000,2942.02,2947.38,2916.44,2917.54,44558,130666600.4177
1764036000000,2917.54,2932.83,2907.17,2929.48,58899.18,171878788.4156
1764039600000,2929.48,2935.6,2902.54,2910.2,47234.07,137777135.3488
1764043200000,2910.2,2941.66,2908.13,2936,43009.26,125857450.5407
1764046800000,2936,2937.22,2917.15,2926.95,28225.26,82676595.5485
1764050400000,2926.95,2927.43,2910.67,2921,34927.59,101955313.9921
1764054000000,2921,2924.11,2896.65,2901.27,46865.93,136338616.0224
1764057600000,2901.27,2908.25,2867.53,2869.72,104875.05,303177314.3623
1764061200000,2869.72,2891.85,2863,2890.36,75574.3,217225280.2681
1764064800000,2890.36,2898.22,2878.23,2896.6,35155.33,101612353.4256
1764068400000,2896.6,2898.22,2886.46,2889.42,21523.45,62253224.2171
1764072000000,2889.42,2931.89,2888.13,2926.34,89828.55,262025584.256
1764075600000,2926.34,2933.3,2896.68,2906.48,66956.8,195243357.9651
1764079200000,2906.48,2920.89,2852.29,2879.59,155689,448837857.5518
1764082800000,2879.59,2914.78,2855.04,2894.48,158455.74,457561982.0087
1764086400000,2894.48,2937.34,2885.92,2928.07,88925.03,259517997.8844
1764090000000,2928.07,2952,2919.21,2935.6,72724.93,213757934.3058
1764093600000,2935.6,2958.66,2921.1,2922.95,61512.4,180991865.6568
1764097200000,2922.95,2927.7,2870.01,2921.41,123707.93,358372017.3761
1764100800000,2921.41,2942.55,2914.83,2927.52,46491.9,136236984.6085
1764104400000,2927.52,2945,2921.34,2929.78,35888.35,105240448.5066
1764108000000,2929.78,2976.83,2905.03,2968.82,77889.76,228494200.2992
1764111600000,2968.82,2979.39,2951.74,2958,49617.55,147174283.5119
1764115200000,2958,2971.16,2948.32,2952.9,42050.37,124377895.8837
1764118800000,2952.9,2983.2,2943,2968.98,43115.54,127880479.5104
1764122400000,2968.98,2975.46,2954.63,2954.99,26007.37,77097128.6626
1764126000000,2954.99,2963.55,2917.16,2925.09,56667.11,166404127.5822
1764129600000,2925.09,2937.84,2918.42,2929.15,45107.08,132100730.5089
1764133200000,2929.15,2953.34,2928.02,2942.53,38715.65,113891109.926
1764136800000,2942.53,2953.71,2931.05,2944.47,29211.2,85923359.71
1764140400000,2944.47,2948,2933.31,2942.9,25947.24,76302860.7568
1764144000000,2942.9,2948.23,2909.93,2911.19,42396.37,123978884.7357
1764147600000,2911.19,2916.35,2899.37,2905.77,54725.16,159058149.0332
1764151200000,2905.77,2916.45,2903.84,2912.78,35565.77,103523352.9187
1764154800000,2912.78,2917.35,2906.18,2912.84,26957.23,78502857.5496
1764158400000,2912.84,2916.62,2886.59,2900,76707.33,222267307.0185
1764162000000,2900,2935.45,2897.86,2932.97,73506.44,214399687.1278
1764165600000,2932.97,2946.4,2902.85,2909.1,91121.38,266880969.8389
1764169200000,2909.1,2939.4,2905.49,2926.75,71212.93,208091788.9669
1764172800000,2926.75,2959.11,2925.09,2944.95,91176.05,268535969.6374
1764176400000,2944.95,3032.44,2937.47,3026.12,170483.85,511188158.1868
1764180000000,3026.12,3044.14,3012.52,3033,124210.88,376423913.3622
1764183600000,3033,3038.08,3016.34,3030.99,41324.15,125132217.5457
1764187200000,3030.99,3031.14,3006.53,3023.35,37489.32,113144109.5275
1764190800000,3023.35,3034.93,3014.22,3020.65,27317.63,82644245.5997
1764194400000,3020.65,3032.7,3015.48,3026.18,24223.76,73242491.5567
1764198000000,3026.18,3032.25,3015.15,3024.64,20113.46,60820557.3352
1764201600000,3024.64,3049,3003,3034.11,63441.84,191897296.4387
1764205200000,3034.11,3056.73,3026.37,3051.2,44409.73,135061438.2014
1764208800000,3051.2,3069.99,3035,3035.57,79156.15,241733979.7503
1764212400000,3035.57,3050.52,3028.1,3032.16,41041.15,124681495.8736
1764216000000,3032.16,3053.33,3027.39,3039.8,29729.46,90391892.0347
1764219600000,3039.8,3044.34,3015.62,3021.76,43825.78,132664066.9498
1764223200000,3021.76,3033.59,3021.12,3026.27,23414.27,70868561.7364
1764226800000,3026.27,3034.76,3024.03,3032.2,12703,38487745.2771
1764230400000,3032.2,3034.2,3016.17,3026.46,21636.38,65402886.5238
1764234000000,3026.46,3043.46,3024,3026.2,36564.93,110908898.0495
1764237600000,3026.2,3034.65,3019.74,3032.9,24656.24,74641304.3508
1764241200000,3032.9,3034.79,3021.62,3026.8,12884.6,39018369.8972
1764244800000,3026.8,3028.95,2986.15,2989.9,69217.83,207982635.0642
1764248400000,2989.9,3001.29,2986.46,2993.76,56620.03,169523237.8059
1764252000000,2993.76,2998.24,2984,2995.02,35190.26,105293736.2833
1764255600000,2995.02,3014.88,2988.08,3009.54,52639.33,158094986.6058
1764259200000,3009.54,3026.52,3002.47,3019.49,51155.63,154312243.1444
1764262800000,3019.49,3023.19,3011.5,3018.56,21517.7,64913215.3822
1764266400000,3018.56,3038,3014.49,3036.32,31772.1,96195668.1549
1764270000000,3036.32,3036.32,3025.51,3030.76,16179.35,49029413.0177
1764273600000,3030.76,3043.02,3028.71,3037.5,20635.67,62674722.5651
1764277200000,3037.5,3042.65,3028.52,3030.8,19443.38,59029998.7669
1764280800000,3030.8,3033.63,3001.82,3009.24,29225.2,88208956.8863
1764284400000,3009.24,3022.13,3005.64,3013.92,26254.45,79116230.0463
1764288000000,3013.92,3022.72,3007.34,3013.05,18261.74,55025994.6399
1764291600000,3013.05,3015.14,2992.5,2996.83,45181.95,135521358.9237
1764295200000,2996.83,3013.99,2994.39,3010.85,29915.12,89817740.1585
1764298800000,3010.85,3014.05,2999.84,3007.1,20678.23,62177436.979
1764302400000,3007.1,3019,3004.05,3016.31,18854.49,56817945.5725
1764306000000,3016.31,3028.2,3014.04,3022.73,27175.98,82129846.732
1764309600000,3022.73,3022.74,3001.19,3008.27,27819.14,83799820.2003
1764313200000,3008.27,3022.12,2998.45,2999.99,37085.04,111631978.8156
1764316800000,2999.99,3076.78,2999.71,3063.85,88531.53,269147453.9138
1764320400000,3063.85,3072.29,3046.47,3053.95,52611.25,160872329.6767
1764324000000,3053.95,3062.25,3044.85,3059.42,27735.45,84664465.9921
1764327600000,3059.42,3060.76,3016.02,3032.44,63026.59,191043745.0923
1764331200000,3032.44,3044.97,3029.97,3034.78,27884.25,84698632.8861
1764334800000,3034.78,3086.7,3024,3072.57,74264.34,227038015.727
1764338400000,3072.57,3097.64,3050,3065.9,124197.05,381485007.1745
1764342000000,3065.9,3090.87,3053.44,3071.98,72511.74,222834668.9391
1764345600000,3071.98,3072.79,3020,3023.62,110108.88,334546907.8934
1764349200000,3023.62,3042.85,3009.28,3032.72,90724.08,274277779.0902
1764352800000,3032.72,3047.97,3022.23,3041.28,51407.13,156063764.9604
1764356400000,3041.28,3060,3035.55,3048.77,48466.27,147708718.9211
1764360000000,3048.77,3056.72,3034.17,3054.35,27720.89,84472845.6068
1764363600000,3054.35,3058.65,3033.13,3034.36,22004.11,66999191.3727
1764367200000,3034.36,3042.69,3013.62,3038.64,44779.4,135681448.5435
1764370800000,3038.64,3044.27,3028.34,3029.62,18156.32,55109429.7198
1764374400000,3029.62,3037.8,3027.5,3034.36,19257.91,58402523.4518
1764378000000,3034.36,3052.06,3030.19,3036.74,29064.99,88385498.1111
1764381600000,3036.74,3039.15,3021.92,3029.1,17031.69,51628989.1018
1764385200000,3029.1,3034.65,3015.77,3021.12,17514.26,52946945.9297
1764388800000,3021.12,3044,3017.84,3039.45,21197.25,64212320.2067
1764392400000,3039.45,3041.63,3029.4,3031.69,13605.07,41310629.7106
1764396000000,3031.69,3037,2990,3005.39,88094.7,265007067.8076
1764399600000,3005.39,3013.24,2992.4,3003.14,27689.56,83171180.7856
1764403200000,3003.14,3010.18,2998.63,3006.7,17041.8,51213590.5899
1764406800000,3006.7,3008.5,2996.24,3000.17,17009.84,51065605.8853
1764410400000,3000.17,3006.16,2980.89,2995.41,39411.01,118060218.8759
1764414000000,2995.41,3001.38,2990.25,2998.35,23896.42,71596914.7581
1764417600000,2998.35,3001.36,2991,2995.54,18769.37,56255839.8028
1764421200000,2995.54,3001.77,2991.24,2997.07,18363.71,55033392.3309
1764424800000,2997.07,2997.41,2984.1,2987.07,21908.83,65538652.0474
1764428400000,2987.07,3013.33,2987.07,3005.75,49001.04,147147055.6226
1764432000000,3005.75,3010.5,2997,3002.12,23325.08,70035803.7334
1764435600000,3002.12,3003.5,2964,2968.23,77498.98,230955910.9115
1764439200000,2968.23,2996.3,2960,2993.56,75588.17,224980427.5308
1764442800000,2993.56,2998.91,2982.56,2987.12,21709.26,64943629.8549
1764446400000,2987.12,2997.9,2981.55,2996.13,15246.52,45577891.9815
1764450000000,2996.13,2998,2980.2,2992.57,15745.92,47085851.2612
1764453600000,2992.57,2994.24,2982.01,2987.68,16809.45,50207932.3404
1764457200000,2987.68,2992.74,2983.88,2988.18,11682.79,34907346.6973
1764460800000,2988.18,2998.99,2986.32,2995.89,13142.86,39347371.4047
1764464400000,2995.89,3012.9,2994.8,3003.77,24981.88,75082318.1284
1764468000000,3003.77,3010.81,2988.72,2989.78,18158.93,54464692.8814
1764471600000,2989.78,3004.34,2972.61,3000.53,39505.78,118003885.5514
1764475200000,3000.53,3002.31,2994.2,2996.7,10324.26,30955662.2899
1764478800000,2996.7,2997.09,2983.45,2990.79,19473.49,58201824.3394
1764482400000,2990.79,2999.3,2985.05,2996.39,11210.97,33570366.379
1764486000000,2996.39,3008.91,2994.73,3003.6,18086.28,54323851.3476
1764489600000,3003.6,3017.84,3001.2,3005.51,39072.64,117570881.6763
1764493200000,3005.51,3014.89,3001.95,3008.02,17759.27,53410402.1273
1764496800000,3008.02,3009.91,3004.53,3008.1,10163.26,30564492.8013
1764500400000,3008.1,3015.63,2997,3001.67,20884.23,62752229.1329
1764504000000,3001.67,3036.36,2998.2,3024.71,49375.5,149183194.5341
1764507600000,3024.71,3052.71,3021.4,3047.99,87861.02,267215501.3297
1764511200000,3047.99,3049.97,3025.56,3036.11,45665.22,138555321.4303
1764514800000,3036.11,3036.11,3022.64,3027.34,21204.82,64218300.4967
1764518400000,3027.34,3048.29,3026.71,3042.48,31960.76,97212976.2286
1764522000000,3042.48,3043.5,3030,3039.76,27407.38,83214123.1281
1764525600000,3039.76,3040.37,3027.6,3035.4,16688,50616980.2158
1764529200000,3035.4,3039.31,3028,3033.45,16673.98,50567742.1341
1764532800000,3033.45,3040.2,3021,3027.64,16747.35,50728163.944
1764536400000,3027.64,3028.04,3013.07,3020.8,32624.36,98492883.369
1764540000000,3020.8,3034.99,3019.6,3032.29,21150.29,64020266.7577
1764543600000,3032.29,3034.16,2987.55,2989.61,76317.46,229239046.0646
1764547200000,2989.61,2997.41,2828.75,2834.91,362597.35,1051717934.0468
1764550800000,2834.91,2859.76,2832.02,2849.46,98986.98,282038017.9892
1764554400000,2849.46,2873.04,2825.4,2836.51,103027.82,293787175.0533
1764558000000,2836.51,2841.27,2812.02,2824.49,85184.51,240643394.6114
1764561600000,2824.49,2826.87,2804.65,2820.51,71635.21,201612144.4413
1764565200000,2820.51,2830,2808.1,2826.81,54334.99,153237269.0636
1764568800000,2826.81,2834.68,2820.78,2823.15,35421.19,100112603.0575
1764572400000,2823.15,2842.17,2818.2,2838.27,42894.69,121491927.4961
1764576000000,2838.27,2844.71,2830.75,2838.96,35139.32,99697113.9351
1764579600000,2838.96,2853.12,2826.62,2837.96,64372.04,182740434.651
1764583200000,2837.96,2845,2835.7,2841.9,20574.35,58440206.0781
1764586800000,2841.9,2849.24,2833.45,2836.23,52636.17,149479548.2301
1764590400000,2836.23,2838.05,2793.43,2819.5,148558.06,418427504.787
1764594000000,2819.5,2838.78,2803.37,2811.65,100706.71,284218118.1713
1764597600000,2811.65,2831.28,2803.92,2816.84,101912.52,287021559.4063
1764601200000,2816.84,2819.66,2718.01,2744.66,297488.54,821501455.009
1764604800000,2744.66,2755.23,2716.65,2730.56,114668.63,313657877.2493
1764608400000,2730.56,2751.5,2726.6,2738.3,59108.5,161901562.3823
1764612000000,2738.3,2758.15,2722.6,2748.15,87570.55,240149185.1674
1764615600000,2748.15,2751.84,2728.56,2739.1,49928.33,136858547.475
1764619200000,2739.1,2768.32,2738.42,2756.35,64333.31,177269881.5926
1764622800000,2756.35,2797.5,2754.37,2790.33,95570.78,265816119.5818
1764626400000,2790.33,2813.52,2789.21,2795.43,58521.01,163855357.4181
1764630000000,2795.43,2817.94,2794.72,2797.2,44323.25,124293115.4852
1764633600000,2797.2,2802.94,2779.33,2794.05,38737.25,108125030.0654
1764637200000,2794.05,2823.77,2791.15,2793.42,55086.9,154544856.5623
1764640800000,2793.42,2813.51,2783.37,2799.78,58893.21,165177568.1146
1764644400000,2799.78,2809.49,2783.67,2803.25,38169.71,106768137.4527
1764648000000,2803.25,2813.38,2802.35,2803.71,31744.03,89086517.3318
1764651600000,2803.71,2805.78,2795.8,2801.92,18765.8,52561949.5463
1764655200000,2801.92,2815.89,2796.23,2811.81,37383.05,104959520.8953
1764658800000,2811.81,2814.6,2801.44,2804.34,25266.51,70920208.633
1764662400000,2804.34,2805.74,2780.7,2796.84,44130.78,123233572.5692
1764666000000,2796.84,2810.66,2793.13,2796.56,29551.78,82789821.5234
1764669600000,2796.56,2833.96,2795.78,2822.11,56810.22,159974516.8394
1764673200000,2822.11,2829.6,2815.01,2824.81,34940.19,98653296.1269
1764676800000,2824.81,2831.04,2815.3,2826.52,26872.75,75877044.9282
1764680400000,2826.52,2847,2820.51,2843.31,73236.96,207796040.1464
1764684000000,2843.31,2909.47,2839.15,2893.88,242308.57,696388096.3709
1764687600000,2893.88,3023.8,2892.23,3004.99,364597.56,1081205678.9495
1764691200000,3004.99,3023.92,2985.37,2993.91,183052.84,549657611.8138
1764694800000,2993.91,3033,2992.35,3014.36,85460.12,257651923.0058
1764698400000,3014.36,3032.99,3006,3012.15,74237.75,224250081.4257
1764702000000,3012.15,3028.3,3011.54,3014.65,40883.19,123424359.429
1764705600000,3014.65,3016.03,2971.61,2978.26,102889.77,307709340.9383
1764709200000,2978.26,2996.58,2975.71,2993.46,35426.06,105803841.819
1764712800000,2993.46,3021.17,2993.27,3016.19,51121.5,153826619.9183
1764716400000,3016.19,3017.31,2990.46,2994.84,37471.48,112546980.6544
1764720000000,2994.84,3007.66,2983.27,3001.98,34518.51,103394818.0616
1764723600000,3001.98,3026.47,2997.42,3014.02,45506.36,137093100.8983
1764727200000,3014.02,3047.68,3012.25,3029.41,91170.16,276556608.716
1764730800000,3029.41,3036.91,3019.51,3028.95,34464.39,104392388.4926
1764734400000,3028.95,3058,3027.54,3054.89,59778.3,182269758.4374
1764738000000,3054.89,3069.45,3045.76,3056.97,69125.99,211293503.3548
1764741600000,3056.97,3084.37,3053.19,3065.31,79993.41,245561187.6844
1764745200000,3065.31,3067.15,3050.54,3056.67,48630.09,148712970.5449
1764748800000,3056.67,3060.1,3042.73,3050,36298.33,110734385.0025
1764752400000,3050,3062.53,3044.08,3059.37,33928.32,103608231.1384
1764756000000,3059.37,3078.05,3048.14,3054.72,58831.21,180133026.0221
1764759600000,3054.72,3076.22,3048.78,3072.08,48124.04,147453655.199
1764763200000,3072.08,3083.78,3065.63,3080.69,47078.61,144774028.6985
1764766800000,3080.69,3093.99,3076.03,3089,56856.57,175533189.2626
1764770400000,3089,3144.74,3028,3074.64,357689.12,1102452364.1727
1764774000000,3074.64,3108.75,3054,3085,118594.47,365189008.3324
1764777600000,3085,3106.55,3062.8,3086.78,61231.23,188976272.3286
1764781200000,3086.78,3133,3085.58,3126.97,96425.78,300179930.7764
1764784800000,3126.97,3141.58,3102.14,3113.91,80961.34,252964796.8487
1764788400000,3113.91,3132.24,3110.01,3127.14,28461.58,88763000.8546
1764792000000,3127.14,3163.08,3115.47,3137.09,86502.23,271553139.4461
1764795600000,3137.09,3168.9,3127,3162.9,81766.11,257609992.2792
1764799200000,3162.9,3197,3140.91,3187.95,134245.76,425560006.8479
1764802800000,3187.95,3216.01,3177,3186.56,65284.48,208462837.095
1764806400000,3186.56,3206.16,3172.49,3196.56,76410.95,243724744.2052
1764810000000,3196.56,3239.53,3193.2,3201.37,101976.4,327801296.2772
1764813600000,3201.37,3224.64,3197,3220.46,40621.58,130474300.666
1764817200000,3220.46,3227.28,3203.59,3208.19,37784.96,121373943.1872
1764820800000,3208.19,3218.52,3185.29,3190.49,57761.58,184770287.2224
1764824400000,3190.49,3193.32,3167.88,3183.44,52064.54,165677732.4276
1764828000000,3183.44,3217.93,3178.74,3203.32,85044.41,272336878.2318
1764831600000,3203.32,3203.32,3180,3188.98,52956.31,169086808.2683
1764835200000,3188.98,3195.94,3173.11,3182.48,42497.55,135235409.9072
1764838800000,3182.48,3207.11,3181,3198.52,31657.73,101192967.4092
1764842400000,3198.52,3202.71,3183,3186.9,22584.52,72105027.2663
1764846000000,3186.9,3193.47,3175.73,3185,28942.1,92159919.408
1764849600000,3185,3192,3171,3174.9,30378.25,96621992.8079
1764853200000,3174.9,3189.03,3155.63,3169.05,90250.5,286094563.5867
1764856800000,3169.05,3187.19,3137.48,3142.74,104215.18,329660132.6813
1764860400000,3142.74,3224.63,3142.26,3206.58,143375.93,456902415.4931
1764864000000,3206.58,3224.15,3156.89,3167.04,132193.48,421309505.4933
1764867600000,3167.04,3174.59,3132.39,3159.19,97872.11,308673189.8477
1764871200000,3159.19,3164.49,3131.63,3139.39,76594.46,241100776.2306
1764874800000,3139.39,3140.77,3064.22,3117.61,206212.56,639374494.9304
1764878400000,3117.61,3144.46,3103.74,3139.74,115030.58,359365086.6261
1764882000000,3139.74,3150.89,3116.67,3121.59,67283.84,210900861.2648
1764885600000,3121.59,3148.93,3121.54,3142.15,36489.77,114455441.2818
1764889200000,3142.15,3142.89,3126.72,3131.9,25957.49,81378637.5852
1764892800000,3131.9,3156.94,3130.87,3145.12,35439.1,111432483.7741
1764896400000,3145.12,3169.48,3142,3161.76,31379.59,99150287.8422
1764900000000,3161.76,3187.55,3153.64,3181.79,47855.94,151909673.2017
1764903600000,3181.79,3191.63,3163.67,3169.17,39367.69,125001369.9176
1764907200000,3169.17,3180.91,3150,3166.74,56979.09,180227758.5923
1764910800000,3166.74,3172.65,3151,3154.63,29489.99,93183724.1808
1764914400000,3154.63,3175.01,3154.4,3167.24,29462.73,93239245.9105
1764918000000,3167.24,3181.2,3164.77,3172.46,35082.83,111379003.4287
1764921600000,3172.46,3172.46,3140.12,3153.78,49576.49,156416679.8124
1764925200000,3153.78,3153.92,3105.98,3120.15,108954.52,340278052.0839
1764928800000,3120.15,3147.37,3118.36,3133.61,64183.93,201173485.9509
1764932400000,3133.61,3142.59,3108.13,3130.25,56186.72,175648604.2661
1764936000000,3130.25,3133.89,3116.01,3126.59,31749.37,99206232.1557
1764939600000,3126.59,3136.86,3085.11,3097.66,119402.11,370706048.6138
1764943200000,3097.66,3115.36,3080.34,3102.1,104130.91,322863657.6295
1764946800000,3102.1,3157.45,3092.01,3104.39,195118.01,610352413.5778
1764950400000,3104.39,3107.1,2997.29,3031.11,326982.72,996031388.7196
1764954000000,3031.11,3038.45,3004.21,3031.67,113975.11,344252299.484
1764957600000,3031.67,3061.83,3001.59,3005.29,124323.8,377044963.3251
1764961200000,3005.29,3046.01,2980.01,3036.79,125431.77,377799821.5955
1764964800000,3036.79,3047.88,3013.83,3020.84,48546.56,147203429.4328
1764968400000,3020.84,3035.78,3011.76,3018.79,32143.29,97225657.9474
1764972000000,3018.79,3031.05,3008.07,3025.59,23944.01,72325216.9929
1764975600000,3025.59,3026,3004.59,3020.32,25367.65,76505251.5941
1764979200000,3020.32,3027.79,3010.61,3024.21,17865.1,53939415.3574
1764982800000,3024.21,3032.15,3017.23,3025.35,13874,41968445.3622
1764986400000,3025.35,3028.77,3016.39,3027.75,13283.39,40142132.3044
1764990000000,3027.75,3044.91,3026.32,3038.89,25501.44,77470099.9964
1764993600000,3038.89,3041.5,3028.1,3034.98,14033.26,42578107.3708
1764997200000,3034.98,3039.01,3030.55,3035.66,9345.78,28370673.84
1765000800000,3035.66,3040.43,3031.82,3038.16,7843.52,23817343.3376
1765004400000,3038.16,3039.77,3020.56,3024.55,31430.06,95234325.6199
1765008000000,3024.55,3034.18,3011.22,3012.46,35368.07,106768264.6658
1765011600000,3012.46,3031.46,3011.6,3028.32,24781.03,74948155.1102
1765015200000,3028.32,3036.77,3023.4,3029.08,14537.44,44051959.7447
1765018800000,3029.08,3040.66,3026.67,3037.16,16572.98,50308832.6514
1765022400000,3037.16,3039.34,3028,3029.7,17109.69,51909102.6139
1765026000000,3029.7,3041.4,3028,3034.52,17133.8,52013331.5074
1765029600000,3034.52,3068.72,3032.12,3053.63,81507.15,248672048.2135
1765033200000,3053.63,3054.5,3023.58,3040.18,58217.52,176826177.1955
1765036800000,3040.18,3065,3038.73,3050.77,37128.82,113391315.4379
1765040400000,3050.77,3058.99,3045.1,3054.07,17482.82,53351832.4663
1765044000000,3054.07,3054.92,3036.49,3040.59,29008.22,88360677.5605
1765047600000,3040.59,3046.61,3023.62,3028.8,41738.37,126568646.492
1765051200000,3028.8,3039.67,3028.27,3038.19,16544.25,50217349.5083
1765054800000,3038.19,3043.58,3034.57,3041.13,16797.51,51053797.8232
1765058400000,3041.13,3053.44,3035.69,3040.58,19249,58621066.6412
1765062000000,3040.58,3042.08,3024.87,3036.68,23297.8,70652265.23
1765065600000,3036.68,3048.01,3030.67,3043.49,15317.97,46559194.3319
1765069200000,3043.49,3051.42,3039.73,3041.38,17056.48,51945837.0735
1765072800000,3041.38,3056.26,3040.94,3052.47,16200.73,49381842.105
1765076400000,3052.47,3055.55,3046.02,3052.79,11900.59,36305614.9846
1765080000000,3052.79,3056.99,3041.5,3044.92,14273.54,43502854.9768
1765083600000,3044.92,3048.41,3042.3,3043.11,6979.53,21250703.7699
1765087200000,3043.11,3047.59,3041.86,3046.68,9298.16,28306965.5379
1765090800000,3046.68,3050,3029.09,3035.8,24952.19,75758142.0159
1765094400000,3035.8,3042.27,3025.53,3032.86,26395.01,80041093.684
1765098000000,3032.86,3038.1,3023,3029.1,29145.46,88271099.3595
1765101600000,3029.1,3042.59,3028.24,3036.82,20206.96,61351358.6152
1765105200000,3036.82,3040.7,3033.32,3034.53,8349.6,25359063.0756
1765108800000,3034.53,3049.97,3033.25,3047.53,19245.22,58573433.6553
1765112400000,3047.53,3052.49,3025.27,3030.43,56489.89,171505626.1363
1765116000000,3030.43,3033.93,2909,2941.16,260488.13,771907307.9238
1765119600000,2941.16,3037.34,2938,3025.89,198396.9,591834320.2362
1765123200000,3025.89,3039.18,2997.92,3038.58,101390.19,305609778.6247
1765126800000,3038.58,3133.59,3023.08,3111.67,229813.63,709661182.1282
1765130400000,3111.67,3148.98,3111.67,3127.93,102827.06,322130102.4272
1765134000000,3127.93,3142.11,3120.57,3136.66,54434.17,170379358.6433
1765137600000,3136.66,3146.17,3131,3139.62,22455.76,70490798.8055
1765141200000,3139.62,3139.62,3066.36,3083.75,117245.95,363935160.2842
1765144800000,3083.75,3085.2,3011.2,3031.72,155992.84,474895897.462
1765148400000,3031.72,3063.42,3023.1,3058.08,53987.15,164234103.0298
1765152000000,3058.08,3075.3,3038.77,3061.4,45559.47,139329110.6956
1765155600000,3061.4,3133.66,3060.6,3096.86,97067.6,300927663.5665
1765159200000,3096.86,3114.24,3090.25,3108.26,34172.01,105965547.1906
1765162800000,3108.26,3119.62,3099.99,3109.38,30356.56,94377554.8367
1765166400000,3109.38,3136.63,3107,3127.77,42089.89,131440527.8765
1765170000000,3127.77,3139.47,3120.35,3129.13,39917.71,124936553.8808
1765173600000,3129.13,3139.12,3120.59,3129.43,35475.73,110992853.9411
1765177200000,3129.43,3137.09,3121.32,3132.62,45777.33,143314054.4789
1765180800000,3132.62,3146.4,3123.45,3142.71,33599.13,105334062.6203
1765184400000,3142.71,3179.84,3139.74,3157.27,89823.81,283987675.5249
1765188000000,3157.27,3163.76,3150.6,3159.06,25254.2,79718064.2543
1765191600000,3159.06,3162.86,3133.64,3141,50258.65,158113475.3558
1765195200000,3141,3142.23,3120.32,3130.16,59203.82,185443489.1392
1765198800000,3130.16,3159.69,3127.86,3144.31,84137.94,264463061.1341
1765202400000,3144.31,3177.65,3123.78,3126.78,188676.39,594157134.5779
1765206000000,3126.78,3138.27,3086,3099.49,234718.56,729522926.53
1765209600000,3099.49,3131.37,3090.15,3106.18,110867.56,344862746.5017
1765213200000,3106.18,3127.86,3096.77,3119.23,94931.09,295115726.7629
1765216800000,3119.23,3131.92,3071.68,3090.72,100473.71,311940781.7498
1765220400000,3090.72,3127.49,3088.5,3117.25,62700.19,194972930.997
1765224000000,3117.25,3144.99,3117.04,3134.63,57390.87,179625116.8542
1765227600000,3134.63,3152.75,3125.07,3145,50337.55,158033089.5578
1765231200000,3145,3146.4,3118.54,3128.71,23811.43,74589002.1364
1765234800000,3128.71,3135.94,3111.67,3123.28,19267.08,60167927.2081
1765238400000,3123.28,3142.56,3112.16,3118.45,33745.05,105435954.242
1765242000000,3118.45,3122.97,3096.13,3105.31,51560.1,160294005.3898
1765245600000,3105.31,3114.71,3096.14,3097.13,30566.27,94926526.1469
1765249200000,3097.13,3128.59,3088.63,3128.38,59881.27,186024018.434
1765252800000,3128.38,3130.76,3101.9,3105.33,55307.75,172207124.517
1765256400000,3105.33,3117.58,3094,3106.74,50529.72,156912480.4531
1765260000000,3106.74,3114.91,3095,3111.59,36097.96,112041077.6
1765263600000,3111.59,3125.28,3108,3121.34,39754.57,123941018.3636
1765267200000,3121.34,3129.76,3113.53,3119.54,32251.84,100688352.0521
1765270800000,3119.54,3123.07,3102,3103.95,34635.98,107765537.734
1765274400000,3103.95,3112.99,3090.29,3106.22,46328.14,143740042.2677
1765278000000,3106.22,3119.07,3098.23,3116.68,39461.81,122679063.7419
1765281600000,3116.68,3140,3113.11,3136.11,61982.06,193928463.0744
1765285200000,3136.11,3139.18,3107.54,3116.01,79732.72,249009265.9854
1765288800000,3116.01,3127.54,3096.02,3116,70226.47,218440935.9892
1765292400000,3116,3256.18,3113.67,3244.2,400976.26,1277840278.752
1765296000000,3244.2,3376.88,3244.19,3364.15,406645.2,1344044110.4087
1765299600000,3364.15,3397.8,3354.37,3373.79,203770.18,687818279.8112
1765303200000,3373.79,3386.81,3359,3374.49,64875.72,218921568.5924
1765306800000,3374.49,3376.7,3342.54,3356.31,56112.51,188602838.2267
1765310400000,3356.31,3359.74,3303.6,3325.33,120974.1,402580481.2577
1765314000000,3325.33,3333.93,3282.18,3299.83,80270.47,265551925.7865
1765317600000,3299.83,3342.29,3295.64,3326.75,61701.79,204852021.1308
1765321200000,3326.75,3333.78,3314.77,3316.08,26149.59,86903411.9612
1765324800000,3316.08,3326.45,3304.1,3304.28,37538.25,124386759.8645
1765328400000,3304.28,3313.76,3286,3301.21,37539.34,123833880.2573
1765332000000,3301.21,3310.97,3290.25,3309.47,30500.82,100719057.0294
1765335600000,3309.47,3314.71,3303.64,3307.68,17069.35,56490175.8384
1765339200000,3307.68,3325.68,3304.51,3321.01,29192.98,96796814.3045
1765342800000,3321.01,3334.58,3312.1,3321.2,27027.81,89816645.2962
1765346400000,3321.2,3326.77,3313.38,3323.94,12747.31,42324734.6924
1765350000000,3323.94,3326.37,3309.54,3326,22189.29,73632881.3246
1765353600000,3326,3332.95,3320.75,3320.75,23471.45,78095855.1048
1765357200000,3320.75,3347.49,3313.26,3346,43446.46,144671394.043
1765360800000,3346,3376.74,3308.01,3310.36,108026.03,360459377.8075
1765364400000,3310.36,3318.9,3295.17,3316.47,54742.26,181155194.2383
1765368000000,3316.47,3325.98,3306,3322.94,35174.64,116640176.4713
1765371600000,3322.94,3338.26,3317.55,3332.97,44215.1,147185665.0177
1765375200000,3332.97,3337.67,3301.4,3317.84,55184.07,183157842.5665
1765378800000,3317.84,3336.43,3304.54,3326.7,54680.88,181665392.8927
1765382400000,3326.7,3368.68,3319.09,3349.99,95414.31,319394433.1565
1765386000000,3349.99,3385,3344.66,3369.15,78015.9,262670229.9045
1765389600000,3369.15,3428,3357.61,3380.01,182906.23,620163356.2581
1765393200000,3380.01,3434,3344.29,3389.14,333069.56,1126938006.4592
1765396800000,3389.14,3447.53,3343.56,3353.99,228078.16,774687974.5748
1765400400000,3353.99,3368,3326.39,3338.21,127163.28,425620344.4336
1765404000000,3338.21,3354.94,3314.6,3344.68,72067.23,240314137.5425
1765407600000,3344.68,3350.8,3317.23,3322.04,39885.75,132916562.6159
1765411200000,3322.04,3325.77,3256.51,3277.95,126488.73,415733997.6171
1765414800000,3277.95,3278.71,3241.67,3253.08,102751.42,334903747.8916
1765418400000,3253.08,3254.55,3204.28,3209.43,109472.42,352817693.1777
1765422000000,3209.43,3209.62,3164.51,3189.6,136116.9,433240328.8397
1765425600000,3189.6,3213.95,3178.63,3212.66,95700.8,305936396.3491
1765429200000,3212.66,3213.62,3192.26,3212.48,49133.48,157381163.7538
1765432800000,3212.48,3212.64,3192.16,3200.78,43099,137989727.9002
1765436400000,3200.78,3204.72,3194.16,3199.36,21748.87,69584366.9524
1765440000000,3199.36,3199.8,3176.16,3195.59,49899.72,159092646.4196
1765443600000,3195.59,3211.73,3191.36,3196.93,51639.07,165375847.9965
1765447200000,3196.93,3201.12,3186.4,3194.5,30407.8,97122702.604
1765450800000,3194.5,3201.48,3190.01,3190.86,18520.56,59163598.6645
1765454400000,3190.86,3205.81,3185.11,3197.33,53258.08,170279255.8151
1765458000000,3197.33,3202.37,3186.29,3190.11,37465.32,119684913.0488
1765461600000,3190.11,3194.89,3141.76,3157.72,205834.98,652540670.6673
1765465200000,3157.72,3210,3153.29,3177.79,201202.39,639921654.3546
1765468800000,3177.79,3196.51,3153.42,3174.01,92972.5,294912756.9482
1765472400000,3174.01,3203.51,3166.7,3179.81,69802.69,222392005.4081
1765476000000,3179.81,3233.07,3177.5,3202.18,133964.19,429491577.6608
1765479600000,3202.18,3227.53,3187.55,3192.8,82300.53,263802603.9784
1765483200000,3192.8,3225.47,3190.95,3220.44,53140.64,170617446.3322
1765486800000,3220.44,3271.4,3212.78,3247.41,160361.57,520914098.0709
1765490400000,3247.41,3264.49,3227.27,3236.76,57517.73,186491813.1722
1765494000000,3236.76,3244.2,3221.34,3235.85,28030.02,90617568.5133
1765497600000,3235.85,3246.23,3182.21,3187.72,66886.4,215180372.6925
1765501200000,3187.72,3245.36,3187.72,3232.89,73553.58,237012814.4182
1765504800000,3232.89,3265.33,3225.65,3257.14,50597.68,164376175.0178
1765508400000,3257.14,3262.9,3236.64,3243.82,41948.77,136199977.947
1765512000000,3243.82,3249.99,3238.45,3246.08,18780.25,60928380.6752
1765515600000,3246.08,3251.32,3230.37,3246.3,28031.43,90862557.9028
1765519200000,3246.3,3263.84,3244.34,3252.87,39136.97,127440075.6464
1765522800000,3252.87,3256.8,3241.09,3244.88,24241.99,78740579.2038
1765526400000,3244.88,3249.22,3232.41,3243.47,32395.58,104986607.9809
1765530000000,3243.47,3253.83,3231.29,3250,27930.04,90593076.0488
1765533600000,3250,3254.6,3238.59,3242.67,18653.61,60561464.82
1765537200000,3242.67,3244.44,3223.74,3240.89,38945.2,125919288.728
1765540800000,3240.89,3249.28,3231.71,3246.14,36121.78,117024266.4067
1765544400000,3246.14,3250,3236.37,3241.05,23197.83,75231663.1678
1765548000000,3241.05,3246.56,3212.97,3229.69,95382.06,308079769.0443
1765551600000,3229.69,3230.49,3055,3070.01,483672.53,1513728460.3227
1765555200000,3070.01,3087.77,3042.13,3068,277399.05,850502831.5781
1765558800000,3068,3099.5,3060.23,3064.67,112724.14,347022128.182
1765562400000,3064.67,3096.76,3062.82,3077.57,80192.26,247211025.4698
1765566000000,3077.57,3080.27,3060.58,3071.69,44837.52,137660648.9073
1765569600000,3071.69,3085.32,3065.74,3080.1,35792.32,110069648.5425
1765573200000,3080.1,3088.82,3074.47,3079.44,26535.35,81812501.9599
1765576800000,3079.44,3092.32,3078.03,3091.71,21983.01,67839326.5322
1765580400000,3091.71,3094.96,3081.05,3083.26,13190.33,40733109.7086
1765584000000,3083.26,3093.52,3080,3084.61,12325.1,38046933.0385
1765587600000,3084.61,3089.26,3076.48,3083.04,18087.24,55745947.5928
1765591200000,3083.04,3087.88,3080.85,3083.2,11977.08,36944781.5348
1765594800000,3083.2,3091.96,3082.63,3088.78,17548.32,54209445.1242
1765598400000,3088.78,3091.17,3084.47,3088.27,9441.51,29158263.5003
1765602000000,3088.27,3090.63,3082.57,3087.94,12338.04,38072075.3643
1765605600000,3087.94,3095,3082.7,3092.44,20483.17,63308184.0291
1765609200000,3092.44,3093.98,3088.4,3092.88,16292.45,50374466.224
1765612800000,3092.88,3131.63,3090.8,3114.84,91196.89,283987543.6802
1765616400000,3114.84,3121.57,3109.54,3116.06,28991.55,90324187.6098
1765620000000,3116.06,3135,3115,3126,41124.81,128553403.503
1765623600000,3126,3127.68,3113.37,3118.05,24568.12,76686811.2579
1765627200000,3118.05,3126,3107.45,3113.6,28957.06,90175636.836
1765630800000,3113.6,3118.4,3092.41,3108.03,44773.93,138946533.8047
1765634400000,3108.03,3114.32,3094.04,3109.02,39885.77,123803607.9275
1765638000000,3109.02,3122.58,3103.36,3108.24,32815.81,102212840.8842
1765641600000,3108.24,3115.19,3098.85,3104.26,21033.78,65318347.7284
1765645200000,3104.26,3104.54,3094.7,3099.27,23364.15,72400373.6589
1765648800000,3099.27,3109.07,3097.41,3100.06,16014.97,49723812.0986
1765652400000,3100.06,3109.78,3099.01,3106.65,10269.35,31891534.8877
1765656000000,3106.65,3108.49,3100.63,3102.72,5602.51,17396628.9499
1765659600000,3102.72,3113.49,3077,3110.06,38369.78,118736868.6229
1765663200000,3110.06,3118.71,3100.24,3113.01,22162.9,68924100.8217
1765666800000,3113.01,3116.49,3108,3112.58,14446.53,44954908.4104
1765670400000,3112.58,3120.88,3101.93,3117.58,22104.08,68771468.1465
1765674000000,3117.58,3128.19,3113.05,3118.14,19938.05,62218817.2218
1765677600000,3118.14,3124.26,3114.34,3121.04,13546.25,42261212.1707
1765681200000,3121.04,3124.75,3115.23,3117.41,8520.33,26575713.2897
1765684800000,3117.41,3120.8,3104.32,3109.62,23107.49,71863257.3398
1765688400000,3109.62,3113.34,3102.34,3109.93,19908.45,61862481.3629
1765692000000,3109.93,3113.8,3103.87,3109.3,8257.94,25663749.8547
1765695600000,3109.3,3116.27,3106.98,3113.74,10248.63,31890550.4377
1765699200000,3113.74,3118.24,3107.08,3109.13,12715.17,39595087.2352
1765702800000,3109.13,3112.44,3105.25,3107.56,15989.23,49709621.8116
1765706400000,3107.56,3111.63,3091.63,3105.52,37621.33,116714836.4929
1765710000000,3105.52,3109.58,3045.85,3083.1,141319.11,434956298.4102
1765713600000,3083.1,3106.63,3067.86,3096.69,84581.18,261604818.5414
1765717200000,3096.69,3101.75,3075.52,3099.82,47852.13,147804414.5469
1765720800000,3099.82,3107,3072.45,3084.09,44915.05,138664791.6058
1765724400000,3084.09,3086.33,3067.64,3082.99,26471.92,81462707.2106
1765728000000,3082.99,3106.49,3075.72,3096.46,42198.48,130419691.5972
1765731600000,3096.46,3102.55,3072.04,3082.8,40467.07,124722959.7113
1765735200000,3082.8,3103.01,3078.22,3099.15,28274.33,87457652.917
1765738800000,3099.15,3099.57,3083.84,3091.43,21733.64,67163664.278
1765742400000,3091.43,3096,3060.42,3081,67097.59,206703566.5399
1765746000000,3081,3089.93,3074.76,3080.26,22352.78,68859363.7843
1765749600000,3080.26,3088,3052.16,3072.35,45326.9,138976574.1737
1765753200000,3072.35,3089.9,3023.04,3061.88,111966.39,341718357.4124
1765756800000,3061.88,3083.59,3055.02,3073.57,58119.91,178410744.3418
1765760400000,3073.57,3119.95,3064.8,3107.3,69809.43,216175678.9282
1765764000000,3107.3,3149.99,3105.67,3118.55,90369.93,282672765.1508
1765767600000,3118.55,3124.58,3105.54,3107.08,28992.22,90313195.1476
1765771200000,3107.08,3125.58,3102.37,3122.55,29275.09,91160256.0962
1765774800000,3122.55,3123.68,3113.39,3119,17169.83,53554402.2206
1765778400000,3119,3145,3114.04,3136.28,32530.12,101817420.563
1765782000000,3136.28,3141,3121.28,3127.61,27334.07,85508489.4428
1765785600000,3127.61,3143.66,3124.03,3138.67,32184.9,100956997.3161
1765789200000,3138.67,3160,3137.74,3152.1,43433.03,136763109.4269
1765792800000,3152.1,3176.62,3149.62,3158.5,54740.53,173093366.4387
1765796400000,3158.5,3161.46,3144.32,3155.95,32692.5,103086989.7563
1765800000000,3155.95,3158.17,3146.81,3154.39,28595.04,90111005.4287
1765803600000,3154.39,3155.84,3125.3,3130.5,66041.32,207196998.3116
1765807200000,3130.5,3145.83,3030,3046.71,205905.3,636239539.8852
1765810800000,3046.71,3059.92,2982.8,3009.02,362179.4,1092101584.2153
1765814400000,3009.02,3016.7,2965.46,2987.65,153254.37,458420067.1396
1765818000000,2987.65,2992.75,2930.52,2935.66,147661.78,436500498.3427
1765821600000,2935.66,2942.91,2893,2936.53,179917.33,525593309.2552
1765825200000,2936.53,2963.76,2926.18,2938.78,101230.85,298131344.8887
1765828800000,2938.78,2945.98,2914.65,2927.58,69837.02,204466945.0115
1765832400000,2927.58,2947.06,2917.31,2944.97,36519.23,107162410.8693
1765836000000,2944.97,2951.8,2934.03,2950.71,31897.83,93829653.0194
1765839600000,2950.71,2968.14,2947.99,2963.26,54512.29,161302074.0043
1765843200000,2963.26,2977.04,2938.17,2940.68,60940.1,180266777.5765
1765846800000,2940.68,2960.55,2932.28,2945.13,62193.02,183227617.916
1765850400000,2945.13,2965.33,2936.81,2943.78,49472.36,146023974.4987
1765854000000,2943.78,2949,2920.38,2935.19,66633.45,195441000.3675
1765857600000,2935.19,2938.51,2873.68,2916.8,135615.82,393815106.1469
1765861200000,2916.8,2926.64,2910.91,2921.61,44409.02,129643358.0787
1765864800000,2921.61,2949.94,2921.38,2944.14,39293.41,115430869.0579
1765868400000,2944.14,2946.91,2916.2,2922.16,47407.78,138812584.9872
1765872000000,2922.16,2939.26,2918.09,2929.28,37204.06,108930973.5379
1765875600000,2929.28,2934.3,2921.5,2925.22,25206.39,73774809.4079
1765879200000,2925.22,2963.54,2919.02,2946.6,60717.54,178855897.5485
1765882800000,2946.6,2962,2936.68,2956.7,44340.99,130825618.1553
1765886400000,2956.7,2962.89,2945.73,2950.09,31243.63,92254636.5817
1765890000000,2950.09,2982.9,2906.4,2908.79,155388.86,457068628.667
1765893600000,2908.79,2959.84,2884.15,2940.14,191725.04,560524307.0458
1765897200000,2940.14,2974.93,2913,2961.84,108518.42,319177576.5416
1765900800000,2961.84,2962.79,2923,2937.2,75073.91,220945047.1147
1765904400000,2937.2,2953.58,2914.76,2917.79,48082.8,141081768.275
1765908000000,2917.79,2966.88,2909.56,2950.63,70400.82,206927615.2387
1765911600000,2950.63,2956.71,2918.65,2943.95,67900.53,199288403.0351
1765915200000,2943.95,2962.43,2941.12,2945.73,44923.51,132637147.7481
1765918800000,2945.73,2956.89,2935.8,2949.76,35971.11,105989845.6284
1765922400000,2949.76,2959.96,2942.21,2952.86,17327.09,51147738.0055
1765926000000,2952.86,2964.76,2946.44,2960.71,20438.8,60419439.8293
1765929600000,2960.71,2960.86,2942.59,2948.25,28643.37,84514915.5315
1765933200000,2948.25,2973.43,2947.25,2953.07,45324.85,134117233.8827
1765936800000,2953.07,2964,2936.66,2958.4,33457.36,98692686.7327
1765940400000,2958.4,2961,2941.32,2946.5,21254.2,62732599.8065
1765944000000,2946.5,2950.21,2925.12,2931,45321.39,133032803.443
1765947600000,2931,2937.17,2912.19,2929.08,76633.6,224068972.954
1765951200000,2929.08,2943.43,2928.58,2935.19,29041.71,85310409.3211
1765954800000,2935.19,2953.37,2930.3,2946.74,35632.09,104923689.7032
1765958400000,2946.74,2946.74,2920.85,2924.28,34773.81,101872098.638
1765962000000,2924.28,2931.94,2916.54,2921.76,37421.54,109429036.6678
1765965600000,2921.76,2926.71,2905.68,2918.81,42038.68,122643128.7124
1765969200000,2918.81,2932.72,2915.9,2927.34,25148.18,73611080.1304
1765972800000,2927.34,2935.05,2917.46,2923.89,38979.01,114080274.6487
1765976400000,2923.89,2953.66,2916.62,2943.4,67957.42,199495062.3451
1765980000000,2943.4,2996.17,2883,2994.32,282069.5,828762898.1541
1765983600000,2994.32,3029.5,2892.37,2902.91,419850.91,1246932083.3007
1765987200000,2902.91,2924.87,2831.83,2862.53,312357.5,895248097.5838
1765990800000,2862.53,2877,2840.19,2845.74,110991.92,317212008.6461
1765994400000,2845.74,2860.71,2803.01,2812.15,118108.42,334046745.0491
1765998000000,2812.15,2820.04,2788.4,2818.53,147808.56,414301779.4415
1766001600000,2818.53,2832.71,2801.93,2821.43,68248.48,192422459.9837
1766005200000,2821.43,2829.84,2809.66,2818.46,20649.19,58212449.3543
1766008800000,2818.46,2836.71,2811.09,2833.64,32298.45,91289203.2133
1766012400000,2833.64,2835.16,2816.22,2832.48,40957.04,115779234.1587
1766016000000,2832.48,2837.96,2824.84,2834.79,25527.12,72276854.1838
1766019600000,2834.79,2835.09,2819.23,2826.1,24393.58,68941822.5116
1766023200000,2826.1,2846.5,2820.31,2836.03,38879.24,110279674.3302
1766026800000,2836.03,2837.08,2821.04,2830.44,28036.19,79287184.6127
1766030400000,2830.44,2841.75,2830,2836.65,23318.36,66140787.7852
1766034000000,2836.65,2836.89,2821.02,2823.83,23565.47,66634427.2004
1766037600000,2823.83,2831.73,2821.69,2829.91,16255.47,45958666.9823
1766041200000,2829.91,2838.29,2827,2835.04,33960.58,96278947.1013
1766044800000,2835.04,2852.17,2830.21,2840.7,37783.91,107447127.5392
1766048400000,2840.7,2856.8,2833.45,2851.51,33581.84,95616471.3727
1766052000000,2851.51,2863.55,2848.71,2858.4,29753.1,84987022.1239
1766055600000,2858.4,2858.85,2849,2857.73,27329.76,77998563.4205
1766059200000,2857.73,2873.99,2853.02,2870.26,45458.22,130242621.8388
1766062800000,2870.26,2978.55,2870,2962.59,354856.94,1037800851.8267
1766066400000,2962.59,2990,2922.12,2948.81,297971.27,881057061.968
1766070000000,2948.81,2997.54,2930.68,2963.39,192313.28,570310648.2325
1766073600000,2963.39,2966.1,2927.57,2942.21,84695.21,249484899.967
1766077200000,2942.21,2943.23,2795.44,2844.07,371111.83,1055353968.1913
1766080800000,2844.07,2866,2817,2825.74,89671.36,254801124.9672
1766084400000,2825.74,2831.8,2773.21,2780.01,133615.1,374373120.7485
1766088000000,2780.01,2812.88,2777.47,2779.37,89161.44,249104190.1255
1766091600000,2779.37,2830,2778.88,2827.86,97647.77,274566887.3132
1766095200000,2827.86,2836.72,2813.88,2828.22,46353.15,131040619.2734
1766098800000,2828.22,2832.67,2821.99,2827.01,33958.94,96036603.0466
1766102400000,2827.01,2840.52,2812.74,2829.37,40850.87,115440394.0802
1766106000000,2829.37,2832.2,2807.1,2819.33,25744.86,72621341.7865
1766109600000,2819.33,2839.32,2810.79,2834.06,45298.18,128033756.673
1766113200000,2834.06,2933.61,2832.92,2907.22,254476.75,735911574.0163
1766116800000,2907.22,2932.53,2905.27,2920.01,75387.31,220248111.2477
1766120400000,2920.01,2928.08,2908.22,2921.28,46156.26,134675094.1313
1766124000000,2921.28,2949.41,2914.27,2946.26,48712.35,142781098.6314
1766127600000,2946.26,2983.31,2944.12,2950.66,118445.09,350513023.0621
1766131200000,2950.66,2963.35,2936.28,2949.46,58405.28,172343422.6777
1766134800000,2949.46,2959.36,2943.93,2953.84,42789.97,126285089.4716
1766138400000,2953.84,2964,2946.89,2952.94,32324.41,95482063.6506
1766142000000,2952.94,2970,2948.5,2963.98,40452.06,119780425.5736
1766145600000,2963.98,2967.14,2944.32,2954.53,59155.7,174827752.3574
1766149200000,2954.53,2967.56,2952.1,2960.26,34919.61,103363082.4832
1766152800000,2960.26,2994.28,2941.59,2975.51,194529.15,577482414.0889
1766156400000,2975.51,3019,2953.14,2963.4,222358.41,662700788.3934
1766160000000,2963.4,3007.81,2958.45,2965.5,122504,365303374.5411
1766163600000,2965.5,2992.18,2932.75,2938.33,143040.35,423700766.5757
1766167200000,2938.33,2976.87,2935.01,2965.06,80131.87,236887330.2041
1766170800000,2965.06,2996.59,2964.96,2983.46,53766.04,160362052.1942
1766174400000,2983.46,3002.38,2975.61,2994.5,52719.57,157605638.598
1766178000000,2994.5,2994.75,2970.28,2976.29,28650.53,85412474.6538
1766181600000,2976.29,2992.28,2975.75,2986.24,27796.2,82999749.7701
1766185200000,2986.24,2986.95,2976.13,2977.77,14496.42,43222374.2678
1766188800000,2977.77,2979.63,2968.9,2972.71,23402.05,69603661.0238
1766192400000,2972.71,2981.8,2971.52,2975.25,11304.68,33647478.8885
1766196000000,2975.25,2988.72,2972.39,2981.28,11575.2,34499362.7976
1766199600000,2981.28,2992.83,2980.61,2987.95,15778.46,47150132.7406
1766203200000,2987.95,2989.92,2978.12,2983.1,20787.61,61996389.6791
1766206800000,2983.1,2988.3,2978.65,2979.38,11524.67,34386216.1912
1766210400000,2979.38,2984.64,2977.34,2979.29,8509.31,25368497.9205
1766214000000,2979.29,2984.05,2973.81,2980.52,13474.78,40140296.3416
1766217600000,2980.52,2988.86,2979.86,2981.7,14761.48,44052740.4757
1766221200000,2981.7,2985.75,2980.73,2981.82,9663.75,28831214.4784
1766224800000,2981.82,2982.05,2972.65,2977.7,16731,49804831.11
1766228400000,2977.7,2989.02,2974.66,2985.72,17589.9,52462849.4929
1766232000000,2985.72,2993.42,2984.62,2987.52,18059.39,53981867.1764
1766235600000,2987.52,2990.45,2964.35,2978.3,48680.8,144798418.6311
1766239200000,2978.3,2979.62,2967.62,2978.7,15989.86,47556849.125
1766242800000,2978.7,2978.91,2965.75,2975.54,21356.16,63470542.8742
1766246400000,2975.54,2978.71,2972.08,2977.03,11670.26,34723150.3415
1766250000000,2977.03,2979.86,2972.73,2976.46,11839.62,35244849.1617
1766253600000,2976.46,2979.04,2972.15,2976.68,8326.73,24775273.2184
1766257200000,2976.68,2979.43,2972.75,2976.28,5211.05,15511699.7088
1766260800000,2976.28,2984.75,2975.4,2982.76,9344.95,27853610.2049
1766264400000,2982.76,2984.63,2977.25,2977.26,11626.73,34665233.3684
1766268000000,2977.26,2978.99,2972.18,2975.66,14496.57,43122211.3644
1766271600000,2975.66,2977.5,2970.77,2976.31,5838.2,17366128.3189
1766275200000,2976.31,2980.05,2973.91,2978.41,8040.81,23940223.0959
1766278800000,2978.41,2978.41,2961.39,2966.35,23414.45,69480297.6013
1766282400000,2966.35,2973.58,2959.39,2964.73,29742.06,88184589.5253
1766286000000,2964.73,2975.07,2963.48,2971.4,12211.12,36276225.1588
1766289600000,2971.4,2977.5,2970.36,2973.71,8841.01,26300799.7658
1766293200000,2973.71,2977.17,2971.55,2972.02,6451.09,19183363.6128
1766296800000,2972.02,2976.37,2971.52,2974.5,5463.63,16249283.1143
1766300400000,2974.5,2981.57,2973.8,2979.59,9925.13,29552460.4733
1766304000000,2979.59,2998.88,2975.69,2990.53,42879.33,128147238.8682
1766307600000,2990.53,3012.43,2983.35,3001.8,69496.96,208430152.3776
1766311200000,3001.8,3006.9,2990.86,2995.47,50800.87,152409312.5879
1766314800000,2995.47,2999.96,2991.45,2995.24,17404.11,52126117.4386
1766318400000,2995.24,3003.74,2980.01,2988.64,35558.32,106346165.9718
1766322000000,2988.64,2990.87,2939.8,2948.48,179810.69,532092881.4485
1766325600000,2948.48,2975.78,2944.79,2969.32,78254,231803998.6383
1766329200000,2969.32,2979.53,2960.5,2973,33301.65,98886974.4942
1766332800000,2973,2986.43,2967.17,2984.72,28565.8,85049169.0517
1766336400000,2984.72,2987.57,2975.36,2982.36,17999.42,53672047.169
1766340000000,2982.36,2987,2966,2986.99,36605.02,108944899.1772
1766343600000,2986.99,2995.99,2976.09,2989.67,33286.02,99454405.1625
1766347200000,2989.67,2992.94,2984,2985.57,14807.17,44263949.6845
1766350800000,2985.57,2989.59,2969.42,2972.32,19224.2,57250989.8871
1766354400000,2972.32,2995.33,2969.87,2995.33,20953.67,62553594.0567
1766358000000,2995.33,3011.59,2991.01,3001.01,42286.34,126950199.75
1766361600000,3001.01,3060,3001,3021,139747.15,423595421.1771
1766365200000,3021,3046.8,3016.98,3016.98,58090.23,176036679.0174
1766368800000,3016.98,3018.36,2969.29,3008.34,108108.89,323601705.0116
1766372400000,3008.34,3032.03,3000.28,3020.29,34522.99,104241490.0219
1766376000000,3020.29,3042.49,3018.43,3039.05,35033.89,106237960.9356
1766379600000,3039.05,3040.37,3024,3027.05,24172.28,73279219.6711
1766383200000,3027.05,3032.7,3020.82,3023.51,17803.65,53873329.8639
1766386800000,3023.51,3034.7,3022,3028.51,17566.5,53222826.476
1766390400000,3028.51,3055.29,3023.11,3026.14,75474.19,229433187.8733
1766394000000,3026.14,3041.6,3024.12,3040.06,28833.32,87493908.9791
1766397600000,3040.06,3044.13,3030.21,3039.14,38011.67,115472631.9048
1766401200000,3039.14,3056.86,3035.12,3047.68,40793.01,124289543.7727
1766404800000,3047.68,3076.53,3041.61,3056.85,60606.21,185363914.8374
1766408400000,3056.85,3063.74,3045.28,3055.32,43576.71,133095599.3984
1766412000000,3055.32,3073.61,3027.3,3060.51,124418.45,379576838.0163
1766415600000,3060.51,3072.15,3018.44,3051.3,133451.67,405723602.682
1766419200000,3051.3,3058.27,3036.59,3041.54,36959.92,112636883.9438
1766422800000,3041.54,3042.74,3021.89,3031.34,38421.47,116445709.8959
1766426400000,3031.34,3039.98,3006.4,3014.17,49613.44,149904751.6602
1766430000000,3014.17,3014.17,2972.56,2978.76,115528,345674109.3095
1766433600000,2978.76,2985.23,2960.15,2974.39,84564.66,251555856.0137
1766437200000,2974.39,2996.5,2974.03,2986.9,44516.57,132974833.8522
1766440800000,2986.9,3014.89,2980.52,3010.1,35032.31,104995843.8753
1766444400000,3010.1,3011.28,2999.83,3007.89,26162.71,78629607.9181
1766448000000,3007.89,3033.83,3003.43,3026.39,48557.05,146621363.1305
1766451600000,3026.39,3031.14,3015,3016.88,20673.67,62466573.0468
1766455200000,3016.88,3024.07,2985.56,2989.83,69163.83,207696384.5461
1766458800000,2989.83,2997,2969.42,2990.09,46340.59,138361139.8449
1766462400000,2990.09,2998.6,2981.69,2982.18,24745.28,73948338.5908
1766466000000,2982.18,2984.48,2964.35,2973.71,42843.26,127392940.2323
1766469600000,2973.71,2976.95,2944.44,2958.21,74368.67,219851143.4192
1766473200000,2958.21,2968.39,2953.76,2962.94,35582.29,105408945.6027
1766476800000,2962.94,2971.73,2958.05,2960.5,27927.72,82804638.717
1766480400000,2960.5,2965,2950.56,2962,26861.9,79485714.7718
1766484000000,2962,2970.47,2962,2965.64,16046.87,47594431.5364
1766487600000,2965.64,2973.98,2961.66,2972.05,22244.41,66046052.303
1766491200000,2972.05,2973.15,2952.82,2953.57,35647.49,105545828.7744
1766494800000,2953.57,2962.12,2928,2940.14,111067.76,326836518.0633
1766498400000,2940.14,2952.79,2898,2915.52,168456.92,493035675.8178
1766502000000,2915.52,2932.37,2904.38,2927.14,93343.32,272621441.3758
1766505600000,2927.14,2965,2920.34,2954.83,127655.23,376496854.5425
1766509200000,2954.83,2965,2907.22,2908.97,84452.25,247750051.2027
1766512800000,2908.97,2951.93,2906.48,2945.57,72189.05,211744785.741
1766516400000,2945.57,2953.21,2928.93,2942.51,33904.35,99686515.2923
1766520000000,2942.51,2987.1,2938.92,2967.9,81981.22,243327979.5622
1766523600000,2967.9,2975.63,2957.7,2973.13,28109.84,83424379.5827
1766527200000,2973.13,2979.17,2946.91,2959.7,30263.81,89605305.3811
1766530800000,2959.7,2971.64,2950.23,2963.41,19153.79,56714705.8563
1766534400000,2963.41,2973.32,2953.94,2971.87,23752.81,70396930.9304
1766538000000,2971.87,2977.34,2958.74,2962.08,26070.09,77365220.7597
1766541600000,2962.08,2963.79,2921,2933.64,62936.29,184916473.1758
1766545200000,2933.64,2946.59,2918.52,2944.05,41047.14,120401086.905
1766548800000,2944.05,2958,2932.97,2934.1,33536.5,98781656.6065
1766552400000,2934.1,2940.39,2916,2927.55,50796.84,148761524.4782
1766556000000,2927.55,2937.14,2921.29,2931.91,29812.41,87334468.7873
1766559600000,2931.91,2942.52,2930.38,2931,27551.7,80912055.142
1766563200000,2931,2939.8,2919.51,2921.45,38695.29,113344806.6516
1766566800000,2921.45,2930.66,2913,2917.72,27423.88,80124106.6386
1766570400000,2917.72,2933.65,2916.88,2926.43,22260,65173692.8251
1766574000000,2926.43,2937.27,2923.11,2923.7,18420.52,53976399.6416
1766577600000,2923.7,2937.55,2921.7,2935.02,23344.24,68423090.1276
1766581200000,2935.02,2935.97,2923.12,2929.83,23693.59,69400649.6587
1766584800000,2929.83,2935.34,2886.38,2913.36,114883.45,334060175.0847
1766588400000,2913.36,2929.99,2901.08,2924.05,58168.21,169672524.6207
1766592000000,2924.05,2948.39,2920.01,2939.4,60571.75,177828636.1631
1766595600000,2939.4,2954.64,2933.58,2935.68,38529.52,113410623.5109
1766599200000,2935.68,2943.99,2929.02,2940.57,21600.8,63436748.1775
1766602800000,2940.57,2946,2935.7,2944.8,14428.02,42432574.9537
1766606400000,2944.8,2951.23,2940.34,2942.19,15584.6,45913724.3872
1766610000000,2942.19,2953.2,2942.1,2949.75,11745.51,34620357.2324
1766613600000,2949.75,2962,2947.97,2958.4,17963.61,53096382.2866
1766617200000,2958.4,2959.24,2944.87,2946.21,14084.21,41545090.4006
1766620800000,2946.21,2947.97,2935.17,2938.2,19264.52,56684776.9577
1766624400000,2938.2,2950,2938.19,2947.45,10871.31,32006412.2498
1766628000000,2947.45,2956.16,2941.55,2951.46,11591.4,34189977.0596
1766631600000,2951.46,2952.22,2942.42,2946.09,10203.03,30063528.4007
1766635200000,2946.09,2947.26,2941.03,2943.6,10498.29,30902912.976
1766638800000,2943.6,2943.61,2937,2941,10639.56,31280499.3584
1766642400000,2941,2942.5,2936.27,2941.98,11293.62,33189226.9571
1766646000000,2941.98,2942.45,2937.64,2940.96,6961.16,20462190.0856
1766649600000,2940.96,2946.47,2915.5,2929.16,59247.58,173368000.5312
1766653200000,2929.16,2929.91,2924.02,2927.16,8603.87,25185082.6464
1766656800000,2927.16,2927.69,2910.2,2919.09,37987.24,110840616.6095
1766660400000,2919.09,2927.71,2918.59,2923.43,11372.12,33247139.6344
1766664000000,2923.43,2928.75,2922.38,2926.82,11827.39,34601752.8987
1766667600000,2926.82,2933.7,2918.43,2929.63,18275.28,53495248.8622
1766671200000,2929.63,2938.1,2921.1,2931.8,22931.9,67186904.5651
1766674800000,2931.8,2971,2930.38,2959.75,93891.62,277444956.4684
1766678400000,2959.75,2966.67,2941.41,2947,47961.37,141720635.4088
1766682000000,2947,2953.19,2942.49,2951.5,29039.95,85589399.9837
1766685600000,2951.5,2965.53,2948.45,2958.09,43830.58,129537938.6264
1766689200000,2958.09,2958.92,2948.34,2954.88,10790.24,31872996.8083
1766692800000,2954.88,2955.6,2943,2948.64,13959.43,41154150.5453
1766696400000,2948.64,2952.54,2943.23,2945.45,7794.12,22978158.755
1766700000000,2945.45,2947.24,2903.55,2919.83,67083.71,196253835.4406
1766703600000,2919.83,2925.44,2888.03,2902,98097.97,284814245.8857
1766707200000,2902,2910,2892.22,2902.14,56758.94,164633677.8486
1766710800000,2902.14,2921.97,2900.64,2916.71,31026.68,90391233.074
1766714400000,2916.71,2993.3,2916.25,2972.19,200785.49,596191722.1097
1766718000000,2972.19,2975.11,2956,2963.47,44435.77,131717220.3913
1766721600000,2963.47,2974.15,2950.8,2970.42,29702.82,87987952.8568
1766725200000,2970.42,2973.89,2965.49,2971.9,16592.95,49278936.9484
1766728800000,2971.9,2981.71,2970.59,2975.31,34318.28,102133363.3036
1766732400000,2975.31,2992.31,2951.43,2955.31,73627.52,218789879.7252
1766736000000,2955.31,2970.63,2953.29,2963.41,35468.41,105014914.7368
1766739600000,2963.41,2975,2961.86,2971.25,21350.84,63383424.8948
1766743200000,2971.25,2973.6,2965.63,2970.37,15298.74,45432715.5809
1766746800000,2970.37,2970.38,2960.7,2963.57,18537.88,54972418.2631
1766750400000,2963.57,2972.72,2963.13,2971.4,17404.83,51661877.3187
1766754000000,2971.4,2984.89,2970,2983.01,37464.28,111579420.1129
1766757600000,2983.01,2983.99,2908.4,2916.05,188579.71,554101784.1637
1766761200000,2916.05,2927.85,2892.14,2921.38,177372.69,515955670.5859
1766764800000,2921.38,2928.7,2905.19,2908.28,45611.27,133117735.9687
1766768400000,2908.28,2934.18,2906.01,2921.02,52988.12,154813734.0638
1766772000000,2921.02,2927.19,2918.6,2921.78,21999.09,64301880.0112
1766775600000,2921.78,2928.82,2917.16,2924.61,14004.76,40939822.2774
1766779200000,2924.61,2937.34,2920.67,2929.99,23678.8,69338735.5258
1766782800000,2929.99,2933.92,2922.64,2923.4,14622.31,42815089.2045
1766786400000,2923.4,2930.16,2920.03,2930.03,13722.74,40148055.9578
1766790000000,2930.03,2933,2924.51,2926.54,12497.75,36599800.0503
1766793600000,2926.54,2930,2921.96,2926.25,7962.23,23300698.8075
1766797200000,2926.25,2927.76,2920.59,2926.66,8012.09,23432039.4397
1766800800000,2926.66,2929.22,2922.58,2926.95,7121.63,20837435.1167
1766804400000,2926.95,2932.33,2924.1,2932,12708.88,37218086.7823
1766808000000,2932,2932.9,2927,2929.1,5972.1,17491274.3793
1766811600000,2929.1,2930.59,2927.07,2929.71,4370.59,12801891.1876
1766815200000,2929.71,2930.23,2927,2928.88,8620.26,25241796.677
1766818800000,2928.88,2936.82,2928.88,2931.81,14105.62,41373491.2801
1766822400000,2931.81,2935.96,2931.8,2932.87,6811.08,19984820.3049
1766826000000,2932.87,2939.5,2930.26,2934.01,15327.36,44975599.3279
1766829600000,2934.01,2934.46,2916.18,2925.4,41456.22,121245910.1877
1766833200000,2925.4,2932.49,2921.57,2929.35,12244.26,35837654.4824
1766836800000,2929.35,2932.79,2927.72,2930.93,9626.96,28208882.7742
1766840400000,2930.93,2931.95,2924.1,2928.64,11669.8,34171143.1254
1766844000000,2928.64,2930.27,2924.5,2928.29,6961.81,20380699.3813
1766847600000,2928.29,2929.69,2925.16,2925.67,6285,18400044.0275
1766851200000,2925.67,2927.73,2916,2919.51,22018.43,64321884.095
1766854800000,2919.51,2927.85,2918.25,2927.05,12259.37,35832781.4198
1766858400000,2927.05,2927.66,2923.54,2925.38,4828.55,14125825.8293
1766862000000,2925.38,2929.78,2924.6,2929.4,4196.39,12283793.0127
1766865600000,2929.4,2934.45,2926.87,2927.63,12368.57,36235387.4929
1766869200000,2927.63,2934.47,2926.88,2934.17,7817.38,22916730.2073
1766872800000,2934.17,2952.56,2928.57,2931.79,39867.25,117199414.1315
1766876400000,2931.79,2960,2931.26,2947.64,36849.75,108631125.124
1766880000000,2947.64,2950.69,2942.32,2944.44,11711.49,34507860.7233
1766883600000,2944.44,2948.9,2939.32,2943.08,9064.52,26681700.4382
1766887200000,2943.08,2948.71,2941.55,2945.84,5514.86,16243569.9691
1766890800000,2945.84,2947.16,2940.32,2942.02,8765.49,25798775.2215
1766894400000,2942.02,2946.16,2937.25,2937.56,10786.22,31725479.1148
1766898000000,2937.56,2939.63,2928.58,2933.46,21195.78,62189474.0944
1766901600000,2933.46,2942.5,2933.12,2941.35,8192.28,24073126.2549
1766905200000,2941.35,2941.5,2935.31,2937.8,7068.76,20764828.5616
1766908800000,2937.8,2946.14,2936.7,2938.26,15468,45486192.5301
1766912400000,2938.26,2942.83,2930,2936.39,17996.62,52816815.7299
1766916000000,2936.39,2943.57,2935.61,2942.1,13732.51,40381325.4282
1766919600000,2942.1,2946,2938.32,2942.95,13649.28,40166167.2151
1766923200000,2942.95,2944,2935.8,2937.98,8653.24,25432781.0634
1766926800000,2937.98,2943.96,2937.04,2939.19,6517.59,19162580.2996
1766930400000,2939.19,2954.84,2938.82,2944.14,37319.94,109974224.1625
1766934000000,2944.14,2959.44,2944.04,2947.64,24934.3,73610370.2419
1766937600000,2947.64,2953.99,2938.76,2941.75,15422,45422231.5163
1766941200000,2941.75,2950.45,2941.23,2944.69,9264.75,27297823.6824
1766944800000,2944.69,2946.11,2923.5,2930.09,52266.33,153328887.6252
1766948400000,2930.09,2939.13,2924.73,2932.02,27008.98,79194187.2736
1766952000000,2932.02,2936.63,2927.67,2931,11857.47,34769996.6272
1766955600000,2931,2938.18,2926.83,2936.63,12191.29,35757054.6154
1766959200000,2936.63,2955.26,2933.65,2949.19,18503.85,54513896.9812
1766962800000,2949.19,2953.44,2938.8,2949.66,22355.38,65858994.5571
1766966400000,2949.66,2976.78,2943,2965.25,63061.85,187017752.7973
1766970000000,2965.25,2985.88,2950.48,2979.92,56953.84,169192395.2449
1766973600000,2979.92,3018.21,2979.91,3002.71,113007.62,339303991.9368
1766977200000,3002.71,3047.55,3001.89,3042.52,92247.28,279319347.3022
1766980800000,3042.52,3056.81,3037.45,3038.14,61576.87,187466904.3213
1766984400000,3038.14,3043.86,3029.35,3035.77,44343.58,134689887.8955
1766988000000,3035.77,3043.03,3030,3034.95,34084.11,103477236.2528
1766991600000,3034.95,3037.56,3001.5,3018.44,86074.54,259576230.2623
1766995200000,3018.44,3025,3010,3012.86,35142.43,106065094.417
1766998800000,3012.86,3014.57,2954.46,2975.46,170074.98,506390285.6255
1767002400000,2975.46,2983.29,2960.15,2965.03,50849.42,151100036.6849
1767006000000,2965.03,2966.32,2956.76,2958,33013.91,97773408.0861
1767009600000,2958,2958.36,2907,2928.93,202863.91,594248247.9687
1767013200000,2928.93,2936.75,2915.01,2925.55,43255.53,126654367.5516
1767016800000,2925.55,2964.45,2914.84,2926.88,140430.38,413065342.0709
1767020400000,2926.88,2949.21,2917.19,2934.06,87652.71,257099480.6742
1767024000000,2934.06,2941.53,2923.21,2935.15,36588.19,107298251.9634
1767027600000,2935.15,2942.61,2923.99,2942.14,35327.57,103630232.7304
1767031200000,2942.14,2944.77,2912.7,2918.24,65572.76,191878898.4216
1767034800000,2918.24,2940.48,2916.4,2931,59413.93,174191560.1128
1767038400000,2931,2941.32,2923.94,2928.25,27760.42,81376714.4372
1767042000000,2928.25,2937.76,2927.52,2935.77,15135.93,44394161.2808
1767045600000,2935.77,2942.98,2929.37,2936.75,11991.3,35212541.1366
1767049200000,2936.75,2943.14,2930.84,2936.24,15665.38,46005335.853
1767052800000,2936.24,2940.6,2930.07,2936.54,16329.72,47934911.5904
1767056400000,2936.54,2937.86,2923.01,2935,17624.94,51665983.8384
1767060000000,2935,2938.57,2920.31,2926.85,22445.72,65710309.9716
1767063600000,2926.85,2954.7,2915.79,2950.46,49431.37,145222307.0322
1767067200000,2950.46,2957.96,2944.05,2944.76,30458.44,89871546.0808
1767070800000,2944.76,2947.13,2935.65,2940.07,19729.22,58018541.9124
1767074400000,2940.07,2950.59,2938.92,2944.78,12926.56,38080496.7869
1767078000000,2944.78,2954.7,2943.78,2949.67,19969.11,58891564.7262
1767081600000,2949.67,3002.9,2948.9,2976.4,157299.27,469043536.5709
1767085200000,2976.4,2987.59,2969.13,2984.51,38466.53,114551823.6689
1767088800000,2984.51,2987.33,2972.43,2975.99,22869.53,68153842.9735
1767092400000,2975.99,2983.74,2972.65,2977.79,26583.67,79148656.2805
1767096000000,2977.79,2985.3,2975.36,2979.96,18245.48,54383228.7689
1767099600000,2979.96,2990.92,2977.8,2985.45,35660.78,106455596.4896
1767103200000,2985.45,3009,2957.5,2995.25,165124.14,492201228.9897
1767106800000,2995.25,3001.53,2968.35,2988.39,95539.8,284824377.843
1767110400000,2988.39,2993.64,2973.39,2981.27,60723.18,181073498.0327
1767114000000,2981.27,2985.93,2963.86,2975.54,45304.26,134794190.7721
1767117600000,2975.54,2977.55,2958.22,2970.53,34765.6,103234465.2176
1767121200000,2970.53,2973.16,2940.85,2970.11,75142.18,222198719.1793
1767124800000,2970.11,2972.83,2954.52,2957.16,26203.83,77670813.771
1767128400000,2957.16,2968.14,2952.58,2967.27,21691.82,64216893.0777
1767132000000,2967.27,2970.7,2963.4,2968.29,11501.72,34126950.4932
1767135600000,2968.29,2974.5,2966.11,2972.25,15916.71,47283980.2836
1767139200000,2972.25,2972.26,2960.87,2965.03,16660.88,49412338.487
1767142800000,2965.03,2984.15,2960.52,2978.81,47075.3,140140066.7461
1767146400000,2978.81,2982.43,2973.03,2980.26,13177.9,39245781.4027
1767150000000,2980.26,2983.07,2964.5,2969.25,18098.46,53802589.5335
1767153600000,2969.25,2973.85,2965.86,2967.46,13686.48,40648722.178
1767157200000,2967.46,2978.6,2967.46,2973.65,16728.8,49755839.0556
1767160800000,2973.65,2977.73,2973.19,2974.18,7825.83,23286119.5117
1767164400000,2974.18,2976.46,2968.65,2975.78,13165.45,39148190.3903
1767168000000,2975.78,2978.64,2961.54,2968.24,31105.9,92444082.9562
1767171600000,2968.24,2976.6,2967.9,2975.31,12319.49,36618902.6009
1767175200000,2975.31,2982.13,2974.1,2979.77,15233.2,45354645.8915
1767178800000,2979.77,3003.35,2978.69,3000.84,65084.32,194741288.8274
1767182400000,3000.84,3001.32,2982.71,2986,49626.96,148538621.4847
1767186000000,2986,2999.26,2985.01,2995.56,34521.68,103327470.7761
1767189600000,2995.56,3029,2979.75,2992.42,137070.45,412056805.072
1767193200000,2992.42,2993.14,2965.24,2984.25,128082.61,381325060.7501
1767196800000,2984.25,2997.17,2956.17,2974.82,110018.34,327425897.493
1767200400000,2974.82,2980,2966.4,2974.6,28629.17,85129706.0047
1767204000000,2974.6,2985,2970.19,2972.99,26954.9,80292707.744
1767207600000,2972.99,2980.82,2968.62,2970.04,15775.73,46922572.8641
1767211200000,2970.04,2979,2962.35,2974.88,35285.02,104756768.562
1767214800000,2974.88,2983.95,2973.28,2981.1,16851.61,50205781.2803
1767218400000,2981.1,2983.49,2972.93,2976.22,11705.05,34862204.8116
1767222000000,2976.22,2976.22,2968.43,2970.57,8975.53,26679811.8776
1767225600000,2970.57,2982.3,2970.25,2978.83,14349.12,42730036.1603
1767229200000,2978.83,2988.54,2978.47,2983.54,25695.34,76674306.3917
1767232800000,2983.54,2987.14,2979.45,2981.63,6607.72,19713220.0179
1767236400000,2981.63,2985.83,2978.79,2979.42,6176,18414959.7853
1767240000000,2979.42,2980.29,2972.12,2974.96,14918.39,44397663.0741
1767243600000,2974.96,2983.34,2974.96,2981.02,7689.13,22918433.6375
1767247200000,2981.02,2981.03,2975.25,2975.92,10333.23,30777403.2784
1767250800000,2975.92,2981.37,2975.91,2977.46,9455.44,28164600.3986
1767254400000,2977.46,2982.75,2976.87,2981.61,7251.15,21614075.298
1767258000000,2981.61,2986.85,2981.03,2982.98,12325.09,36772189.0648
1767261600000,2982.98,2985,2980.83,2984,7391.3,22046399.1462
1767265200000,2984,2993.08,2983.81,2988.31,18798.72,56171841.4845
1767268800000,2988.31,2989.79,2981.81,2986.24,12381.77,36965843.7441
1767272400000,2986.24,2988.89,2981.1,2981.57,12437.3,37124666.308
1767276000000,2981.57,2985.57,2975.9,2984.38,20603.68,61405496.9274
1767279600000,2984.38,2994.68,2979.5,2988.9,22166.04,66228621.9342
1767283200000,2988.9,2990.01,2979.11,2981.19,26983.57,80513188.805
1767286800000,2981.19,3005.54,2979.85,2989.83,49665.97,148674049.3839
1767290400000,2989.83,2991.88,2984.09,2989.05,25085.29,74961246.2697
1767294000000,2989.05,2996.99,2985.79,2994.31,10400.04,31100023.2444
1767297600000,2994.31,2995.75,2986.06,2988.02,11893.35,35557093.7204
1767301200000,2988.02,2991.97,2985.55,2988.39,6350.23,18979665.1871
1767304800000,2988.39,2998.96,2985.57,2997.73,16485.13,49317764.5978
1767308400000,2997.73,3008.73,2990.57,3002.79,44042.24,132165818.422
1767312000000,3002.79,3007.05,2993.64,3004.65,24417.32,73257414.9507
1767315600000,3004.65,3007,2996.54,3001.4,12071.49,36236133.0128
1767319200000,3001.4,3002.35,2990.03,3000.59,21486.24,64366322.8104
1767322800000,3000.59,3034.66,2998.31,3021.49,89338.21,269832146.9635
1767326400000,3021.49,3023.77,3009.1,3010.5,23399.52,70579309.6361
1767330000000,3010.5,3017.17,3006.77,3015.26,15605.39,46998617.8454
1767333600000,3015.26,3038.47,3013.17,3025.77,45425.96,137593657.631
1767337200000,3025.77,3031.39,3015.51,3016.91,26212.76,79202779.4797
1767340800000,3016.91,3033.72,3013.95,3030.83,25366.85,76726230.0112
1767344400000,3030.83,3053.72,3028.86,3046.88,73012.19,222133304.6482
1767348000000,3046.88,3069.61,3044.07,3055.92,89726.04,274472182.7324
1767351600000,3055.92,3056.53,3039.3,3046.18,40539.75,123526941.9028
1767355200000,3046.18,3056.65,3041.63,3047.04,22373.26,68225933.7657
1767358800000,3047.04,3056.78,3044.99,3048.63,23859.57,72787415.7375
1767362400000,3048.63,3108.54,3018.76,3081.08,259494.15,794515207.2082
1767366000000,3081.08,3096.84,3052.94,3084.98,132719.27,408399742.8161
1767369600000,3084.98,3145.94,3076.95,3130.65,222258.87,692281346.0816
1767373200000,3130.65,3150,3109.01,3121.23,120081.67,376273062.2218
1767376800000,3121.23,3130.9,3095.26,3109,58614.37,182433122.5841
1767380400000,3109,3126.99,3105.1,3122.6,41673.31,129927533.5294
1767384000000,3122.6,3128.92,3109.65,3116.19,23118.04,72114587.0826
1767387600000,3116.19,3133.31,3115,3129.29,22018.95,68790607.7317
1767391200000,3129.29,3145.2,3126.6,3132.39,29311.04,91899436.2776
1767394800000,3132.39,3134.89,3118.6,3123.67,17471.18,54592375.9212
1767398400000,3123.67,3135.44,3120.81,3129.4,16026.22,50130361.8938
1767402000000,3129.4,3130.31,3121.64,3129.17,10655.01,33316593.4694
1767405600000,3129.17,3129.57,3118.23,3124.3,17967.27,56117700.3973
1767409200000,3124.3,3125.78,3117.1,3123.86,12666.74,39540631.5811
1767412800000,3123.86,3126.65,3113.28,3114.93,15352.25,47869384.1232
1767416400000,3114.93,3117.46,3102.5,3110.52,23085.37,71789015.7361
1767420000000,3110.52,3116.12,3096.13,3096.38,29443.85,91376969.4227
1767423600000,3096.38,3103.9,3073,3089.08,106331.14,327995084.6847
1767427200000,3089.08,3104.21,3082.04,3094.24,35724.95,110551039.2118
1767430800000,3094.24,3109,3090.45,3099.36,26382.44,81830885.2131
1767434400000,3099.36,3104.03,3095.21,3095.92,17338.3,53727128.9744
1767438000000,3095.92,3099,3090.2,3096.75,21921.05,67842388.4739
1767441600000,3096.75,3104.51,3091.78,3103.33,21071.92,65304983.58
1767445200000,3103.33,3106.51,3099,3101.56,18461.6,57284598.1259
1767448800000,3101.56,3112.98,3099.92,3104.53,29321.81,91081383.3822
1767452400000,3104.53,3106.61,3096.95,3099.28,20713.78,64248719.2418
1767456000000,3099.28,3110.46,3095.93,3105.36,19207.25,59614332.9112
1767459600000,3105.36,3108.69,3103.87,3106.8,7663.04,23801851.1034
1767463200000,3106.8,3117.45,3103.26,3114.73,13335.2,41489327.5314
1767466800000,3114.73,3114.74,3108.48,3111.68,9103.34,28321721.4507
1767470400000,3111.68,3115.51,3105.38,3113.77,9697.11,30160396.1502
1767474000000,3113.77,3128.64,3111.23,3119.5,21690.7,67694451.5868
1767477600000,3119.5,3125,3111.63,3121.02,12273.69,38268632.2234
1767481200000,3121.02,3129.95,3118.84,3125.42,14906.35,46587487.9429
1767484800000,3125.42,3165.39,3124.44,3155.69,86854.39,273357520.2375
1767488400000,3155.69,3160.74,3140.01,3148.37,27694.15,87252547.2729
1767492000000,3148.37,3149.94,3135.98,3139.8,19453.94,61121825.154
1767495600000,3139.8,3149.52,3138.67,3145.82,21936.75,68973195.0193
1767499200000,3145.82,3154.59,3143.3,3146.96,15123.96,47646608.3035
1767502800000,3146.96,3151.06,3143.56,3149.74,10673.46,33592036.1032
1767506400000,3149.74,3162.4,3136,3138.5,55547.53,174890124.3888
1767510000000,3138.5,3145.42,3132.83,3139.79,27433.23,86133634.2218
1767513600000,3139.79,3140.82,3124.6,3136.95,43292.17,135541850.6942
1767517200000,3136.95,3147,3133.21,3142.31,27917,87628507.9498
1767520800000,3142.31,3147.64,3141.43,3145.17,18901.51,59428470.3451
1767524400000,3145.17,3145.17,3133.39,3138.21,18249.04,57280132.0213
1767528000000,3138.21,3145.83,3132.06,3135.41,19022.16,59687512.7563
1767531600000,3135.41,3139.92,3130.11,3138.76,13003.46,40776057.2443
1767535200000,3138.76,3142,3130.57,3135.72,21025.07,65913328.3509
1767538800000,3135.72,3138.45,3116,3133.77,44026.6,137623118.4559
1767542400000,3133.77,3138.55,3129.48,3137.83,20022.54,62764780.5564
1767546000000,3137.83,3142.82,3133.69,3136.2,13615.49,42725168.682
1767549600000,3136.2,3136.8,3121.28,3133.57,22877.18,71586097.159
1767553200000,3133.57,3134.26,3117.14,3131.45,26293.23,82206668.4441
1767556800000,3131.45,3142.09,3128.77,3140.7,15871.68,49765959.8368
1767560400000,3140.7,3154,3135.37,3143.9,31448.18,98886632.9661
1767564000000,3143.9,3149.34,3134.5,3137.89,23740.13,74558527.1835
1767567600000,3137.89,3152.9,3132.59,3143.19,32155.08,101038221.2904
1767571200000,3143.19,3176.63,3141.12,3166.95,95867.61,302855724.7621
1767574800000,3166.95,3221.3,3162.01,3196.54,182491.5,582953513.9668
1767578400000,3196.54,3203.31,3181.31,3191.91,43970.98,140308198.0111
1767582000000,3191.91,3196.99,3183.1,3184.48,25809.85,82318922.7262
1767585600000,3184.48,3186.93,3155.58,3165.44,66315.8,210076491.732
1767589200000,3165.44,3167.97,3146.01,3147.78,44059.17,139057205.3747
1767592800000,3147.78,3157.41,3132,3156,59741.24,188039892.6651
1767596400000,3156,3161.49,3153.44,3155.75,22869.84,72205343.8166
1767600000000,3155.75,3171.05,3154.25,3161.98,31742.18,100428998.8074
1767603600000,3161.98,3174,3151.13,3167.01,50856.69,160720476.5196
1767607200000,3167.01,3177.77,3160.62,3171.58,37295.23,118306416.7601
1767610800000,3171.58,3182.48,3166.53,3178.89,23514.36,74638023.2629
1767614400000,3178.89,3182.4,3163.8,3169.38,26064.65,82679852.4078
1767618000000,3169.38,3174.22,3141.14,3152.56,72791.58,229552488.8138
1767621600000,3152.56,3177.42,3132.99,3165.65,137988.24,435599177.5907
1767625200000,3165.65,3205,3150.5,3194.54,143130.61,455027143.0463
1767628800000,3194.54,3201.69,3171.2,3182.4,69633.55,221778755.808
1767632400000,3182.4,3229.28,3157.36,3212.52,128208.54,409446060.6077
1767636000000,3212.52,3227.73,3185.43,3226.99,107381.16,344241567.4425
1767639600000,3226.99,3227.67,3213.57,3221.83,51373.82,165439661.3028
1767643200000,3221.83,3265,3218.5,3240,134194.89,435089087.5373
1767646800000,3240,3246.67,3230,3236.59,27091.99,87735808.1981
1767650400000,3236.59,3248.81,3227,3238.6,35072.14,113576013.5877
1767654000000,3238.6,3240.11,3223.74,3224.01,25010.56,80767442.0989
1767657600000,3224.01,3229.88,3201.53,3214.54,43689.63,140340164.393
1767661200000,3214.54,3246.99,3214.16,3216.57,50971.69,164509600.5623
1767664800000,3216.57,3222.99,3207.29,3215.57,21609.71,69476244.2767
1767668400000,3215.57,3232.79,3212.09,3223.84,23919.71,77081775.1959
1767672000000,3223.84,3232.46,3221.25,3221.27,11044.9,35633849.198
1767675600000,3221.27,3228.16,3215,3217.09,22273.13,71750512.6927
1767679200000,3217.09,3253.6,3216.33,3239.68,64308.65,208225223.0935
1767682800000,3239.68,3241.41,3209.46,3217.56,47346.97,152503691.9762
1767686400000,3217.56,3227.64,3212.48,3218.34,20545.11,66151116.3645
1767690000000,3218.34,3227.83,3215.83,3221.64,20541.87,66167898.8471
1767693600000,3221.64,3230.65,3219.52,3227.5,13726.33,44289388.5726
1767697200000,3227.5,3241.85,3225.45,3236.47,31695.32,102601745.1213
1767700800000,3236.47,3244.38,3234.46,3237.01,21530.94,69748455.4184
1767704400000,3237.01,3238,3227.57,3236.09,22235.76,71880641.5244
1767708000000,3236.09,3308,3236.09,3276.48,293116.42,961932389.3169
1767711600000,3276.48,3301.61,3258.26,3270.62,108146.73,354523272.3798
1767715200000,3270.62,3277.84,3232.18,3250,123536.87,401741011.4016
1767718800000,3250,3258.88,3188,3194.73,142468.99,459067936.4906
1767722400000,3194.73,3231.5,3181.09,3217.6,111922.68,359213285.5984
1767726000000,3217.6,3228.79,3211.45,3222,21798.3,70221591.8274
1767729600000,3222,3249.2,3221.54,3240.3,30743.29,99557807.0616
1767733200000,3240.3,3302.47,3236.18,3274.59,151686.45,497309529.4242
1767736800000,3274.59,3289.61,3264.02,3276.35,31813.68,104211616.8696
1767740400000,3276.35,3300.7,3275,3295.88,39095.79,128641106.3431
1767744000000,3295.88,3295.95,3253.7,3256.05,50471.05,165310922.2376
1767747600000,3256.05,3270.74,3237.42,3243.52,57710.4,187722476.9742
1767751200000,3243.52,3273.28,3237.99,3268.5,49270.42,160370397.2239
1767754800000,3268.5,3281,3263.44,3265.32,27679.8,90561212.2741
1767758400000,3265.32,3270.74,3252.16,3254.88,16229.29,52904918.0299
1767762000000,3254.88,3260.96,3245.3,3246.66,24989.82,81269457.5041
1767765600000,3246.66,3258.24,3246.28,3249.5,19781.23,64316462.2078
1767769200000,3249.5,3261.09,3249.49,3253.73,21388.64,69634325.9846
1767772800000,3253.73,3262.24,3250.94,3252.82,18873.74,61448479.0372
1767776400000,3252.82,3253.34,3196,3198.01,146197.1,470630303.2692
1767780000000,3198.01,3221.98,3193.31,3217.01,76759.23,246284433.0028
1767783600000,3217.01,3226.66,3214.37,3218.97,31685.32,102085864.0854
1767787200000,3218.97,3221.24,3208.15,3211.99,25561.02,82177006.2111
1767790800000,3211.99,3227.61,3200.14,3210.72,44001.52,141344743.2776
1767794400000,3210.72,3210.89,3161.52,3189.75,203491.9,648659510.2546
1767798000000,3189.75,3191.52,3142.58,3163.31,166532.8,526462393.6877
1767801600000,3163.31,3178.44,3148.04,3155.83,56560.9,178916988.7432
1767805200000,3155.83,3169.76,3143.2,3150.06,39386.58,124332957.2931
1767808800000,3150.06,3163.9,3130.01,3144.73,77099.46,242587338.0055
1767812400000,3144.73,3154,3123.41,3143.83,70514.1,221277696.5427
1767816000000,3143.83,3149.86,3126.17,3137.21,32705.19,102585340.9254
1767819600000,3137.21,3151.2,3136.8,3148,16287.76,51213534.0321
1767823200000,3148,3165,3141.57,3151.45,29699.27,93582811.8165
1767826800000,3151.45,3180.77,3141.94,3167.3,64578.12,204308090.8542
1767830400000,3167.3,3174.62,3153.37,3169.14,36185.75,114520744.3388
1767834000000,3169.14,3179.86,3166.86,3174.05,17909.63,56822771.6702
1767837600000,3174.05,3183.35,3146.32,3157.79,49304.99,155888665.579
1767841200000,3157.79,3164.86,3130.29,3140.86,49461.65,155543817.716
1767844800000,3140.86,3157.9,3136.75,3152.52,30690.79,96673653.9919
1767848400000,3152.52,3160.26,3140.17,3141.61,23317.39,73484626.4496
1767852000000,3141.61,3144.73,3103,3103.68,125911.07,392867599.6373
1767855600000,3103.68,3131.23,3088.15,3125.89,110649.53,343924639.5597
1767859200000,3125.89,3136.28,3112,3115.27,40242.03,125698613.984
1767862800000,3115.27,3123.45,3103.36,3110.14,36224.29,112750404.831
1767866400000,3110.14,3132.07,3095,3126.59,66748.36,207922971.0717
1767870000000,3126.59,3130,3110.96,3119.4,42543.9,132690635.1022
1767873600000,3119.4,3119.87,3082.44,3093.57,92130.52,285377786.1348
1767877200000,3093.57,3101.36,3088.7,3094.89,24822.9,76842929.8873
1767880800000,3094.89,3094.89,3052.37,3075.9,199040.99,611824364.3409
1767884400000,3075.9,3111.27,3065.25,3102.94,123869.94,383138479.3478
1767888000000,3102.94,3122.67,3088.21,3120.9,80988.03,251450234.2437
1767891600000,3120.9,3137.89,3108.64,3133.34,70168.64,219117916.5489
1767895200000,3133.34,3134.1,3113.52,3118.85,45772.4,142918604.7004
1767898800000,3118.85,3127.59,3102.47,3109.85,31867.8,99290057.9277
1767902400000,3109.85,3109.85,3087.31,3106.12,47449.4,146996701.1255
1767906000000,3106.12,3122.01,3105.98,3117.95,23392.64,72847438.847
1767909600000,3117.95,3129.44,3106.25,3118,23028.83,71811812.5653
1767913200000,3118,3120.8,3104.53,3105.48,14971.09,46592367.2675
1767916800000,3105.48,3116.81,3103.01,3114.56,14697.7,45707884.9947
1767920400000,3114.56,3147,3078.5,3103.86,121202.28,377074471.1906
1767924000000,3103.86,3125.29,3101.87,3108.19,34123.07,106348639.5012
1767927600000,3108.19,3120,3101.1,3118.2,15688.03,48813073.4078
1767931200000,3118.2,3123.3,3109.99,3115,21332.93,66468505.6136
1767934800000,3115,3120.19,3112.09,3117.42,11904.91,37101740.5179
1767938400000,3117.42,3124.49,3116.03,3121.77,15467.43,48264423.0656
1767942000000,3121.77,3122.5,3108.51,3109.11,25005.28,77881744.308
1767945600000,3109.11,3113.81,3064.88,3080.88,103677.05,320012164.8039
1767949200000,3080.88,3099.59,3079.84,3090.5,48018.67,148474146.037
1767952800000,3090.5,3097.79,3086.19,3094.9,12546.33,38818863.3433
1767956400000,3094.9,3102.86,3085.8,3088.59,19083.59,59056917.7271
1767960000000,3088.59,3094.77,3080.04,3082.91,21691.31,66906869.4386
1767963600000,3082.91,3109.96,3081.59,3096.57,74912.5,231921445.7883
1767967200000,3096.57,3097.11,3058.5,3076.92,98372.47,302634013.1715
1767970800000,3076.92,3141.99,3055.31,3110.69,223097.74,693577797.5699
1767974400000,3110.69,3144.5,3109.05,3132.08,99120.29,310219861.627
1767978000000,3132.08,3133.88,3102.47,3112.62,47337.01,147492527.749
1767981600000,3112.62,3117.43,3071.37,3093.45,84829.09,262131704.7299
1767985200000,3093.45,3093.51,3067,3078.49,46890.1,144363315.7639
1767988800000,3078.49,3090.48,3069.12,3071.95,25742.85,79269866.5808
1767992400000,3071.95,3092.19,3063.34,3084.37,34097.05,105047756.2448
1767996000000,3084.37,3087.75,3073.26,3084.79,21297.08,65622554.9271
1767999600000,3084.79,3091.66,3082.22,3086.99,8810.13,27202442.9803
1768003200000,3086.99,3088.63,3079.96,3082,10010.89,30869175.8436
1768006800000,3082,3090.3,3081.99,3088.8,6421.82,19820586.2019
1768010400000,3088.8,3093.75,3081.82,3086.63,8003.12,24712206.4681
1768014000000,3086.63,3087.91,3078.73,3085.28,8991.96,27728508.6512
1768017600000,3085.28,3086.2,3077.25,3078.46,12088.86,37253628.505
1768021200000,3078.46,3086.65,3078.35,3085.54,4926.28,15188816.9743
1768024800000,3085.54,3087.52,3081.98,3086.35,4644.11,14330555.4764
1768028400000,3086.35,3092.13,3086.34,3091.66,8045.56,24861042.8895
1768032000000,3091.66,3092.21,3086,3088.83,6169.71,19055153.0011
1768035600000,3088.83,3098.18,3088.08,3094.52,10737.31,33208004.4342
1768039200000,3094.52,3102.87,3092.33,3102.03,24893.24,77102279.0683
1768042800000,3102.03,3102.08,3093.26,3095.67,7673.97,23765265.1652
1768046400000,3095.67,3102.13,3092.2,3097.99,9357.45,28980553.4351
1768050000000,3097.99,3098.3,3092.26,3093.56,9014.71,27905636.6369
1768053600000,3093.56,3095.57,3086.98,3090.56,13395.27,41412313.687
1768057200000,3090.56,3095.5,3090.55,3094.32,8350.58,25830794.9862
1768060800000,3094.32,3097.17,3090.31,3094.51,5333.08,16502374.8248
1768064400000,3094.51,3098.21,3090.36,3091.49,8887.23,27498313.9267
1768068000000,3091.49,3093,3089.02,3091.56,5454.46,16859899.7797
1768071600000,3091.56,3092.86,3089,3090.97,3569.27,11031555.6356
1768075200000,3090.97,3093.32,3087.41,3088.66,9014.54,27857390.4041
1768078800000,3088.66,3089.03,3083.84,3084.62,9557.93,29498696.5173
1768082400000,3084.62,3088.81,3077.01,3079.04,13511.27,41645186.0889
1768086000000,3079.04,3088.28,3078.41,3085.62,7418.68,22877233.6929
1768089600000,3085.62,3091.71,3083.01,3090.97,10814.6,33399322.2593
1768093200000,3090.97,3094.33,3087.45,3094.33,8610.73,26612485.2441
1768096800000,3094.33,3096.18,3090.36,3091.21,5383.95,16656678.0423
1768100400000,3091.21,3096.39,3090.49,3095.8,4677.11,14471631.3901
1768104000000,3095.8,3097.86,3093.39,3096.75,5420.7,16779285.6416
1768107600000,3096.75,3101.32,3094.5,3098.1,10282.66,31845750.6547
1768111200000,3098.1,3099.61,3088.3,3096.06,9661.86,29892458.3053
1768114800000,3096.06,3096.97,3091.04,3093.9,5038.56,15587282.8387
1768118400000,3093.9,3106.99,3091.33,3101.97,13864.49,42987463.187
1768122000000,3101.97,3109.29,3098.75,3102.73,11826.65,36701092.4163
1768125600000,3102.73,3107.07,3100.78,3106.46,8507.6,26413399.3048
1768129200000,3106.46,3106.94,3101.39,3104,7950.76,24677358.4807
1768132800000,3104,3115.92,3103.35,3112.64,23468.65,72973639.7476
1768136400000,3112.64,3115.57,3105.77,3108.41,16784.48,52204794.574
1768140000000,3108.41,3129.15,3108.4,3124.31,22629.91,70585939.6638
1768143600000,3124.31,3129.77,3108.42,3116.87,31009.66,96695490.7588
1768147200000,3116.87,3146.5,3114.52,3128.41,74825.27,234524606.8477
1768150800000,3128.41,3132.9,3117.12,3125.96,23581.52,73715650.9989
1768154400000,3125.96,3133.43,3119.05,3128.5,10733.84,33542200.3378
1768158000000,3128.5,3131.71,3117.36,3123.11,9461.94,29555775.8324
1768161600000,3123.11,3123.11,3100.14,3113.74,36948.77,114856544.2005
1768165200000,3113.74,3124.77,3106.18,3119.28,15404.29,47987287.5133
1768168800000,3119.28,3119.28,3105,3108,15754.96,49007018.9219
1768172400000,3108,3124.8,3090.8,3121.62,65644.49,204084836.8721
1768176000000,3121.62,3126.59,3095.36,3118.85,46842.38,145692698.8508
1768179600000,3118.85,3136.58,3111.89,3123.36,64267.27,200845697.0976
1768183200000,3123.36,3166.86,3120.84,3156.57,88289.27,277915416.4127
1768186800000,3156.57,3170.72,3150,3150.94,49664.49,156953675.7937
1768190400000,3150.94,3162.3,3147.42,3157.71,17378.21,54838012.1703
1768194000000,3157.71,3165.77,3153.6,3157.59,18449.53,58295847.6483
1768197600000,3157.59,3164.47,3151.14,3153.2,19791.12,62461934.8385
1768201200000,3153.2,3160,3131.45,3133.66,52852.98,166079513.0822
1768204800000,3133.66,3146.28,3098.8,3113.82,149819.81,467132165.1091
1768208400000,3113.82,3123.3,3109.26,3115.05,43828.38,136608135.6151
1768212000000,3115.05,3118.75,3102.41,3105.27,23433.02,72894614.9993
1768215600000,3105.27,3120.56,3104.48,3113.95,25952.84,80792363.061
1768219200000,3113.95,3121.61,3111.21,3115.76,18361.77,57241037.3828
1768222800000,3115.76,3118.97,3103.77,3107.43,26463.27,82282450.9564
1768226400000,3107.43,3117.93,3063.39,3103.49,218558.6,675484200.4259
1768230000000,3103.49,3133.94,3091,3128.85,118860.4,370432380.0132
1768233600000,3128.85,3145.79,3119.2,3129.08,96768.27,303092915.1944
1768237200000,3129.08,3135.8,3082.49,3103.19,104944.45,325785463.6778
1768240800000,3103.19,3117.99,3093.68,3106.63,49314.85,153208426.8368
1768244400000,3106.63,3120.81,3095.13,3119.62,24868.87,77398672.5589
1768248000000,3119.62,3126.69,3098.16,3100.8,31213.93,97101063.5432
1768251600000,3100.8,3105.63,3081.75,3090.33,40871.38,126425148.3584
1768255200000,3090.33,3105.91,3090.32,3093.84,31565.36,97823455.1245
1768258800000,3093.84,3097.4,3086.65,3093.53,22104.77,68337986.0784
1768262400000,3093.53,3108.3,3091.35,3106.79,30334.29,94089468.2831
1768266000000,3106.79,3113.1,3090.01,3096.04,24773.69,76800412.1994
1768269600000,3096.04,3106.95,3096.04,3099.97,17255.6,53524876.4252
1768273200000,3099.97,3118,3099.69,3114.88,26514.73,82488510.2643
1768276800000,3114.88,3122.47,3111.01,3121.07,24047.12,74959358.6621
1768280400000,3121.07,3145.98,3120.24,3130.54,72369.92,226940729.3931
1768284000000,3130.54,3136.99,3122.1,3133.17,36773.86,115085660.346
1768287600000,3133.17,3134.37,3120.57,3120.7,17855.6,55815568.2764
1768291200000,3120.7,3137.08,3120.7,3134.82,20526.25,64232754.1748
1768294800000,3134.82,3148,3128.01,3137.66,55358.19,173758035.519
1768298400000,3137.66,3141.23,3128.01,3133.6,17575.19,55089913.8138
1768302000000,3133.6,3138.24,3130.1,3132.86,17560.47,55024948.5722
1768305600000,3132.86,3136.92,3128.59,3133.79,18738.95,58714508.3115
1768309200000,3133.79,3160,3128.01,3141.19,146235.33,459947527.5556
1768312800000,3141.19,3164.97,3129,3143.34,118597.53,373279143.8733
1768316400000,3143.34,3187.87,3131.04,3183.07,133904.86,422811782.8964
1768320000000,3183.07,3195.69,3169.64,3179.65,122530.97,390119011.9546
1768323600000,3179.65,3186.8,3171.34,3178.55,41642.76,132396135.1074
1768327200000,3178.55,3213.95,3176.54,3199.36,77294.95,247091267.5886
1768330800000,3199.36,3217.67,3189.74,3214.72,53680.03,172040765.4234
1768334400000,3214.72,3219.38,3188.75,3202.71,61141.64,195877095.8146
1768338000000,3202.71,3215.61,3199.52,3208.3,36680.84,117718193.7428
1768341600000,3208.3,3383,3208.3,3329.55,343363.65,1135549936.1501
1768345200000,3329.55,3346.32,3312.4,3324.22,86584.28,288116735.6559
1768348800000,3324.22,3335.6,3314,3323.14,39507.21,131378031.7635
1768352400000,3323.14,3344.9,3319.89,3335.11,51136.36,170393775.3996
1768356000000,3335.11,3357.32,3319.69,3325.59,62509.35,208606874.2607
1768359600000,3325.59,3352.19,3320,3351.45,35847.42,119582876.5797
1768363200000,3351.45,3367.52,3334.16,3337.76,59173.18,198019314.6237
1768366800000,3337.76,3338.02,3323.35,3329.11,29284.88,97566687.0591
1768370400000,3329.11,3334.47,3320.59,3333.51,26898.09,89475100.0844
1768374000000,3333.51,3341.9,3327,3335.2,29203.06,97362128.9155
1768377600000,3335.2,3342.42,3325.47,3325.74,25628.29,85448403.1476
1768381200000,3325.74,3333.91,3323.08,3327.26,14098.92,46927508.5011
1768384800000,3327.26,3332.23,3302.93,3311.55,55907.07,185261921.61
1768388400000,3311.55,3312.39,3280.08,3284.44,54088.83,178166204.2105
1768392000000,3284.44,3298.53,3277.57,3294.97,34138.09,112365364.9624
1768395600000,3294.97,3306.89,3287.63,3302.26,61526.83,203010181.9603
1768399200000,3302.26,3357.64,3301.6,3348.11,176873.5,588538124.7273
1768402800000,3348.11,3362.41,3326.43,3344.41,115756.27,387167222.2602
1768406400000,3344.41,3402.5,3344.24,3369.32,171605.78,579230289.5478
1768410000000,3369.32,3381.3,3336.47,3340.99,96904.45,325045615.6174
1768413600000,3340.99,3353,3313.95,3338.57,85418.59,284614754.7869
1768417200000,3338.57,3402.71,3330.71,3366.22,117626.14,395968045.6862
1768420800000,3366.22,3391.92,3360.4,3382.14,58211.39,196431932.2686
1768424400000,3382.14,3382.29,3354.97,3371.01,50225.53,169152971.7684
1768428000000,3371.01,3373.1,3345.42,3347.28,31371.77,105328516.6353
1768431600000,3347.28,3368.73,3346.95,3353.07,29157.76,97864820.5482
1768435200000,3353.07,3353.86,3321.75,3329.76,51556.04,171897066.4415
1768438800000,3329.76,3341.88,3315.39,3322.98,38886.87,129400157.0221
1768442400000,3322.98,3330.96,3302.73,3312.63,44729.84,148262749.4666
1768446000000,3312.63,3319.99,3273.85,3284.4,87655.32,288464845.9213
1768449600000,3284.4,3307.03,3282.51,3303.34,42417.07,139863161.8197
1768453200000,3303.34,3314.33,3300.29,3309.33,20637.94,68281635.4902
1768456800000,3309.33,3322.51,3308.41,3314.48,27211.75,90240172.3673
1768460400000,3314.48,3334.69,3312.92,3328.95,27104.46,90139299.3809
1768464000000,3328.95,3338,3318.64,3335.19,24500.37,81533614.4766
1768467600000,3335.19,3373.29,3328.62,3364.77,88140.6,295878421.7874
1768471200000,3364.77,3377.43,3356.31,3362.79,38426.21,129324545.0493
1768474800000,3362.79,3364.83,3345.41,3348.15,29654.78,99446982.4216
1768478400000,3348.15,3369.84,3341.85,3367.56,38132.29,127971883.5035
1768482000000,3367.56,3383.42,3354.71,3369.61,59229.62,199594481.9462
1768485600000,3369.61,3381.74,3319.24,3340.12,178313.67,596572859.5362
1768489200000,3340.12,3356.4,3283.5,3329.2,187371.82,621155009.9901
1768492800000,3329.2,3334.57,3307.78,3328.66,53038.4,176104263.0392
1768496400000,3328.66,3336,3295.05,3299.14,72063.83,239063494.1606
1768500000000,3299.14,3306.29,3270.54,3287.19,102440.24,336885542.3725
1768503600000,3287.19,3301.62,3275.2,3294.33,62200.43,204512422.9655
1768507200000,3294.33,3306.37,3274.77,3286.5,43394.31,142710004.2118
1768510800000,3286.5,3304.33,3282.59,3297.55,25709.42,84708314.6562
1768514400000,3297.55,3318.93,3294.5,3307.71,31538.89,104280438.7442
1768518000000,3307.71,3322.85,3300.86,3317.54,23278.63,77135953.5658
1768521600000,3317.54,3326.73,3314.62,3316.01,17556.19,58304153.931
1768525200000,3316.01,3320.74,3300.55,3312.44,22466.92,74361585.2711
1768528800000,3312.44,3312.53,3290.01,3302.4,35040.81,115579555.152
1768532400000,3302.4,3307,3293.74,3293.86,11013.78,36347204.5289
1768536000000,3293.86,3304.18,3275.33,3286.48,45738.83,150293040.4873
1768539600000,3286.48,3315.34,3282.75,3307.6,36854.73,121650963.5992
1768543200000,3307.6,3316.21,3301.2,3312.89,18109.35,59918687.743
1768546800000,3312.89,3315.13,3299.44,3308.35,22293.43,73713935.9686
1768550400000,3308.35,3319.22,3307.05,3312.11,21923.53,72665938.2746
1768554000000,3312.11,3315.31,3305.64,3306.48,12932.47,42802546.3031
1768557600000,3306.48,3307.6,3292.89,3296.27,24260.28,80034940.3055
1768561200000,3296.27,3305.61,3291.13,3300.34,19933.3,65753572.5164
1768564800000,3300.34,3313.63,3298.58,3307.49,22529.14,74496546.584
1768568400000,3307.49,3309.64,3294.17,3306.13,19016.14,62822575.4954
1768572000000,3306.13,3318,3288.14,3292.3,55940.62,184655663.9191
1768575600000,3292.3,3310.02,3250.44,3262.43,164688.84,539164998.3643
1768579200000,3262.43,3287.39,3257.48,3277.58,83473.04,273336790.1664
1768582800000,3277.58,3285,3263.9,3282.93,31515.97,103251254.4595
1768586400000,3282.93,3287.44,3276.03,3276.71,17111.48,56156660.2625
1768590000000,3276.71,3277.88,3266.24,3275.19,16839.34,55109413.4244
1768593600000,3275.19,3292.88,3262.28,3291.2,49971.26,163862855.6269
1768597200000,3291.2,3298.18,3286.33,3292.64,27544.89,90724966.7724
1768600800000,3292.64,3293.68,3280.32,3292.53,17818.94,58578667.9286
1768604400000,3292.53,3298.91,3290.68,3294.65,14301.59,47121845.785
1768608000000,3294.65,3295.9,3288.46,3291.51,8090.61,26628454.1709
1768611600000,3291.51,3294.3,3286.14,3289.02,8202.4,26987312.962
1768615200000,3289.02,3291.4,3282.03,3290.84,7737.57,25421793.5056
1768618800000,3290.84,3291.36,3286.13,3287.81,6390.74,21023274.2373
1768622400000,3287.81,3291.32,3284.44,3290.65,4988.99,16404609.034
1768626000000,3290.65,3292.81,3287.7,3289.68,6676.62,21970278.0348
1768629600000,3289.68,3292.09,3285.69,3289.36,7273.42,23918052.7003
1768633200000,3289.36,3290.89,3285.14,3289.62,5188.8,17062190.3294
1768636800000,3289.62,3295.5,3286.52,3295.3,15871.83,52264071.1534
1768640400000,3295.3,3302.86,3292,3297.31,21354.58,70436820.8854
1768644000000,3297.31,3299.44,3293.34,3294.92,5668.64,18683802.4532
1768647600000,3294.92,3303.99,3290.46,3301.32,14909.47,49185444.2479
1768651200000,3301.32,3305,3298.5,3300.82,9926.61,32772642.4933
1768654800000,3300.82,3303.28,3297.66,3302.27,6574.71,21700340.4972
1768658400000,3302.27,3311.51,3300,3308.87,23204.05,76733712.308
1768662000000,3308.87,3329.23,3305.5,3328.1,65754.42,218262976.8682
1768665600000,3328.1,3329.08,3310.33,3317.95,51569.46,171104745.8262
1768669200000,3317.95,3326.87,3316.04,3318.15,16080.97,53405540.3936
1768672800000,3318.15,3319.65,3313.09,3316.32,7938.33,26323919.8321
1768676400000,3316.32,3320.15,3313.19,3315.05,6040.2,20027409.8127
1768680000000,3315.05,3318.98,3313.47,3316.11,4873.3,16158484.9209
1768683600000,3316.11,3316.33,3305.5,3311.43,8121.59,26885533.6333
1768687200000,3311.43,3311.44,3295.12,3300.32,30319.25,100082515.3781
1768690800000,3300.32,3308.99,3298.94,3308.54,7198.83,23793388.8016
1768694400000,3308.54,3312.96,3301.32,3303,11080.51,36645230.748
1768698000000,3303,3305.6,3294.21,3299.6,26391.6,87080826.1005
1768701600000,3299.6,3304.63,3295.01,3301.7,12899.72,42566631.2592
1768705200000,3301.7,3318.28,3301.43,3315.12,16586.2,54925833.8188
1768708800000,3315.12,3317.04,3306.67,3310.66,11608.81,38447103.5843
1768712400000,3310.66,3317.21,3309.19,3314.1,13240.23,43872618.375
1768716000000,3314.1,3316.26,3309.73,3313.96,13420.05,44456363.5548
1768719600000,3313.96,3314.05,3303.61,3305.88,10569.19,34951088.9496
1768723200000,3305.88,3315.43,3301.47,3313.71,16407.25,54278222.6772
1768726800000,3313.71,3323.79,3312.28,3321.63,22365.77,74243311.145
1768730400000,3321.63,3324.89,3316.36,3324.36,12722.35,42250296.686
1768734000000,3324.36,3324.45,3317.1,3320.94,8056.27,26742236.7545
1768737600000,3320.94,3326.28,3316.67,3320.48,10539.41,35004707.5259
1768741200000,3320.48,3329.99,3312.53,3324.9,28464.05,94508316.3147
1768744800000,3324.9,3346.68,3320.8,3323.38,69916.7,233107365.4787
1768748400000,3323.38,3334.44,3316.46,3332.5,22093.9,73505930.2928
1768752000000,3332.5,3337.23,3328.11,3332.36,8457.21,28191498.7456
1768755600000,3332.36,3345.91,3330.65,3343.55,15557.43,51932932.995
1768759200000,3343.55,3368.67,3335.39,3360.9,81332.36,272956205.6749
1768762800000,3360.9,3364.63,3342.6,3345.27,18382.85,61624103.9999
1768766400000,3345.27,3351.56,3335.54,3339.68,16762.51,56029488.5318
1768770000000,3339.68,3344.47,3335.31,3340.35,8782.98,29333726.6976
1768773600000,3340.35,3355,3338.41,3349.64,16808.79,56277205.7507
1768777200000,3349.64,3349.64,3276.5,3282.26,176414.82,583550404.3058
1768780800000,3282.26,3282.8,3173.07,3210.45,411773.58,1326701722.7688
1768784400000,3210.45,3220.21,3192.54,3204.95,58412.56,187342615.2791
1768788000000,3204.95,3214.63,3191.42,3202.58,30104.63,96486026.6004
1768791600000,3202.58,3212.38,3193.22,3210.36,25451.38,81555858.4491
1768795200000,3210.36,3215.79,3203.34,3211.23,30680.58,98490550.3088
1768798800000,3211.23,3213.65,3193.7,3200.82,42122.81,134918600.619
1768802400000,3200.82,3203.01,3185.77,3193.97,29602.57,94527046.5819
1768806000000,3193.97,3208.49,3193.47,3205.17,20554.39,65799354.8031
1768809600000,3205.17,3220.85,3192.25,3212.49,45788.57,146918630.1529
1768813200000,3212.49,3213.38,3203.2,3207.65,17228.76,55271685.1944
1768816800000,3207.65,3214.89,3203.8,3214.07,15799.02,50711555.7162
1768820400000,3214.07,3229.76,3211.57,3222.13,33857.15,109086663.0289
1768824000000,3222.13,3235.71,3217.13,3223.62,28533.08,92056284.7012
1768827600000,3223.62,3223.62,3211,3216.89,15433.56,49643761.5738
1768831200000,3216.89,3217.99,3199.68,3211.57,29151.6,93526741.3133
1768834800000,3211.57,3219.5,3208.15,3214.19,15767.04,50671075.2429
1768838400000,3214.19,3226.15,3211.03,3221.43,16152.71,51973057.6873
1768842000000,3221.43,3224.65,3214.87,3218.3,13167.95,42390532.227
1768845600000,3218.3,3219.72,3206.62,3213,17897.19,57468002.5912
1768849200000,3213,3223.37,3213,3218.31,10018.25,32237352.3528
1768852800000,3218.31,3224.32,3210.2,3212.6,15437.38,49647055.3656
1768856400000,3212.6,3219.79,3208.16,3211.02,8839.7,28404557.9339
1768860000000,3211.02,3213.38,3183.97,3187.11,42821.11,136967986.7643
1768863600000,3187.11,3196.51,3163.24,3187.6,75965.18,241434131.4661
1768867200000,3187.6,3198.95,3174.31,3181.9,32336.97,103054157.9727
1768870800000,3181.9,3197.85,3173.11,3191.73,24240.36,77264537.1648
1768874400000,3191.73,3199.4,3176.68,3191.26,34937.16,111433564.5999
1768878000000,3191.26,3193.74,3181.65,3187.27,17640.49,56212188.0856
1768881600000,3187.27,3188.32,3166.82,3171.42,32983.95,104800590.5996
1768885200000,3171.42,3174.15,3150,3169.66,88064.21,278427612.7035
1768888800000,3169.66,3170.76,3107.09,3115.21,147474.07,461740120.0996
1768892400000,3115.21,3129.92,3110.02,3121.21,45520.73,142082894.634
1768896000000,3121.21,3121.82,3083.74,3105.18,122542.7,379983333.473
1768899600000,3105.18,3107.32,3087,3092.82,28542.63,88380346.0125
1768903200000,3092.82,3107.31,3089.29,3101,26692.49,82753943.9566
1768906800000,3101,3111.38,3101,3107.85,20490.66,63665109.7667
1768910400000,3107.85,3113.71,3100.14,3109.49,20606.43,63998567.3686
1768914000000,3109.49,3111.64,3071.55,3077.33,75407.54,232750301.3674
1768917600000,3077.33,3087.55,3031.89,3045.72,233041.11,712767438.1586
1768921200000,3045.72,3048.33,2993.32,3031.1,201018.78,606830299.4815
1768924800000,3031.1,3041.39,2997.05,3007.76,66594.16,200980677.724
1768928400000,3007.76,3022.13,2982.03,2998.62,89209.1,267454578.9876
1768932000000,2998.62,3007.83,2986.4,2990.52,39823.79,119341041.6758
1768935600000,2990.52,3002,2977.68,2995.03,54306.69,162374236.9737
1768939200000,2995.03,3006.66,2984.77,3005.7,46743.27,140171943.8036
1768942800000,3005.7,3006.32,2988,2992.04,16254.62,48718773.6715
1768946400000,2992.04,2998.1,2906.2,2950.8,177890.56,523933728.018
1768950000000,2950.8,2951.57,2928,2938.74,70688.85,207795679.0054
1768953600000,2938.74,2968.32,2919.72,2958.8,75563.08,222443491.3943
1768957200000,2958.8,2973,2954.02,2963.54,30762.19,91214604.2864
1768960800000,2963.54,2974.05,2956.21,2960.09,28406.72,84225978.6627
1768964400000,2960.09,2982.99,2959.48,2980.1,23347.75,69441775.9835
1768968000000,2980.1,2984.57,2971.96,2977.65,19359.8,57680631.6403
1768971600000,2977.65,3000.84,2976.07,2991.77,35488.59,106106143.1642
1768975200000,2991.77,2992.75,2973.37,2978.89,24550.23,73271256.6797
1768978800000,2978.89,2984.33,2963.92,2969.1,28141.34,83638552.1531
1768982400000,2969.1,2973.31,2953.38,2963.8,33233.34,98466425.4466
1768986000000,2963.8,2973.91,2948.13,2952.44,29578.32,87555643.8349
1768989600000,2952.44,2968.84,2949.87,2962.34,21002.56,62121858.0349
1768993200000,2962.34,2970.46,2936.24,2941.94,41779.07,123240314.7365
1768996800000,2941.94,2944.85,2900.83,2930.31,134617.74,393017430.9634
1769000400000,2930.31,2944.68,2918.4,2926.78,63059.02,184967677.2463
1769004000000,2926.78,2994.92,2922.89,2980,194196.94,576718133.8157
1769007600000,2980,3026.11,2973.69,3001.49,149886.39,449397623.338
1769011200000,3001.49,3004.01,2883.47,2889.76,259068.38,757824835.5021
1769014800000,2889.76,2912.7,2864.33,2902.26,145791.2,421093873.243
1769018400000,2902.26,2933.13,2885.99,2925.72,65619.23,190793555.4218
1769022000000,2925.72,3069.67,2915.06,3054.89,320551.31,962602720.4865
1769025600000,3054.89,3057,3002.24,3030.98,120165.57,363355621.5772
1769029200000,3030.98,3043.95,3019.75,3030.02,35637.61,108073400.9123
1769032800000,3030.02,3045.63,3007.97,3009,39132.63,118439946.4977
1769036400000,3009,3024.43,2970.66,2980.99,82793.77,247948818.7465
1769040000000,2980.99,3009.77,2979.26,3004.31,33225.14,99634895.9229
1769043600000,3004.31,3033.32,3001,3027.06,48519.77,146443179.9581
1769047200000,3027.06,3037.78,3013.05,3016.38,29678.73,89776153.1678
1769050800000,3016.38,3030.43,2998.08,3012.26,33750.72,101708261.1374
1769054400000,3012.26,3024.47,3010,3021.89,17294.3,52180556.0562
1769058000000,3021.89,3026.64,3013.23,3018.52,11357.74,34289728.5855
1769061600000,3018.52,3026.59,3007,3017.96,15979.6,48204133.0677
1769065200000,3017.96,3021.22,2998.5,2999.46,24764.51,74487091.5608
1769068800000,2999.46,3006.87,2991.19,3004.39,29864.88,89555784.594
1769072400000,3004.39,3015,3002,3012.02,19287.97,58038530.6321
1769076000000,3012.02,3013.59,2998.2,3001.51,20664.11,62092303.9142
1769079600000,3001.51,3005.39,2976.3,2984.84,54449.72,162806198.993
1769083200000,2984.84,2997.49,2976.71,2989.69,29289.64,87536662.5745
1769086800000,2989.69,3009.33,2960.52,2971.52,92378.79,275276045.3606
1769090400000,2971.52,2981.67,2933,2939.32,139357.32,412080046.6097
1769094000000,2939.32,2967.01,2903.66,2940.01,190906.62,559671731.7059
1769097600000,2940.01,2957.33,2921.87,2944.63,92254.03,271069220.642
1769101200000,2944.63,2962.96,2933.24,2960.62,42344.71,124883005.9413
1769104800000,2960.62,2971.69,2936.39,2938.17,48307.66,142730291.6082
1769108400000,2938.17,2961.94,2926.97,2952.08,36247.83,106745012.1078
1769112000000,2952.08,2956.5,2928.56,2937.21,51395.44,151099464.5309
1769115600000,2937.21,2950.45,2931.42,2944.76,19548.71,57555767.6598
1769119200000,2944.76,2958.05,2941.71,2950.27,16394.87,48357423.5587
1769122800000,2950.27,2954.37,2938.17,2950.91,13245.65,39036534.6657
1769126400000,2950.91,2955.99,2944.37,2952,10454.66,30845110.6876
1769130000000,2952,2968.71,2951.74,2967.56,18480.1,54694421.8948
1769133600000,2967.56,2971.12,2951.01,2951.19,20754.54,61468844.6713
1769137200000,2951.19,2964.2,2950,2963.11,7829.81,23162907.9421
1769140800000,2963.11,2984.03,2961.02,2976.42,39682.92,118019201.0214
1769144400000,2976.42,2977,2961.86,2966.8,25028.32,74318145.8226
1769148000000,2966.8,2973.92,2936.2,2938.44,45288.09,133571740.0592
1769151600000,2938.44,2949.97,2933.2,2946.19,34300.68,100905832.4681
1769155200000,2946.19,2949.29,2920.52,2926,45304.36,132796484.1836
1769158800000,2926,2934.13,2913.92,2919.65,36797.65,107579478.0586
1769162400000,2919.65,2933.69,2913.92,2929.43,22562.22,65979084.0785
1769166000000,2929.43,2945.38,2927.18,2939.46,22047.86,64777630.0072
1769169600000,2939.46,2939.46,2927.47,2933.43,18137.43,53214553.1771
1769173200000,2933.43,2943.61,2925.01,2929.27,25381.32,74496973.8516
1769176800000,2929.27,2940.96,2890.1,2914.52,119820.13,348762204.4394
1769180400000,2914.52,2964.54,2897.01,2950.96,98829.17,289888328.7019
1769184000000,2950.96,2979.28,2937.16,2966.69,110055.4,325884137.7011
1769187600000,2966.69,3019.12,2958.6,2986.2,128226.74,383779278.3454
1769191200000,2986.2,3006.97,2976.45,2987.33,62953.22,188200867.9655
1769194800000,2987.33,2987.76,2944.64,2958.27,88888.19,263576611.7262
1769198400000,2958.27,2962.63,2927.55,2938.96,49826.83,146586509.741
1769202000000,2938.96,2951.86,2936.96,2942.25,13539.57,39882759.7843
1769205600000,2942.25,2960.98,2941.84,2958.73,22483.37,66423785.0424
1769209200000,2958.73,2958.73,2949.01,2954.77,10793.3,31873469.1288
1769212800000,2954.77,2957.68,2948,2949.25,12607.72,37232017.5735
1769216400000,2949.25,2957.89,2948.2,2954.52,6243.97,18442214.6994
1769220000000,2954.52,2960.98,2952.94,2957.8,6079.68,17978640.4005
1769223600000,2957.8,2968.67,2955.43,2960.8,13400.42,39701819.1023
1769227200000,2960.8,2965,2957.75,2961.95,10157.74,30075081.8879
1769230800000,2961.95,2964.29,2954.98,2959.91,8980.98,26586790.7638
1769234400000,2959.91,2962.5,2957,2959.91,4066.62,12037085.912
1769238000000,2959.91,2960.62,2951.95,2955.78,10416.03,30794521.3045
1769241600000,2955.78,2962.16,2952.54,2961.79,8251.31,24398742.6166
1769245200000,2961.79,2963.41,2958.41,2959.58,4682.61,13864670.0118
1769248800000,2959.58,2960.98,2957.24,2960.27,3813.48,11283770.5605
1769252400000,2960.27,2963.01,2959,2959.51,6301.05,18658835.9829
1769256000000,2959.51,2963.72,2957.74,2961.22,6919.66,20482293.7806
1769259600000,2961.22,2962.3,2946.12,2947.38,15015,44349136.5558
1769263200000,2947.38,2958.65,2941.95,2958.14,26631.49,78583311.027
1769266800000,2958.14,2966.8,2952.42,2955.42,23896.93,70734684.7705
1769270400000,2955.42,2960.83,2949.91,2957.4,14409.23,42584544.3575
1769274000000,2957.4,2964.96,2956.52,2962.7,7465.16,22105927.3429
1769277600000,2962.7,2967,2960.69,2962.04,5232.24,15504812.6514
1769281200000,2962.04,2962.73,2951.38,2952.5,7565.75,22359963.1928
1769284800000,2952.5,2957.42,2952.01,2954.99,3258.87,9629797.4574
1769288400000,2954.99,2956.53,2947.21,2956.53,11137.57,32875075.5272
1769292000000,2956.53,2963.42,2956.53,2961.88,9496.3,28110699.3512
1769295600000,2961.88,2963.48,2950.97,2952,8109.71,23957300.3593
1769299200000,2952,2957.42,2950.86,2957.4,5140.89,15184126.6284
1769302800000,2957.4,2959,2948.48,2953.76,12532.15,37004999.4986
1769306400000,2953.76,2956.57,2951.44,2951.63,5127.88,15148041.1266
1769310000000,2951.63,2952.83,2935.18,2941.28,17893.18,52635851.2407
1769313600000,2941.28,2949.3,2938.8,2943.9,11976.06,35260706.2001
1769317200000,2943.9,2947.84,2940.6,2945.81,5586.24,16448197.013
1769320800000,2945.81,2947.01,2933.23,2942.88,17588.23,51691489.179
1769324400000,2942.88,2942.88,2936.7,2938.07,6040.32,17757551.4514
1769328000000,2938.07,2943.52,2919.02,2927.62,33580.65,98389623.3007
1769331600000,2927.62,2938.62,2925.18,2934.59,17878.73,52433913.2771
1769335200000,2934.59,2947.66,2934.26,2943.67,18329.22,53923534.8494
1769338800000,2943.67,2945.34,2930.69,2936.19,16778.85,49281843.5676
1769342400000,2936.19,2943.77,2931.2,2941.29,17615.42,51747576.0943
1769346000000,2941.29,2944.44,2933.75,2940.35,9775.58,28740857.2515
1769349600000,2940.35,2941.81,2923.02,2930.83,27778.81,81400952.1925
1769353200000,2930.83,2935.21,2920.53,2925.49,12863.34,37663716.4899
1769356800000,2925.49,2926.28,2874.42,2895.38,167210.03,484227955.0003
1769360400000,2895.38,2896.89,2877,2882.72,31522.6,90980877.524
1769364000000,2882.72,2887.49,2825.66,2846.33,182736.12,521195376.9333
1769367600000,2846.33,2852.2,2794.01,2811.11,139580.22,393436138.7856
1769371200000,2811.11,2822,2785,2808.05,89275.4,249984172.5384
1769374800000,2808.05,2823.93,2800.14,2817.24,50203.67,141272526.2383
1769378400000,2817.24,2817.72,2788,2806.17,45782.33,128299736.2624
1769382000000,2806.17,2820.71,2785.06,2815.61,57397.19,160971516.1315
1769385600000,2815.61,2846.15,2811.02,2840.53,74945.32,212110362.7883
1769389200000,2840.53,2897.5,2836.33,2881.33,89202.35,256210738.9484
1769392800000,2881.33,2884.4,2862.17,2864.79,42194.63,121184606.9413
1769396400000,2864.79,2871.38,2840,2850,35180.73,100370435.4627
1769400000000,2850,2874.75,2848.77,2864.91,32455.73,92933855.8184
1769403600000,2864.91,2872.01,2859.01,2868.55,11824.95,33889602.6483
1769407200000,2868.55,2891,2865.15,2890.09,30361.38,87419239.5598
1769410800000,2890.09,2910,2884.69,2903.08,48742.25,141227171.1401
1769414400000,2903.08,2933.57,2895.43,2911.2,75113.86,219043721.5425
1769418000000,2911.2,2912.81,2879.35,2884.44,56247.06,162648665.3402
1769421600000,2884.44,2900.53,2883.39,2894.91,18440.89,53368543.3805
1769425200000,2894.91,2899.98,2887.02,2891.33,13984.21,40451176.5491
1769428800000,2891.33,2914.62,2891.08,2901.28,29395.69,85370819.2437
1769432400000,2901.28,2910.28,2895.29,2908.43,18299.38,53159813.701
1769436000000,2908.43,2934.29,2872.93,2921.36,187310.51,544036700.4882
1769439600000,2921.36,2951.63,2884.5,2898.02,167406,488849867.9576
1769443200000,2898.02,2916.83,2890.3,2900.15,64817.86,188296197.5313
1769446800000,2900.15,2914.87,2883.89,2908.4,60267.88,174667975.2896
1769450400000,2908.4,2932.16,2906.8,2931.24,58965.09,172173829.774
1769454000000,2931.24,2935.94,2916.04,2922,25152.97,73642370.919
1769457600000,2922,2928.37,2896.57,2900.1,37681.58,109708828.6376
1769461200000,2900.1,2944.05,2892.72,2927.44,62022.26,181480415.6608
1769464800000,2927.44,2936.85,2918.07,2925.39,26219.96,76737514.1744
1769468400000,2925.39,2944.8,2916.55,2928.91,30925.89,90673035.365
1769472000000,2928.91,2929.87,2916.01,2919.19,13210.67,38601921.6548
1769475600000,2919.19,2939,2911,2931.17,27360.74,80090701.5104
1769479200000,2931.17,2946.85,2931.11,2944.01,21061.29,61892553.2008
1769482800000,2944.01,2947.77,2935,2939.73,13676.39,40220525.3595
1769486400000,2939.73,2956.03,2934.58,2939.16,25707.38,75745800.0909
1769490000000,2939.16,2940.85,2932.03,2938.14,9506.99,27916263.8099
1769493600000,2938.14,2941.95,2923.04,2927.88,17472.12,51176944.8321
1769497200000,2927.88,2936.1,2925.69,2927.68,16442.76,48200627.629
1769500800000,2927.68,2931.49,2918.08,2921.79,18547.77,54231684.4523
1769504400000,2921.79,2921.79,2905.31,2906.39,28449.12,82856506.7712
1769508000000,2906.39,2914.39,2900,2902.08,20161.36,58604609.2638
1769511600000,2902.08,2921.4,2898,2915.51,25529.05,74312223.747
1769515200000,2915.51,2926.7,2913.5,2916.81,27369.91,79916489.9566
1769518800000,2916.81,2917.92,2903.93,2911.1,18562.36,54029270.827
1769522400000,2911.1,2942.54,2905,2917.25,70882.26,207189916.1633
1769526000000,2917.25,2940.84,2911,2936.21,53166.76,155550720.2478
1769529600000,2936.21,2997.99,2933.37,2989.87,170504.06,507185136.6748
1769533200000,2989.87,2994.05,2915.69,2928.86,162731.91,478874905.317
1769536800000,2928.86,2989.07,2924.56,2976.68,75966.15,224604409.9336
1769540400000,2976.68,2991.35,2964.51,2979.23,51232.5,152551105.7988
1769544000000,2979.23,3028,2977.21,3019.73,127596.27,383807864.6995
1769547600000,3019.73,3029.95,3004.14,3014.57,44322.7,133707424.2683
1769551200000,3014.57,3022.25,3002.81,3017.79,32465.29,97831583.9925
1769554800000,3017.79,3033.76,3009.27,3024.65,35240.8,106539775.9602
1769558400000,3024.65,3028.95,3013.98,3023.09,18843.55,56918338.2342
1769562000000,3023.09,3025.86,3005.64,3016.74,29999.54,90394450.6499
1769565600000,3016.74,3017.2,3004.03,3009.35,12935.06,38935274.4926
1769569200000,3009.35,3010.99,2995.34,3003.64,23298.9,69935163.8666
1769572800000,3003.64,3005.34,2991.46,2998.21,16118.01,48297950.2587
1769576400000,2998.21,3007.95,2994.72,3002.85,25669.89,77002017.8286
1769580000000,3002.85,3017.25,3001.31,3012.9,26273.07,79098094.0537
1769583600000,3012.9,3013.87,3000.28,3003.91,15273.72,45915188.3336
1769587200000,3003.91,3005.33,2986.8,2989.06,30171.36,90320407.2655
1769590800000,2989.06,3016.57,2985,3016.33,48964.38,146985522.9254
1769594400000,3016.33,3039.18,3011.7,3024.84,65060.62,196763071.405
1769598000000,3024.84,3045,3013.38,3038.65,51609.92,156514950.9034
1769601600000,3038.65,3039.74,3022.29,3030.2,47506.12,143982261.4597
1769605200000,3030.2,3045.81,3028.24,3033.45,34157.78,103726156.2516
1769608800000,3033.45,3033.63,3005.21,3011.19,62722.54,189380758.843
1769612400000,3011.19,3019.93,2981.08,3006.12,80099.43,240269788.6299
1769616000000,3006.12,3016.67,2994.11,2997.98,32907.16,98840057.6439
1769619600000,2997.98,3030.83,2987.37,3013.52,54538.9,164193825.1531
1769623200000,3013.52,3023.31,2998.49,3014.31,51451.7,154874402.873
1769626800000,3014.31,3023.43,2994.44,3015.29,70271.55,211493327.9861
1769630400000,3015.29,3036.98,3006.96,3010.72,45739.78,138167360.1542
1769634000000,3010.72,3022.38,2995,3020.29,31253.38,94049112.2803
1769637600000,3020.29,3026.62,3007,3017.13,20433.26,61625986.4168
1769641200000,3017.13,3022.12,3006.09,3008.94,14374.01,43312352.2423
1769644800000,3008.94,3011.86,2994.23,3007.96,21379.58,64196352.9368
1769648400000,3007.96,3010.31,2985.37,2991.28,30529.05,91396986.5028
1769652000000,2991.28,2998.18,2943,2957.89,111250.42,330058179.6661
1769655600000,2957.89,2971.8,2946,2951.19,48042.53,142086382.6039
1769659200000,2951.19,2959.53,2935.72,2958.09,31956.54,94230626.7756
1769662800000,2958.09,2965.2,2946.54,2950.25,28655.91,84778685.2184
1769666400000,2950.25,2958.37,2948.92,2954.88,17932.63,52966925.2319
1769670000000,2954.88,2963.66,2953.86,2959.99,12871.81,38080984.3905
1769673600000,2959.99,2968.58,2940.6,2951.05,50574.6,149281959.6351
1769677200000,2951.05,2953.88,2940.3,2940.91,16750.16,49358849.3013
1769680800000,2940.91,2948.26,2940,2943.14,13596.15,40033902.9478
1769684400000,2943.14,2944.3,2921.7,2928.19,64329.28,188506252.1819
1769688000000,2928.19,2937.43,2923.97,2935.13,20650.8,60546417.3924
1769691600000,2935.13,2938,2929.65,2934.94,18046.96,52957892.4522
1769695200000,2934.94,2935.66,2873.71,2874.53,117557.2,341404885.1341
1769698800000,2874.53,2876,2794.21,2822.64,372225.22,1052060502.5014
1769702400000,2822.64,2835.8,2800.08,2833.85,145957.72,410900513.2059
1769706000000,2833.85,2859.78,2816.96,2823.21,120458.89,341846317.5448
1769709600000,2823.21,2833,2752.05,2762.23,234687.65,654685294.4982
1769713200000,2762.23,2810,2756,2796.19,119647.54,333250752.2332
1769716800000,2796.19,2811.93,2787.5,2804.86,41324.98,115583170.2354
1769720400000,2804.86,2824.45,2804.16,2818.5,36008.02,101327211.2524
1769724000000,2818.5,2824.13,2808.45,2818.53,14949.9,42073797.8382
1769727600000,2818.53,2826.09,2811.03,2820.8,26766.15,75486822.8201
1769731200000,2820.8,2827.22,2800.45,2803.25,32747.59,92048557.6388
1769734800000,2803.25,2812,2678.13,2745.69,295195.45,808812076.0209
1769738400000,2745.69,2749.86,2697.28,2735.3,117418.48,319956372.9224
1769742000000,2735.3,2747.14,2732.22,2739.39,28624.79,78416218.0271
1769745600000,2739.39,2773.7,2736.38,2751.47,57180.59,157675268.7867
1769749200000,2751.47,2759.51,2744.86,2745.61,21210.11,58359881.2113
1769752800000,2745.61,2747.28,2694,2716.55,85884.78,233588424.1002
1769756400000,2716.55,2750.34,2716.24,2738.32,76332.21,208877652.0858
1769760000000,2738.32,2747.33,2720.76,2736.2,34387.68,93995063.3746
1769763600000,2736.2,2742.84,2708.11,2720.25,53398.44,145340357.259
1769767200000,2720.25,2735.5,2709.72,2734.79,35444.75,96467948.5725
1769770800000,2734.79,2768.95,2733.03,2758.36,47963.01,131860869.3237
1769774400000,2758.36,2765,2735.56,2739,33382.71,91725085.0292
1769778000000,2739,2750,2717.37,2728.49,55754.56,152319042.024
1769781600000,2728.49,2763.26,2722.61,2736.11,97531.3,267511239.2247
1769785200000,2736.11,2751.67,2690.67,2727.32,168360.12,458367513.6973
1769788800000,2727.32,2742.94,2703.86,2724.91,79335.63,216322350.0121
1769792400000,2724.91,2739.76,2704.13,2710.91,71274.56,193806708.5963
1769796000000,2710.91,2749.44,2634.84,2739.09,318619.94,855203384.3241
1769799600000,2739.09,2759.9,2732.17,2741.05,89633.21,246113044.482
1769803200000,2741.05,2741.68,2663,2679.25,176269.95,474875385.6419
1769806800000,2679.25,2714.2,2675.58,2703.61,71510,193038302.3847
1769810400000,2703.61,2708.43,2691.04,2708.43,16367.27,44184669.8324
1769814000000,2708.43,2710.64,2692.47,2705.65,19877.69,53691428.5447
1769817600000,2705.65,2713,2701.27,2704.87,12896.36,34910548.9098
1769821200000,2704.87,2713.35,2697.44,2698.67,17897.89,48394376.3761
1769824800000,2698.67,2707.02,2682.65,2700.45,33196.8,89413051.7126
1769828400000,2700.45,2705.35,2692.56,2694.17,10525.02,28409830.9307
1769832000000,2694.17,2703.75,2691.42,2694.21,12102.93,32651789.1241
1769835600000,2694.21,2702.54,2689.38,2696.99,15197.27,40975089.0219
1769839200000,2696.99,2700.09,2682.73,2691.76,26430.45,71079060.7141
1769842800000,2691.76,2692.81,2664.51,2679.02,34602.67,92642651.9966
1769846400000,2679.02,2682.03,2607.12,2642.48,156325.27,412558157.0118
1769850000000,2642.48,2658.57,2631.36,2647.26,40726.3,107702311.7701
1769853600000,2647.26,2654.6,2634.56,2650.35,27593.58,72992758.1275
1769857200000,2650.35,2650.35,2632.43,2639.1,19987.48,52796071.9986
1769860800000,2639.1,2643.15,2625,2631.72,42471.87,111875291.546
1769864400000,2631.72,2636.19,2615.88,2627.68,41563.49,109119215.4832
1769868000000,2627.68,2635.65,2496.11,2536.91,441567.96,1126121789.1067
1769871600000,2536.91,2553.54,2523.76,2532.31,91141.71,231460347.7926
1769875200000,2532.31,2549.26,2465,2481.21,262964.26,660104159.2397
1769878800000,2481.21,2493.9,2351.74,2401.55,457272.5,1106621641.2395
1769882400000,2401.55,2415.56,2237.52,2379.17,546787.13,1281145619.9227
1769886000000,2379.17,2432.94,2370.34,2381.41,250652.8,600116714.383
1769889600000,2381.41,2406.47,2352.65,2381.16,103133.07,244815342.5225
1769893200000,2381.16,2423.42,2370.81,2418,96970.52,232752002.1975
1769896800000,2418,2424.59,2404.62,2418.12,39141.01,94538405.4922
1769900400000,2418.12,2473,2415.41,2450.64,135974.29,333037561.0069
1769904000000,2450.64,2475,2444.57,2450.63,55481.08,136445524.6523
1769907600000,2450.63,2454.3,2426.34,2443.15,49119.87,119750825.2925
1769911200000,2443.15,2460.62,2438.65,2451.13,21572.11,52857873.8763
1769914800000,2451.13,2455.2,2436.42,2444.12,14407.94,35203294.6465
1769918400000,2444.12,2453.98,2439.78,2446.95,14106.37,34539695.0789
1769922000000,2446.95,2448.2,2423,2429.53,40857.52,99464325.1208
1769925600000,2429.53,2439.11,2407,2417.16,47417.77,114934371.4684
1769929200000,2417.16,2436.89,2391.59,2410.12,71765.64,173061669.373
1769932800000,2410.12,2427.29,2395.28,2411.7,49805.99,120063493.8877
1769936400000,2411.7,2436.81,2405.1,2431,29017.57,70223931.6407
1769940000000,2431,2438.5,2374.61,2379.54,103611.45,248672805.953
1769943600000,2379.54,2422.67,2379.54,2410.71,59157.99,142080324.2321
1769947200000,2410.71,2411.3,2382.28,2394.64,54429.26,130426459.4783
1769950800000,2394.64,2409.37,2368.16,2379.87,59404.97,141798846.6053
1769954400000,2379.87,2388.35,2325,2371.72,199296.78,469838122.8177
1769958000000,2371.72,2372.08,2285.26,2314.62,243230.15,563813124.4834
1769961600000,2314.62,2332.45,2282.73,2303.19,134092.56,309413578.1057
1769965200000,2303.19,2321.26,2295.73,2313.36,61112.99,140951785.3503
1769968800000,2313.36,2381.18,2312.52,2350.02,132479.8,311541002.4574
1769972400000,2350.02,2356.72,2304.56,2319.59,71356.63,166137571.5958
1769976000000,2319.59,2349.11,2297.45,2315.11,83446.29,193841851.4464
1769979600000,2315.11,2318.83,2277.41,2289.37,72273.24,166126737.5936
1769983200000,2289.37,2334.13,2285.81,2317.68,77044.13,178003233.4493
1769986800000,2317.68,2320.45,2218.5,2269.19,365031.43,824747836.916
1769990400000,2269.19,2323.33,2240.8,2291.75,118755.93,272424796.3772
1769994000000,2291.75,2317.37,2248.18,2289.54,110690.56,253096673.4913
1769997600000,2289.54,2299.59,2258,2260.75,70339.48,160386367.3441
1770001200000,2260.75,2266.6,2163.12,2237.82,421134.8,927238544.328
1770004800000,2237.82,2267.97,2206.13,2239.54,128925.23,288783870.9922
1770008400000,2239.54,2241.91,2183.25,2197.05,137181.72,302397549.9237
1770012000000,2197.05,2239.95,2156.75,2226.4,247482.62,544366570.9501
1770015600000,2226.4,2252.59,2216.52,2227.05,90410.43,201903581.3388
1770019200000,2227.05,2257.82,2227.05,2248.09,68449.21,153648423.9463
1770022800000,2248.09,2318.75,2236.59,2290.25,186297.97,424861742.7858
1770026400000,2290.25,2298.51,2271,2276.44,72115.18,164588318.7287
1770030000000,2276.44,2297.19,2272.28,2281.19,70188.48,160353166.4432
1770033600000,2281.19,2317.56,2281,2310.16,79826.78,183851234.4751
1770037200000,2310.16,2334.49,2300.41,2326.25,97426.18,225800438.3151
1770040800000,2326.25,2366.89,2297.14,2327.01,241506.03,563408615.4885
1770044400000,2327.01,2395.65,2320,2370.61,206854.82,488781154.26
1770048000000,2370.61,2385.66,2347.78,2357.11,91899.23,217825322.0671
1770051600000,2357.11,2379.89,2343.03,2354.99,64866.95,153171033.4239
1770055200000,2354.99,2358.31,2332.27,2343.15,70657.16,165637233.3069
1770058800000,2343.15,2349.63,2325.96,2329.56,35470.15,82923998.9608
1770062400000,2329.56,2339.48,2311.2,2319.86,53610.62,124491982.1458
1770066000000,2319.86,2344.48,2316.9,2340.66,34332.36,80157920.7344
1770069600000,2340.66,2354.41,2334.5,2350.06,34122.04,80054306.7033
1770073200000,2350.06,2354.51,2338.11,2345.52,27773.41,65168559.238
1770076800000,2345.52,2354.88,2323.58,2352.59,37251.33,87145615.2889
1770080400000,2352.59,2358.5,2335.91,2353.37,26651.02,62564381.0042
1770084000000,2353.37,2353.59,2295.08,2297.08,70999.44,164559872.4083
1770087600000,2297.08,2343.93,2283.57,2342.59,102837.51,237659288.8359
1770091200000,2342.59,2354,2331.02,2344.53,47421.86,111090188.6018
1770094800000,2344.53,2344.97,2313.62,2314.84,34930.46,81242116.0851
1770098400000,2314.84,2327.77,2297.07,2319.03,53361.91,123275510.951
1770102000000,2319.03,2332.29,2311.49,2322.01,36330.84,84404101.6057
1770105600000,2322.01,2331.89,2308.01,2314.5,44395.84,103022835.2296
1770109200000,2314.5,2317.49,2261,2290.92,177394.68,405616081.4616
1770112800000,2290.92,2298.67,2274.75,2280.63,37781.69,86353792.188
1770116400000,2280.63,2287.95,2269.08,2275.39,58805.14,134020962.0551
1770120000000,2275.39,2304.78,2270.69,2299.86,59618.09,136634298.6278
1770123600000,2299.86,2316.12,2294.44,2310.87,40523.08,93377912.2916
1770127200000,2310.87,2315.86,2253.42,2255.6,129937.22,296740873.3124
1770130800000,2255.6,2313.47,2250.68,2302.3,219052.88,500434630.3735
1770134400000,2302.3,2302.66,2233.1,2239.82,211931.45,478071681.1951
1770138000000,2239.82,2243.79,2192.31,2194.61,204351,453290795.4935
1770141600000,2194.61,2207.19,2104.52,2119.03,428295.73,920731992.5358
1770145200000,2119.03,2218,2110.49,2204.09,341435.96,742889813.5763
1770148800000,2204.09,2343.53,2186.67,2298.77,323345.54,734403195.9558
1770152400000,2298.77,2336.64,2278.31,2282.71,140447.9,323992419.4112
1770156000000,2282.71,2285.1,2227.48,2235.29,125723.47,283419473.8812
1770159600000,2235.29,2248.05,2211.57,2232.45,105405.31,234894327.8396
1770163200000,2232.45,2256.02,2222.1,2239.88,52430.01,117642945.6491
1770166800000,2239.88,2280.97,2239.88,2267.3,60344.82,136831014.1608
1770170400000,2267.3,2275.9,2240.93,2250.94,41637.26,94035024.9606
1770174000000,2250.94,2294.96,2247.77,2282.31,97893.96,222883893.994
1770177600000,2282.31,2289,2269.39,2272.89,26718.23,60858471.3408
1770181200000,2272.89,2279.45,2255.16,2264.37,33042.74,74940504.6117
1770184800000,2264.37,2283.62,2257.28,2276.59,36964.99,83986671.1406
1770188400000,2276.59,2293.34,2262.06,2283.05,55399.73,126300568.2181
1770192000000,2283.05,2285.2,2265.54,2279.01,36973.88,84171822.0821
1770195600000,2279.01,2279.01,2250.5,2259.85,41630.02,94145888.4202
1770199200000,2259.85,2263.83,2249.06,2259.6,19257.48,43460896.9624
1770202800000,2259.6,2267.49,2225.4,2253.75,117720.16,263911439.8666
1770206400000,2253.75,2263.5,2230.91,2242.8,54629.9,122643670.5446
1770210000000,2242.8,2245.05,2195.74,2197.62,112410.72,248869796.0971
1770213600000,2197.62,2226.67,2167.73,2170.86,207900.42,456708892.7542
1770217200000,2170.86,2196.2,2134.64,2150.61,261584.4,566082267.1976
1770220800000,2150.61,2160.75,2100.99,2134.38,285268.87,606573335.0553
1770224400000,2134.38,2155.76,2090.19,2125.21,255646.59,542349513.0145
1770228000000,2125.21,2184.73,2075,2147.02,368679.14,782964195.8264
1770231600000,2147.02,2193.45,2132.08,2187.3,140040.72,302651426.7496
1770235200000,2187.3,2191.84,2161,2170.97,67407.49,146419285.8296
1770238800000,2170.97,2183.74,2106.73,2128.66,128384.62,274984266.7332
1770242400000,2128.66,2167.56,2085.04,2118.81,168242.23,358199794.353
1770246000000,2118.81,2164.83,2113.53,2146.9,83331.62,178597467.2432
1770249600000,2146.9,2163.67,2135.27,2148.98,47457.71,102042977.9245
1770253200000,2148.98,2174.98,2121.72,2147.78,102611.18,220790688.5679
1770256800000,2147.78,2163.04,2111.12,2122.98,111183.77,237628293.9275
1770260400000,2122.98,2135.8,2096.96,2108.85,98644.12,208622655.7527
1770264000000,2108.85,2126.87,2077.09,2103.03,147842.4,310576604.5061
1770267600000,2103.03,2123.93,2075.46,2100.68,145566.28,305613808.976
1770271200000,2100.68,2106.93,2064.1,2086.7,140409.37,292682150.4196
1770274800000,2086.7,2124.1,2084.57,2090.4,113612.39,239371635.3678
1770278400000,2090.4,2120.46,2090.39,2110.9,52504.24,110679345.1882
1770282000000,2110.9,2149.99,2110.01,2132.63,87103.37,185944624.4347
1770285600000,2132.63,2140.28,2085.13,2096.67,118349.55,250100323.0935
1770289200000,2096.67,2104.21,2058.8,2078.86,189265.23,393361663.6176
1770292800000,2078.86,2092.84,2041,2063.12,191049.35,393909675.5291
1770296400000,2063.12,2082.33,2047.35,2057.87,73631.38,151716204.6384
1770300000000,2057.87,2107.7,2040.03,2045.41,190377.73,394840260.3278
1770303600000,2045.41,2054.06,1924.89,1959.55,687356.34,1355810064.6555
1770307200000,1959.55,2017.34,1942.5,1997.6,260432.04,515111739.4249
1770310800000,1997.6,2000.89,1939.43,1953.35,222862.28,438310340.9219
1770314400000,1953.35,1967.62,1911.55,1948.89,212495.74,412143106.9302
1770318000000,1948.89,1952.32,1915.91,1927.49,81956.36,158496124.3694
1770321600000,1927.49,1941.75,1823.68,1869.19,431036.66,805994420.7399
1770325200000,1869.19,1911.8,1838.22,1849.07,237444.65,445369233.6534
1770328800000,1849.07,1889.27,1814.22,1869.49,170999.61,316806720.3206
1770332400000,1869.49,1906.97,1818.54,1825.47,212697.6,395648987.1153
1770336000000,1825.47,1892.56,1740.29,1869.44,753521.22,1354691485.8483
1770339600000,1869.44,1939.34,1868.81,1931.04,225153.62,429211075.678
1770343200000,1931.04,1947.3,1889.63,1906.6,135584.63,259750475.6692
1770346800000,1906.6,1916.88,1878.42,1891.16,70282.8,133170399.1688
1770350400000,1891.16,1917.39,1884.97,1908.01,44114.11,83990081.9308
1770354000000,1908.01,1974.98,1905.59,1957.6,114260.41,221946763.3072
1770357600000,1957.6,1966.36,1903.82,1907.5,115091.96,222491973.0241
1770361200000,1907.5,1914.2,1886.2,1898.27,95827.58,182080769.6536
1770364800000,1898.27,1906.93,1864.5,1873.88,123867.13,233097949.6365
1770368400000,1873.88,1928.8,1870.01,1918.18,114611.89,217938762.4859
1770372000000,1918.18,1938.04,1909.1,1926.39,79557.51,153027261.7598
1770375600000,1926.39,1943.58,1919.21,1931.93,59241.6,114300162.4907
1770379200000,1931.93,1931.93,1913.61,1920.23,39973.58,76790717.9001
1770382800000,1920.23,1961.92,1918.62,1949.3,89086.76,173178036.1293
1770386400000,1949.3,2002.45,1932.03,1977.6,204362.22,403100667.1311
1770390000000,1977.6,1996.78,1959.7,1979.45,156854.75,310121587.9131
1770393600000,1979.45,2046.1,1965.89,2034.87,205128.77,413685907.9756
1770397200000,2034.87,2089.56,2026.23,2066.15,212340.09,438083638.888
1770400800000,2066.15,2069.38,2030,2043.9,136925.96,280064919.7065
1770404400000,2043.9,2071.38,2032.07,2064.75,81767.3,167698674.0536
1770408000000,2064.75,2094.84,2042.42,2052.91,100441.4,207604201.2164
1770411600000,2052.91,2061.62,2040.85,2053.12,66412.82,136222772.4715
1770415200000,2053.12,2086.36,2044.61,2073.88,74682.18,154228407.4818
1770418800000,2073.88,2087.42,2048.21,2062.25,71900.81,148653589.6288
1770422400000,2062.25,2063.43,2034,2042.43,71032.06,145394196.5529
1770426000000,2042.43,2065.88,2031.24,2060.36,36727.21,75204657.9555
1770429600000,2060.36,2064.52,2047.31,2058.33,16708.09,34355667.3113
1770433200000,2058.33,2086.51,2057.31,2079.5,58332.33,120906906.3717
1770436800000,2079.5,2118.53,2077.56,2086.2,132929.25,278750672.2677
1770440400000,2086.2,2103,2076.59,2082.66,44651.21,93306324.908
1770444000000,2082.66,2092.75,2046.13,2047.11,75915.07,157170226.32
1770447600000,2047.11,2055.61,1993.37,2025.97,226505.52,457701180.4835
1770451200000,2025.97,2031.66,2014.1,2018.08,60486.48,122384944.7926
1770454800000,2018.08,2028.9,2003.66,2013.52,60347.2,121563909.0757
1770458400000,2013.52,2019.18,1998.49,2009.6,49979.5,100327733.6096
1770462000000,2009.6,2021.11,2005.01,2017.4,27206.86,54720383.856
1770465600000,2017.4,2076.34,2015.27,2040.4,187358.62,383739321.9784
1770469200000,2040.4,2049.98,2027.24,2040.5,51511.38,105010088.5777
1770472800000,2040.5,2048.55,2007.58,2019.38,75129.71,152162510.0759
1770476400000,2019.38,2063.35,2013.17,2051.29,80357.44,164207134.9812
1770480000000,2051.29,2158.54,1969.35,2048.59,9102328.99,18708625732.4856
1770483600000,2048.59,2072.35,2030.99,2060.13,86266.29,176999126.8792
1770487200000,2060.13,2109.32,2057.56,2095.98,86729.8,181152119.966
1770490800000,2095.98,2100.81,2082.3,2089.83,42436.57,88755088.9697
1770494400000,2089.83,2116.93,2083.03,2103.82,57821.35,121359515.4533
1770498000000,2103.82,2109.81,2096.14,2099.57,25713.93,54068768.263
1770501600000,2099.57,2106.69,2086,2087.6,22061.61,46205612.7307
1770505200000,2087.6,2094.34,2071,2085.95,37587.35,78271618.8458
1770508800000,2085.95,2093.45,2075.1,2083.17,24092.1,50153829.0243
1770512400000,2083.17,2096.77,2080.36,2094.77,23354.68,48787421.4455
1770516000000,2094.77,2106.69,2080.7,2087.64,29089.26,60896723.0089
1770519600000,2087.64,2092.32,2075.66,2077.55,23299.1,48552226.5634
1770523200000,2077.55,2087.8,2063,2086.34,36084.79,74893653.8531
1770526800000,2086.34,2087.25,2077.06,2083.34,14890.35,31011592.0204
1770530400000,2083.34,2087.82,2076,2078.31,15836.09,32959460.4618
1770534000000,2078.31,2083.49,2067.13,2083.49,43899.06,91067104.2742
1770537600000,2083.49,2124.51,2076.69,2114.84,84457.74,177699328.2161
1770541200000,2114.84,2122,2093.82,2099.07,65216.64,137350765.8683
1770544800000,2099.07,2113.21,2082.01,2094.76,53211.07,111463843.3682
1770548400000,2094.76,2137.64,2093,2131.06,78523.12,166500975.1607
1770552000000,2131.06,2144.35,2124.2,2129.91,58154.45,123966021.9556
1770555600000,2129.91,2140.91,2116.29,2125.52,77035.17,163859911.3616
1770559200000,2125.52,2128.62,2114.61,2127.89,22872.15,48513048.0849
1770562800000,2127.89,2130.1,2096.03,2107.09,69590.72,146826196.5097
1770566400000,2107.09,2115.45,2071.06,2079.65,73327.01,153461748.3285
1770570000000,2079.65,2098.05,2078.83,2091.05,36159.06,75543611.8183
1770573600000,2091.05,2121.24,2089.35,2107.93,55576.7,117040958.0666
1770577200000,2107.93,2129.49,2106.05,2125.71,23317.32,49397408.5826
1770580800000,2125.71,2126.33,2098.7,2103.32,32236.64,68057473.3104
1770584400000,2103.32,2113.73,2087.76,2092.43,43221.56,90792837.5137
1770588000000,2092.43,2111.72,2092.33,2107.37,31157.91,65436611.8619
1770591600000,2107.37,2152.22,2070.35,2088.48,170891.43,360130893.3854
1770595200000,2088.48,2096.44,2074.45,2082.9,60216.58,125538469.3319
1770598800000,2082.9,2100.38,2053.44,2069.6,110911.02,229860058.658
1770602400000,2069.6,2094.92,2064,2080.33,49682.28,103380127.2624
1770606000000,2080.33,2102.7,2080.04,2098.99,31646.23,66161836.848
1770609600000,2098.99,2100.96,2085.37,2089.2,21278.34,44520628.0131
1770613200000,2089.2,2096.21,2082.3,2094.74,20389.72,42606631.7615
1770616800000,2094.74,2094.74,2071.03,2080.35,34536.52,71823502.8116
1770620400000,2080.35,2086.75,2062.91,2064.64,36212.58,75080833.3007
1770624000000,2064.64,2069.53,2033.3,2048.86,90383.01,185420745.8445
1770627600000,2048.86,2056.44,2033,2041.16,40935.88,83627510.1919
1770631200000,2041.16,2046.26,2012.01,2021.47,82336.58,166727244.2466
1770634800000,2021.47,2035.98,2018.04,2027.28,57403.56,116334372.059
1770638400000,2027.28,2038.56,2026.36,2034.6,35723.57,72646578.5004
1770642000000,2034.6,2049.6,2021.43,2021.47,50831.19,103545793.919
1770645600000,2021.47,2049.32,2007.39,2042.54,128436.56,260380351.2744
1770649200000,2042.54,2072.95,2031.01,2060.41,128512.71,263823340.4084
1770652800000,2060.41,2109.02,2046.24,2090.1,115938.02,241221860.629
1770656400000,2090.1,2137.2,2076.39,2126.45,129706.73,273677767.2674
1770660000000,2126.45,2142.65,2107.97,2129.9,91866.24,195314683.9487
1770663600000,2129.9,2137.44,2118.03,2130.6,34665.92,73809617.2377
1770667200000,2130.6,2147.18,2117.02,2123.5,55441.26,118073157.2202
1770670800000,2123.5,2128.91,2087.52,2121.2,84851.46,178831766.8824
1770674400000,2121.2,2125,2110.13,2114.44,28764.56,60912507.0493
1770678000000,2114.44,2121.8,2100.08,2103.88,26531.65,55954262.2092
1770681600000,2103.88,2111.8,2095,2095.46,26125.41,54910918.8254
1770685200000,2095.46,2123.82,2095,2116.3,30786.23,65050146.7579
1770688800000,2116.3,2121,2101.37,2107.14,20129.64,42453205.3587
1770692400000,2107.14,2110,2051,2063.83,130500.97,270577336.6986
1770696000000,2063.83,2073.77,2061.11,2069.59,40415.91,83584499.3262
1770699600000,2069.59,2071,2044,2051.89,48838.32,100500075.5936
1770703200000,2051.89,2056.76,1996.86,2008.24,180470.19,364694091.0012
1770706800000,2008.24,2018.79,1998,2006.59,67019.22,134697978.5371
1770710400000,2006.59,2017,1994.01,2013.55,83423.06,167433489.4914
1770714000000,2013.55,2031,2008.81,2015.87,60545.46,122326426.905
1770717600000,2015.87,2021.4,2008.24,2012.65,24781.23,49912047.0402
1770721200000,2012.65,2021.34,1999.41,2001.89,48359.4,97181629.2465
1770724800000,2001.89,2016.5,2001.18,2006.82,34647.68,69622739.0448
1770728400000,2006.82,2026.81,1996.01,2021.23,69707.7,140321932.4899
1770732000000,2021.23,2039.31,1985,2008.45,159849.53,321303886.7974
1770735600000,2008.45,2029,2002.2,2021.75,94433.46,190664483.0961
1770739200000,2021.75,2036.88,2011.1,2024.99,62424.69,126488394.4321
1770742800000,2024.99,2046,2018.32,2039.1,42067.97,85588116.8697
1770746400000,2039.1,2041.5,1994.28,2008.15,78157.86,157334156.7156
1770750000000,2008.15,2025.99,2002.1,2017,35718.36,71991162.1195
1770753600000,2017,2021.01,2003.08,2010.66,26312.8,52906923.5781
1770757200000,2010.66,2017.47,1995.7,2007.57,35875.59,71926795.1329
1770760800000,2007.57,2019.39,2005.75,2016.44,17682.67,35571791.1558
1770764400000,2016.44,2022.17,2011.27,2021.64,14660.86,29557377.899
1770768000000,2021.64,2028.88,2017.97,2024.36,18460.33,37347819.6291
1770771600000,2024.36,2030.39,2015.2,2023.31,16084.98,32534216.8228
1770775200000,2023.31,2031.97,2013.05,2016.66,20404.46,41303515.6951
1770778800000,2016.66,2020.59,1996.15,2008.27,50405.11,101278923.8624
1770782400000,2008.27,2010,1961.37,1970.49,129054.3,255691014.3265
1770786000000,1970.49,1980.59,1970.24,1973.3,31868.47,62958510.8226
1770789600000,1973.3,1976.57,1937.45,1948.02,145638.64,284248485.4933
1770793200000,1948.02,1957.92,1944.18,1949.41,41435.08,80835389.0423
1770796800000,1949.41,1952.45,1934.13,1949.01,51844.17,100835349.5981
1770800400000,1949.01,1953.33,1941.74,1945.69,23137.49,45069791.5283
1770804000000,1945.69,1945.69,1930.2,1938.2,47273.97,91573231.6537
1770807600000,1938.2,1955.44,1935.91,1952.35,40922.81,79751175.9104
1770811200000,1952.35,1968,1947.64,1951.02,70194.09,137444789.5446
1770814800000,1951.02,1968.39,1941.36,1959.7,101979.43,199239135.2633
1770818400000,1959.7,2016.11,1935.91,1942,275279.21,543877693.7075
1770822000000,1942,1949,1901.35,1927.8,215364.08,414197685.2687
1770825600000,1927.8,1955.44,1908.07,1914.15,125363.84,241917463.1217
1770829200000,1914.15,1941.37,1907.41,1928.69,74441.84,143378749.502
1770832800000,1928.69,1947.94,1914,1943,52858.71,102187057.3859
1770836400000,1943,1958.98,1936.07,1951.13,54519.38,106291934.1443
1770840000000,1951.13,1957.9,1939,1953.15,32314.59,62994408.4812
1770843600000,1953.15,1987.29,1949.65,1969.44,91668.4,180756434.2171
1770847200000,1969.44,1972.55,1945.93,1950.45,40636.39,79611553.9199
1770850800000,1950.45,1956,1929.31,1940.12,58791.15,114097893.009
1770854400000,1940.12,1962.43,1939.81,1957.79,33616.27,65653651.6587
1770858000000,1957.79,1977.36,1957.78,1964.83,42570.46,83822885.9609
1770861600000,1964.83,1971.01,1954.41,1957.9,33337.48,65395447.5201
1770865200000,1957.9,1968.5,1956.07,1967.78,15540.94,30490617.369
1770868800000,1967.78,1975.11,1959.1,1964.72,27364.92,53862976.6084
1770872400000,1964.72,1971.33,1952,1969.88,35993.04,70675535.0961
1770876000000,1969.88,1982.21,1964.89,1974.09,35708.81,70504550.1509
1770879600000,1974.09,1977.36,1965.26,1967.04,25975.46,51197734.4455
1770883200000,1967.04,1973.1,1956.2,1964.72,27658.53,54294024.2756
1770886800000,1964.72,1991.6,1962.28,1981.47,55621.54,109998274.7974
1770890400000,1981.47,1994.8,1976.36,1993.2,43408.3,86172195.3847
1770894000000,1993.2,2001.43,1982.92,1987.96,41878.59,83431962.7157
1770897600000,1987.96,1989.91,1973.56,1979.99,38446.82,76170010.6632
1770901200000,1979.99,1995.92,1974.06,1994.17,40670.33,80722510.7399
1770904800000,1994.17,1995.28,1971.5,1977.34,59512.26,117976056.4212
1770908400000,1977.34,1983.86,1943.68,1947.17,140154.43,274849021.9634
1770912000000,1947.17,1948.8,1895,1907.97,247210.53,474152250.1806
1770915600000,1907.97,1926.63,1901,1909.19,87708.74,167942998.8316
1770919200000,1909.19,1923.94,1900.17,1917.66,70126.18,134075810.2918
1770922800000,1917.66,1940.71,1909.72,1924.25,70207.31,135443997.0105
1770926400000,1924.25,1931.02,1908.14,1914.72,38125.27,73138258.6624
1770930000000,1914.72,1926.83,1912.99,1922.41,19650.52,37750825.7107
1770933600000,1922.41,1944.98,1918.25,1941.94,34811.44,67308481.9786
1770937200000,1941.94,1951.75,1937.9,1947.08,36241.01,70517478.7304
1770940800000,1947.08,1953.65,1926.52,1932.16,37702.83,73102744.5964
1770944400000,1932.16,1949.25,1932.13,1942.7,33663.4,65382260.8899
1770948000000,1942.7,1951.32,1940,1947.27,26081.9,50744575.4376
1770951600000,1947.27,1957.95,1943,1952.7,30259.11,59036014.6458
1770955200000,1952.7,1954.84,1942.48,1943.73,32606.51,63564612.9429
1770958800000,1943.73,1945.95,1931.73,1933,29031.76,56285272.0744
1770962400000,1933,1938.23,1923.12,1935.54,33574.94,64822598.5895
1770966000000,1935.54,1947.77,1931.34,1934.59,54401.82,105525460.9868
1770969600000,1934.59,1964.42,1932.75,1958.32,46979.26,91645062.3487
1770973200000,1958.32,1966.2,1952.15,1961.02,30158.93,59108019.7436
1770976800000,1961.02,1969,1955.72,1958.54,28943.6,56733726.1462
1770980400000,1958.54,1961.74,1943.24,1959.5,40404.91,78918262.9442
1770984000000,1959.5,1964.15,1951.42,1959.92,19283.02,37779695.2365
1770987600000,1959.92,1980.72,1955.02,1969.55,75848,149457046.2641
1770991200000,1969.55,2002.05,1962.13,1990.05,161487.11,320400790.0609
1770994800000,1990.05,2050.43,1985.74,2033.8,207446.29,420182804.0926
1770998400000,2033.8,2072.52,2030.39,2060.6,139599.88,286625804.6007
1771002000000,2060.6,2068.01,2048.5,2058.47,55700.59,114638994.2328
1771005600000,2058.47,2064.11,2049.5,2056.42,55406.78,113933381.0154
1771009200000,2056.42,2061.11,2050.06,2056.75,48161.76,99053962.9047
1771012800000,2056.75,2058.89,2037.8,2044.49,48277.89,98818673.3629
1771016400000,2044.49,2057.8,2043.87,2052.8,21015.94,43132872.7935
1771020000000,2052.8,2058.8,2043.45,2053.2,20540.37,42121431.1508
1771023600000,2053.2,2053.35,2044.85,2047.62,14605.77,29931338.5166
1771027200000,2047.62,2055.16,2039.15,2053.95,17803.72,36440550.181
1771030800000,2053.95,2056.77,2049.34,2053.21,7204.81,14792949.666
1771034400000,2053.21,2053.34,2046.71,2049.07,6693.53,13720627.463
1771038000000,2049.07,2056.51,2047.06,2053.34,9922.3,20362836.0972
1771041600000,2053.34,2056.96,2051.3,2052.35,17803.18,36580689.7914
1771045200000,2052.35,2055.9,2049.22,2049.9,10192.94,20920859.9606
1771048800000,2049.9,2053.8,2046.8,2052.54,11529.11,23644337.5516
1771052400000,2052.54,2059.74,2049.3,2056,26949.29,55373593.3925
1771056000000,2056,2089.8,2055.8,2081.06,91867.8,190501181.4701
1771059600000,2081.06,2087.8,2074.5,2077.01,24893.95,51792911.5771
1771063200000,2077.01,2077.01,2071.2,2076.28,10451.22,21680694.8023
1771066800000,2076.28,2107.36,2076.13,2098.3,79418.51,166409754.3766
1771070400000,2098.3,2099.13,2065.17,2070.09,71321.01,148436617.1776
1771074000000,2070.09,2075.51,2061.83,2070.65,46392.54,96004818.1477
1771077600000,2070.65,2087.86,2067.76,2084.02,37495.83,77893222.6338
1771081200000,2084.02,2092.91,2079.68,2086.45,29037.15,60570707.8461
1771084800000,2086.45,2087.09,2066.19,2081.93,41268.76,85631482.9857
1771088400000,2081.93,2088.61,2076.34,2079.19,18155.23,37806280.1222
1771092000000,2079.19,2085.77,2077.7,2084.58,8252.68,17185816.3202
1771095600000,2084.58,2089.65,2077.16,2087.68,17979.15,37491351.7935
1771099200000,2087.68,2091.88,2079.9,2088.93,13514.04,28206654.426
1771102800000,2088.93,2097.96,2077.3,2085.07,28481.09,59492844.6853
1771106400000,2085.07,2093.99,2082.42,2089.55,15854.16,33119783.5688
1771110000000,2089.55,2092.2,2082.44,2085.63,15134,31600916.5637
1771113600000,2085.63,2089.59,2071.39,2079.01,28352.67,58985787.8077
1771117200000,2079.01,2084.08,2052.27,2062.93,65538.55,135272155.8908
1771120800000,2062.93,2071.47,2042.59,2058.44,60089.88,123563794.2454
1771124400000,2058.44,2062.44,2035.01,2057.98,79841.94,163442510.9039
1771128000000,2057.98,2086.76,2057.98,2075.79,79068.4,164065323.6567
1771131600000,2075.79,2095.44,2074.1,2087.47,30689.81,64108849.4126
1771135200000,2087.47,2093.8,2081.2,2085.06,24574.29,51305416.3261
1771138800000,2085.06,2103,2081.77,2090.68,46931.73,98118506.0078
1771142400000,2090.68,2096.22,2054.48,2068.1,65807.39,136285768.3624
1771146000000,2068.1,2078,2065.07,2067.67,25438.58,52695602.2932
1771149600000,2067.67,2069.4,2053,2060.5,39076.12,80492523.4393
1771153200000,2060.5,2065.85,2057.4,2060.85,12628.67,26030991.0186
1771156800000,2060.85,2067.97,2008.71,2009.31,102421.73,208669455.8474
1771160400000,2009.31,2028.29,1992.46,2001.28,144370.2,290291220.2938
1771164000000,2001.28,2011.43,1991,2009.34,70893.66,141943220.5321
1771167600000,2009.34,2014.44,2000.49,2010.34,38362.45,77033859.1424
1771171200000,2010.34,2010.34,1992.49,2005.34,49586.32,99265155.464
1771174800000,2005.34,2008.41,1954.62,1970,149967.38,296135286.7541
1771178400000,1970,1980.34,1951.81,1958.21,100050.96,196607559.5479
1771182000000,1958.21,1960.69,1927.21,1941.1,134862.6,261815503.2638
1771185600000,1941.1,1959.57,1933.1,1949.23,65733.05,128012408.1053
1771189200000,1949.23,1966.63,1949,1957.32,36986.76,72390677.0336
1771192800000,1957.32,1973.91,1955.32,1969.38,35739.83,70273423.4672
1771196400000,1969.38,1970.06,1943.03,1965.3,51959.72,101655516.8637
1771200000000,1965.3,1978.3,1962.05,1968.27,38004.06,74872335.9226
1771203600000,1968.27,1980.5,1955.47,1961.91,36049.15,70899920.0572
1771207200000,1961.91,1965.83,1951.2,1956,20763.76,40647993.4348
1771210800000,1956,1959.01,1947.56,1957.72,28840.61,56327946.6032
1771214400000,1957.72,1972.34,1957.35,1972.01,22346.37,43932815.1529
1771218000000,1972.01,1973.4,1951.57,1956.78,20885.21,40917399.2031
1771221600000,1956.78,1966.9,1954.61,1965.86,14702.3,28835050.6856
1771225200000,1965.86,1978.15,1963.29,1970.09,47396.37,93416422.0866
1771228800000,1970.09,1977.78,1968.63,1976.31,19265.6,38020136.1102
1771232400000,1976.31,1992.73,1975.25,1986.6,53606.76,106472419.07
1771236000000,1986.6,1988.06,1976.43,1977.91,20498.52,40612710.9051
1771239600000,1977.91,1983.27,1955.7,1975.09,77734.82,153030880.8945
1771243200000,1975.09,2008.63,1971.35,2005.52,96527.42,192374373.7274
1771246800000,2005.52,2022.97,1959.6,1966.54,192266.83,382463319.0026
1771250400000,1966.54,1982.42,1953.46,1971.98,88101.04,173371422.3389
1771254000000,1971.98,1985.43,1936,1955.66,140996.95,276056522.0013
1771257600000,1955.66,1979.2,1954.8,1972.64,67299.71,132449961.4205
1771261200000,1972.64,1987.62,1963.27,1977.89,72632.22,143599013.44
1771264800000,1977.89,1984.95,1965.99,1967.95,38232.63,75562881.7451
1771268400000,1967.95,1978.93,1965,1973.26,19490.42,38438380.4182
1771272000000,1973.26,1994.03,1969.85,1992.24,46849.71,92952984.4666
1771275600000,1992.24,2003.36,1985.37,1998.16,27291.68,54367153.782
1771279200000,1998.16,2001.81,1982.65,1988.96,45466.17,90608836.8338
1771282800000,1988.96,2001.81,1987.74,1997.4,28418.18,56716696.6473
1771286400000,1997.4,2005.51,1992.48,1997.5,23628.08,47230296.0474
1771290000000,1997.5,2008.28,1989.59,1990.65,27839.57,55611474.4439
1771293600000,1990.65,2008.45,1978.29,1997.61,56452.42,112609787.4739
1771297200000,1997.61,1998.29,1982.94,1984.72,28420.41,56542225.7354
1771300800000,1984.72,1997.76,1980.62,1988.3,24287.6,48298139.8971
1771304400000,1988.3,1989.89,1963,1974.56,50318.5,99345513.3531
1771308000000,1974.56,1983.77,1974.31,1979.74,20909.52,41388544.3835
1771311600000,1979.74,1987.57,1971.88,1984.74,25886.69,51270642.0681
1771315200000,1984.74,1989.74,1972.48,1975.56,40717.07,80616903.1323
1771318800000,1975.56,1978.85,1968.54,1974.78,26884.22,53042875.986
1771322400000,1974.78,1976.81,1960.12,1965.87,38225.58,75125634.1116
1771326000000,1965.87,1971.68,1962.6,1967.4,23164.69,45568093.0437
1771329600000,1967.4,1976.41,1965.72,1968.76,32177.75,63451046.9374
1771333200000,1968.76,2000,1963.3,1989.38,78153.46,155101615.8766
1771336800000,1989.38,2002.38,1942.09,1947.42,190418.23,374478508.7592
1771340400000,1947.42,1968.71,1939.7,1967.71,150036.45,293277019.5012
1771344000000,1967.71,2010.31,1966.48,1979.35,185924.25,370113523.9587
1771347600000,1979.35,1983.65,1952.67,1965.3,101104.7,198700629.8451
1771351200000,1965.3,2006.97,1960.47,1998.07,106372.49,211629387.1582
1771354800000,1998.07,2015.4,1993.6,1997.47,86262.23,172844479.1622
1771358400000,1997.47,2000.91,1986.33,1993.91,51759.62,103228993.3941
1771362000000,1993.91,2002.31,1991.25,1998.85,17915.29,35756262.2657
1771365600000,1998.85,2003.59,1991.46,1993,24247.61,48446719.205
1771369200000,1993,1997.6,1988.12,1990.93,21441.2,42710803.2501
1771372800000,1990.93,1997.21,1980.03,1980.49,22779.12,45287149.1736
1771376400000,1980.49,1983.17,1967.33,1976.99,43843.82,86564911.2056
1771380000000,1976.99,1992.34,1976.3,1986.43,24764.2,49161647.8793
1771383600000,1986.43,1999.52,1985.5,1995.79,22726.7,45325750.2638
1771387200000,1995.79,2002,1992.02,1998.44,25853.26,51616237.0622
1771390800000,1998.44,2002.51,1994.78,1995.24,22849.82,45654724.5845
1771394400000,1995.24,2007.83,1994.06,2001.27,24431.11,48920157.4442
1771398000000,2001.27,2023.67,1995.57,2017.32,64960.01,130679614.3102
1771401600000,2017.32,2038.35,2016.18,2019.8,87407.93,176989205.1738
1771405200000,2019.8,2022.3,2015,2015.66,24613.5,49693526.9358
1771408800000,2015.66,2017.8,1994.33,1996.4,70059.37,140387105.1977
1771412400000,1996.4,1997.43,1974.75,1980.13,113988.24,226069054.6284
1771416000000,1980.13,1988.6,1970.29,1981.35,63672.3,126097038.133
1771419600000,1981.35,1991.16,1959.19,1969.37,86054.02,169960649.8986
1771423200000,1969.37,1975.91,1952.85,1973.52,107309.82,210905067.3752
1771426800000,1973.52,2009.93,1972.4,1984.38,173628.55,345701807.6889
1771430400000,1984.38,1984.68,1963.13,1970.46,117378.09,231350863.457
1771434000000,1970.46,1986.9,1969.56,1973.4,46246.98,91415247.7255
1771437600000,1973.4,1976.74,1942.95,1951.17,125667.21,246137111.5371
1771441200000,1951.17,1960.55,1922.54,1940,132530.85,257081672.4901
1771444800000,1940,1951.8,1934.21,1938.58,51268.24,99605992.2313
1771448400000,1938.58,1947.61,1934.4,1940.76,23407.68,45434530.4569
1771452000000,1940.76,1949.52,1938.56,1947.39,14880.35,28923023.0319
1771455600000,1947.39,1955.84,1943.22,1954.81,28988.01,56565811.0918
1771459200000,1954.81,1960.84,1948.79,1955.41,22834.87,44634102.7217
1771462800000,1955.41,1974.08,1955.15,1966.08,45278.66,89017227.1307
1771466400000,1966.08,1972.2,1961.4,1966.92,24520.57,48220996.3198
1771470000000,1966.92,1972.91,1961.9,1971.49,27362.98,53864576.355
1771473600000,1971.49,1978.97,1968.16,1968.51,36008.58,71076627.4093
1771477200000,1968.51,1972.12,1963.01,1969.37,20443.84,40211497.0526
1771480800000,1969.37,1984.67,1969.12,1982.35,32867.57,65039016.0891
1771484400000,1982.35,1987.38,1978.01,1980.94,31722.37,62871611.5312
1771488000000,1980.94,1981.88,1965.04,1969.64,50440.07,99489659.7455
1771491600000,1969.64,1979.91,1960.33,1962.96,40174.15,79122474.6022
1771495200000,1962.96,1967.95,1956.4,1958.72,39185.12,76869915.919
1771498800000,1958.72,1963.64,1946.78,1948.64,38923.26,76090705.4213
1771502400000,1948.64,1955.59,1943.99,1946.39,59367.5,115735169.6852
1771506000000,1946.39,1947.32,1909.4,1920.14,124848.01,240514634.2964
1771509600000,1920.14,1947.41,1910.84,1935.8,119694.58,230835709.0896
1771513200000,1935.8,1946.9,1911.77,1925.19,133600.08,257019741.6578
1771516800000,1925.19,1929.03,1905.47,1921.07,64413.49,123559165.0514
1771520400000,1921.07,1943.85,1909.18,1919.4,81886.74,157883694.9134
1771524000000,1919.4,1944.23,1915.16,1938.92,76274.96,147438408.2482
1771527600000,1938.92,1946.76,1926.4,1940.22,49807,96508787.617
1771531200000,1940.22,1951.51,1933.58,1949.2,36053.11,70104391.7643
1771534800000,1949.2,1951.81,1944.69,1947.85,21815.06,42502787.8246
1771538400000,1947.85,1947.85,1935.63,1942.9,27935.85,54224107.0633
1771542000000,1942.9,1950.72,1941.13,1948.13,14431.9,28095605.0329
1771545600000,1948.13,1963.9,1946.37,1956.58,44813.29,87696217.4599
1771549200000,1956.58,1960.86,1948.61,1952.89,17545.21,34296753.0144
1771552800000,1952.89,1956.13,1946.99,1948.55,17667.25,34464497.0772
1771556400000,1948.55,1959.81,1948.54,1953.88,27126.28,53004976.294
1771560000000,1953.88,1955.35,1930,1938.34,62810.77,121894375.1914
1771563600000,1938.34,1964.92,1935.24,1954.38,64988.16,126882722.1135
1771567200000,1954.38,1959.35,1948.37,1957.55,25768.88,50380022.9524
1771570800000,1957.55,1968.01,1955.81,1959.74,39031.04,76581141.2396
1771574400000,1959.74,1965.72,1956.18,1958.88,28198.27,55276446.6494
1771578000000,1958.88,1971.7,1958.84,1966.88,47012.64,92432081.7188
1771581600000,1966.88,1972.87,1955.08,1956.47,38242.78,75085981.6243
1771585200000,1956.47,1956.5,1939.02,1942.83,61791.79,120383474.0985
1771588800000,1942.83,1950.78,1941.18,1948.75,30646.11,59633476.7551
1771592400000,1948.75,1948.76,1921.27,1932.87,106686.69,206320220.5711
1771596000000,1932.87,1953.7,1931.63,1942.6,78664.11,152777893.3456
1771599600000,1942.6,1980,1933.47,1963.12,268731.73,526114233.3007
1771603200000,1963.12,1973.01,1952.58,1967.84,101911.43,200010566.146
1771606800000,1967.84,1970,1938,1965.66,141291.36,275932624.8596
1771610400000,1965.66,1981.44,1958.5,1974.9,117589.2,231582212.8825
1771614000000,1974.9,1977.46,1960.47,1962.79,42409.55,83403375.6861
1771617600000,1962.79,1970.59,1960.68,1970.1,16571.37,32587784.5323
1771621200000,1970.1,1974.39,1966.14,1973.51,23041,45404223.4525
1771624800000,1973.51,1973.51,1963.39,1970.38,15807.07,31117401.9802
1771628400000,1970.38,1972.65,1962.34,1967.93,24092.71,47395985.5737
1771632000000,1967.93,1968.66,1960.5,1962.62,13354.37,26231837.4875
1771635600000,1962.62,1968.8,1962.01,1965.59,14947.93,29373684.7898
1771639200000,1965.59,1970,1964.05,1964.8,10127.45,19922742.9934
1771642800000,1964.8,1965.25,1954.6,1958.44,20642.04,40440235.4658
1771646400000,1958.44,1962.9,1955.21,1961.53,10404.78,20380653.9412
1771650000000,1961.53,1963.71,1960.4,1961.86,7951.16,15599275.4743
1771653600000,1961.86,1965.56,1959.5,1960.46,12580.64,24686072.3003
1771657200000,1960.46,1964.19,1958.91,1961.97,7461.78,14640124.8611
1771660800000,1961.97,1970.49,1961.11,1968.27,19712.97,38766954.0943
1771664400000,1968.27,1977.17,1966.54,1969.5,44283.1,87351564.407
1771668000000,1969.5,1974.65,1969.26,1973.57,14032.56,27678129.1746
1771671600000,1973.57,1989.42,1973,1976.48,62080.71,123012190.3709
1771675200000,1976.48,1977.97,1968.83,1975.5,33459.41,66003013.0413
1771678800000,1975.5,1981.61,1971.6,1980.71,20374.33,40305941.0832
1771682400000,1980.71,1996.62,1977.93,1986.89,70879.74,140908836.401
1771686000000,1986.89,1992.72,1983.57,1987.3,37643.01,74846596.4695
1771689600000,1987.3,1989.34,1975.39,1985.94,54801.88,108668779.7618
1771693200000,1985.94,1991.97,1983.76,1988.26,20440.5,40626587.666
1771696800000,1988.26,1995,1986.9,1991.53,32145.06,64021832.5408
1771700400000,1991.53,1993.88,1986.95,1987.89,11225.42,22344369.4174
1771704000000,1987.89,1990.34,1972.15,1973.21,67035.7,132796787.2515
1771707600000,1973.21,1982.44,1966.18,1981.4,48763.62,96303835.8475
1771711200000,1981.4,1981.79,1970.66,1973.43,19607.75,38740712.3212
1771714800000,1973.43,1976.82,1970,1972.41,11747.67,23181416.8969
1771718400000,1972.41,1974.39,1966.35,1971.99,22322.58,43979551.2057
1771722000000,1971.99,1979,1971.37,1976.41,13231.38,26134649.2753
1771725600000,1976.41,1982.99,1970.75,1971.3,22698.04,44893550.4278
1771729200000,1971.3,1975.27,1964.9,1973.56,24017.44,47315868.3809
1771732800000,1973.56,1975,1969.89,1972.66,10554.81,20820450.5354
1771736400000,1972.66,1974.9,1969.91,1974.01,8447.13,16664257.4353
1771740000000,1974.01,1978.66,1973.1,1975.21,18671.28,36878461.5654
1771743600000,1975.21,1977.76,1973.5,1975.11,20734.19,40961512.2401
1771747200000,1975.11,1976.24,1969.24,1972.46,21217.96,41847347.269
1771750800000,1972.46,1975.25,1970.5,1974.52,9943.64,19618726.6958
1771754400000,1974.52,1979.26,1973.74,1976.32,12156.04,24031238.1554
1771758000000,1976.32,1982.43,1976.32,1979.82,20573.02,40740779.0445
1771761600000,1979.82,1980.81,1960.1,1965.2,60408.93,118917652.8308
1771765200000,1965.2,1967.91,1943,1950.1,97520.3,190580365.7265
1771768800000,1950.1,1953.42,1942.27,1949.68,56971.44,111019411.0029
1771772400000,1949.68,1957.68,1944.3,1952.87,41692.43,81387611.8705
1771776000000,1952.87,1954.69,1946.52,1951.52,24098.42,46990661.9256
1771779600000,1951.52,1952.9,1933.47,1939.19,60702.19,117784992.3596
1771783200000,1939.19,1943.4,1937.1,1941.96,14780.1,28681613.9437
1771786800000,1941.96,1945.1,1938.9,1942.85,14906.73,28956855.419
1771790400000,1942.85,1944.75,1938.63,1939.85,11325.58,21990489.0132
1771794000000,1939.85,1951.39,1939.61,1949.28,21447.56,41746490.7307
1771797600000,1949.28,1960,1945.39,1957.38,32835.99,64142371.729
1771801200000,1957.38,1960.07,1947.11,1957.04,36895.41,72059174.4471
1771804800000,1957.04,1957.33,1927,1928,49381.77,95863659.1562
1771808400000,1928,1928,1845.01,1854.84,368692.4,692580571.0253
1771812000000,1854.84,1867.65,1849.02,1861.71,82962.38,154331601.6103
1771815600000,1861.71,1870.59,1853.93,1861.29,45570.06,84844467.939
1771819200000,1861.29,1863.53,1851.61,1858.72,28851.1,53610672.1682
1771822800000,1858.72,1869.31,1858.42,1864.59,38035.17,70921376.2099
1771826400000,1864.59,1882,1862.67,1878.03,47699.64,89452400.0678
1771830000000,1878.03,1888.26,1875.33,1884.09,43420.82,81703016.7759
1771833600000,1884.09,1889.22,1875.57,1879.33,35618.45,67002199.1977
1771837200000,1879.33,1918.5,1879.33,1916.93,107187.8,203947891.6449
1771840800000,1916.93,1927.4,1910,1913.13,101123.6,193934626.0093
1771844400000,1913.13,1919.76,1910.29,1914.49,40499.28,77516862.7546
1771848000000,1914.49,1925.96,1903.06,1919.24,70288.64,134635958.1887
1771851600000,1919.24,1934.94,1917.22,1920.88,66168.41,127451718.4029
1771855200000,1920.88,1924.59,1893.84,1905.81,122490.84,233692632.6002
1771858800000,1905.81,1912.51,1890.7,1894.52,67044.42,127520107.8521
1771862400000,1894.52,1899.55,1878.23,1883.89,97467.91,184042495.511
1771866000000,1883.89,1887.24,1836.08,1862.85,164662.47,305942985.0352
1771869600000,1862.85,1873.26,1853.47,1856.5,66257.51,123463651.1638
1771873200000,1856.5,1863.56,1845.66,1856.12,41772.6,77448509.1405
1771876800000,1856.12,1861.54,1845.54,1859.7,44387.28,82294010.7226
1771880400000,1859.7,1868.26,1857.44,1862.44,36533.18,68087927.4699
1771884000000,1862.44,1868.97,1858.6,1858.95,24081.53,44900755.3036
1771887600000,1858.95,1866.22,1849.91,1855.26,39390.39,73229327.1159
1771891200000,1855.26,1868.71,1853.99,1866.99,39636.17,73841561.0096
1771894800000,1866.99,1867.06,1810.13,1839.55,196104.92,360159303.3474
1771898400000,1839.55,1853.82,1835.68,1842.4,36889.09,68011801.1333
1771902000000,1842.4,1842.4,1821.39,1830.75,79570.12,145701310.8477
1771905600000,1830.75,1832.89,1812.41,1829.59,76389.05,139337237.8384
1771909200000,1829.59,1839.7,1812.59,1825.07,78041.08,142487314.3374
1771912800000,1825.07,1830.28,1816.56,1819.61,33946.94,61940883.23
1771916400000,1819.61,1830.87,1813.67,1824.7,56135.18,102377255.5062
1771920000000,1824.7,1835.46,1817.17,1830.39,41630.25,76040019.3276
1771923600000,1830.39,1833.77,1814,1826.11,41355.35,75356161.937
1771927200000,1826.11,1828.94,1819.37,1824.91,21969.18,40076949.7905
1771930800000,1824.91,1826.6,1817.2,1825.65,24158.7,43997111.1242
1771934400000,1825.65,1829.38,1819.91,1823.04,28662.81,52288394.0291
1771938000000,1823.04,1826.61,1797,1814.67,126044.11,228417881.7997
1771941600000,1814.67,1847.54,1802.33,1833.57,146614.8,267545500.5452
1771945200000,1833.57,1849.59,1826.91,1846.39,91136.25,167765129.4451
1771948800000,1846.39,1862.58,1836.58,1857.74,106080.66,196264152.1377
1771952400000,1857.74,1864.55,1848.55,1854.13,73268.42,136132147.7504
1771956000000,1854.13,1859.61,1844.24,1853.92,48781.91,90381106.8757
1771959600000,1853.92,1861.73,1845.36,1851.44,42418.13,78560057.2558
1771963200000,1851.44,1861.31,1848.14,1857.41,23539.45,43663929.2261
1771966800000,1857.41,1857.41,1844.23,1853.06,35089.84,64918913.6081
1771970400000,1853.06,1863.63,1851.78,1859.84,26797.49,49806824.2066
1771974000000,1859.84,1859.87,1850.25,1851.05,20904.39,38763282.4788
1771977600000,1851.05,1856.98,1845.45,1850.94,31793.37,58843275.2335
1771981200000,1850.94,1924,1849.48,1917.65,297578.89,564071345.0073
1771984800000,1917.65,1946.66,1917.08,1920.31,99342.4,191709946.0387
1771988400000,1920.31,1922.79,1900,1905.51,71650.13,136848541.1519
1771992000000,1905.51,1914.12,1892.85,1905.57,76351.8,145419303.8481
1771995600000,1905.57,1907.69,1877,1886.95,76056.9,143787114.6302
1771999200000,1886.95,1895.47,1883.77,1884.13,28483.94,53819959.483
1772002800000,1884.13,1894.48,1881.17,1892.36,24950.71,47138745.2987
1772006400000,1892.36,1913.84,1889.27,1909.49,48107.15,91461799.1015
1772010000000,1909.49,1917.4,1906.65,1914.51,38843.97,74260771.9576
1772013600000,1914.51,1922.78,1909.4,1911.89,35725.81,68411771.1016
1772017200000,1911.89,1927.87,1907.2,1925.66,49935.32,95824069.555
1772020800000,1925.66,1956.32,1921.52,1952.99,121144.45,235148274.5249
1772024400000,1952.99,1976.43,1952,1964,122671.54,240769731.0859
1772028000000,1964,2002.69,1958.46,1996.65,215385.96,426373710.6286
1772031600000,1996.65,2029.93,1985.94,2013.1,295785.96,594230906.9284
1772035200000,2013.1,2049.28,2012.6,2045.89,178062.82,361690204.8219
1772038800000,2045.89,2086.45,2043.55,2073.08,277179.96,572045301.0621
1772042400000,2073.08,2080.98,2056.1,2073.29,111331.25,230352413.7261
1772046000000,2073.29,2074.35,2058.73,2070.36,53707.34,111002399.6118
1772049600000,2070.36,2083.95,2057,2074.13,102210.57,211559872.9043
1772053200000,2074.13,2149,2063.88,2099.85,295347.03,622273954.4296
1772056800000,2099.85,2114.97,2073.05,2082.46,94476.13,197819281.4192
1772060400000,2082.46,2086.32,2033.44,2056.8,132085.56,271874974.989
1772064000000,2056.8,2076.22,2046.81,2061.48,91907.26,189451057.0671
1772067600000,2061.48,2066.8,2048.83,2057.92,37525.22,77218973.0258
1772071200000,2057.92,2058.55,2038.43,2052.66,52943.42,108474122.6382
1772074800000,2052.66,2059.44,2046.17,2053.64,24664.34,50627994.546
1772078400000,2053.64,2082.64,2051,2074.43,55132.88,114145165.7745
1772082000000,2074.43,2074.83,2055.61,2065.41,42838.49,88391165.1219
1772085600000,2065.41,2075.7,2058.75,2061.59,32699.69,67557385.1274
1772089200000,2061.59,2067.82,2050.99,2052.73,32364.04,66631684.1778
1772092800000,2052.73,2058.42,2043.29,2053.42,56940.55,116809506.948
1772096400000,2053.42,2076.75,2052,2073.99,57973.04,119909480.7316
1772100000000,2073.99,2084.14,2060.83,2064.5,62739.49,129946473.1593
1772103600000,2064.5,2066.56,2052.46,2056.54,35316.18,72685202.0195
1772107200000,2056.54,2071,2054.35,2069.11,39845.81,82265644.986
1772110800000,2069.11,2072.71,2059.62,2064.19,28487.62,58874016.4256
1772114400000,2064.19,2078.04,2033.58,2050.12,161054.08,330795380.6975
1772118000000,2050.12,2052.36,2010.25,2032.56,248119.12,502776711.0107
1772121600000,2032.56,2037.5,1977,1982.99,227488.57,455750936.283
1772125200000,1982.99,1998.33,1981.08,1987.2,82312.11,163734930.4873
1772128800000,1987.2,2008.64,1973.08,2002.98,108602.94,216251122.5349
1772132400000,2002.98,2033.82,2002.25,2029,121322.7,245259712.9217
1772136000000,2029,2041.16,2020.37,2022.69,69405.76,140946910.6106
1772139600000,2022.69,2034,2016.97,2029.73,30412.26,61630448.2956
1772143200000,2029.73,2037.41,2025.99,2032.03,19124.03,38855703.2877
1772146800000,2032.03,2032.62,2022.46,2026.77,20605.94,41776264.2338
1772150400000,2026.77,2029.68,2006.6,2013.44,43640.55,88008893.9261
1772154000000,2013.44,2022.1,1998.21,2020.8,72182.52,145191676.7281
1772157600000,2020.8,2033.59,2017.8,2025.02,40801.63,82651301.9647
1772161200000,2025.02,2049.41,2018.31,2044.15,42326.81,86098367.9167
1772164800000,2044.15,2063.39,2038.71,2041.83,80579.66,165317400.5486
1772168400000,2041.83,2048.64,2037.28,2040.71,26588,54329591.3909
1772172000000,2040.71,2041.85,2027.22,2035.09,40556.64,82519784.8316
1772175600000,2035.09,2040.57,2020.81,2031.62,56336.51,114296149.4329
1772179200000,2031.62,2045,2027.2,2032.53,55694.51,113347432.1115
1772182800000,2032.53,2041.43,2007.19,2009.07,68907.21,139262664.0382
1772186400000,2009.07,2012.75,1977.13,1979.76,139742.72,278288701.8272
1772190000000,1979.76,1983,1951.93,1961.01,123606.13,243114749.2673
1772193600000,1961.01,1968.46,1947.97,1959.12,96947.13,189850206.5105
1772197200000,1959.12,1966.88,1937.51,1962.18,114820.96,224290451.5164
1772200800000,1962.18,1963.42,1938.83,1942.01,91800.87,178979521.4197
1772204400000,1942.01,1958.71,1939.54,1947.49,84853.16,165438761.9422
1772208000000,1947.49,1947.79,1923.07,1926.06,114413.64,221123737.8568
1772211600000,1926.06,1933.6,1906.31,1931.01,137313.86,263541162.2621
1772215200000,1931.01,1932.13,1914.39,1917.05,47922.51,92157925.9314
1772218800000,1917.05,1922.87,1910.74,1920.3,40004.94,76701891.3142
1772222400000,1920.3,1925.91,1919.03,1922.14,25211.56,48469727.3837
1772226000000,1922.14,1932.55,1915.95,1920.34,40646.84,78275142.3322
1772229600000,1920.34,1926.15,1885.46,1920.33,113669.98,216895142.7211
1772233200000,1920.33,1932.42,1918.88,1928.48,48550.92,93583090.5462
1772236800000,1928.48,1935.99,1922.68,1931.13,36651.3,70747286.5504
1772240400000,1931.13,1935.31,1918.79,1923.18,26332.6,50726835.6615
1772244000000,1923.18,1931.7,1921.2,1929.18,14810.28,28551975.0195
1772247600000,1929.18,1930.3,1919.42,1923.22,28277.75,54382700.104
1772251200000,1923.22,1930.69,1913.45,1924.02,30117.33,57874850.1664
1772254800000,1924.02,1926.95,1911.75,1919.04,25138.96,48219053.5137
1772258400000,1919.04,1919.55,1833.84,1841.57,305672.56,572873766.813
1772262000000,1841.57,1884.71,1834.01,1865.4,193822.17,361104118.5889
1772265600000,1865.4,1867.68,1847.11,1851.36,81822.2,151932521.1698
1772269200000,1851.36,1862.42,1842.84,1853.97,58970.25,109242445.7646
1772272800000,1853.97,1869.98,1847.73,1864.15,55348.87,102810258.3638
1772276400000,1864.15,1879.97,1860.35,1862.17,71597.97,133942138.646
1772280000000,1862.17,1873.34,1861.48,1867.62,28650.39,53496304.1341
1772283600000,1867.62,1909.58,1863.96,1904.67,152826.16,288709842.4019
1772287200000,1904.67,1915.07,1881.64,1886.67,162808.54,309239832.8847
1772290800000,1886.67,1905,1872.27,1897.89,109523.64,207158468.8841
1772294400000,1897.89,1909.89,1890.55,1902.85,45188.57,85887847.3497
1772298000000,1902.85,1910.58,1882.98,1905.74,74712.06,141753678.82
1772301600000,1905.74,1946.6,1900,1934.87,121100.23,233058261.6438
1772305200000,1934.87,1954.85,1919.29,1945.95,99865.22,193643535.9171
1772308800000,1945.95,1971.36,1937.3,1964.86,91303.22,178703011.8585
1772312400000,1964.86,1967,1944,1956.9,69721.62,136270456.8072
1772316000000,1956.9,1984.91,1954.62,1964.49,47374.89,93312274.0576
1772319600000,1964.49,1969.18,1955.71,1963.56,43043.86,84497627.9421
1772323200000,1963.56,1968.9,1952.37,1961.7,28042.67,54957797.3382
1772326800000,1961.7,2023.41,1942.21,2011.65,137894.46,273498283.2346
1772330400000,2011.65,2056.02,2007.6,2032.04,161915.17,329794666.6112
1772334000000,2032.04,2038.82,2015.68,2022.51,49503.92,100368683.255
1772337600000,2022.51,2029.75,1995.76,2015.15,82318.7,165543995.7393
1772341200000,2015.15,2022.77,2008.44,2010.52,29492.01,59441695.6168
1772344800000,2010.52,2012.25,1988.28,1997.64,62230.68,124340763.5944
1772348400000,1997.64,2009.51,1992.17,2006.5,33113.63,66314055.5612
1772352000000,2006.5,2009.9,1980,1985.28,50223.87,100133535.0517
1772355600000,1985.28,1994.88,1973.9,1980.03,51905.61,102971425.9672
1772359200000,1980.03,1992.7,1970.49,1983.98,48371.9,95844796.6582
1772362800000,1983.98,1989.15,1981,1982.29,17722.21,35175958.8662
1772366400000,1982.29,1987.8,1975.34,1977.37,22121.27,43818415.4195
1772370000000,1977.37,2024.72,1966.7,2005.51,115022.74,229996207.8149
1772373600000,2005.51,2027.35,1992.11,1999.29,87404.79,175555681.8675
1772377200000,1999.29,2015.37,1991,1992.41,55644.53,111547832.12
1772380800000,1992.41,2008,1959.1,1973.23,121266.27,240624547.8611
1772384400000,1973.23,1975.17,1952,1960.18,64468.87,126646188.3699
1772388000000,1960.18,1997.98,1959.8,1974.94,90623.65,179609140.9699
1772391600000,1974.94,1975.76,1943.33,1952.85,76944.92,150670193.3007
1772395200000,1952.85,1954.12,1906.02,1912.96,125775.26,242037684.6699
1772398800000,1912.96,1931.43,1911.39,1927.85,52716.91,101319173.4036
1772402400000,1927.85,1971.39,1912.23,1923.71,130468.74,253075394.0944
1772406000000,1923.71,1948.42,1917.15,1938.72,58523.43,113252863.2284
1772409600000,1938.72,1966.19,1936.21,1959.85,61815.78,120626410.6048
1772413200000,1959.85,1988.68,1958.69,1962.91,65485.69,129203144.0174
1772416800000,1962.91,1965.56,1938.65,1954.64,52853.52,103089058.4674
1772420400000,1954.64,1979.65,1947.1,1971.43,53993.53,106318752.8519
1772424000000,1971.43,1979.55,1967.6,1972.17,34552.42,68151383.2328
1772427600000,1972.17,1983.04,1961.39,1970.24,37294.18,73539844.1557
1772431200000,1970.24,1970.6,1936.4,1942.51,83542.73,162878967.2636
1772434800000,1942.51,1944.35,1924.43,1940.4,60322.78,116678455.8319
1772438400000,1940.4,1950.68,1917.16,1948.33,80862.1,156405252.6041
1772442000000,1948.33,1966.16,1945.95,1946.8,67936.89,132829278.8457
1772445600000,1946.8,1955.28,1943.01,1951.28,31781.73,61960478.3417
1772449200000,1951.28,1954.72,1933.76,1946.78,59919.15,116410496.7451
1772452800000,1946.78,1948.3,1928.98,1936.95,39208.71,75971795.2465
1772456400000,1936.95,1943.63,1921.4,1926.53,74991.68,144848622.6711
1772460000000,1926.53,1984.75,1920,1978.85,224959.8,439477593.6977
1772463600000,1978.85,2065.56,1971.46,2047.11,369359.83,750166625.2597
1772467200000,2047.11,2089.53,2042.57,2063.98,204197.26,421292241.358
1772470800000,2063.98,2065.51,2024.06,2040.42,113938.75,232851131.2261
1772474400000,2040.42,2040.62,2023.16,2028.71,50438.83,102485013.5868
1772478000000,2028.71,2049.42,2015.05,2042.79,69294.3,140913505.7958
1772481600000,2042.79,2057,2024.21,2034.63,96971.42,197808357.5817
1772485200000,2034.63,2047.8,2028.4,2042.43,38389.57,78299233.7315
1772488800000,2042.43,2058.59,2040.96,2053.32,41408.41,84872826.3293
1772492400000,2053.32,2055,2023.97,2026.46,56660.18,115341014.3904
1772496000000,2026.46,2039.07,2016.38,2034.89,58656.83,118988287.1796
1772499600000,2034.89,2041.46,2018.4,2018.98,34091.01,69182778.1754
1772503200000,2018.98,2021.76,1996.64,2012.76,85394.56,171608609.6148
1772506800000,2012.76,2015.02,2004.1,2007.84,26840.21,53912378.0809
1772510400000,2007.84,2012.68,1997.26,1998.71,29713.99,59536437.2527
1772514000000,1998.71,2018.53,1986,1992.41,79911.09,159879565.0473
1772517600000,1992.41,2001.87,1987,1998.24,41479.35,82704017.2259
1772521200000,1998.24,2002.89,1992.17,1995.21,37058.83,74008626.0337
1772524800000,1995.21,1999.64,1945.65,1951.79,159507.1,314071865.1415
1772528400000,1951.79,1967.6,1937.5,1950.22,127161,248506283.2974
1772532000000,1950.22,1963,1943.57,1956.82,66174.64,129240593.4916
1772535600000,1956.82,1966.48,1950.66,1960.45,50663.58,99295067.3299
1772539200000,1960.45,1989.48,1959.82,1966.41,106794.09,210695785.1593
1772542800000,1966.41,1967.73,1942.39,1951.14,81460.91,159044354.6185
1772546400000,1951.14,1976.72,1927.39,1941.82,182105.37,355089572.8571
1772550000000,1941.82,1971.8,1930.78,1968.42,112170.57,218975500.9695
1772553600000,1968.42,2013.05,1957.33,1982.96,284103.47,563711460.7519
1772557200000,1982.96,1984.75,1957.42,1979.6,103728.7,204359936.0519
1772560800000,1979.6,1999.44,1968.1,1987.57,82431.83,163795297.5831
1772564400000,1987.57,1994.3,1975.49,1985.05,66015.4,131097941.874
1772568000000,1985.05,1988.64,1968.74,1977.37,42411.22,83906959.1391
1772571600000,1977.37,1977.57,1958.05,1967.37,50561.89,99360816.8103
1772575200000,1967.37,1987.27,1967.11,1982.41,37401.2,74054300.7293
1772578800000,1982.41,2001.07,1979.92,1981.9,52716.34,104865211.4293
1772582400000,1981.9,1985.94,1960.72,1975.87,61210.56,120844065.688
1772586000000,1975.87,1998.4,1968.69,1980.91,61731.87,122476661.8073
1772589600000,1980.91,1982.14,1967.4,1978.18,34449.1,68035335.1915
1772593200000,1978.18,1979.69,1943.5,1959.71,126638.96,247488881.679
1772596800000,1959.71,1963.64,1949.26,1959.27,40916.2,80041052.1187
1772600400000,1959.27,1976.79,1953.69,1970.18,41884.91,82334166.3235
1772604000000,1970.18,1985.73,1962,1979.38,47538.09,93872418.6943
1772607600000,1979.38,2009.95,1973.48,2005.7,82102.46,163712968.4234
1772611200000,2005.7,2066.83,1999.64,2063.35,210291.92,426766454.1817
1772614800000,2063.35,2089.32,2054.45,2074.72,218620.44,453183955.0832
1772618400000,2074.72,2092.8,2066.66,2071.93,113722.33,236374975.4629
1772622000000,2071.93,2077.92,2045.85,2054.02,107654.43,221771214.1951
1772625600000,2054.02,2058.81,2035.05,2053.36,90401.58,185000076.2773
1772629200000,2053.36,2068.37,2052.01,2063.31,77115.94,158900942.5556
1772632800000,2063.31,2110,2061.76,2078.99,263310.97,548345912.5579
1772636400000,2078.99,2160,2077.89,2149.29,347793.48,737758282.6059
1772640000000,2149.29,2165.83,2128.01,2141.2,178168.75,382090739.4556
1772643600000,2141.2,2156.75,2128.88,2144.86,89110.58,190982122.0678
1772647200000,2144.86,2163.6,2136.3,2162.56,61963.46,133218620.8655
1772650800000,2162.56,2199,2159.64,2176.54,172837.71,376716185.9188
1772654400000,2176.54,2179.11,2148.34,2149.36,68917.57,149227438.9425
1772658000000,2149.36,2154.93,2141.01,2148.57,44679.87,95970430.2827
1772661600000,2148.57,2163.36,2126.11,2130.86,52585.27,112728483.048
1772665200000,2130.86,2136.64,2115.45,2126.13,49432.04,105075022.7077
1772668800000,2126.13,2134.6,2120.01,2127.01,41567.52,88446029.2616
1772672400000,2127.01,2141.68,2106.44,2112.56,67252.29,142676088.3646
1772676000000,2112.56,2133.39,2111.7,2121.01,43868.73,93131772.1293
1772679600000,2121.01,2125.01,2105.7,2118.98,43054.02,91049211.6174
1772683200000,2118.98,2144,2117.41,2136.18,56178.3,119735338.4493
1772686800000,2136.18,2138.58,2112.35,2118.59,38904.26,82544047.3476
1772690400000,2118.59,2129.97,2108.81,2127.29,43181.54,91527647.3242
1772694000000,2127.29,2131.7,2094.51,2103.92,76898.3,162173108.3905
1772697600000,2103.92,2117.15,2092.11,2116.6,63442.9,133488803.1602
1772701200000,2116.6,2137.22,2115.37,2124.5,54400.16,115654063.1544
1772704800000,2124.5,2163.26,2119.13,2154.88,84456.93,181358587.5346
1772708400000,2154.88,2158.34,2132.53,2136.91,53978.11,115751785.882
1772712000000,2136.91,2141.49,2122,2137.2,49838.75,106301894.1337
1772715600000,2137.2,2138.75,2107.27,2116.32,98728.19,209249907.247
1772719200000,2116.32,2131.18,2095,2118.2,139105.17,293584146.0539
1772722800000,2118.2,2120.8,2066,2085.97,234460.52,488875590.0014
1772726400000,2085.97,2086.66,2055.02,2079.23,144451.77,299126680.0577
1772730000000,2079.23,2093.61,2053.46,2058.66,95038.47,196685679.5363
1772733600000,2058.66,2077.52,2056.27,2075.9,46358.72,95926098.6768
1772737200000,2075.9,2092,2071.14,2073.62,52189.94,108551920.6389
1772740800000,2073.62,2099.05,2068.75,2091.33,48004.07,100199187.1919
1772744400000,2091.33,2099.09,2074.19,2079.36,70038.26,146080250.4568
1772748000000,2079.36,2084.81,2076.31,2078.95,19249.32,40045519.4779
1772751600000,2078.95,2083.46,2068.62,2071.75,20285.5,42082723.4275
1772755200000,2071.75,2079.59,2066.18,2074.16,17565.41,36415042.6077
1772758800000,2074.16,2090.79,2060.92,2086.84,68406.51,142088430.2578
1772762400000,2086.84,2092.9,2079.41,2082.76,22733.38,47417823.7448
1772766000000,2082.76,2088.15,2074.01,2082.96,18572.58,38655420.943
1772769600000,2082.96,2085.14,2058.05,2069.99,40401.27,83624362.6727
1772773200000,2069.99,2073.6,2058.1,2067.86,48444.29,100122296.5418
1772776800000,2067.86,2079.82,2062.5,2073.39,32551.06,67382158.662
1772780400000,2073.39,2086.74,2067.87,2082.01,39729.66,82658380.2092
1772784000000,2082.01,2082.01,2073.34,2075.03,27780.37,57732002.3524
1772787600000,2075.03,2076.56,2044.5,2058.65,87769.24,180608834.7835
1772791200000,2058.65,2068.94,2057.43,2062.4,43104.32,88934162.1282
1772794800000,2062.4,2066.34,2048.07,2049.74,33362,68609463.1602
1772798400000,2049.74,2054.5,2036.5,2047.52,70650.19,144448668.9047
1772802000000,2047.52,2061.76,2018,2018.52,199795.07,407461164.3629
1772805600000,2018.52,2023.15,1970.37,1980.38,267729.81,534722832.712
1772809200000,1980.38,1996.99,1964.8,1976.67,112556.1,223102853.6205
1772812800000,1976.67,1984,1965.15,1970.23,74288.45,146535010.4392
1772816400000,1970.23,1981.5,1954.2,1965.6,76325.76,150026099.5433
1772820000000,1965.6,1982.64,1965.28,1973.33,48853.25,96564901.892
1772823600000,1973.33,1992.41,1973.33,1982.74,38926.68,77260102.87
1772827200000,1982.74,1988,1967.96,1977.73,54404.74,107558216.2158
1772830800000,1977.73,1983.65,1970.49,1982.81,42528.46,84062896.143
1772834400000,1982.81,1989.33,1979.91,1986.36,15072.49,29902881.8828
1772838000000,1986.36,1986.65,1975.73,1977.75,19766.92,39154091.345
1772841600000,1977.75,1982.37,1975.87,1980.1,9668.58,19134658.0544
1772845200000,1980.1,1982.59,1974.52,1979.47,13014.16,25753653.9621
1772848800000,1979.47,1984.3,1971.19,1982.35,18384.34,36346151.1062
1772852400000,1982.35,1995.33,1978.48,1979.13,40329.72,80122279.214
1772856000000,1979.13,1979.4,1962.05,1974.13,36310.86,71532722.9874
1772859600000,1974.13,1979,1971.62,1977.57,10673.08,21085415.78
1772863200000,1977.57,1977.7,1967.42,1970.79,17101.33,33739407.701
1772866800000,1970.79,1983.46,1965.74,1982.25,31260.55,61726259.1282
1772870400000,1982.25,1986.93,1974.4,1976.71,25442.92,50436167.3708
1772874000000,1976.71,1988.93,1974.1,1985.5,21914.42,43467758.2381
1772877600000,1985.5,1988.04,1981.9,1983.06,14498.75,28777862.0317
1772881200000,1983.06,1993.65,1981.21,1987.79,31278.89,62197311.4805
1772884800000,1987.79,1990.35,1978.38,1981.37,19880.78,39438310.0037
1772888400000,1981.37,1983.19,1976.38,1980.76,15698.27,31091878.2486
1772892000000,1980.76,1989.5,1969.01,1986,45776.18,90566341.086
1772895600000,1986,1986.59,1975.06,1979.92,24368.62,48276107.3423
1772899200000,1979.92,1979.92,1973.1,1976.29,26527.97,52427874.1092
1772902800000,1976.29,1982.86,1975.2,1976.52,18622.63,36864477.5346
1772906400000,1976.52,1976.73,1964.6,1970.21,35339,69608095.0334
1772910000000,1970.21,1970.21,1945.23,1953.97,73424.91,143731200.3633
1772913600000,1953.97,1967.93,1953.5,1965.49,25989.18,51008579.5416
1772917200000,1965.49,1971.02,1962.5,1969.3,22302.57,43857759.7263
1772920800000,1969.3,1970.08,1957.33,1965.33,21084.87,41443036.2335
1772924400000,1965.33,1973.1,1964.09,1968.53,15147.66,29834138.1297
1772928000000,1968.53,1976.5,1965.3,1967.61,22825.35,44965891.6207
1772931600000,1967.61,1970.75,1962.19,1967.92,13103.93,25777922.6563
1772935200000,1967.92,1968.99,1933.77,1941.17,72978.02,142154646.3755
1772938800000,1941.17,1950.6,1940.22,1946.32,21429.49,41712558.2747
1772942400000,1946.32,1952.33,1928,1937.11,40742.14,79088549.4074
1772946000000,1937.11,1951.43,1936.92,1947.87,26935.81,52423516.0471
1772949600000,1947.87,1951.08,1941.69,1946.79,12643.85,24603689.744
1772953200000,1946.79,1960.33,1945.79,1953.97,28943.35,56575784.0037
1772956800000,1953.97,1959.91,1947.74,1958.58,32463.87,63459614.403
1772960400000,1958.58,1969.22,1955.51,1962.73,40004.14,78569116.9742
1772964000000,1962.73,1979.39,1962.35,1973.25,46328.56,91377599.3148
1772967600000,1973.25,1973.44,1943.69,1950.39,67080.84,131170994.5121
1772971200000,1950.39,1953.95,1923.47,1945.13,88270.55,171068973.3796
1772974800000,1945.13,1946.89,1922.02,1943.15,68940.4,133460416.5631
1772978400000,1943.15,1949.77,1936.2,1944.21,46731.09,90858527.5662
1772982000000,1944.21,1946.99,1936.02,1941.96,23069.88,44774171.2212
1772985600000,1941.96,1943.74,1932.52,1935.7,26217.45,50793844.7654
1772989200000,1935.7,1945.73,1931.35,1934.45,33864,65574449.7591
1772992800000,1934.45,1935.83,1926.02,1928.74,32476.7,62683313.0303
1772996400000,1928.74,1968.92,1926.47,1963.34,108058.24,211064769.3372
1773000000000,1963.34,1970.54,1952,1957.65,45605.99,89371810.0984
1773003600000,1957.65,1961,1942.4,1952.59,41128.09,80190068.677
1773007200000,1952.59,1952.59,1908.94,1941.87,210022.64,404828207.3163
1773010800000,1941.87,1954.5,1934.21,1935.93,62686.58,121911381.9429
1773014400000,1935.93,1965.71,1928.39,1949.76,95391.84,185804136.4577
1773018000000,1949.76,1962.5,1941.07,1944.65,51332.68,100210906.7515
1773021600000,1944.65,1962.7,1936.92,1958.98,60204.65,117364271.8661
1773025200000,1958.98,2005.14,1958.21,1976.5,164740.74,327046213.8491
1773028800000,1976.5,1988.62,1972.31,1976.48,36291.67,71898889.7228
1773032400000,1976.48,2013.7,1974.95,2009.99,119044.3,237911218.1844
1773036000000,2009.99,2012.65,1982.02,1984.07,57337,114485983.1307
1773039600000,1984.07,1985.01,1962.29,1983,65445.02,129333950.6147
1773043200000,1983,1999.6,1977.36,1995.8,62845.88,125124546.5403
1773046800000,1995.8,2022.31,1985.6,2003.51,84461.91,169532832.7294
1773050400000,2003.51,2006.51,1991.34,1994.5,43814.53,87617929.5101
1773054000000,1994.5,1999.05,1979.51,1991.35,46775.43,93011967.7778
1773057600000,1991.35,2013.1,1991.22,2001.54,58652.85,117447652.317
1773061200000,2001.54,2030,2000,2017.26,157454.54,317491336.1078
1773064800000,2017.26,2033,2007,2021.37,119694.25,241838495.9414
1773068400000,2021.37,2028.57,2012.19,2021.39,53715.63,108567213.1524
1773072000000,2021.39,2038,2017.5,2026.23,69905.88,141705078.0268
1773075600000,2026.23,2031.71,2004.26,2015.68,77231.91,155754473.2449
1773079200000,2015.68,2022.12,2005.18,2010.88,54379.37,109502392.9959
1773082800000,2010.88,2052.89,2008.75,2032.53,145708.11,296341846.1812
1773086400000,2032.53,2036.99,2017.4,2024.47,44197.61,89582989.3965
1773090000000,2024.47,2034.61,2020.54,2027.17,22940.32,46533628.9084
1773093600000,2027.17,2030.36,1997.97,2001.6,84496.61,169811751.4146
1773097200000,2001.6,2006.9,1988,1992.13,45612.9,91140508.9227
1773100800000,1992.13,2022.28,1989.76,2014.57,57460.21,115446697.3136
1773104400000,2014.57,2024.65,2005.19,2018.24,36738.55,74010912.0252
1773108000000,2018.24,2054.69,2013.04,2041.48,95101.05,193960299.1138
1773111600000,2041.48,2047.17,2021.43,2025.61,52541.67,106920530.5814
1773115200000,2025.61,2046.75,2025.25,2044.79,40043.73,81552539.2035
1773118800000,2044.79,2053.69,2039,2043.51,53882.26,110197362.799
1773122400000,2043.51,2048.97,2035.5,2042.87,44698.55,91311946.3573
1773126000000,2042.87,2058.89,2039.55,2050.3,57506.98,117862852.9696
1773129600000,2050.3,2069.75,2050.3,2056.2,96101.74,198037219.8636
1773133200000,2056.2,2073.57,2054.6,2067.15,72270.14,149319114.8405
1773136800000,2067.15,2068.44,2054.49,2061.91,34191.44,70455810.7495
1773140400000,2061.91,2067.78,2055.35,2061.05,51755.26,106696777.7042
1773144000000,2061.05,2061.57,2045.8,2048.88,56981.73,116938998.0474
1773147600000,2048.88,2059.9,2022.83,2032.3,155386.37,316981346.385
1773151200000,2032.3,2081.19,2007.28,2074.8,241500.59,492432566.7831
1773154800000,2074.8,2085.4,2058.27,2078.79,146727.15,303932631.4515
1773158400000,2078.79,2087.99,2068.36,2080.04,67009.1,139350205.7304
1773162000000,2080.04,2085.55,2056.99,2070.91,79507.77,164666568.6203
1773165600000,2070.91,2072.59,2034.22,2038.55,168831.19,345491450.1382
1773169200000,2038.55,2043.6,2025.58,2035.78,75912.36,154474196.2907
1773172800000,2035.78,2046.49,2034.19,2041.41,32369.12,66059163.8032
1773176400000,2041.41,2047.51,2017.58,2028.17,53762.74,109216184.102
1773180000000,2028.17,2032.4,2019.43,2026.31,41357.88,83769180.1101
1773183600000,2026.31,2036.44,2026.25,2035.52,30569.59,62130926.0673
1773187200000,2035.52,2040.82,2027.49,2036.96,33808.52,68781613.4965
1773190800000,2036.96,2040.6,2027.3,2035.28,25285.83,51449781.251
1773194400000,2035.28,2038.33,2016.19,2025.63,41003.61,83065884.8772
1773198000000,2025.63,2028.26,2016.55,2020,18424.27,37228383.6157
1773201600000,2020,2040.41,2017.13,2038.11,39584.02,80416941.6294
1773205200000,2038.11,2040.45,2010,2013.21,60893.02,123121266.9599
1773208800000,2013.21,2025,2012.65,2023.31,31580.17,63756210.5483
1773212400000,2023.31,2024.75,2005.31,2011.44,42780.67,86136464.5385
1773216000000,2011.44,2025,2008.05,2022.97,61156.84,123351795.1266
1773219600000,2022.97,2026.91,2013.67,2017.05,26596.53,53720875.528
1773223200000,2017.05,2030.98,2016.49,2028.1,25381.1,51383533.1703
1773226800000,2028.1,2033.81,2015,2017.06,44715.33,90468092.017
1773230400000,2017.06,2036.5,2011.43,2022.18,82187.74,166191451.6642
1773234000000,2022.18,2082.1,2020.85,2049.92,238238.82,489430424.575
1773237600000,2049.92,2077.6,2042.16,2062,135253.59,278651669.5686
1773241200000,2062,2064.74,2028.59,2049.07,140272.84,286999416.4941
1773244800000,2049.07,2072.21,2045.38,2066.42,95776.3,197255093.3785
1773248400000,2066.42,2085.69,2056.53,2067.27,113659.2,235434098.33
1773252000000,2067.27,2079.69,2063.33,2075.87,47326.81,98073534.7661
1773255600000,2075.87,2077,2067.43,2075.28,33123.78,68642298.0435
1773259200000,2075.28,2075.44,2064.4,2067.56,22698.3,46967559.1541
1773262800000,2067.56,2074.37,2062.25,2072.1,18484.17,38229661.6693
1773266400000,2072.1,2083.61,2057.42,2060.62,54059.95,111854941.2615
1773270000000,2060.62,2064.01,2044.04,2050.74,49036.69,100721321.9944
1773273600000,2050.74,2057.38,2046.14,2054.66,25379.37,52081995.9707
1773277200000,2054.66,2055.38,2041.56,2045.3,34871.19,71367508.2129
1773280800000,2045.3,2046.8,2020.06,2023.2,79484.91,161558380.9857
1773284400000,2023.2,2033.71,2016.2,2022.06,48923.12,99100577.9814
1773288000000,2022.06,2028.81,2020.05,2021.82,23278.81,47123593.7865
1773291600000,2021.82,2027.09,2018,2025.89,33386.93,67535791.3326
1773295200000,2025.89,2031.01,2023.39,2029.5,22807.52,46245637.2637
1773298800000,2029.5,2041.33,2024.58,2039.73,53400.24,108602121.3364
1773302400000,2039.73,2052.15,2037.43,2046.78,47697.81,97533299.549
1773306000000,2046.78,2064.99,2037.14,2054.7,73518.75,150697361.6989
1773309600000,2054.7,2074.88,2051.7,2069.33,75575.82,156001972.141
1773313200000,2069.33,2076.27,2056.69,2061.95,59081.82,122132070.4939
1773316800000,2061.95,2070.45,2056.77,2064.7,42672.91,88006927.9628
1773320400000,2064.7,2080.5,2050.22,2064.59,128155.01,264552460.2989
1773324000000,2064.59,2094.71,2035.92,2043.98,254006.45,524097265.6201
1773327600000,2043.98,2081.43,2037.33,2071.34,154051.39,318109174.4097
1773331200000,2071.34,2077.84,2054.37,2068.61,95929.69,198323506.6249
1773334800000,2068.61,2075,2053.61,2057.22,56659.48,116930066.1033
1773338400000,2057.22,2060.97,2045.25,2047.72,67050.41,137590728.8376
1773342000000,2047.72,2073.6,2043.69,2068.45,68030.1,140276160.3811
1773345600000,2068.45,2073.5,2058.85,2061.4,30823.36,63648469.2511
1773349200000,2061.4,2068.15,2055.99,2061.73,27297.6,56249196.7865
1773352800000,2061.73,2066.69,2054.3,2064.68,30496.39,62859159.833
1773356400000,2064.68,2092.81,2063.89,2072.58,105707.95,219842281.5547
1773360000000,2072.58,2148.54,2069.43,2118.26,254724.49,540379118.8982
1773363600000,2118.26,2130,2110.68,2124.26,57794.59,122675588.8362
1773367200000,2124.26,2126.79,2101.08,2104.75,60706.83,128186279.7219
1773370800000,2104.75,2122.85,2100.9,2117.73,44824.13,94598418.1299
1773374400000,2117.73,2119.25,2108.69,2110.59,23225.15,49069785.3993
1773378000000,2110.59,2114.44,2101.82,2109.41,29643.05,62514014.4447
1773381600000,2109.41,2112.19,2088.45,2094.99,63668.89,133494927.0464
1773385200000,2094.99,2103.98,2091.47,2098.51,55966.84,117432540.9628
1773388800000,2098.51,2116.27,2090.18,2098.98,86113.97,181136001.8558
1773392400000,2098.98,2116.25,2095.02,2112.76,53678.46,113071858.5494
1773396000000,2112.76,2132.57,2111.91,2126.02,90607.93,192538693.6487
1773399600000,2126.02,2129.6,2117.07,2120.07,45838.5,97322446.1589
1773403200000,2120.07,2152.68,2119.45,2145.57,103526.73,221264158.6562
1773406800000,2145.57,2200,2140.75,2184.53,293113.27,638662773.0929
1773410400000,2184.53,2208.63,2144.3,2150.3,275490.26,599669278.5584
1773414000000,2150.3,2164.46,2123.35,2126.71,204825.74,439223977.9772
1773417600000,2126.71,2142.45,2110.22,2132.92,170710.91,362927647.1283
1773421200000,2132.92,2140.38,2088.84,2101.74,149785.37,316117986.5354
1773424800000,2101.74,2107.93,2088.91,2099.71,69186.21,145355055.2423
1773428400000,2099.71,2105,2095.16,2101.51,40337.14,84754907.1246
1773432000000,2101.51,2113.14,2100,2110.5,31971.52,67409142.9119
1773435600000,2110.5,2116,2100.09,2102.06,32597.81,68722048.497
1773439200000,2102.06,2104.08,2076.85,2087.77,73228.37,152783527.2772
1773442800000,2087.77,2093.1,2084.32,2090.95,22101.58,46189443.1676
1773446400000,2090.95,2094,2081.63,2084.33,27482.4,57363903.0282
1773450000000,2084.33,2094.4,2079.09,2091.53,29953.75,62562028.0467
1773453600000,2091.53,2094.99,2088.51,2091.73,13261.03,27741074.5059
1773457200000,2091.73,2103.48,2091.29,2100.25,28810.3,60456326.9222
1773460800000,2100.25,2105,2085.7,2089.18,45860.96,96145077.835
1773464400000,2089.18,2093.63,2084.28,2091.3,22079.06,46142583.1429
1773468000000,2091.3,2091.3,2066.43,2077.11,54463.54,113190808.0201
1773471600000,2077.11,2079.43,2074.01,2076.24,24575.87,51042130.3007
1773475200000,2076.24,2079.85,2071.65,2073.21,24083.6,49987790.6869
1773478800000,2073.21,2076.9,2061.76,2066.08,36319.14,75177468.2285
1773482400000,2066.08,2067.91,2060.01,2064.86,32352.33,66776017.9722
1773486000000,2064.86,2075.37,2064.31,2072.6,35978.5,74516430.3794
1773489600000,2072.6,2076.53,2067.6,2074.26,38309.19,79422626.742
1773493200000,2074.26,2079.46,2071.51,2077.11,19523.83,40536288.8197
1773496800000,2077.11,2079.3,2068.01,2069.99,19179.83,39744272.969
1773500400000,2069.99,2076.93,2068.8,2073.56,21520.54,44607234.498
1773504000000,2073.56,2077.64,2067.5,2076.33,12511,25928370.4525
1773507600000,2076.33,2077.21,2072.02,2074.05,8354.63,17334447.6588
1773511200000,2074.05,2077.46,2071.18,2075.47,7002.79,14526544.719
1773514800000,2075.47,2078.42,2073.46,2076.32,7149.18,14841777.9404
1773518400000,2076.32,2087.35,2074.53,2084.64,32670.99,68032194.7953
1773522000000,2084.64,2087.99,2080.4,2085.78,14749.36,30735738.9087
1773525600000,2085.78,2087.19,2080.45,2083.46,7963.52,16597446.2357
1773529200000,2083.46,2101.69,2082.81,2095.39,48307.37,101172531.7735
1773532800000,2095.39,2095.95,2085,2086.86,15740.58,32903141.8634
1773536400000,2086.86,2090.3,2082.11,2087.28,12733.02,26559667.4003
1773540000000,2087.28,2107.61,2087.27,2101.03,56569.32,118691387.1818
1773543600000,2101.03,2104.26,2092.51,2095.31,26734.23,56060088.2909
1773547200000,2095.31,2103.55,2095.3,2103.53,17465.26,36680534.4972
1773550800000,2103.53,2115.25,2101.07,2106.9,45795.95,96625418.9364
1773554400000,2106.9,2110.43,2102.07,2106.99,13571.1,28580270.8415
1773558000000,2106.99,2113.18,2102.6,2104.84,19508.87,41115389.2518
1773561600000,2104.84,2112.48,2104.84,2112.02,21073.58,44446536.6875
1773565200000,2112.02,2122.8,2111.88,2116.39,46140.96,97709293.1756
1773568800000,2116.39,2120.63,2113.03,2118.06,16267.36,34446786.7932
1773572400000,2118.06,2120,2114,2118.77,21605.14,45743756.9258
1773576000000,2118.77,2119,2106.94,2108.59,35292.51,74545927.8049
1773579600000,2108.59,2111.56,2085.32,2096.07,90652.9,189900737.4345
1773583200000,2096.07,2098.02,2085.49,2096.08,31478.17,65856269.5182
1773586800000,2096.08,2096.25,2089,2092.75,19696.62,41224274.6801
1773590400000,2092.75,2097.99,2087.19,2090.61,23330.58,48797227.3547
1773594000000,2090.61,2117.76,2090.05,2109.63,52160.41,109869803.4808
1773597600000,2109.63,2112.53,2093.09,2098.06,38423.63,80838103.4631
1773601200000,2098.06,2113.8,2095.31,2112.46,45870.12,96606768.6576
1773604800000,2112.46,2138.54,2109,2128.02,87039.39,185001045.0867
1773608400000,2128.02,2145,2122.49,2138.38,48628.06,103743398.9066
1773612000000,2138.38,2191.74,2124.51,2183.74,196501.21,424352164.5518
1773615600000,2183.74,2202.7,2165,2177.38,172271.96,376342739.4773
1773619200000,2177.38,2187.12,2163.83,2170.34,74505.67,162003563.0078
1773622800000,2170.34,2190.58,2163.48,2184.99,59363.3,129167808.3061
1773626400000,2184.99,2188.47,2168.71,2179.5,41618.77,90612089.2877
1773630000000,2179.5,2253.52,2176.34,2235.06,261741.51,582303364.0511
1773633600000,2235.06,2278.8,2235.05,2262.35,161564.37,364448653.0555
1773637200000,2262.35,2288.53,2255.99,2279.53,118957.62,269982822.055
1773640800000,2279.53,2280.67,2260.14,2260.74,54472.26,123447539.1275
1773644400000,2260.74,2268.95,2244.34,2248.26,75213.7,169786463.1863
1773648000000,2248.26,2258.62,2230.53,2242.63,78800.91,176978418.8086
1773651600000,2242.63,2268.02,2239.03,2259.71,64292.78,144893424.7401
1773655200000,2259.71,2278.02,2254.56,2277.32,72057.31,163305158.4269
1773658800000,2277.32,2279.88,2264.5,2269,48647.2,110540235.1512
1773662400000,2269,2303,2268.9,2277.97,151994.77,347556132.3812
1773666000000,2277.97,2307.33,2270.75,2287.48,158726.62,363385333.6997
1773669600000,2287.48,2303.54,2252.57,2286.97,178477.17,406739187.9456
1773673200000,2286.97,2299.21,2268.61,2272.19,88332.73,201777406.8435
1773676800000,2272.19,2300.82,2268.55,2296.14,97072.25,222114424.5939
1773680400000,2296.14,2324,2292.35,2313.8,111426.01,257206697.6142
1773684000000,2313.8,2346.41,2313,2321.09,155474.65,362647707.2489
1773687600000,2321.09,2347.9,2317.64,2330,111077.95,258888208.1518
1773691200000,2330,2347.07,2322,2344.24,46383.55,108247753.1728
1773694800000,2344.24,2376.31,2342.43,2359.49,129216.42,304381970.1026
1773698400000,2359.49,2385,2353.83,2356.52,91629.41,217023630.3109
1773702000000,2356.52,2360.28,2327.11,2351.38,93900.65,220115714.3334
1773705600000,2351.38,2375,2339.2,2356.63,142562.82,336283878.2873
1773709200000,2356.63,2374.72,2345.03,2359.44,83511.29,197162093.9329
1773712800000,2359.44,2360.83,2342.85,2349.98,39772.32,93488125.7327
1773716400000,2349.98,2355,2307,2319,121520.32,282386774.8267
1773720000000,2319,2328.89,2293.59,2310.24,100694.3,232763264.654
1773723600000,2310.24,2317.63,2296.57,2306.55,47948.53,110668119.3781
1773727200000,2306.55,2323.81,2297.1,2314.3,52804.44,122142435.4646
1773730800000,2314.3,2337.31,2314.24,2326.8,49997.98,116458391.4318
1773734400000,2326.8,2334.33,2312.8,2319.45,52867.85,122865935.0228
1773738000000,2319.45,2328.13,2305.54,2314.65,72872.62,168820340.6217
1773741600000,2314.65,2316,2301.59,2311.99,46634.65,107728709.4934
1773745200000,2311.99,2332.2,2309.97,2325.72,54220.03,126070314.3648
1773748800000,2325.72,2334.64,2311.44,2314.56,47045.39,109198580.9726
1773752400000,2314.56,2345.92,2312.2,2327.92,120098.2,279710831.1592
1773756000000,2327.92,2349.34,2317.24,2342.48,97020.78,226568062.7279
1773759600000,2342.48,2357,2303,2314.55,146761.5,341383979.2324
1773763200000,2314.55,2336,2311.13,2325.89,69859.5,162384429.3568
1773766800000,2325.89,2341.73,2319.5,2338.83,51578.2,120284014.0054
1773770400000,2338.83,2341.67,2326.58,2331.58,41462.02,96877517.4049
1773774000000,2331.58,2339,2315.14,2318.71,35706.04,83048802.1773
1773777600000,2318.71,2329.24,2315.91,2326.6,21823.87,50688981.9755
1773781200000,2326.6,2343.84,2326.59,2337.1,26450.78,61823285.368
1773784800000,2337.1,2341,2316.81,2328.34,28015.63,65194674.1618
1773788400000,2328.34,2332.15,2315,2316.04,36793.23,85449741.4062
1773792000000,2316.04,2324.62,2305.31,2323.17,52434.16,121451740.4805
1773795600000,2323.17,2334.55,2321.49,2323.8,30856.11,71801393.7546
1773799200000,2323.8,2340.79,2323.28,2330.17,32997.72,76995126.5476
1773802800000,2330.17,2349.2,2327.32,2339.65,46017.99,107651374.2898
1773806400000,2339.65,2341.18,2325.06,2326.18,23828.15,55574423.874
1773810000000,2326.18,2330.65,2312.16,2317.11,39503.5,91698611.6325
1773813600000,2317.11,2330.53,2316.6,2321.32,28768.63,66827005.542
1773817200000,2321.32,2322.07,2310.05,2316.36,33768.35,78187076.6637
1773820800000,2316.36,2324.44,2315.24,2321.32,23319.9,54104871.2114
1773824400000,2321.32,2332.74,2320.31,2328.09,26227.1,61051894.7349
1773828000000,2328.09,2330.95,2307,2311.38,66447.19,153813793.9879
1773831600000,2311.38,2318,2261.48,2267.87,225852.47,515494221.1468
1773835200000,2267.87,2269.77,2234.03,2236.3,177831.47,399954493.9448
1773838800000,2236.3,2243.92,2222,2234.46,137831.79,307941632.1697
1773842400000,2234.46,2236,2185.36,2189.21,190414.99,420772370.1998
1773846000000,2189.21,2195.91,2168.21,2186.23,198626.53,433516850.0581
1773849600000,2186.23,2190.09,2165.08,2180.26,111756.57,243304419.8939
1773853200000,2180.26,2210.77,2175.91,2203.17,113645.17,249692542.9409
1773856800000,2203.17,2219.25,2174.51,2180.16,130954.29,287814918.0667
1773860400000,2180.16,2195.96,2177.11,2184.87,49412.93,108083113.5956
1773864000000,2184.87,2195.11,2152,2186.38,119660.06,259855459.477
1773867600000,2186.38,2206.2,2184.58,2201.61,43438.9,95432843.6646
1773871200000,2201.61,2202.73,2186.09,2193.57,34153.26,74838169.6298
1773874800000,2193.57,2205.53,2187.83,2202.04,42263.15,92899290.005
1773878400000,2202.04,2207.7,2189.38,2192.07,34273.67,75321878.8813
1773882000000,2192.07,2201.01,2185.1,2195.63,32517.38,71372296.9931
1773885600000,2195.63,2204.23,2187.32,2195.82,34802.97,76566065.061
1773889200000,2195.82,2234.02,2195.8,2210.96,113506.14,251588474.7092
1773892800000,2210.96,2212.01,2189.32,2192.21,52763.27,115970215.8277
1773896400000,2192.21,2197.54,2185.22,2187.87,27151.64,59487401.3936
1773900000000,2187.87,2195,2176.01,2179.4,56044.87,122392976.8403
1773903600000,2179.4,2181.24,2141.35,2165.1,165665.27,358054466.8149
1773907200000,2165.1,2169.81,2156.55,2159.51,49167.34,106293657.5519
1773910800000,2159.51,2189.93,2158.69,2188.29,84492.98,184002374.6717
1773914400000,2188.29,2191.42,2171.45,2171.72,31487.52,68649342.0956
1773918000000,2171.72,2176.9,2164.03,2165.87,37707.35,81798832.7359
1773921600000,2165.87,2166.46,2128.47,2131.41,139072.4,298498480.9604
1773925200000,2131.41,2142.46,2109.23,2136.45,250744.04,533178423.3878
1773928800000,2136.45,2146.64,2101.17,2120.64,147848.92,313271172.9932
1773932400000,2120.64,2137.14,2097.54,2117.75,120010.81,254133158.8344
1773936000000,2117.75,2121.22,2105.28,2114.18,71990.88,152082800.4624
1773939600000,2114.18,2130.77,2103.64,2126.34,56795.77,120378337.5659
1773943200000,2126.34,2128.73,2113.05,2124.21,25236.58,53506873.0947
1773946800000,2124.21,2156,2123.96,2140.2,195131.4,418162600.8404
1773950400000,2140.2,2152,2138.36,2145.07,35087.18,75234914.5484
1773954000000,2145.07,2155.14,2144,2149.1,33658.81,72373174.907
1773957600000,2149.1,2151.41,2131.39,2139.26,37604.95,80495568.6326
1773961200000,2139.26,2147.07,2129.02,2136.71,36538.48,78151456.7374
1773964800000,2136.71,2148.42,2133.53,2144.71,27643.82,59235646.3468
1773968400000,2144.71,2159.99,2143.81,2150.1,50524.23,108794314.9627
1773972000000,2150.1,2150.9,2131.17,2143.44,50355.13,107810888.758
1773975600000,2143.44,2156.49,2142.39,2150.25,26273.06,56502414.606
1773979200000,2150.25,2158.22,2138.2,2147.29,38836.73,83419447.3429
1773982800000,2147.29,2151.05,2136.22,2139.24,25320.01,54280979.666
1773986400000,2139.24,2140.65,2130.56,2135.56,38209.6,81611699.5688
1773990000000,2135.56,2152.62,2119.47,2149.51,102685.55,219387749.4971
1773993600000,2149.51,2175.86,2145.42,2162.94,108820.51,235392906.5758
1773997200000,2162.94,2163.18,2133.76,2140.18,87423.45,187539210.3308
1774000800000,2140.18,2150.61,2130.12,2147.31,54498.94,116711764.8864
1774004400000,2147.31,2157.71,2133.03,2140.35,57678.9,123723722.8071
1774008000000,2140.35,2152,2134,2140.02,32670.7,70004591.7516
1774011600000,2140.02,2152.43,2121.74,2126.08,118696.41,253423191.568
1774015200000,2126.08,2146.85,2113.87,2127.88,198948.06,423905002.9383
1774018800000,2127.88,2137.85,2118.53,2132.88,79663.57,169545667.6439
1774022400000,2132.88,2143.91,2129.29,2136.44,75525.66,161308589.9236
1774026000000,2136.44,2140,2118.47,2135.75,77400.49,164926885.9471
1774029600000,2135.75,2136.59,2115.46,2122.09,121016.96,257102999.5013
1774033200000,2122.09,2134.38,2115.87,2132.08,135507.9,287874514.7416
1774036800000,2132.08,2136,2122.39,2132.14,52836.08,112508297.2975
1774040400000,2132.14,2157.22,2129.67,2146.71,105103.2,225283890.2454
1774044000000,2146.71,2168,2146.64,2153.7,57995.43,125223562.1437
1774047600000,2153.7,2154.71,2142,2145.02,24113.29,51767550.7954
1774051200000,2145.02,2155.6,2143.06,2152.3,20036.78,43068076.0271
1774054800000,2152.3,2158.85,2146.32,2146.6,18639.28,40115582.2583
1774058400000,2146.6,2155.55,2145.03,2154.01,12457.57,26796510.7642
1774062000000,2154.01,2155.48,2149.83,2152.29,11260.61,24231655.4869
1774065600000,2152.29,2157.37,2149.15,2150.58,12341.64,26575669.5646
1774069200000,2150.58,2156.88,2150.57,2152.1,12710.19,27372039.1899
1774072800000,2152.1,2155.57,2151,2154.56,11452.69,24661389.1738
1774076400000,2154.56,2160.5,2152.28,2154.48,20161.21,43489912.4163
1774080000000,2154.48,2156.45,2148.32,2152.98,15871.55,34160727.8453
1774083600000,2152.98,2158.42,2152.55,2157.7,17582.14,37905109.7421
1774087200000,2157.7,2158.76,2151.71,2153.06,16907.91,36432159.5306
1774090800000,2153.06,2156.74,2151.54,2156.27,9946.58,21427891.2133
1774094400000,2156.27,2159.97,2155.58,2156.86,17543.28,37853878.3393
1774098000000,2156.86,2158.87,2153.7,2154.82,7813.06,16845026.9137
1774101600000,2154.82,2167.33,2149.18,2150.9,36128.52,78020593.7293
1774105200000,2150.9,2156.53,2145.01,2154.22,36228.56,77943832.7869
1774108800000,2154.22,2154.7,2143.09,2145.69,20974.63,45077215.92
1774112400000,2145.69,2149.59,2140.82,2147.2,15851,34007243.9152
1774116000000,2147.2,2155,2146.47,2150.23,17684.47,38049035.089
1774119600000,2150.23,2152.24,2148.08,2151.26,8690.61,18691762.3087
1774123200000,2151.26,2156.25,2148.83,2154.94,19126.78,41184572.1497
1774126800000,2154.94,2156.13,2151.38,2152.68,10958.31,23602609.3968
1774130400000,2152.68,2152.68,2148.29,2148.76,6923.37,14885199.8298
1774134000000,2148.76,2149.09,2068.58,2083.26,195502.17,411402948.9679
1774137600000,2083.26,2094.39,2047.17,2086.42,190138.83,393451358.7369
1774141200000,2086.42,2093.38,2080.21,2090.19,41532.37,86680724.0207
1774144800000,2090.19,2108.26,2086.44,2101.21,59857.95,125665888.2048
1774148400000,2101.21,2126.7,2096.98,2112.98,62290.02,131725373.4397
1774152000000,2112.98,2122.35,2105.16,2118.19,63671.58,134586680.1808
1774155600000,2118.19,2119.75,2110.85,2111.95,21912.83,46353214.7043
1774159200000,2111.95,2112.39,2106.17,2107.37,16434.78,34659370.4602
1774162800000,2107.37,2111.38,2091.57,2092.73,41379.36,86913949.5428
1774166400000,2092.73,2094.95,2073,2085.41,81982.19,170843316.2153
1774170000000,2085.41,2095.89,2078.25,2083.86,41763.64,87113647.7558
1774173600000,2083.86,2085.93,2075.71,2080.12,23434.41,48759906.1892
1774177200000,2080.12,2083,2065,2068.91,50240.42,104150596.2735
1774180800000,2068.91,2087.65,2067.23,2081.65,61612.9,128075948.9642
1774184400000,2081.65,2092.57,2071.59,2077.66,52071.89,108413010.6239
1774188000000,2077.66,2084.48,2069.8,2076.98,26141.77,54319450.2052
1774191600000,2076.98,2083.94,2074.6,2082.01,19444.15,40428204.1828
1774195200000,2082.01,2083.8,2076.34,2081.01,10649.06,22152516.5379
1774198800000,2081.01,2083.62,2076.05,2078.58,8859.29,18428983.7344
1774202400000,2078.58,2079.46,2053.67,2070.85,60409.08,124705298.6925
1774206000000,2070.85,2071.7,2051.94,2062.07,41944.26,86430900.8565
1774209600000,2062.07,2071.3,2055,2057.34,29614.73,61075654.2452
1774213200000,2057.34,2059.37,2024.02,2045.01,143915.08,293421979.3296
1774216800000,2045.01,2064.9,2031.15,2061.6,72587.37,148849628.9473
1774220400000,2061.6,2074.49,2050,2052.59,51196.54,105593925.8219
1774224000000,2052.59,2062.54,2033.83,2042.38,77637.3,158880606.3179
1774227600000,2042.38,2061.61,2038.14,2046.55,51491.7,105687758.8205
1774231200000,2046.55,2069.25,2045.2,2062.31,58168.26,119652931.8964
1774234800000,2062.31,2071.49,2050.53,2051.55,27523.42,56661659.0139
1774238400000,2051.55,2065.73,2049.37,2064.6,20003.16,41140046.6722
1774242000000,2064.6,2071.5,2059.68,2068.29,33207.86,68600967.1384
1774245600000,2068.29,2068.29,2026.19,2036.12,114952.28,234726691.4593
1774249200000,2036.12,2049.13,2021.78,2043.66,78088.47,158936496.6035
1774252800000,2043.66,2058.07,2042.22,2046.76,73710.6,151163060.2915
1774256400000,2046.76,2048.04,2027.27,2042.41,51434.73,104769431.9033
1774260000000,2042.41,2053.37,2038.93,2048,35823.04,73288939.2099
1774263600000,2048,2198.21,2048,2133.27,800421.93,1715276809.6966
1774267200000,2133.27,2147,2106.04,2143.26,242253.89,514828267.422
1774270800000,2143.26,2188.75,2139.02,2184.78,188467.2,407872463.9404
1774274400000,2184.78,2192,2167.87,2180.27,130853,285205747.8182
1774278000000,2180.27,2187.92,2123.08,2127.14,196498.73,422356453.6857
1774281600000,2127.14,2141.9,2116.37,2134.84,167013.48,355736247.7442
1774285200000,2134.84,2158.26,2123.31,2151.72,70167.29,150419400.0581
1774288800000,2151.72,2172,2144.49,2167.74,89782.34,193580114.0661
1774292400000,2167.74,2180,2149.29,2153.16,69781.93,151045226.6394
1774296000000,2153.16,2166.25,2149.43,2160.69,21703.09,46836985.6903
1774299600000,2160.69,2162.9,2153.26,2156.98,12901,27840347.6331
1774303200000,2156.98,2158.75,2142.2,2151.68,23767.13,51072166.8405
1774306800000,2151.68,2154.29,2139.58,2150.87,26984.61,57931530.1718
1774310400000,2150.87,2155.54,2128.91,2142.14,85811.45,183769779.6815
1774314000000,2142.14,2148.99,2122.67,2136.38,79632.06,170069126.7279
1774317600000,2136.38,2145.44,2130.45,2134.52,41034.97,87690605.2653
1774321200000,2134.52,2142.91,2129.03,2140.47,29563.65,63149364.1306
1774324800000,2140.47,2151.48,2130.08,2135.05,38643.01,82704586.5685
1774328400000,2135.05,2137.75,2127.23,2132.68,32632.41,69554228.3699
1774332000000,2132.68,2145.5,2130.58,2144.19,36240.14,77555759.2108
1774335600000,2144.19,2170.48,2143.19,2164.82,110082.19,237592455.7716
1774339200000,2164.82,2166.95,2149.61,2153.77,76083.07,164247790.2726
1774342800000,2153.77,2166.9,2145.89,2163.91,38712.8,83493351.1052
1774346400000,2163.91,2164.11,2154.38,2160.46,35776.38,77258497.9229
1774350000000,2160.46,2175,2150.65,2164.67,76037.95,164457096.2014
1774353600000,2164.67,2169.56,2157.54,2161.59,32521.39,70329691.0892
1774357200000,2161.59,2165,2128.88,2137.26,154481.36,331380840.6675
1774360800000,2137.26,2147.79,2118.52,2133.2,187172.84,399025712.6638
1774364400000,2133.2,2146.74,2130.06,2134.22,58429.96,124911029.8555
1774368000000,2134.22,2140,2119.18,2126.36,73227.38,155804070.3638
1774371600000,2126.36,2127.99,2102,2108.01,120603.56,254613488.7543
1774375200000,2108.01,2127.18,2103.75,2118.1,79529.48,168180442.0234
1774378800000,2118.1,2126.89,2113.11,2115.76,39148.67,83015807.6601
1774382400000,2115.76,2154.19,2114.47,2147.76,151298.36,324075833.2453
1774386000000,2147.76,2151.32,2139.13,2147.67,29115.02,62446135.2213
1774389600000,2147.67,2155.93,2139.11,2144.2,42560.55,91423962.7755
1774393200000,2144.2,2163.22,2142.1,2155.21,54374.6,117293571.4512
1774396800000,2155.21,2168.47,2144.73,2160.57,68444.42,147770190.9449
1774400400000,2160.57,2166.32,2155.7,2155.7,29562.72,63877307.6541
1774404000000,2155.7,2160.88,2152.4,2154.84,28235.42,60865747.4864
1774407600000,2154.84,2160.75,2145.48,2157.55,43614.54,93901208.0914
1774411200000,2157.55,2167.38,2155.24,2165.51,30545.75,66018665.0172
1774414800000,2165.51,2180.04,2163.25,2167.97,82009.04,178194415.5786
1774418400000,2167.97,2172.29,2161.26,2162.7,43667.98,94609160.9429
1774422000000,2162.7,2177.34,2157.95,2163.83,49028.52,106268624.6955
1774425600000,2163.83,2190.62,2163.7,2175.5,90099.9,196364483.3479
1774429200000,2175.5,2190,2174,2185.73,53722.08,117208486.4824
1774432800000,2185.73,2188,2180.09,2184.32,32219.08,70386568.7189
1774436400000,2184.32,2198.21,2178.18,2185.23,96224.94,210794661.4717
1774440000000,2185.23,2193.87,2163.57,2182.27,178344.53,388333850.9802
1774443600000,2182.27,2197.81,2178.5,2183.21,69322.58,151683191.0961
1774447200000,2183.21,2187.24,2171.16,2173.11,78336.22,170665700.7501
1774450800000,2173.11,2176.22,2146.07,2161.45,110780.66,239263551.5159
1774454400000,2161.45,2184.97,2154.58,2172.88,103085.85,223982276.1372
1774458000000,2172.88,2175.4,2158.9,2163.14,41509.1,89917730.0476
1774461600000,2163.14,2172.72,2156.94,2161.43,30492.22,66017566.1609
1774465200000,2161.43,2176,2158.28,2171.84,23332.81,50583821.6191
1774468800000,2171.84,2172.29,2157.83,2165.62,22326.1,48295733.4771
1774472400000,2165.62,2168.52,2161,2163.06,22357.37,48415229.8513
1774476000000,2163.06,2182.57,2160.6,2173.49,38469.25,83559899.5773
1774479600000,2173.49,2176.44,2163.15,2168.06,32676,70884764.5396
1774483200000,2168.06,2171.28,2160.78,2165.4,29793.17,64533343.4201
1774486800000,2165.4,2168.41,2158.47,2163.69,27985.83,60546549.8563
1774490400000,2163.69,2164.76,2142.33,2148.59,51192.51,110120305.8259
1774494000000,2148.59,2154.63,2143.46,2152.15,31556,67804831.466
1774497600000,2152.15,2153.38,2146.51,2148.37,21634.26,46513605.754
1774501200000,2148.37,2150,2112.13,2118.41,132652.53,282550820.4936
1774504800000,2118.41,2123.71,2110.23,2120.78,50900.36,107808792.3356
1774508400000,2120.78,2123.63,2111.31,2122.32,31833.5,67453727.4612
1774512000000,2122.32,2125.47,2112.97,2118.62,52041.61,110204933.433
1774515600000,2118.62,2121.31,2073.46,2081.41,176199.23,368524743.5574
1774519200000,2081.41,2082.7,2071.59,2077.34,48223.69,100182717.9538
1774522800000,2077.34,2080.27,2060.01,2067.25,72004.36,148963801.8865
1774526400000,2067.25,2074.89,2064.65,2072.36,40766.91,84386897.2496
1774530000000,2072.36,2092.92,2068.39,2079.73,151474.95,315154509.2386
1774533600000,2079.73,2085.19,2064.63,2074.82,86277.05,179042961.6234
1774537200000,2074.82,2075.82,2050,2069.31,131868.96,272019305.7165
1774540800000,2069.31,2070.2,2058.18,2059.89,34214.17,70643456.4017
1774544400000,2059.89,2069.7,2043.71,2047.82,81971.24,168467933.5281
1774548000000,2047.82,2054.66,2032.37,2045.66,101886.35,208112372.6392
1774551600000,2045.66,2052.99,2037.8,2047.73,38616.69,79021395.3267
1774555200000,2047.73,2080,2045.13,2063.79,165614.52,342769573.3342
1774558800000,2063.79,2076.5,2058.77,2067.14,32912.99,68030442.3158
1774562400000,2067.14,2072.23,2052.61,2064.83,47637.35,98227889.3848
1774566000000,2064.83,2069.22,2055.02,2059.31,21457.79,44224243.5938
1774569600000,2059.31,2066.86,2055.31,2064.18,25652.76,52892046.8875
1774573200000,2064.18,2073.83,2062.21,2073.32,25500.29,52770116.3053
1774576800000,2073.32,2076.39,2066,2067.21,29960.19,62060700.8565
1774580400000,2067.21,2068.2,2058.09,2060.47,35141.12,72452942.8964
1774584000000,2060.47,2061.11,2041.29,2051.97,75524.66,154725095.3662
1774587600000,2051.97,2065.83,2050.5,2060.16,28084.38,57813111.6644
1774591200000,2060.16,2067.5,2057.25,2061.48,25687.86,52998826.5488
1774594800000,2061.48,2071.88,2058.7,2064.92,70643.64,145976062.5473
1774598400000,2064.92,2068.45,2032.02,2046.49,113843.44,233108203.3087
1774602000000,2046.49,2051.3,2034.17,2040.02,54145.51,110674385.304
1774605600000,2040.02,2044.18,1981.6,1989.7,243772.22,489883721.3771
1774609200000,1989.7,1997.19,1980.27,1990.2,110139.7,219320550.6759
1774612800000,1990.2,1992.52,1979.7,1987.64,68400.11,135883023.2622
1774616400000,1987.64,1996.24,1965.26,1977.74,122220.44,242143831.1659
1774620000000,1977.74,1989.51,1970.18,1988.01,83505.22,165273972.3893
1774623600000,1988.01,2009.59,1982,1990.13,117231.39,233920851.9657
1774627200000,1990.13,1991.42,1979,1985.68,50075.76,99385974.6549
1774630800000,1985.68,1997.3,1973.53,1976.21,51191.08,101540358.8122
1774634400000,1976.21,1985.53,1973.03,1983.24,28921.93,57258998.3629
1774638000000,1983.24,1997.01,1977.56,1990.44,74605.45,148562802.7544
1774641600000,1990.44,1995.29,1976.87,1985.1,45736.38,90793891.02
1774645200000,1985.1,1990.4,1983.21,1984.81,15711.76,31233182.4269
1774648800000,1984.81,1986.31,1980.74,1984.46,11452.73,22719003.5357
1774652400000,1984.46,1993.49,1979.36,1991.79,20613.85,40973732.7911
1774656000000,1991.79,1994.48,1988.66,1991.56,16786.75,33433644.3267
1774659600000,1991.56,1991.88,1983.35,1989.42,15223.73,30253411.8829
1774663200000,1989.42,1993,1981.21,1986.24,11637.28,23112718.3542
1774666800000,1986.24,1991.21,1985.79,1988.23,9620.25,19134106.714
1774670400000,1988.23,1991.7,1986.1,1989.82,10392.71,20678264.548
1774674000000,1989.82,1994.12,1987.21,1993.23,10368.72,20648016.1532
1774677600000,1993.23,2006.19,1992.25,1999.91,31823.6,63667086.6934
1774681200000,1999.91,2007.83,1999.62,2006.22,17128.03,34327720.1918
1774684800000,2006.22,2007.71,1996.9,1998.43,34354.3,68747121.736
1774688400000,1998.43,1999.01,1994.24,1998.74,14258.06,28469123.2861
1774692000000,1998.74,2003.76,1990.99,1995.77,25437.63,50776799.9897
1774695600000,1995.77,2000.32,1994.31,1996.35,8973.72,17920173.3841
1774699200000,1996.35,2003.91,1991,1998.56,37911.35,75725335.2815
1774702800000,1998.56,2048.03,1998.18,2025.3,151631.98,306908682.3875
1774706400000,2025.3,2028.6,2014.66,2019.71,58270.43,117815637.6813
1774710000000,2019.71,2038.13,2017.2,2025.8,64060.07,129939213.2408
1774713600000,2025.8,2029,2019.9,2023.46,16126.2,32656853.567
1774717200000,2023.46,2026.3,2012.55,2019.84,34565.66,69786880.0421
1774720800000,2019.84,2023.8,2019.21,2020.54,9705.86,19620715.8686
1774724400000,2020.54,2021.74,2015.79,2019.48,11363.92,22940090.3144
1774728000000,2019.48,2026.21,2019.48,2023.49,19807.22,40079030.5187
1774731600000,2023.49,2024.73,2005.19,2008.6,38196.72,76939963.6356
1774735200000,2008.6,2012.7,2004.04,2010.77,24304.35,48825106.2084
1774738800000,2010.77,2010.77,1988.2,1993.56,57829.26,115416169.3873
1774742400000,1993.56,1998.95,1990.09,1997.96,26433.01,52726055.9554
1774746000000,1997.96,2007,1996.9,2004.03,23724.34,47507001.0607
1774749600000,2004.03,2009.53,2001.52,2008.06,14599.43,29272403.0635
1774753200000,2008.06,2018.8,2006,2010.19,23703.96,47703795.0247
1774756800000,2010.19,2012.1,2003.19,2004.73,19243.37,38619480.3632
1774760400000,2004.73,2006.31,1996.1,2004,23552.71,47131818.4705
1774764000000,2004,2007.37,1998.79,2003.73,13000.54,26040966.0759
1774767600000,2003.73,2009.1,1998.75,2004.9,14215.56,28481346.4879
1774771200000,2004.9,2006.55,2001.34,2003.16,12826.92,25701669.6792
1774774800000,2003.16,2004.57,1993.37,1997.97,32328.3,64613808.57
1774778400000,1997.97,1997.97,1990.06,1994.72,29547.68,58902306.5576
1774782000000,1994.72,2007.75,1994,2002.5,30558.3,61198537.0232
1774785600000,2002.5,2004.26,1996.69,2000.69,16420.74,32847840.1077
1774789200000,2000.69,2001.2,1982.24,1986.2,63034.14,125315029.3388
1774792800000,1986.2,2001.71,1982.45,1992.98,40898.91,81494718.3592
1774796400000,1992.98,1997.99,1985.2,1991.9,31324.27,62385909.706
1774800000000,1991.9,2003.45,1990.74,1996.67,27120.07,54199258.1071
1774803600000,1996.67,1999.26,1986.37,1994.01,22546.11,44915488.8778
1774807200000,1994.01,2001,1990.35,1996.34,27312.91,54494736.5625
1774810800000,1996.34,1999.27,1993.04,1994.82,9891.18,19745287.836
1774814400000,1994.82,2009.76,1994.61,2001.3,29647.88,59386940.0751
1774818000000,2001.3,2007.1,2000.47,2005.62,16095.29,32255491.3138
1774821600000,2005.62,2005.62,1936.39,1972.74,212294.93,417378746.3991
1774825200000,1972.74,1994.16,1972.35,1983.52,102452.6,203225111.7457
1774828800000,1983.52,2023.3,1978.92,1996.37,136865.76,274341439.1725
1774832400000,1996.37,2016.3,1996.1,2009.87,43458.25,87226591.1334
1774836000000,2009.87,2042.95,2003.67,2029.15,128495.1,260472172.911
1774839600000,2029.15,2041.75,2026.55,2035.31,31153.39,63371148.5644
1774843200000,2035.31,2052.89,2035.24,2047.69,53839.99,110112504.081
1774846800000,2047.69,2060.66,2044.75,2047.16,64407.21,132171132.1349
1774850400000,2047.16,2051.98,2039.34,2041.68,54149.01,110729745.9625
1774854000000,2041.68,2068.27,2040.6,2058.81,89416.26,183722772.3986
1774857600000,2058.81,2074.74,2057.24,2061.54,64633.56,133427559.5283
1774861200000,2061.54,2062.42,2052.34,2054.3,30487.39,62720992.5294
1774864800000,2054.3,2057.69,2047.44,2057.14,34011.3,69821650.9841
1774868400000,2057.14,2082.39,2056.72,2070.71,129956.18,268984241.4847
1774872000000,2070.71,2078.58,2068.03,2073.84,39340.04,81533609.7645
1774875600000,2073.84,2085.33,2057.1,2059.83,116796.07,241819875.8524
1774879200000,2059.83,2076.81,2042,2071.1,127105.15,261618098.9918
1774882800000,2071.1,2079.21,2060.81,2073.42,80809.01,167379779.1635
1774886400000,2073.42,2074,2057.79,2065.11,41814.75,86329071.0171
1774890000000,2065.11,2071.59,2030.43,2040.74,146958.56,300648946.7313
1774893600000,2040.74,2043.51,2027,2031.43,59013.03,120125800.7402
1774897200000,2031.43,2031.85,2011.62,2022.68,93947.31,189699173.7849
1774900800000,2022.68,2027.08,2020.05,2022.4,35649.32,72133939.7167
1774904400000,2022.4,2048.18,2020.09,2034.98,65411.5,133296942.9215
1774908000000,2034.98,2043.69,2028.02,2032.17,20158.48,41014516.0026
1774911600000,2032.17,2032.2,2012.7,2025.62,45388.16,91692061.4287
1774915200000,2025.62,2040.42,2015.1,2035.94,63305.49,128321245.7418
1774918800000,2035.94,2091.99,2031.27,2072.16,177250.42,366308109.2291
1774922400000,2072.16,2082.94,2066.5,2072.13,43530.61,90369598.1094
1774926000000,2072.13,2076.56,2061,2066.07,31519.51,65158013.7079
1774929600000,2066.07,2071.68,2055.7,2059.78,38672.8,79756655.9425
1774933200000,2059.78,2068.32,2054.01,2063.48,27754.53,57242724.1088
1774936800000,2063.48,2064.15,2054,2061.6,25943.06,53398516.7088
1774940400000,2061.6,2062.32,2040.7,2054.86,69392.49,142203732.6206
1774944000000,2054.86,2058.38,2035,2038.9,51672.16,105644487.6372
1774947600000,2038.9,2043.36,2010.51,2017.32,107577.4,217893267.6212
1774951200000,2017.32,2029.2,2015.78,2025.46,44749.71,90549526.7422
1774954800000,2025.46,2043.81,2021.69,2040.3,85814.86,174652828.6948
1774958400000,2040.3,2057.58,2034.11,2046.67,84783.84,173495866.5647
1774962000000,2046.67,2079.43,2046.67,2074.21,122740.44,253470346.349
1774965600000,2074.21,2093.22,2035.34,2044.71,269812.58,557995956.4488
1774969200000,2044.71,2077.32,2044.13,2053.7,114100.1,235280496.4066
1774972800000,2053.7,2107.57,2053.15,2090.86,230319.01,481195953.9944
1774976400000,2090.86,2125.46,2087.6,2092.62,208127.17,438046135.4051
1774980000000,2092.62,2115,2092.62,2099.01,70777.51,148759709.1021
1774983600000,2099.01,2103.81,2091,2095.46,41889.13,87831984.1443
1774987200000,2095.46,2111,2095.02,2106.81,54292.53,114229072.2098
1774990800000,2106.81,2108.99,2092.15,2101.39,45540.11,95666722.5837
1774994400000,2101.39,2103.92,2085.48,2095.71,52654.92,110222680.4051
1774998000000,2095.71,2107.97,2092,2104.64,36073.17,75783541.1805
1775001600000,2104.64,2117.91,2095.58,2114.1,53929.26,113638330.3877
1775005200000,2114.1,2115.09,2090.23,2091.97,62586.2,131386185.9885
1775008800000,2091.97,2095.64,2081.06,2087.59,40671.47,84929012.7733
1775012400000,2087.59,2106.7,2087.59,2101.94,35615.58,74793423.3148
1775016000000,2101.94,2116.52,2099.06,2110.45,41687.6,87917913.0775
1775019600000,2110.45,2134.62,2105.36,2121.84,123491.06,262426337.5213
1775023200000,2121.84,2155.43,2121.65,2150.23,117878.04,252528833.7981
1775026800000,2150.23,2155.91,2128.95,2129.88,77272.27,165618612.0386
1775030400000,2129.88,2143,2124.04,2136,81281.62,173355763.5862
1775034000000,2136,2139.41,2126.86,2135.35,39362.13,83940587.1706
1775037600000,2135.35,2136.95,2124.92,2131.46,28069.46,59804640.0377
1775041200000,2131.46,2139.53,2129.6,2134.16,22819.45,48701262.401
1775044800000,2134.16,2150,2120.23,2129.89,78790.89,168096046.6303
1775048400000,2129.89,2134.2,2107.36,2118.26,173622.26,367805088.6033
1775052000000,2118.26,2129.9,2112.55,2125.76,77125.3,163705281.4318
1775055600000,2125.76,2137.38,2120.69,2133.92,47224.88,100610512.0918
1775059200000,2133.92,2152.49,2123.81,2145.16,99120.05,211853603.1249
1775062800000,2145.16,2166.92,2132.61,2135.91,118473.39,254810040.3605
1775066400000,2135.91,2136.79,2122.05,2128.19,64049.74,136307918.7401
1775070000000,2128.19,2144.4,2126.45,2140.49,45329.19,96903287.017
1775073600000,2140.49,2146.57,2128.95,2142.51,34892.86,74582248.651
1775077200000,2142.51,2164.99,2141.89,2155.61,64703.41,139392673.0871
1775080800000,2155.61,2157.59,2136.5,2138.83,47059.44,101018016.3367
1775084400000,2138.83,2144.84,2134.1,2138.81,38410.84,82225676.7017
1775088000000,2138.81,2158.25,2134.52,2154.86,74729.44,160442613.8775
1775091600000,2154.86,2154.86,2087,2098.09,378198.36,799622452.8694
1775095200000,2098.09,2098.09,2062.82,2072.51,126644.55,263266622.3352
1775098800000,2072.51,2075.51,2044.23,2054.63,103706.41,213561189.6049
1775102400000,2054.63,2057.51,2040.5,2043.35,64646.71,132442304.5079
1775106000000,2043.35,2050.37,2037.1,2048.77,48976.41,100157560.3899
1775109600000,2048.77,2052.87,2044.32,2049.1,34761.48,71203551.2224
1775113200000,2049.1,2055.85,2043.01,2054.64,36475.8,74801332.8942
1775116800000,2054.64,2054.64,2044.27,2045.26,29645.33,60723589.1534
1775120400000,2045.26,2047.61,2038.11,2042.94,46328.97,94660009.4557
1775124000000,2042.94,2044.09,2031.18,2037.61,48541.41,98803823.623
1775127600000,2037.61,2039.23,2021.34,2031.76,54251.27,110198097.8716
1775131200000,2031.76,2032.3,2022.88,2025.73,54996.63,111526895.9189
1775134800000,2025.73,2041.81,2015.1,2037.69,115318.27,233605316.183
1775138400000,2037.69,2070.99,2031.38,2062.5,171726.8,352645808.5553
1775142000000,2062.5,2066.93,2047.25,2058.66,76176.83,156642018.7667
1775145600000,2058.66,2077.5,2051,2062.06,68967.26,142410822.3053
1775149200000,2062.06,2071.87,2043.2,2046.18,68819.07,141500052.1619
1775152800000,2046.18,2062.35,2042.48,2057.54,43315.08,88844651.4179
1775156400000,2057.54,2066.02,2053.49,2064.45,29290.28,60318440.0717
1775160000000,2064.45,2073.67,2059.71,2067.51,39401.74,81484002.1619
1775163600000,2067.51,2069.9,2054.69,2062.23,23356.42,48125368.147
1775167200000,2062.23,2064.2,2052.1,2059.1,17813.56,36662125.9012
1775170800000,2059.1,2060.82,2052.75,2056.29,19645.09,40397728.6994
1775174400000,2056.29,2058.99,2048.53,2052.13,16897.11,34705212.8446
1775178000000,2052.13,2061.69,2043.54,2049.49,40512.71,83122922.0023
1775181600000,2049.49,2058.92,2039.13,2051.55,45960.18,94115672.047
1775185200000,2051.55,2056.52,2049,2053.07,21615.3,44373251.9735
1775188800000,2053.07,2057.24,2047.4,2053.59,14562.8,29890372.8738
1775192400000,2053.59,2065.19,2046.02,2056.27,39224.63,80712896.5367
1775196000000,2056.27,2066.11,2053.33,2062.66,31556.7,65060320.558
1775199600000,2062.66,2074.56,2060.99,2065.24,46545.27,96182550.078
1775203200000,2065.24,2071.79,2057.61,2060.06,38697.21,79851637.7362
1775206800000,2060.06,2063.33,2056,2060.18,21125.86,43517160.543
1775210400000,2060.18,2060.18,2051.91,2058.67,26663.42,54830065.5991
1775214000000,2058.67,2064.23,2056.54,2061.74,25211.58,51955386.2247
1775217600000,2061.74,2080.97,2043.6,2048.89,89181.21,183892266.567
1775221200000,2048.89,2050.19,2040.09,2046.72,44373.09,90728968.9617
1775224800000,2046.72,2056.65,2043.95,2053.21,38203.69,78339693.6899
1775228400000,2053.21,2056.98,2047.89,2050.13,16235.79,33313257.2714
1775232000000,2050.13,2055.92,2048.22,2053.58,25531.76,52412516.7571
1775235600000,2053.58,2054.38,2042.44,2048.94,30713.52,62886270.6049
1775239200000,2048.94,2052.63,2046.31,2048.16,12983.9,26610172.2836
1775242800000,2048.16,2053.3,2043.84,2051.56,13435.84,27517778.1289
1775246400000,2051.56,2053.9,2050.39,2051.56,7121.28,14612932.145
1775250000000,2051.56,2059.98,2051.51,2057.23,17440.59,35870653.765
1775253600000,2057.23,2058.89,2048.3,2050.9,14028.64,28789124.7188
1775257200000,2050.9,2053.3,2047.84,2052.76,8980.58,18411018.8481
1775260800000,2052.76,2053.36,2050.27,2051,10029.81,20579685.0065
1775264400000,2051,2053.1,2048.39,2050.47,10188.16,20886047.7349
1775268000000,2050.47,2052.71,2046.87,2049.2,6753.16,13835069.6709
1775271600000,2049.2,2051.63,2048.59,2049.14,6221.06,12752467.8277
1775275200000,2049.14,2050.82,2047.4,2050.22,4087.07,8375763.8139
1775278800000,2050.22,2054.02,2049.55,2052.8,11110.45,22794500.9909
1775282400000,2052.8,2057.04,2051.53,2055.25,18684.56,38384020.9312
1775286000000,2055.25,2056,2050,2052.74,13337.59,27368351.712
1775289600000,2052.74,2054.29,2047.58,2049.47,10079.04,20669181.8075
1775293200000,2049.47,2050.9,2048,2049.24,5922.68,12136224.8462
1775296800000,2049.24,2053.9,2045.97,2053.3,16626.17,34081462.7316
1775300400000,2053.3,2054.15,2050,2050.84,8834.39,18122840.9206
1775304000000,2050.84,2052.42,2046.79,2048.87,7212.54,14780099.2432
1775307600000,2048.87,2053.83,2048.2,2052.17,11374.13,23328735.2304
1775311200000,2052.17,2053.65,2043,2052,20775.17,42551067.2061
1775314800000,2052,2061.4,2051.2,2055.06,29770.73,61188664.1312
1775318400000,2055.06,2061.38,2051.95,2054.53,18986.74,39055962.3301
1775322000000,2054.53,2057.2,2051.6,2055.66,14325.91,29435381.2572
1775325600000,2055.66,2057.4,2053.71,2054.14,4440.36,9127949.6108
1775329200000,2054.14,2083.72,2053.5,2063.82,107092.35,221679722.9697
1775332800000,2063.82,2064.2,2058.89,2061.99,12406.46,25575683.8333
1775336400000,2061.99,2070.75,2061.56,2067.82,20334.83,42018499.1224
1775340000000,2067.82,2071.44,2067.1,2068.05,8853.91,18319729.0513
1775343600000,2068.05,2068.18,2061.55,2064.57,15213.34,31398846.8902
1775347200000,2064.57,2064.8,2059.11,2061.15,8929.09,18414897.9729
1775350800000,2061.15,2061.56,2055.08,2056.17,17592.15,36198396.721
1775354400000,2056.17,2059.1,2052.51,2058.82,15195.32,31239065.7304
1775358000000,2058.82,2059.57,2053.81,2055.4,6741.44,13860961.4804
1775361600000,2055.4,2057.29,2052.5,2053.92,10966.79,22530157.5252
1775365200000,2053.92,2056.13,2045.61,2047.35,22156.68,45422206.1312
1775368800000,2047.35,2047.75,2025.72,2036.81,83991.78,170936532.8122
1775372400000,2036.81,2041.39,2033,2035.87,23875.11,48644092.3112
1775376000000,2035.87,2038.61,2034.3,2037.67,10330.94,21041911.5136
1775379600000,2037.67,2044.81,2037.54,2043.02,17949.23,36638108.4239
1775383200000,2043.02,2051.7,2040.88,2043.55,29549.27,60461901.8432
1775386800000,2043.55,2045,2039,2040.66,17149.84,35008394.2944
1775390400000,2040.66,2040.8,2020.01,2026.82,71615.2,145309367.7508
1775394000000,2026.82,2036.62,2023.99,2035.1,43068.35,87411688.4916
1775397600000,2035.1,2042.59,2033.67,2037.35,29716.61,60578452.6844
1775401200000,2037.35,2069,2032.94,2052.91,115969.65,238362591.1464
1775404800000,2052.91,2058.51,2049.13,2050.94,22589.08,46396247.1984
1775408400000,2050.94,2061.42,2046.9,2061.41,45353.78,93216781.6768
1775412000000,2061.41,2066.33,2055,2062.1,29520.02,60871240.4736
1775415600000,2062.1,2069,2056.94,2061.06,25289.54,52162311.1887
1775419200000,2061.06,2074.5,2060.44,2067.95,27595.11,57066880.0362
1775422800000,2067.95,2068.13,2055.37,2059.05,23030.37,47471324.0251
1775426400000,2059.05,2088,2048.51,2085.01,117411.51,242994117.6624
1775430000000,2085.01,2123.04,2080.93,2109.53,190666.25,401253828.8223
1775433600000,2109.53,2134.72,2109.53,2121.24,90626.98,192419277.3003
1775437200000,2121.24,2124.16,2111.5,2114.34,40351.1,85410564.7468
1775440800000,2114.34,2146.41,2113.65,2132.76,76491.4,163284992.2189
1775444400000,2132.76,2137.34,2125.97,2128.6,43622.69,92986243.8555
1775448000000,2128.6,2134,2124.26,2130.27,28569.09,60830525.0715
1775451600000,2130.27,2133.89,2127.6,2130.6,12806.19,27281086.0705
1775455200000,2130.6,2138.58,2119.26,2126.51,62696.47,133372760.7928
1775458800000,2126.51,2142.68,2121.84,2134.3,49388.09,105308778.8888
1775462400000,2134.3,2149.13,2132.7,2137.59,50231.84,107489670.9319
1775466000000,2137.59,2175.5,2137.36,2150.2,155106.05,334475418.7404
1775469600000,2150.2,2156.88,2148.06,2152.4,39040.94,84032060.7642
1775473200000,2152.4,2153.29,2145.22,2150.85,36592.67,78653623.8526
1775476800000,2150.85,2153.75,2141.42,2142.73,42446.92,91163824.944
1775480400000,2142.73,2148.84,2136.55,2145,61534.69,131826835.7053
1775484000000,2145,2167.95,2136.56,2155.42,187852.87,403909998.415
1775487600000,2155.42,2169.53,2153.8,2163.54,80953.54,175053270.8393
1775491200000,2163.54,2167.5,2139.22,2139.3,64219.51,138546941.1981
1775494800000,2139.3,2139.93,2122.16,2133.71,119853.92,255472162.7173
1775498400000,2133.71,2147.75,2130.08,2143.61,58309.98,124820816.1649
1775502000000,2143.61,2145,2134.2,2143.02,35515.56,76018221.4873
1775505600000,2143.02,2154.51,2138.81,2147.54,30741.82,66017938.1137
1775509200000,2147.54,2147.54,2136.14,2138.21,18122.89,38826957.5211
1775512800000,2138.21,2139.8,2103.45,2103.91,94326.3,200048522.1251
1775516400000,2103.91,2109.59,2086.27,2106.03,139179.98,291855079.8509
1775520000000,2106.03,2118.89,2104.26,2111.34,66603.16,140651462.6433
1775523600000,2111.34,2118.78,2095.5,2098.02,53807.06,113366551.0093
1775527200000,2098.02,2110.36,2091.75,2105.47,41284,86761980.0147
1775530800000,2105.47,2109.09,2101.9,2107,16031.61,33773582.2522
1775534400000,2107,2118.38,2101.98,2113.04,41076.67,86727058.9948
1775538000000,2113.04,2113.52,2102.15,2104.28,36006.1,75863871.8572
1775541600000,2104.28,2105.43,2095,2102.91,41273.01,86687171.8474
1775545200000,2102.91,2105.46,2097.4,2102.77,25733.36,54078761.5545
1775548800000,2102.77,2116.35,2102.02,2113.99,56255.07,118675676.3089
1775552400000,2113.99,2133.21,2112.48,2127.36,90784.82,192957652.3571
1775556000000,2127.36,2130.92,2084.27,2088,142023.25,298810412.9154
1775559600000,2088,2093.1,2080.57,2088.2,77611.38,161985622.4619
1775563200000,2088.2,2092,2072.41,2085.72,152360.77,317009279.3117
1775566800000,2085.72,2093.02,2073.29,2073.98,62748.33,130657157.1596
1775570400000,2073.98,2081.5,2058.64,2068.54,122583.68,253620193.5436
1775574000000,2068.54,2083.12,2063.41,2079.28,73800.87,153042830.6855
1775577600000,2079.28,2089.5,2076.36,2082.78,55390.72,115385134.5753
1775581200000,2082.78,2114.52,2078.59,2098.42,102613.37,215254342.4628
1775584800000,2098.42,2100.79,2081.31,2085.41,48072.37,100485619.0029
1775588400000,2085.41,2115.99,2083.2,2112.67,117711.28,247419710.973
1775592000000,2112.67,2124.91,2109.75,2114.72,91335.91,193480209.5768
1775595600000,2114.72,2152.79,2114.71,2144.48,144586.42,309214551.5049
1775599200000,2144.48,2219.48,2144.48,2219.42,334465.62,729241660.6636
1775602800000,2219.42,2273.72,2214.55,2239.15,335259.98,751894395.2858
1775606400000,2239.15,2250.22,2226.78,2235.3,105446.32,235990353.9563
1775610000000,2235.3,2242.46,2228.91,2233.41,37411.96,83668904.2356
1775613600000,2233.41,2246.87,2229.8,2236.35,59110.15,132201656.849
1775617200000,2236.35,2239.17,2230.76,2233.69,20456.97,45715271.874
1775620800000,2233.69,2252.44,2233.69,2239.92,56108.3,125898767.7543
1775624400000,2239.92,2244.74,2237.34,2239.89,29571.92,66281523.1468
1775628000000,2239.89,2253.31,2234.01,2245.14,53715.28,120639266.7754
1775631600000,2245.14,2259.93,2243.29,2252.74,50269.29,113209758.4586
1775635200000,2252.74,2258.45,2248.94,2255.55,38146.55,86005697.2156
1775638800000,2255.55,2263,2245.16,2248.72,41181.07,92785046.7796
1775642400000,2248.72,2253.39,2240.41,2241.51,28634.2,64304167.25
1775646000000,2241.51,2254.49,2235.69,2246.37,51192.75,114931744.4206
1775649600000,2246.37,2258.57,2241.37,2254.84,39587.11,89098882.9975
1775653200000,2254.84,2269.72,2230.03,2234.65,158205.25,355800828.3192
1775656800000,2234.65,2240,2185.62,2194.26,206222.67,455744893.3286
1775660400000,2194.26,2218.91,2192,2214.6,130123.7,287300146.951
1775664000000,2214.6,2224.64,2210.22,2219.9,56369.64,124946318.111
1775667600000,2219.9,2238.52,2211.75,2230.7,61176.03,136244022.1861
1775671200000,2230.7,2232,2198.35,2200.47,92349.02,204279374.5612
1775674800000,2200.47,2211.13,2196.52,2209.9,47820.82,105370815.5391
1775678400000,2209.9,2215.85,2204.67,2208.91,29303.29,64787185.7669
1775682000000,2208.91,2222.69,2206.88,2213.99,47415.1,105105664.5041
1775685600000,2213.99,2214.61,2186.61,2188.91,67393.85,148015125.9067
1775689200000,2188.91,2192.95,2177.66,2188.79,83348.17,182128677.4919
1775692800000,2188.79,2192.81,2177.5,2181.64,56927.53,124320688.6095
1775696400000,2181.64,2184.13,2160.54,2177.86,103440.56,224634001.2139
1775700000000,2177.86,2184.71,2172.94,2180.74,59790.25,130303085.3475
1775703600000,2180.74,2183.16,2174.27,2181.3,39659.14,86434418.9905
1775707200000,2181.3,2181.65,2175.11,2177.04,17242.13,37560770.9874
1775710800000,2177.04,2189.17,2174.49,2181.25,48251.69,105312138.7648
1775714400000,2181.25,2185.08,2174.11,2180.58,39721.63,86523364.5023
1775718000000,2180.58,2185.01,2178.7,2180.1,44580.48,97318985.2287
1775721600000,2180.1,2190.78,2175.45,2185.2,46529.45,101594550.7804
1775725200000,2185.2,2196.71,2178.21,2193.05,45665.05,99832556.6139
1775728800000,2193.05,2196.15,2186.79,2189.51,30843.89,67579254.2811
1775732400000,2189.51,2192,2177,2178.69,54947.12,119841235.0654
1775736000000,2178.69,2186.5,2172.46,2182.43,57020,124324421.5431
1775739600000,2182.43,2186.24,2157.61,2164.15,111722.01,242286397.6611
1775743200000,2164.15,2182.27,2156.14,2176.86,108593.56,235711534.8718
1775746800000,2176.86,2224.55,2168.51,2217.03,243776.43,536614971.112
1775750400000,2217.03,2230,2192.16,2207.44,112459.87,248521006.7213
1775754000000,2207.44,2224.99,2205.24,2222.09,96905.1,214917462.5638
1775757600000,2222.09,2223.47,2199.87,2206.25,62508.58,137977363.7588
1775761200000,2206.25,2223.8,2203.4,2215.53,53087.26,117537971.5543
1775764800000,2215.53,2221.83,2209.72,2212.35,31576.02,69985372.8059
1775768400000,2212.35,2226.11,2206.81,2209.88,32956.96,72976729.7982
1775772000000,2209.88,2246.43,2195.61,2196.92,100170.56,222594476.982
1775775600000,2196.92,2200.58,2181.61,2188.99,71088.54,155647298.5846
1775779200000,2188.99,2196.56,2179.98,2194.12,35371.64,77366111.4291
1775782800000,2194.12,2203.41,2173.28,2193.67,79143.34,173305185.9565
1775786400000,2193.67,2197.71,2185.67,2188,17396.26,38121397.5043
1775790000000,2188,2191.56,2181.46,2185.06,20920.15,45728249.9783
1775793600000,2185.06,2198.75,2184.7,2194.74,18718.2,40990433.7866
1775797200000,2194.74,2202.5,2191.35,2195.99,22542.84,49547744.619
1775800800000,2195.99,2197.5,2182.65,2185.39,25149.79,55041183.6591
1775804400000,2185.39,2187.59,2175,2178.53,29979.39,65413114.3189
1775808000000,2178.53,2189.34,2175.84,2184.67,46471.37,101445936.9967
1775811600000,2184.67,2198.48,2184.66,2195.09,59969.51,131530058.0525
1775815200000,2195.09,2197.34,2189.55,2196.24,24398.25,53527836.0256
1775818800000,2196.24,2223.41,2196,2214.67,95800.2,212023170.4561
1775822400000,2214.67,2229.15,2207,2217.93,91117.24,202163627.5622
1775826000000,2217.93,2224.52,2207.35,2221.92,49741.49,110229668.9208
1775829600000,2221.92,2252.8,2219.07,2241.51,184819.05,414110325.1308
1775833200000,2241.51,2256.98,2218.9,2223.24,106081.21,237043955.6022
1775836800000,2223.24,2246.41,2220.01,2244.23,71207.65,159140843.6565
1775840400000,2244.23,2248.71,2237.37,2247.13,25652.38,57543767.1145
1775844000000,2247.13,2251.6,2237.47,2248.13,31567.5,70876999.5898
1775847600000,2248.13,2255.26,2242.06,2252.15,29217.5,65700885.4547
1775851200000,2252.15,2257.79,2241.63,2254.42,29871.76,67248120.2484
1775854800000,2254.42,2255,2240.81,2253.98,32173.28,72296416.881
1775858400000,2253.98,2254.32,2234.12,2241.32,33523.93,75176999.4579
1775862000000,2241.32,2244.96,2238.06,2244.15,13242.42,29684658.7335
1775865600000,2244.15,2244.15,2234.83,2237.9,10146.19,22714940.0688
1775869200000,2237.9,2245.66,2233.44,2243.49,11776.64,26377327.222
1775872800000,2243.49,2251.69,2240.93,2247.06,16393.94,36830056.9099
1775876400000,2247.06,2250,2234.76,2236.25,18865.22,42295755.1814
1775880000000,2236.25,2241.93,2234.09,2240.13,11914.01,26669813.326
1775883600000,2240.13,2240.88,2226.97,2231.71,26176.64,58445057.0845
1775887200000,2231.71,2235.86,2228.55,2234.8,15803.33,35278491.8287
1775890800000,2234.8,2235.85,2229.91,2231.91,10504.19,23451212.3943
1775894400000,2231.91,2234.73,2230.82,2231.77,11599.76,25896325.0458
1775898000000,2231.77,2248,2231.18,2242.6,47108.58,105627053.773
1775901600000,2242.6,2244.7,2236.44,2239.15,17387.72,38947371.8367
1775905200000,2239.15,2245.98,2237.28,2244.88,17196.29,38546130.1237
1775908800000,2244.88,2245.79,2239.87,2244.43,9387.72,21061553.2423
1775912400000,2244.43,2244.43,2232.01,2238.43,29361.98,65682896.4571
1775916000000,2238.43,2242.93,2236.72,2240.94,14020.84,31406884.245
1775919600000,2240.94,2257.08,2240.13,2248.63,29868.49,67147432.9173
1775923200000,2248.63,2273.33,2245.2,2257.69,62179.58,140608802.1297
1775926800000,2257.69,2264.28,2252.45,2258.62,20954.67,47326749.3595
1775930400000,2258.62,2312.61,2255.77,2304.06,152704.47,349654491.4447
1775934000000,2304.06,2328.69,2304.05,2315.22,97925.47,226905721.9826
1775937600000,2315.22,2316.69,2286.9,2297.3,64986.06,149462277.8101
1775941200000,2297.3,2303.45,2291,2298.42,25173.38,57870732.5039
1775944800000,2298.42,2307.51,2287.53,2295.78,43764.36,100507974.5759
1775948400000,2295.78,2295.79,2275.14,2283.87,36818.75,84060489.3531
1775952000000,2283.87,2287.08,2274.46,2284.66,50527.84,115317319.1817
1775955600000,2284.66,2287.54,2207.58,2217.65,192216.45,430058933.925
1775959200000,2217.65,2236.15,2205.26,2222.36,116949.27,259935723.8471
1775962800000,2222.36,2226.06,2211.33,2212.73,45786.94,101535275.1864
1775966400000,2212.73,2215.4,2208.28,2211.13,23215.01,51347918.8042
1775970000000,2211.13,2219.15,2207.25,2215.8,33998.97,75279717.4711
1775973600000,2215.8,2219.89,2213.3,2214.61,22873.83,50702587.535
1775977200000,2214.61,2219.49,2211.13,2216.66,18775.14,41601477.0216
1775980800000,2216.66,2218.08,2210.5,2212.77,18281.18,40488024.9162
1775984400000,2212.77,2214.99,2210,2212.55,13434.26,29723115.7591
1775988000000,2212.55,2216.29,2192.74,2200.68,75373.43,165990921.9478
1775991600000,2200.68,2206.12,2195.93,2203.05,27501.86,60559759.0511
1775995200000,2203.05,2206.94,2187.24,2192.85,81999.97,180135391.6207
1775998800000,2192.85,2197.91,2182.95,2185.59,68410.08,149821663.0008
1776002400000,2185.59,2192.43,2177,2179.63,63344.95,138325848.9282
1776006000000,2179.63,2187.67,2173.41,2185.26,35617.49,77680855.737
1776009600000,2185.26,2189.4,2181.51,2186.1,21735.19,47501055.6879
1776013200000,2186.1,2204.18,2185.81,2201.97,40065.61,87959535.8924
1776016800000,2201.97,2206.49,2198.33,2199.41,20494.47,45131535.8975
1776020400000,2199.41,2204.25,2196.03,2197.26,9328.5,20524801.6105
1776024000000,2197.26,2217.51,2191.76,2212.33,53157.88,117266791.3447
1776027600000,2212.33,2216.71,2202.62,2209.44,26891.82,59382687.6123
1776031200000,2209.44,2210.12,2181.65,2198.26,81759.81,179271126.2011
1776034800000,2198.26,2198.26,2184.9,2190.42,25150.05,55067073.859
1776038400000,2190.42,2207.44,2186,2204.02,39648.52,87204632.8776
1776042000000,2204.02,2208.71,2199.06,2202.4,38279.2,84328103.2979
1776045600000,2202.4,2204.6,2191,2192.92,19305.44,42397350.8779
1776049200000,2192.92,2195.22,2189,2193.06,12838.01,28137415.9087
1776052800000,2193.06,2198.25,2186.03,2189.11,19064.43,41795885.5739
1776056400000,2189.11,2190.59,2180.74,2190.04,36197.14,79131888.0233
1776060000000,2190.04,2200.58,2189.51,2197.23,40954.71,89932897.7117
1776063600000,2197.23,2198.86,2181.4,2185.22,34285.5,74963702.4558
1776067200000,2185.22,2188.79,2177.93,2184.11,29665.61,64743648.7207
1776070800000,2184.11,2194.83,2184.1,2186.92,21372.19,46790782.9118
1776074400000,2186.92,2187.86,2177.33,2182.51,20270.44,44245499.4291
1776078000000,2182.51,2189.96,2181.08,2186.14,29858.94,65254670.626
1776081600000,2186.14,2198,2174.29,2191.27,85122.61,185956099.0895
1776085200000,2191.27,2215.18,2179.79,2214.16,123273.25,270977503.1906
1776088800000,2214.16,2234.95,2201.96,2232.79,127761.03,283213896.7942
1776092400000,2232.79,2235.86,2198,2208,100312.04,221897563.2372
1776096000000,2208,2234.35,2198.45,2224.56,112509.25,249963372.8459
1776099600000,2224.56,2242.3,2221.07,2224.02,72869.17,162581555.0698
1776103200000,2224.02,2233.26,2217.26,2231.22,35333.35,78653172.9523
1776106800000,2231.22,2268.5,2226.7,2260.84,143336.15,322311572.7842
1776110400000,2260.84,2262.54,2246.2,2251.36,55156.89,124320671.1599
1776114000000,2251.36,2267.66,2248.45,2258.68,30823.32,69608912.1091
1776117600000,2258.68,2362.6,2258.47,2351.81,309904.22,719703420.323
1776121200000,2351.81,2393.33,2339.88,2367.94,228149.4,540515578.4858
1776124800000,2367.94,2374.4,2357.76,2360.14,57587.63,136261513.5864
1776128400000,2360.14,2372.48,2352.95,2367.6,41875.12,99002659.2287
1776132000000,2367.6,2378.79,2364.6,2366.53,38008.2,90136970.7508
1776135600000,2366.53,2369.6,2360.59,2364.58,20151.19,47664285.1735
1776139200000,2364.58,2367.51,2360.91,2363.33,15677.86,37066954.1454
1776142800000,2363.33,2368.47,2353.65,2354.58,32604.68,76967688.7542
1776146400000,2354.58,2375.89,2354.57,2371.9,32788.87,77557589.8236
1776150000000,2371.9,2389.85,2369.52,2376.75,73958.76,175909645.2579
1776153600000,2376.75,2395.83,2373.08,2386.92,64677.07,154238299.4599
1776157200000,2386.92,2393.71,2382.1,2386.1,41966.46,100210758.9014
1776160800000,2386.1,2386.88,2372.15,2374.01,31537.08,75036065.2433
1776164400000,2374.01,2377.45,2366.57,2373.19,30739.12,72932739.0388
1776168000000,2373.19,2377.33,2367.59,2372.75,28559.17,67751095.5255
1776171600000,2372.75,2395,2371.07,2390.33,102190.23,243813571.0928
1776175200000,2390.33,2414.56,2350.53,2351.35,263145.14,626977898.2265
1776178800000,2351.35,2371.37,2331.04,2363,221093.29,519236329.2404
1776182400000,2363,2370,2327.05,2332.57,73166.94,171846900.0857
1776186000000,2332.57,2344.11,2322.04,2337.14,72817.46,169851554.6178
1776189600000,2337.14,2343,2307.3,2312.2,77763.55,180619606.0168
1776193200000,2312.2,2321.7,2301.01,2312.08,64128.83,148261348.2748
1776196800000,2312.08,2322.28,2306.96,2313.79,30382.74,70317078.4981
1776200400000,2313.79,2325.09,2313.36,2322.13,31917.96,74018837.1757
1776204000000,2322.13,2331.29,2310,2313.82,42652.57,98930861.6554
1776207600000,2313.82,2325.75,2313.06,2321.27,24513.09,56882344.9129
1776211200000,2321.27,2341.92,2320.19,2332.39,47579.66,111020739.8931
1776214800000,2332.39,2341.49,2330,2334.52,43272.32,101071449.0406
1776218400000,2334.52,2337.12,2315.61,2323.62,36766.11,85408433.0259
1776222000000,2323.62,2328.37,2318.74,2327.49,19516.61,45355001.4101
1776225600000,2327.49,2334.4,2326.39,2332.03,19522.62,45501759.7871
1776229200000,2332.03,2337,2312.4,2318.08,46289.7,107505404.1106
1776232800000,2318.08,2320.15,2313.79,2316.1,21089.54,48861883.4222
1776236400000,2316.1,2322.72,2306.17,2315.44,50577.08,116997076.0338
1776240000000,2315.44,2332.39,2312.72,2326.37,71163.68,165481992.8209
1776243600000,2326.37,2328.54,2316.96,2318.76,24924.74,57860951.5769
1776247200000,2318.76,2327.44,2310.58,2315.52,46072.31,106828000.4399
1776250800000,2315.52,2339,2315.22,2335.85,66022.15,153826337.3426
1776254400000,2335.85,2339,2328.24,2331.4,33038.25,77102164.1934
1776258000000,2331.4,2333.49,2315.65,2325.6,79466.11,184740816.9747
1776261600000,2325.6,2345,2320.61,2337.41,103004.69,240602069.658
1776265200000,2337.41,2350.16,2318.92,2330.74,99790.36,232736960.8807
1776268800000,2330.74,2349.07,2328.09,2340.53,47125.28,110304039.6946
1776272400000,2340.53,2357.59,2338.15,2347.77,72842.6,171010017.7943
1776276000000,2347.77,2358.89,2345.29,2357.39,34949.32,82208535.5087
1776279600000,2357.39,2385.71,2356,2373.88,100938.27,239348151.3181
1776283200000,2373.88,2375.17,2352.73,2361.77,68238.59,161247938.7538
1776286800000,2361.77,2362.92,2347.56,2360.27,41585,97877450.9586
1776290400000,2360.27,2379.85,2359.02,2362.58,54671.84,129560757.9352
1776294000000,2362.58,2362.59,2348.08,2359.04,38551.52,90761980.578
1776297600000,2359.04,2362.94,2348.67,2359.51,17911.68,42207146.8098
1776301200000,2359.51,2359.51,2342.95,2350.83,23074.01,54208262.5408
1776304800000,2350.83,2368.5,2348.25,2355.52,46481.46,109669946.1471
1776308400000,2355.52,2364.73,2354.53,2356.46,17244.3,40677397.2469
1776312000000,2356.46,2362.88,2346.57,2352.81,27176.23,63979111.0862
1776315600000,2352.81,2360.5,2348.7,2355.75,19039.8,44833526.7348
1776319200000,2355.75,2359.64,2348.44,2354.83,18695.96,44003729.3694
1776322800000,2354.83,2356.42,2334,2340.4,58635.62,137439823.7413
1776326400000,2340.4,2344.72,2332.38,2337.8,61435.54,143618164.6623
1776330000000,2337.8,2347.11,2336.28,2336.86,35567.22,83265422.9797
1776333600000,2336.86,2338.99,2326.78,2331.01,51328.89,119695279.7901
1776337200000,2331.01,2335.47,2328.31,2334.39,22791.87,53143598.3231
1776340800000,2334.39,2347.23,2333.03,2339.01,42496,99424425.9016
1776344400000,2339.01,2351.18,2288.33,2306.7,206167.9,478326429.227
1776348000000,2306.7,2314.93,2281.22,2308.46,191581.65,440441732.7828
1776351600000,2308.46,2350.73,2306.91,2337.72,155728.8,363081714.5658
1776355200000,2337.72,2348.17,2307.58,2315.19,145703.66,339224285.7285
1776358800000,2315.19,2328.62,2308.17,2324.35,60939.84,141354823.1609
1776362400000,2324.35,2346.7,2318.51,2342.23,68832.61,160430633.2803
1776366000000,2342.23,2362,2333.38,2358.8,93671.19,220131262.2713
1776369600000,2358.8,2364.99,2339.65,2348.93,53239.91,125140680.081
1776373200000,2348.93,2355.72,2334.26,2340.34,41315.33,96871559.9846
1776376800000,2340.34,2349.91,2337.87,2341.3,26603.65,62349384.7397
1776380400000,2341.3,2353.8,2340.3,2347,18762.48,44040791.3628
1776384000000,2347,2349.77,2339.59,2343.32,26674.58,62510008.3895
1776387600000,2343.32,2348.18,2325.39,2333.8,61683.86,143937905.8525
1776391200000,2333.8,2337.47,2323.23,2330.46,22427.7,52213396.0089
1776394800000,2330.46,2330.79,2322.01,2324.19,15173.54,35307179.0738
1776398400000,2324.19,2332.7,2322.55,2327.5,15724.52,36606665.3705
1776402000000,2327.5,2327.84,2314.4,2317.92,44009.56,102099796.3624
1776405600000,2317.92,2331.23,2316.18,2329.93,37359.43,86893838.9437
1776409200000,2329.93,2342.8,2328.48,2333.27,46862.16,109444433.8898
1776412800000,2333.27,2359.42,2331.89,2353.69,83727.47,196596348.9149
1776416400000,2353.69,2376.59,2346.9,2357.8,99944.9,235765369.374
1776420000000,2357.8,2359.98,2334.61,2342.54,82994.09,194509522.7063
1776423600000,2342.54,2355.65,2341.63,2353.53,27949.33,65662884.4934
1776427200000,2353.53,2381.89,2347.48,2370.58,120702.1,285625638.86
1776430800000,2370.58,2439.85,2365.2,2436.07,485874.56,1170251567.448
1776434400000,2436.07,2456.19,2423.92,2445.74,216306.34,527905218.8324
1776438000000,2445.74,2448.53,2428.45,2440.51,101059.98,246608697.4666
1776441600000,2440.51,2463.95,2439.48,2449.99,91064.47,223355504.6224
1776445200000,2449.99,2450.97,2418.67,2438.87,102316,248922534.9795
1776448800000,2438.87,2441.44,2413,2418.01,106066.42,256854110.7986
1776452400000,2418.01,2431.46,2415.35,2425.87,42506.35,103029417.6562
1776456000000,2425.87,2433.87,2414,2424.95,24794.96,60133835.8803
1776459600000,2424.95,2432.03,2417.18,2428.01,19574.14,47491915.143
1776463200000,2428.01,2441.48,2420.87,2431.41,43781.62,106426705.4654
1776466800000,2431.41,2431.68,2413.48,2417.22,48407.74,117146455.4455
1776470400000,2417.22,2421.81,2407.45,2419.55,39351.25,95037538.2663
1776474000000,2419.55,2426.3,2414.9,2419.48,18222.39,44126490.8527
1776477600000,2419.48,2423.23,2414.83,2417.81,6972.94,16868519.6081
1776481200000,2417.81,2418.58,2397.31,2403.65,49289.24,118658817.62
1776484800000,2403.65,2408.84,2397.6,2405.95,26714.48,64215112.7172
1776488400000,2405.95,2412.32,2403.83,2407.46,13692.16,32973452.3362
1776492000000,2407.46,2410.64,2403.42,2407.89,12969.6,31231431.6169
1776495600000,2407.89,2409.53,2400.08,2402.21,16893.86,40617732.3247
1776499200000,2402.21,2403.62,2366.05,2379.38,125792.14,299624034.4694
1776502800000,2379.38,2379.59,2367.42,2374.7,42561.43,101047052.8022
1776506400000,2374.7,2374.77,2352.6,2357.9,72786.88,171776870.2115
1776510000000,2357.9,2359,2341.35,2351.7,68734.65,161592080.9477
1776513600000,2351.7,2361.6,2350.05,2356.42,34363.31,80962531.6127
1776517200000,2356.42,2358.81,2343.53,2353.86,36536.37,85894199.4029
1776520800000,2353.86,2364.43,2347.52,2363.3,45845.8,108094101.0659
1776524400000,2363.3,2368.86,2356.08,2361.89,22772.07,53783153.1783
1776528000000,2361.89,2373.68,2352.41,2358.76,41669.74,98459037.5532
1776531600000,2358.76,2363.31,2350.01,2359.9,18809.2,44356719.9543
1776535200000,2359.9,2361.99,2336.7,2345.35,64895.21,152261094.3008
1776538800000,2345.35,2354.05,2344.6,2346.67,25216.22,59234023.6636
1776542400000,2346.67,2353.41,2342.63,2350.83,13567.61,31861924.5371
1776546000000,2350.83,2354.09,2345.55,2353.99,11166.51,26248923.9837
1776549600000,2353.99,2358.19,2346.84,2355.17,24326.6,57261448.7211
1776553200000,2355.17,2361.16,2348.36,2349.3,21591.97,50854339.0688
1776556800000,2349.3,2354.23,2342.8,2347.75,17926.81,42082196.3495
1776560400000,2347.75,2351.86,2340.1,2346.42,17488.6,41013932.707
1776564000000,2346.42,2348.17,2331.48,2336.8,39408.44,92180342.9881
1776567600000,2336.8,2343.53,2330.36,2338.55,19677.48,46001191.6094
1776571200000,2338.55,2344.99,2320,2332,61509.84,143264261.8825
1776574800000,2332,2337.32,2327.43,2331.21,19069.58,44475436.9601
1776578400000,2331.21,2331.72,2319.66,2326.02,46840.51,108952198.4671
1776582000000,2326.02,2326.32,2294.43,2314.47,120434.12,278108146.1847
1776585600000,2314.47,2319.76,2309.67,2317.36,26833.89,62114519.7214
1776589200000,2317.36,2318.17,2304.22,2308.89,30293.79,70025994.2112
1776592800000,2308.89,2319.99,2305.08,2316.72,29056.18,67213249.5212
1776596400000,2316.72,2330.72,2316,2327.95,53487.67,124361023.4861
1776600000000,2327.95,2336.25,2323.14,2329.77,63951.83,148991018.1571
1776603600000,2329.77,2348.76,2329,2337.17,61098.6,142905753.7579
1776607200000,2337.17,2342.13,2325.12,2336.54,39471.88,92108346.7178
1776610800000,2336.54,2340.33,2314,2329.54,47398.7,110220290.8541
1776614400000,2329.54,2331.63,2301.47,2310.24,67268.96,155686779.9556
1776618000000,2310.24,2316,2291.75,2294.97,90909.48,209355611.9784
1776621600000,2294.97,2300.83,2286,2294.71,56189.43,128867563.8939
1776625200000,2294.71,2303.95,2293.07,2298.56,44071.24,101288969.0888
1776628800000,2298.56,2299.12,2271.42,2279.16,74871.66,170984088.907
1776632400000,2279.16,2289.32,2273.33,2274.49,31486.77,71846776.9045
1776636000000,2274.49,2274.82,2250.37,2268.54,139835.08,316352519.0045
1776639600000,2268.54,2269.96,2255.27,2262.24,32244.38,72959232.7304
1776643200000,2262.24,2282.16,2258.23,2278.69,56554.02,128544221.6704
1776646800000,2278.69,2294.14,2276.49,2285.01,51365.77,117391804.2443
1776650400000,2285.01,2286.14,2270.49,2276.49,29525.16,67250247.3892
1776654000000,2276.49,2287.71,2274.7,2285.16,24734.63,56421917.2331
1776657600000,2285.16,2285.16,2277.44,2282.02,26040.55,59400519.9482
1776661200000,2282.02,2282.18,2261.4,2268.91,33019.21,74892823.2122
1776664800000,2268.91,2288.44,2267.26,2284.98,46009.37,104893228.4548
1776668400000,2284.98,2332.24,2281.55,2296.68,219395.63,505839682.0088
1776672000000,2296.68,2306.91,2288.21,2292.72,55782.48,128104144.6408
1776675600000,2292.72,2312.56,2291.87,2307.72,38070.24,87776622.3012
1776679200000,2307.72,2319,2301.64,2301.94,37082.33,85678649.0098
1776682800000,2301.94,2311.59,2298.1,2306.97,35244.7,81268726.3888
1776686400000,2306.97,2322.66,2302.83,2317.5,50804.81,117497685.6852
1776690000000,2317.5,2325.97,2299.56,2309.49,72225.5,167031533.7393
1776693600000,2309.49,2321.34,2280.75,2289.23,136623.07,314050672.0278
1776697200000,2289.23,2318.4,2277,2312.74,137619.32,316823062.711
1776700800000,2312.74,2313.77,2297,2298.73,30174.79,69517689.809
1776704400000,2298.73,2321.73,2296.14,2315.95,44465.38,102874678.1822
1776708000000,2315.95,2343.95,2315.95,2332.96,139661.83,325488133.6896
1776711600000,2332.96,2335.03,2324.97,2330.22,46289.84,107794192.1922
1776715200000,2330.22,2339.03,2323.74,2335.93,37405.39,87201671.826
1776718800000,2335.93,2345.61,2313.05,2319.8,92485.17,215098501.5693
1776722400000,2319.8,2327.23,2314.54,2317.99,22076.94,51217322.724
1776726000000,2317.99,2318,2305,2312.23,31023.42,71675149.3341
1776729600000,2312.23,2323.5,2309.73,2320.57,28265.32,65456935.3766
1776733200000,2320.57,2325.63,2310.55,2313.62,27752.69,64397759.1303
1776736800000,2313.62,2314.29,2304.24,2306.89,21482.43,49592445.1979
1776740400000,2306.89,2311.53,2298.06,2310.15,26847.9,61857296.77
1776744000000,2310.15,2314.83,2302.58,2313.15,22218.31,51287678.6184
1776747600000,2313.15,2319.61,2311,2312.72,21706.43,50240949.5013
1776751200000,2312.72,2326.49,2306.2,2315.83,31455.45,72892793.0263
1776754800000,2315.83,2323.68,2309.72,2316.78,32164.58,74533065.0974
1776758400000,2316.78,2337.97,2312.52,2322.05,68497.55,159158110.5528
1776762000000,2322.05,2326.19,2316.5,2324.35,25593.7,59416490.3915
1776765600000,2324.35,2336.65,2323.52,2329.64,32575.81,75906591.8706
1776769200000,2329.64,2329.92,2313.46,2318.59,72960.67,169294218.9556
1776772800000,2318.59,2325.53,2292.6,2307.11,140865.86,325263682.8745
1776776400000,2307.11,2316.2,2299.32,2311.62,68831.11,158802022.6437
1776780000000,2311.62,2326.72,2293.14,2297.65,100122.77,231468896.9493
1776783600000,2297.65,2309.67,2288.18,2309.03,80638.88,185501186.4471
1776787200000,2309.03,2323.92,2304.68,2305.98,51562.8,119301099.0018
1776790800000,2305.98,2319,2281,2304.68,143085.81,329370493.5134
1776794400000,2304.68,2312.33,2298.05,2311.67,42577.14,98126083.9771
1776798000000,2311.67,2332.55,2285.73,2297.29,131055.44,302472032.5801
1776801600000,2297.29,2325,2294.6,2313.23,116059.42,268707156.6262
1776805200000,2313.23,2317.08,2307.82,2311.19,20957.44,48447927.443
1776808800000,2311.19,2316.01,2300.36,2309.94,25389.61,58567038.4006
1776812400000,2309.94,2329.15,2309.6,2326.19,31533.99,73216418.6459
1776816000000,2326.19,2329.68,2321.13,2324.31,21866.91,50837655.3887
1776819600000,2324.31,2327.56,2311.42,2321.28,29762.32,69019803.4331
1776823200000,2321.28,2374.9,2318.81,2369.46,172141.53,404641890.3799
1776826800000,2369.46,2379.61,2357.08,2362.39,52042.45,123220334.2327
1776830400000,2362.39,2368.66,2357.05,2362.75,32355.7,76469417.7755
1776834000000,2362.75,2411.9,2360.52,2395.14,171814.64,410966625.2271
1776837600000,2395.14,2395.56,2387.99,2391.94,38779.57,92722402.3729
1776841200000,2391.94,2396.22,2382.45,2388.83,47334.91,113086530.1958
1776844800000,2388.83,2392.77,2381.42,2386.96,30824.68,73572402.35
1776848400000,2386.96,2393.41,2381.46,2386.33,31065.64,74191319.3877
1776852000000,2386.33,2392.8,2383.63,2388.76,16062.64,38369454.4409
1776855600000,2388.76,2399.63,2385.01,2397.29,30605,73211905.6478
1776859200000,2397.29,2406.48,2394.85,2403.7,55052.89,132138791.4189
1776862800000,2403.7,2422.64,2399.72,2416.33,101666.34,245096149.24
1776866400000,2416.33,2423.64,2390.52,2401.74,89208.74,214535498.0192
1776870000000,2401.74,2412.99,2389.05,2402.54,71199.29,170904273.9485
1776873600000,2402.54,2412.69,2382.04,2384.84,64581.43,154617756.374
1776877200000,2384.84,2401.65,2384.84,2397.76,39956.77,95640388.8994
1776880800000,2397.76,2403.51,2393.4,2395.69,37128.9,89075522.1693
1776884400000,2395.69,2406.27,2387.28,2396.22,52222.11,125125947.4353
1776888000000,2396.22,2401.29,2389,2390.31,34797.18,83323200.8429
1776891600000,2390.31,2404.8,2390.12,2401.13,15338.82,36783996.9416
1776895200000,2401.13,2404.18,2392.5,2398.64,14387.18,34491737.5341
1776898800000,2398.64,2399.35,2372.01,2372.85,56681.13,134995433.9405
1776902400000,2372.85,2381.3,2340.97,2371.53,136267.16,322078287.9522
1776906000000,2371.53,2371.53,2359.03,2365.44,31632.08,74801072.5319
1776909600000,2365.44,2365.65,2342.5,2350.6,73092.18,172054828.0467
1776913200000,2350.6,2352.24,2330,2340.05,68877.13,161106800.984
1776916800000,2340.05,2347.8,2335.81,2346.55,28693.78,67209150.6821
1776920400000,2346.55,2351.74,2339.36,2347.94,32850.9,77084852.2393
1776924000000,2347.94,2358.52,2347.84,2353.4,31069.69,73119980.2157
1776927600000,2353.4,2355.77,2337.78,2343.11,39772.55,93342786.308
1776931200000,2343.11,2343.94,2333,2338.77,35790.36,83682050.4792
1776934800000,2338.77,2338.77,2310.82,2315.33,89061,206741143.9855
1776938400000,2315.33,2318.33,2303.72,2313.08,55094.71,127288418.173
1776942000000,2313.08,2331.26,2313.08,2327.9,57531.5,133611043.6512
1776945600000,2327.9,2334.42,2317.94,2327.84,70336.97,163597791.9426
1776949200000,2327.84,2331.33,2313.65,2318.25,39296.76,91232591.1822
1776952800000,2318.25,2334,2314.8,2332.87,47985.78,111680631.7816
1776956400000,2332.87,2342.73,2322.23,2332.28,84830.43,197927570.4289
1776960000000,2332.28,2334.56,2321.75,2324.98,49869.78,116168674.8459
1776963600000,2324.98,2328.14,2283.5,2309.02,210058.91,483764317.0141
1776967200000,2309.02,2318.41,2302.09,2303.95,76722.64,177346667.3171
1776970800000,2303.95,2318.15,2299.1,2312,45675.35,105469334.9365
1776974400000,2312,2328.67,2311.66,2324.05,37730.06,87593825.6938
1776978000000,2324.05,2327.62,2319.13,2320.01,31155.19,72388031.2948
1776981600000,2320.01,2337.6,2320.01,2330.46,33034.88,77006090.1551
1776985200000,2330.46,2331.87,2322.43,2329,15280.38,35564203.6273
1776988800000,2329,2336.46,2325.25,2331.21,16281.94,37958621.1505
1776992400000,2331.21,2332.99,2316.95,2331.58,25856.25,60092881.4663
1776996000000,2331.58,2334.81,2313.51,2318.29,26275.82,61074634.3093
1776999600000,2318.29,2321.81,2298.71,2307.19,56340.19,130028982.4771
1777003200000,2307.19,2310.47,2297.47,2304.83,32017.98,73798864.7807
1777006800000,2304.83,2316.58,2298.5,2313.71,33837.98,78081757.5487
1777010400000,2313.71,2315.82,2307.03,2308.07,21788.52,50362568.923
1777014000000,2308.07,2315.37,2307.36,2310.62,24989.79,57768490.3527
1777017600000,2310.62,2322.03,2306.2,2313.98,30119.99,69719707.6853
1777021200000,2313.98,2314.5,2302.01,2308.85,31725.68,73174407.5037
1777024800000,2308.85,2318.98,2304.12,2314.69,23489.59,54333018.8328
1777028400000,2314.69,2331.6,2314.69,2326.9,62818.86,146114870.9122
1777032000000,2326.9,2330.75,2316.83,2324.02,36461.71,84774028.4028
1777035600000,2324.02,2330.92,2309.4,2315.92,43944.24,101967479.0784
1777039200000,2315.92,2317.4,2302.15,2312.28,59483.43,137413513.3392
1777042800000,2312.28,2329.09,2299.71,2322.76,68862.81,159275779.7833
1777046400000,2322.76,2323.25,2308.55,2315.24,29280.99,67778144.3683
1777050000000,2315.24,2320.93,2307.01,2318.66,47604.23,110194926.8268
1777053600000,2318.66,2320.31,2308.34,2318.65,22777.05,52742576.3574
1777057200000,2318.65,2323.99,2317.74,2320.43,14645.62,33987846.7519
1777060800000,2320.43,2327.42,2311.43,2325.31,28209.56,65460433.9038
1777064400000,2325.31,2326.84,2310.83,2314.1,28058.34,65051914.2341
1777068000000,2314.1,2315.13,2306.23,2310.92,13628.13,31485800.5148
1777071600000,2310.92,2315.39,2310.92,2313.95,5005.57,11579659.1318
1777075200000,2313.95,2315.18,2310.24,2314.93,9975.32,23069953.3419
1777078800000,2314.93,2320.25,2314.43,2316.69,8091.82,18752934.0938
1777082400000,2316.69,2318.31,2313.47,2316.42,8806.97,20397408.1604
1777086000000,2316.42,2320.1,2313.11,2317.62,12857.99,29776289.2287
1777089600000,2317.62,2318.17,2314.87,2315.46,7227.93,16741389.8656
1777093200000,2315.46,2315.47,2311.89,2315.09,6321.42,14624315.595
1777096800000,2315.09,2316.79,2313.49,2314.86,6830.97,15815003.2329
1777100400000,2314.86,2317.7,2312.83,2315.07,7785.96,18023963.5247
1777104000000,2315.07,2319.85,2314.52,2318.24,6134.64,14217958.5277
1777107600000,2318.24,2322.11,2315.26,2317.92,16192.5,37551660.249
1777111200000,2317.92,2322.1,2317.47,2319.1,16005.06,37123976.4236
1777114800000,2319.1,2319.1,2310,2312.73,20436.25,47285771.7374
1777118400000,2312.73,2315.87,2310.11,2312,13332.09,30837000.1979
1777122000000,2312,2316.73,2312,2314.79,5496.72,12726754.3968
1777125600000,2314.79,2317.81,2313.59,2314.71,8232.28,19064755.5682
1777129200000,2314.71,2317.28,2301.03,2306.58,37136.88,85734701.5087
1777132800000,2306.58,2310.25,2299.03,2308.47,44517.1,102650411.5309
1777136400000,2308.47,2312.59,2306,2308.08,15620.61,36066046.9151
1777140000000,2308.08,2313.35,2307.02,2310.32,10873.82,25124835.4085
1777143600000,2310.32,2311.28,2305.7,2308.76,11729.19,27082080.1832
1777147200000,2308.76,2312.41,2307.46,2311.73,7666.16,17708268.8973
1777150800000,2311.73,2316.17,2311.56,2314.57,13157.28,30450783.2366
1777154400000,2314.57,2319.82,2313.76,2316.8,11247.09,26060422.1021
1777158000000,2316.8,2318.89,2315.79,2318.45,6993.93,16208936.1493
1777161600000,2318.45,2318.94,2310.4,2313.98,14228.96,32935495.7417
1777165200000,2313.98,2317.17,2311.78,2312.73,10416.77,24110998.3955
1777168800000,2312.73,2317.5,2312.44,2314.06,6292.64,14568952.8979
1777172400000,2314.06,2315.5,2305.01,2308.58,13936.18,32184733.4775
1777176000000,2308.58,2318.77,2307.68,2316.24,18781.33,43459659.4907
1777179600000,2316.24,2335.59,2316.21,2326.69,73178.07,170352293.2965
1777183200000,2326.69,2332.23,2325.24,2328.9,22212.16,51725894.7824
1777186800000,2328.9,2331.43,2327.05,2330.24,11765.77,27400524.474
1777190400000,2330.24,2337.24,2328.96,2331.32,21852.57,50969771.794
1777194000000,2331.32,2334.78,2328.13,2333.32,15721.66,36653524.0812
1777197600000,2333.32,2336,2330.01,2331.53,8409.84,19618234.1058
1777201200000,2331.53,2336.92,2331.52,2335.08,14482.02,33809129.0511
1777204800000,2335.08,2335.25,2323.32,2327.76,27528.95,64091106.2696
1777208400000,2327.76,2334.95,2326.77,2333.91,22040.78,51371627.6056
1777212000000,2333.91,2353,2332.06,2345.15,91237.31,214037213.5837
1777215600000,2345.15,2347.99,2343.03,2347.33,17297.31,40570976.9847
1777219200000,2347.33,2349.1,2341.54,2341.59,16225.8,38049110.3193
1777222800000,2341.59,2349.6,2339.15,2348.61,15756.56,36942424.0585
1777226400000,2348.61,2370,2346.28,2360.66,67563.24,159484284.4931
1777230000000,2360.66,2375.51,2358.29,2366.51,48681.8,115259185.434
1777233600000,2366.51,2371.72,2359.72,2361.2,19689.99,46583524.6659
1777237200000,2361.2,2371.85,2345.86,2363.24,68578.33,161727913.3536
1777240800000,2363.24,2379.41,2351.69,2360.45,59808.97,141540906.2715
1777244400000,2360.45,2378,2355.48,2368.64,34492.76,81639686.7631
1777248000000,2368.64,2391.52,2357.62,2389.64,69403.53,164935387.5497
1777251600000,2389.64,2403.84,2376.3,2393.68,78276.15,187234929.7116
1777255200000,2393.68,2396.16,2386.15,2391.14,25556.51,61097169.3528
1777258800000,2391.14,2399.75,2389.39,2393.51,26456.58,63364586.5808
1777262400000,2393.51,2394.99,2379.4,2381.85,30761.84,73414880.737
1777266000000,2381.85,2382.39,2317.03,2321.55,224706.96,525576913.0834
1777269600000,2321.55,2327.52,2310.6,2319.47,68542.89,158996974.666
1777273200000,2319.47,2322.4,2313.11,2314.27,43680.15,101218942.2271
1777276800000,2314.27,2319.81,2307.48,2318.32,69569.53,160976411.4473
1777280400000,2318.32,2324.69,2313.93,2320.51,45032.96,104473913.7003
1777284000000,2320.51,2322.79,2317.25,2318.67,11640.18,27002570.9045
1777287600000,2318.67,2321.5,2315.44,2318.82,11642.36,26992676.1498
1777291200000,2318.82,2320,2311.03,2312.89,24067.2,55729176.7827
1777294800000,2312.89,2319.36,2300.01,2310.93,71054.47,164009682.7794
1777298400000,2310.93,2328.73,2307.14,2313.69,73058.28,169390821.6006
1777302000000,2313.69,2314.02,2264.05,2273.25,224147.77,512074851.1092
1777305600000,2273.25,2279.26,2268.52,2276.48,37411.2,85098705.1137
1777309200000,2276.48,2291.03,2276.47,2285.55,44677.42,102102481.736
1777312800000,2285.55,2290.69,2282.6,2287.06,18529.29,42373451.6148
1777316400000,2287.06,2289.89,2273.17,2288,35685.39,81434963.2567
1777320000000,2288,2295.42,2287.73,2290.3,19011.92,43572684.6343
1777323600000,2290.3,2291.17,2284.65,2286.07,13183.14,30155379.0251
1777327200000,2286.07,2294.88,2282.69,2293.22,21769.2,49855504.0479
1777330800000,2293.22,2307.68,2289.7,2302.19,52042.59,119753753.6294
1777334400000,2302.19,2309.57,2298,2305.25,49112.25,113130912.693
1777338000000,2305.25,2307.49,2296.14,2297.3,29640.33,68219255.88
1777341600000,2297.3,2299.41,2278.59,2287.36,64119.09,146852317.0529
1777345200000,2287.36,2289.69,2280.56,2289.3,15638.8,35726513.6034
1777348800000,2289.3,2293.24,2280.86,2287.29,28994.53,66337821.5098
1777352400000,2287.29,2296.51,2285.1,2286.58,26215.14,60040827.8888
1777356000000,2286.58,2289.82,2267.8,2276.37,43891.95,99950315.9745
1777359600000,2276.37,2287.48,2268.8,2286.6,32573.83,74200344.3222
1777363200000,2286.6,2290.67,2281.73,2285.71,20533.27,46933687.8725
1777366800000,2285.71,2287.67,2275.02,2281.1,19462.64,44420252.6043
1777370400000,2281.1,2286.07,2279.19,2282.97,12972.47,29616511.2522
1777374000000,2282.97,2283.89,2268.99,2274.16,36268.2,82462848.1362
1777377600000,2274.16,2279.89,2270.14,2277.06,35331.05,80410251.2589
1777381200000,2277.06,2286.55,2256.41,2275.39,107294.22,243541393.1507
1777384800000,2275.39,2275.69,2258.96,2272.64,64888.11,147094330.6058
1777388400000,2272.64,2280,2267.79,2278.72,49913.73,113545582.5337
1777392000000,2278.72,2288.61,2272.87,2285.06,52686.52,120202053.8728
1777395600000,2285.06,2292.6,2277.62,2289.37,36551.37,83577942.4419
1777399200000,2289.37,2298.93,2286.05,2295.81,32557.22,74614738.6231
1777402800000,2295.81,2304.7,2288.7,2300.58,41699.23,95805697.2023
1777406400000,2300.58,2304.66,2294.14,2294.15,19843.64,45597733.0811
1777410000000,2294.15,2296.14,2284.39,2289.11,25681.67,58818892.2905
1777413600000,2289.11,2293.94,2284,2285.25,10128.86,23185051.0313
1777417200000,2285.25,2289.15,2281.81,2288.12,13578.11,31035957.3216
1777420800000,2288.12,2293.34,2284.32,2291.58,24030.94,55027193.8054
1777424400000,2291.58,2296.33,2277.77,2291.55,69810.27,159545097.4977
1777428000000,2291.55,2294.97,2283.63,2287.84,25007.57,57239326.1827
1777431600000,2287.84,2316.37,2286.7,2310.52,77400.64,178482059.2913
1777435200000,2310.52,2341.88,2308.03,2326.07,123667.61,287802665.755
1777438800000,2326.07,2331.58,2321.43,2328.04,39663.07,92273059.9481
1777442400000,2328.04,2335.82,2319.09,2323.55,55127.76,128312048.8816
1777446000000,2323.55,2329.35,2320.08,2322.57,29717.18,69065428.8625
1777449600000,2322.57,2328,2319.53,2324.17,22269.41,51735221.1602
1777453200000,2324.17,2346.19,2321.61,2338.55,68138.7,159305072.2294
1777456800000,2338.55,2346.75,2328.7,2332.17,59988.26,140242328.4134
1777460400000,2332.17,2334.54,2326.95,2330.35,35981.85,83852324.3713
1777464000000,2330.35,2330.96,2305.01,2315.02,120142.35,278290966.7079
1777467600000,2315.02,2317.32,2287.85,2301.82,111671.58,256798105.0579
1777471200000,2301.82,2306.83,2292.62,2298.29,48030.85,110448515.7832
1777474800000,2298.29,2300.28,2261.68,2271.41,161975.5,369035350.7574
1777478400000,2271.41,2278.29,2260.52,2266.32,80435.23,182577246.118
1777482000000,2266.32,2282.64,2265,2282.15,42888.46,97451438.8539
1777485600000,2282.15,2284.91,2219.08,2238.45,291356.2,652402977.8515
1777489200000,2238.45,2241.77,2223.56,2232.46,56406.72,125862857.659
1777492800000,2232.46,2247.77,2228.72,2239.52,72156.56,161545543.4305
1777496400000,2239.52,2264.1,2237.45,2251.68,50125.3,112815481.4926
1777500000000,2251.68,2257.95,2248.81,2256.45,23495.01,52957858.2575
1777503600000,2256.45,2259.63,2249.06,2251.9,20534.48,46287517.5149
1777507200000,2251.9,2274.8,2248.4,2271.25,69576.79,157443919.6187
1777510800000,2271.25,2278.66,2265.76,2268.27,44892.5,101996055.1028
1777514400000,2268.27,2272.49,2233.14,2243.68,88391.02,198732206.1394
1777518000000,2243.68,2255.59,2242.32,2251.78,28570.18,64258957.7975
1777521600000,2251.78,2253,2235.06,2237.66,35988.85,80669089.8003
1777525200000,2237.66,2247.35,2229.64,2241.47,36588.33,81948243.4949
1777528800000,2241.47,2251.5,2240.14,2246.72,26268.59,58997717.6416
1777532400000,2246.72,2261.6,2242.11,2259.22,54196.5,122151051.2186
1777536000000,2259.22,2261.47,2254.12,2255.13,37363.95,84365409.0113
1777539600000,2255.13,2270.67,2254.55,2260.71,43410.38,98226923.161
1777543200000,2260.71,2264.79,2255.42,2260.65,21824.32,49327401.6981
1777546800000,2260.65,2273.35,2250.38,2257.26,60489.2,136650280.0378
1777550400000,2257.26,2269.98,2256.66,2264.22,33108.5,74959005.6258
1777554000000,2264.22,2271.66,2253.2,2262.71,44982.33,101809219.9897
1777557600000,2262.71,2269.89,2244,2261.08,69578.18,157011558.2539
1777561200000,2261.08,2275.49,2256.21,2264.57,26081.51,59096725.7814
1777564800000,2264.57,2266,2254.03,2255.68,19820.4,44790509.8512
1777568400000,2255.68,2259.49,2248.5,2256.82,27762.85,62570737.0479
1777572000000,2256.82,2264.55,2253.12,2258.66,25721.88,58102131.1396
1777575600000,2258.66,2266,2256.87,2260.72,16810.13,38032672.6703
1777579200000,2260.72,2266.54,2259.3,2263.15,12358.24,27970495.8424
1777582800000,2263.15,2263.77,2253.01,2255.21,15734.92,35526580.4542
1777586400000,2255.21,2260.58,2251.11,2253.27,9125.34,20581317.961
1777590000000,2253.27,2258.22,2252.39,2256.65,6200.02,13985600.3515
1777593600000,2256.65,2265,2256.04,2258.88,22092.13,49969688.0754
1777597200000,2258.88,2269.48,2258.69,2266.43,22623.11,51255744.9213
1777600800000,2266.43,2268.96,2262.79,2266,17621.07,39920841.2081
1777604400000,2266,2294.93,2264.72,2281.96,122204.95,279115224.0282
1777608000000,2281.96,2285.14,2276.3,2278.99,24054.73,54861406.5155
1777611600000,2278.99,2285.98,2276.22,2282.49,21126.81,48213607.8014
1777615200000,2282.49,2285.81,2271,2276.09,31321.38,71353166.9366
1777618800000,2276.09,2279.99,2271.83,2278.37,16299.73,37099701.0594
1777622400000,2278.37,2287.66,2276.01,2285.7,28796.03,65764422.8357
1777626000000,2285.7,2286.06,2278.59,2280.62,17800.44,40624824.4382
1777629600000,2280.62,2284.99,2275.52,2281.3,17357.79,39567745.9213
1777633200000,2281.3,2292.94,2280.52,2285.57,36845.38,84265283.8914
1777636800000,2285.57,2311.53,2282.85,2300.01,124609.66,286684463.2725
1777640400000,2300.01,2322.94,2300.01,2316.98,119247.15,275697522.43
1777644000000,2316.98,2325,2299.42,2306.61,76987.75,177942253.3144
1777647600000,2306.61,2316.02,2296.59,2306.46,73366.1,169118556.0615
1777651200000,2306.46,2314.37,2296.88,2300.54,54589.79,125727837.782
1777654800000,2300.54,2312.58,2297.32,2310.52,30288.6,69827398.4252
1777658400000,2310.52,2311.3,2302.2,2303.3,19530.33,45043047.4793
1777662000000,2303.3,2306.76,2301.02,2303.45,12076.57,27826074.3567
1777665600000,2303.45,2304.75,2277.87,2283.73,66990.59,153473015.313
1777669200000,2283.73,2293.44,2282.39,2291.45,31237.61,71478562.6151
1777672800000,2291.45,2298.22,2289.54,2292.03,13872.34,31823506.949
1777676400000,2292.03,2295.32,2287.94,2294.58,11434.21,26201722.5928
1777680000000,2294.58,2298.3,2291.71,2296.68,13569.59,31143995.0333
1777683600000,2296.68,2299.69,2294.56,2297.72,10603.59,24358300.4199
1777687200000,2297.72,2307.25,2294.13,2302.16,23700,54547975.215
1777690800000,2302.16,2307.82,2299.79,2303.07,13293.55,30621847.5921
1777694400000,2303.07,2303.9,2298.14,2300.21,11555.41,26586317.297
1777698000000,2300.21,2300.69,2295.37,2298.32,9304.49,21385040.3786
1777701600000,2298.32,2305.21,2295.94,2304.07,17553.56,40382955.809
1777705200000,2304.07,2305.07,2299.75,2299.96,8959.59,20632159.6396
1777708800000,2299.96,2303.71,2297.78,2302.22,10018.02,23048455.9235
1777712400000,2302.22,2306.83,2302.14,2304.32,7878.81,18157321.415
1777716000000,2304.32,2305.22,2300.75,2302.35,11200.9,25795329.1135
1777719600000,2302.35,2304,2298.72,2300.81,7521.66,17305458.8846
1777723200000,2300.81,2304.19,2299.74,2302.23,7979.07,18368057.44
1777726800000,2302.23,2310.84,2302.23,2306.8,21307.24,49168361.7199
1777730400000,2306.8,2307.4,2303.82,2305.07,8664.45,19974720.9678
1777734000000,2305.07,2308.48,2303.8,2307.75,7233.25,16679210.5761
1777737600000,2307.75,2312.64,2306.19,2308.05,11421.16,26373653.7611
1777741200000,2308.05,2308.93,2304.06,2304.82,6448.1,14870349.6884
1777744800000,2304.82,2310.18,2302.18,2308.87,9128.02,21057234.587
1777748400000,2308.87,2311.99,2307.71,2310.16,6189.97,14299605.5151
1777752000000,2310.16,2311.07,2308.37,2310.39,5556.07,12834623.7007
1777755600000,2310.39,2343.49,2309.62,2324.61,84380.5,196600194.7056
1777759200000,2324.61,2327.1,2316.38,2325.61,35116.67,81513273.6501
1777762800000,2325.61,2325.61,2311.93,2315.86,20583.91,47726818.278
1777766400000,2315.86,2316.94,2307.09,2312.71,24986.82,57771870.0879
1777770000000,2312.71,2313.13,2301.44,2302.54,25222.15,58138399.5596
1777773600000,2302.54,2306.47,2297.08,2302.19,35962.45,82769011.71
1777777200000,2302.19,2302.93,2298.25,2300.82,15658.35,36021743.0431
1777780800000,2300.82,2303.36,2296.08,2300.57,12186.92,28036621.2992
1777784400000,2300.57,2304.08,2300.24,2303.03,8485.96,19537275.1891
1777788000000,2303.03,2305.68,2298.54,2303.31,8697.33,20017179.8417
1777791600000,2303.31,2313.24,2303.31,2308.4,41754.47,96433805.1102
1777795200000,2308.4,2311.77,2306.46,2307.14,9458.9,21840442.5054
1777798800000,2307.14,2320,2306.32,2315.31,36521.16,84494232.7994
1777802400000,2315.31,2315.46,2309.93,2310.26,7594.01,17557526.1898
1777806000000,2310.26,2326.81,2309.02,2318.68,41969.1,97383788.2189
1777809600000,2318.68,2331.9,2318.68,2324.52,23977.16,55766947.9778
1777813200000,2324.52,2327.4,2319.24,2320.95,15618.59,36283015.749
1777816800000,2320.95,2328.27,2318.63,2327.15,25693.83,59687676.4286
1777820400000,2327.15,2333.05,2323.63,2327.19,19111.48,44493042.2921
1777824000000,2327.19,2334,2321.03,2327.2,15024.92,34965244.454
1777827600000,2327.2,2334.45,2322.69,2330.76,15554.53,36241499.5753
1777831200000,2330.76,2332.4,2326.9,2329.87,6735.24,15689194.7746
1777834800000,2329.87,2337.3,2327.04,2334.29,13514.41,31536733.3295
1777838400000,2334.29,2343.24,2326.61,2328.38,40852.96,95423232.6873
1777842000000,2328.38,2333,2313.12,2322.89,38352.98,89059544.867
1777845600000,2322.89,2355.99,2322.78,2342.87,113275.22,265331224.211
1777849200000,2342.87,2346.48,2318.01,2321.75,55160.69,128419570.7268
1777852800000,2321.75,2321.75,2307.15,2318.07,70078.35,162142965.8258
1777856400000,2318.07,2353.8,2311.55,2350.66,96055.28,224367460.5917
1777860000000,2350.66,2386.78,2344.18,2373.99,197900.6,468321650.8167
1777863600000,2373.99,2390.92,2370.58,2383.94,55267.22,131596189.5453
1777867200000,2383.94,2399,2382.62,2389.18,71845.69,171809178.6557
1777870800000,2389.18,2390.72,2373.74,2375.07,41669.95,99202862.2137
1777874400000,2375.07,2377.36,2352.51,2367.11,61716.4,145919330.9707
1777878000000,2367.11,2372.53,2361.27,2361.72,23864.33,56476542.0904
1777881600000,2361.72,2363.88,2356.19,2358.68,44015.65,103851738.3415
1777885200000,2358.68,2369.8,2356.82,2367.19,37618.88,88918446.3007
1777888800000,2367.19,2368.54,2312.52,2336.83,301981.17,704536114.7574
1777892400000,2336.83,2342.32,2331.12,2335.96,45582.55,106522316.4359
1777896000000,2335.96,2342.71,2331.8,2333.82,23463.15,54841748.118
1777899600000,2333.82,2343.64,2324.1,2335.19,81188.15,189536120.0625
1777903200000,2335.19,2383.36,2326.01,2370.45,183968.91,433615332.9701
1777906800000,2370.45,2373.5,2334.48,2348.86,193825.64,456059600.3526
1777910400000,2348.86,2364.22,2335.24,2353.91,85628.97,201332987.796
1777914000000,2353.91,2379.21,2352.46,2369.11,92420.4,218846816.1435
1777917600000,2369.11,2373.76,2355.53,2360.24,60494.48,143091414.3315
1777921200000,2360.24,2363.98,2352.43,2355.14,29936.83,70561385.945
1777924800000,2355.14,2358.18,2345.59,2348.4,19966.77,46953118.8908
1777928400000,2348.4,2363.75,2348.33,2359.56,17513,41297318.4213
1777932000000,2359.56,2364.99,2352.56,2353.16,21495.92,50704410.823
1777935600000,2353.16,2353.16,2343.11,2345.94,21063.47,49462459.972
1777939200000,2345.94,2357.97,2343.71,2357.49,12049.55,28331777.6398
1777942800000,2357.49,2363.57,2353.61,2360.65,22667.11,53487127.693
1777946400000,2360.65,2376.8,2357.93,2366.46,94399.93,223641871.7495
1777950000000,2366.46,2389,2363.28,2381.22,76081,181100937.7297
1777953600000,2381.22,2385.31,2375.11,2380.01,36703.23,87389971.9793
1777957200000,2380.01,2389.98,2376.22,2379.16,53850.56,128299309.2072
1777960800000,2379.16,2380.64,2366.15,2377.78,39386.32,93450898.5129
1777964400000,2377.78,2387.9,2374.37,2379.79,52184.32,124286256.0021
1777968000000,2379.79,2383.65,2371.56,2375.66,25812.47,61352793.9938
1777971600000,2375.66,2375.94,2365.55,2368.55,35372.95,83802415.7643
1777975200000,2368.55,2378.68,2365.97,2377.28,33521.79,79555080.2929
1777978800000,2377.28,2382.72,2371.2,2378.51,33749.4,80244974.341
1777982400000,2378.51,2389.78,2374.9,2387.23,32558.59,77667267.5452
1777986000000,2387.23,2400.85,2382.07,2387.35,92673.87,221666309.9114
1777989600000,2387.35,2391.59,2367.95,2377.62,83109.85,197658816.5178
1777993200000,2377.62,2387.22,2374.32,2380.29,26435.51,62976010.5187
1777996800000,2380.29,2382.41,2357.94,2364.51,74922.36,177315876.8517
1778000400000,2364.51,2368.58,2357.56,2361.53,44086.31,104128419.623
1778004000000,2361.53,2373.62,2361.53,2370.71,23768.07,56308732.2957
1778007600000,2370.71,2375.2,2367.12,2370.36,16339.08,38733197.8059
1778011200000,2370.36,2386.44,2369.8,2381.11,46191.51,109959229.0167
1778014800000,2381.11,2387.4,2367.15,2374.19,26173.33,62206075.2105
1778018400000,2374.19,2380.65,2352.45,2366.22,76671.81,181389234.3879
1778022000000,2366.22,2369.08,2352.95,2359.29,48258.32,113900644.9721
1778025600000,2359.29,2366.79,2351.95,2363.22,40890.06,96517651.09
1778029200000,2363.22,2376.04,2361.27,2371.91,48505.68,114958588.5484
1778032800000,2371.91,2372.51,2357.99,2368.4,44228.65,104588340.3344
1778036400000,2368.4,2379.95,2365.91,2375.58,44091.13,104673694.8229
1778040000000,2375.58,2378.4,2359.87,2364.84,30780.1,72913469.0387
1778043600000,2364.84,2366,2352.54,2363.88,48918.9,115410146.0542
1778047200000,2363.88,2371.04,2359.54,2369.36,42420.73,100357405.2068
1778050800000,2369.36,2374.01,2367.19,2370.3,51586.1,122303417.7627
1778054400000,2370.3,2395.62,2367.6,2393.57,101422.4,241694436.1221
1778058000000,2393.57,2417.89,2383.4,2411.9,174340.32,418725832.6996
1778061600000,2411.9,2413.92,2404.76,2408.97,58894.45,141967468.8498
1778065200000,2408.97,2423.38,2406.53,2409.71,90349.18,218123905.6663
1778068800000,2409.71,2412.9,2397.12,2404.28,67839.01,163236894.199
1778072400000,2404.28,2404.28,2362.27,2367.17,198866.42,473087731.0812
1778076000000,2367.17,2371.64,2341.55,2358.02,178613.45,421183304.4284
1778079600000,2358.02,2364.97,2352.6,2357.53,46679.5,110086225.1917
1778083200000,2357.53,2368.03,2348.77,2356.81,62204.89,146621306.7279
1778086800000,2356.81,2359.49,2345.97,2348.88,26459.18,62221650.1974
1778090400000,2348.88,2351.36,2335.01,2343.71,56736.31,132976364.9943
1778094000000,2343.71,2348.67,2340.67,2347.32,22556.64,52879247.4826
1778097600000,2347.32,2356,2343.71,2349.6,49121.94,115411591.1787
1778101200000,2349.6,2356.44,2344.14,2353.41,25567.24,60114264.1783
1778104800000,2353.41,2354.28,2343.71,2346.07,18221.87,42779443.6163
1778108400000,2346.07,2350.33,2336.98,2349.67,26899.09,63013972.0213
1778112000000,2349.67,2351.31,2327.49,2328.05,62675.53,146538599.5772
1778115600000,2328.05,2334.24,2311.11,2325.93,91696.52,213103016.7059
1778119200000,2325.93,2326.6,2312.34,2320.99,53799.73,124703175.8332
1778122800000,2320.99,2324.64,2314.2,2320.99,19629.54,45529255.0562
1778126400000,2320.99,2326.73,2316.22,2326.3,24954.73,57975841.5804
1778130000000,2326.3,2332.99,2326,2330.39,25088.62,58449362.986
1778133600000,2330.39,2337.98,2318.63,2336.39,78376.01,182624147.4148
1778137200000,2336.39,2346,2335.81,2343.66,56332.34,131892322.3385
1778140800000,2343.66,2345.95,2331,2333.11,37498.38,87639045.2409
1778144400000,2333.11,2336.63,2326.05,2327.84,48286.72,112544613.7472
1778148000000,2327.84,2330.79,2315.79,2325.57,52350.01,121587603.8156
1778151600000,2325.57,2330.8,2324.2,2329.2,23317.14,54291277.462
1778155200000,2329.2,2336.38,2328,2331.79,25321.88,59061187.007
1778158800000,2331.79,2331.79,2303.23,2313.11,106579.23,246742972.4067
1778162400000,2313.11,2317.71,2286.85,2297.83,160469.65,368834240.0391
1778166000000,2297.83,2303.77,2283.8,2293.72,83425.6,191245400.2492
1778169600000,2293.72,2297.41,2284.25,2290.82,34743.14,79596319.8907
1778173200000,2290.82,2300.76,2278.23,2298.94,53707.13,122920340.7353
1778176800000,2298.94,2303.58,2289.59,2294.7,57749.02,132711921.2465
1778180400000,2294.7,2295.95,2286.65,2295.16,34798.14,79727445.1177
1778184000000,2295.16,2301.96,2286.89,2288.25,32758.79,75066437.8901
1778187600000,2288.25,2293.3,2280.01,2286.69,34221.83,78265546.9422
1778191200000,2286.69,2289.5,2280,2286.01,48831.36,111534820.252
1778194800000,2286.01,2292.68,2285.05,2290.21,14964.06,34249997.005
1778198400000,2290.21,2293.56,2282.36,2285.99,19752.63,45194978.8318
1778202000000,2285.99,2288.48,2279,2283.98,27281.85,62281588.5709
1778205600000,2283.98,2284.52,2266.21,2278,79211.66,180171863.4005
1778209200000,2278,2281.09,2263.77,2278.04,61576.03,139964675.4195
1778212800000,2278.04,2284.15,2275.59,2280.92,28621.43,65248053.1363
1778216400000,2280.92,2283.43,2275.01,2275.02,32544.81,74190225.6437
1778220000000,2275.02,2277.79,2267.1,2274.22,27957.5,63543359.0449
1778223600000,2274.22,2281,2266,2279.85,34487.46,78426554.2262
1778227200000,2279.85,2288.32,2278.46,2282.39,39980.28,91241250.419
1778230800000,2282.39,2291,2279.01,2282.98,35973.78,82230370.5297
1778234400000,2282.98,2289.7,2280,2286.64,32357.17,73915359.2445
1778238000000,2286.64,2297,2286.64,2294.14,43146.58,98884884.0947
1778241600000,2294.14,2301.19,2280.75,2283.48,42763.98,97975577.9997
1778245200000,2283.48,2285.92,2268.31,2275.29,86406.27,196701439.5085
1778248800000,2275.29,2291.81,2271.81,2284.8,57585.72,131423269.2919
1778252400000,2284.8,2293.77,2273.69,2292.4,34800.53,79445935.2988
1778256000000,2292.4,2293.67,2285.22,2289.01,30209.4,69154773.6274
1778259600000,2289.01,2315,2288.26,2304.19,89098.51,205413506.6062
1778263200000,2304.19,2320.8,2304.18,2312.84,80570.27,186522961.5459
1778266800000,2312.84,2319.89,2311.58,2315.2,31812.78,73651104.6687
1778270400000,2315.2,2316.16,2304.39,2305.96,23334.98,53882459.8459
1778274000000,2305.96,2314.32,2303.28,2313.66,22141.63,51120901.3089
1778277600000,2313.66,2318.23,2309.68,2309.95,17290.67,40017913.101
1778281200000,2309.95,2310.27,2302,2306.25,19011.05,43829545.2421
1778284800000,2306.25,2311.35,2303.09,2307.6,12949.48,29881969.4573
1778288400000,2307.6,2317.38,2307.24,2313.44,15937.5,36866650.3079
1778292000000,2313.44,2319.6,2313,2315.99,15153.25,35101975.2587
1778295600000,2315.99,2320.72,2311.68,2314.25,21932.73,50779786.5632
1778299200000,2314.25,2324.79,2310.46,2311.62,35935.8,83286762.987
1778302800000,2311.62,2317.43,2309.97,2313.6,10229.72,23668146.176
1778306400000,2313.6,2318.28,2310.78,2313.28,28056.48,64930687.2916
1778310000000,2313.28,2317.44,2309.38,2313.34,23482.94,54322734.3793
1778313600000,2313.34,2319.17,2312.86,2315.96,32696.57,75754594.362
1778317200000,2315.96,2316.28,2310,2312.08,18529.96,42845378.4839
1778320800000,2312.08,2314.53,2308.81,2311.72,11654.6,26932879.1964
1778324400000,2311.72,2314.94,2311.12,2313.47,13261,30675879.3913
1778328000000,2313.47,2317.45,2311.86,2315.51,12735.79,29485575.2582
1778331600000,2315.51,2315.56,2310.26,2313.59,6083.36,14071365.6659
1778335200000,2313.59,2314.3,2303.98,2307.16,33617.57,77572675.303
1778338800000,2307.16,2316.48,2297.29,2316.35,55409,127867708.5006
1778342400000,2316.35,2324.57,2313.9,2318.97,45860.16,106380515.433
1778346000000,2318.97,2333.27,2318.97,2328.71,69278.56,161310302.2861
1778349600000,2328.71,2337.61,2327.7,2329.2,28893.56,67419399.7105
1778353200000,2329.2,2332.22,2325.53,2331.21,14693.83,34220464.9582
1778356800000,2331.21,2331.94,2326.06,2328.2,6366.92,14824719.7033
1778360400000,2328.2,2330.56,2327.28,2329.78,6869.93,16001437.229
1778364000000,2329.78,2332.6,2325.89,2328.85,6307.86,14696262.9095
1778367600000,2328.85,2330.8,2323.37,2325.21,6166.05,14342339.0306
1778371200000,2325.21,2328.77,2319.64,2322.73,16022.7,37232714.6173
1778374800000,2322.73,2323.85,2316.83,2322.41,23439.77,54376095.859
1778378400000,2322.41,2326.91,2318.93,2326.78,14161.24,32912189.3323
1778382000000,2326.78,2332,2322.55,2326.63,19935.3,46404245.412
1778385600000,2326.63,2330,2325.01,2327.08,10336.23,24056799.9446
1778389200000,2327.08,2329.38,2325.6,2326.2,6734.29,15671460.1453
1778392800000,2326.2,2331.24,2325.84,2328.65,20567.37,47878146.0845
1778396400000,2328.65,2331.09,2326.48,2326.49,8820.73,20537253.9332
1778400000000,2326.49,2330.98,2325.13,2329.23,10319.77,24024980.5581
1778403600000,2329.23,2333,2325.73,2327.15,13350.84,31094541.7653
1778407200000,2327.15,2327.91,2321.8,2324.43,14314.43,33268684.2338
1778410800000,2324.43,2326.99,2317.63,2321.45,15628.31,36280848.8211
1778414400000,2321.45,2324.67,2319.75,2323.06,7084.81,16454288.4051
1778418000000,2323.06,2331.03,2322.36,2329.09,15763.29,36699900.3559
1778421600000,2329.09,2334.37,2326.02,2330,15648.24,36453000.3884
1778425200000,2330,2350.6,2330,2346.94,72040.54,168651741.6741
1778428800000,2346.94,2350.45,2339.09,2349.01,50203.66,117804955.9454
1778432400000,2349.01,2367.2,2344.35,2363.33,77319.04,182048457.0636
1778436000000,2363.33,2365.95,2355.57,2357.35,25990.82,61359260.9492
1778439600000,2357.35,2366,2349.94,2364.46,35290.23,83284571.3198
1778443200000,2364.46,2368.81,2308.55,2327.27,174821.51,408341204.9785
1778446800000,2327.27,2336.76,2322.73,2329.68,71137.03,165806689.0636
1778450400000,2329.68,2376.96,2326.66,2372.92,127946.8,301622011.0688
1778454000000,2372.92,2382.13,2366.47,2370.27,68726.36,163231950.7871
1778457600000,2370.27,2374.09,2343.32,2351.56,103300.21,243485467.6701
1778461200000,2351.56,2364.96,2344.03,2357.63,40436.25,95326609.7124
1778464800000,2357.63,2360,2341.38,2344.53,51359.66,120555581.7796
1778468400000,2344.53,2344.66,2318.75,2329.5,78091.12,181917798.034
1778472000000,2329.5,2335,2325.54,2331.68,20987.87,48916494.4845
1778475600000,2331.68,2339.89,2330.95,2334.12,16270.25,37991152.1142
1778479200000,2334.12,2342.5,2328.95,2332.51,24783.02,57880083.6944
1778482800000,2332.51,2332.69,2327,2329.67,14505.83,33792431.6015
1778486400000,2329.67,2334.11,2325.2,2329.4,19290.05,44948381.2474
1778490000000,2329.4,2337.92,2329.25,2335,10943.3,25548035.0433
1778493600000,2335,2338.9,2328.48,2328.85,23282.54,54319037.7347
1778497200000,2328.85,2335,2326.08,2334.84,10057.4,23452242.0121
1778500800000,2334.84,2338.02,2327.35,2328.32,31776.14,74129927.9116
1778504400000,2328.32,2331.79,2312.96,2320.59,73054.61,169640570.9471
1778508000000,2320.59,2327.76,2301.84,2315.02,93094.63,215295555.8563
1778511600000,2315.02,2334.97,2312.04,2332.31,77936.66,181392075.2993
1778515200000,2332.31,2340.55,2326,2328.61,60202.53,140545219.0006
1778518800000,2328.61,2343.15,2322.08,2335.61,31938.5,74481892.102
1778522400000,2335.61,2343.43,2333.39,2334.44,31283.4,73195002.7125
1778526000000,2334.44,2343.12,2330.52,2339.39,17949.37,41968391.317
1778529600000,2339.39,2344.78,2335,2336.9,20622.53,48234989.9346
1778533200000,2336.9,2341,2334.81,2339.62,12788.19,29902302.7233
1778536800000,2339.62,2344.52,2335.08,2340.02,15264.75,35725662.4095
1778540400000,2340.02,2341.05,2333.47,2338.61,11565.08,27038367.6808
1778544000000,2338.61,2339.66,2330.61,2332.44,19266.06,44972185.5402
1778547600000,2332.44,2334.6,2292.61,2309.87,141392.43,326557311.6258
1778551200000,2309.87,2315.86,2305.58,2314.59,25647.01,59280633.8811
1778554800000,2314.59,2316.01,2305.62,2307.96,17493.8,40421254.2165
1778558400000,2307.96,2313.24,2303.71,2309.51,25573.65,59049450.0362
1778562000000,2309.51,2312.72,2308.25,2308.92,16112.79,37234375.9
1778565600000,2308.92,2312.88,2300.01,2302.51,28855.37,66522895.6113
1778569200000,2302.51,2303.95,2288.95,2293.92,79114.05,181769039.5376
1778572800000,2293.92,2295.36,2279,2286.92,76012.88,173806069.3104
1778576400000,2286.92,2294.24,2280.19,2291.45,37942.06,86762222.4669
1778580000000,2291.45,2292.84,2280.04,2285.36,26333.32,60206559.0258
1778583600000,2285.36,2286.2,2275.67,2285.53,37174.37,84813437.0379
1778587200000,2285.53,2294.76,2279.74,2287.68,68048.46,155665779.1916
1778590800000,2287.68,2291.33,2266.55,2270.76,85690.79,195229775.4432
1778594400000,2270.76,2280.68,2260,2267.62,86836.66,197168707.3645
1778598000000,2267.62,2273.34,2254.86,2260.7,82795.36,187278102.4233
1778601600000,2260.7,2270.4,2255,2262.89,55154.57,124802614.0694
1778605200000,2262.89,2276.92,2262.89,2275.83,37363.15,84899457.7769
1778608800000,2275.83,2283.38,2273.25,2278.35,37858.05,86272708.2261
1778612400000,2278.35,2286.58,2278,2283.86,28760.76,65659782.963
1778616000000,2283.86,2286.46,2280.01,2283.74,21130.19,48253622.6281
1778619600000,2283.74,2286.87,2281.63,2284.38,14397.87,32892559.8219
1778623200000,2284.38,2291.61,2280.86,2281.16,24038.62,54972048.6578
1778626800000,2281.16,2283,2272.02,2273.74,16506.11,37587839.8234
1778630400000,2273.74,2285.87,2272.09,2280.44,19283.19,43969380.0563
1778634000000,2280.44,2294.5,2279.81,2288.94,28815.39,65977280.1872
1778637600000,2288.94,2299.53,2286.2,2292.99,31551.61,72380087.2203
1778641200000,2292.99,2302.93,2290.94,2300.73,26257.52,60347213.4094
1778644800000,2300.73,2308.5,2297.02,2306,27849.77,64148594.7321
1778648400000,2306,2306.88,2294.8,2296.88,22294.89,51271609.3675
1778652000000,2296.88,2304.56,2296.45,2300.8,23967.15,55173545.2518
1778655600000,2300.8,2302.2,2295.69,2300.27,14391.66,33086532.4411
1778659200000,2300.27,2315.9,2299.56,2315.69,44204.25,102108556.4185
1778662800000,2315.69,2322.67,2313.24,2320.23,54753.28,126976448.9846
1778666400000,2320.23,2320.67,2304.2,2307.38,46117.22,106560970.9901
1778670000000,2307.38,2308.1,2297.72,2300.71,43417.21,99938057.0695
1778673600000,2300.71,2306.38,2268,2283,152506.04,348301303.9613
1778677200000,2283,2287.16,2257.21,2260.9,130808.32,296811843.938
1778680800000,2260.9,2269.99,2247.64,2266.47,102322.42,231214841.9022
1778684400000,2266.47,2269.42,2232.89,2235.39,148245.92,333554341.683
1778688000000,2235.39,2252.41,2234.22,2249.84,81453,182874172.9925
1778691600000,2249.84,2261.11,2249.84,2257.21,53021.29,119642784.7219
1778695200000,2257.21,2267.95,2257.21,2258.19,39133.1,88546091.7188
1778698800000,2258.19,2259.69,2249.07,2255.63,30991.07,69857875.7351
1778702400000,2255.63,2263.65,2255.3,2262.89,14201.75,32087553.6403
1778706000000,2262.89,2263.17,2252.51,2254.94,17336.72,39114811.1832
1778709600000,2254.94,2259.76,2249.68,2258.28,15219.88,34309240.4426
1778713200000,2258.28,2260.88,2253.27,2257.97,13111.73,29598773.8584
1778716800000,2257.97,2268.77,2256.94,2265.55,27228.82,61679225.7038
1778720400000,2265.55,2268.59,2258.62,2263.78,14461.19,32729533.166
1778724000000,2263.78,2265.89,2245.66,2250.44,35053.61,79022480.9506
1778727600000,2250.44,2254.02,2237.16,2241.05,52811.85,118501615.13
1778731200000,2241.05,2257.31,2238,2255.57,20688.82,46554944.7835
1778734800000,2255.57,2272.92,2254.19,2267.33,44830.21,101503182.4291
1778738400000,2267.33,2274.54,2265.74,2266.79,36069.25,81848797.8105
1778742000000,2266.79,2269.86,2262.68,2264.34,23353.46,52926292.9861
1778745600000,2264.34,2270.35,2260.88,2265.65,18258.89,41372379.7764
1778749200000,2265.65,2267.07,2251.3,2256.69,29820.71,67339427.7868
1778752800000,2256.69,2264.54,2254.54,2261.2,26608.78,60138875.4076
1778756400000,2261.2,2263.36,2251.26,2252.59,27835.93,62803130.9066
1778760000000,2252.59,2262.35,2246.85,2260.46,33463.78,75476068.8883
1778763600000,2260.46,2264.46,2247.04,2248.03,65674.16,148165928.5945
1778767200000,2248.03,2288,2244.67,2286.08,127814.87,290426116.0189
1778770800000,2286.08,2298.85,2279.56,2297.49,117311.54,268445253.3725
1778774400000,2297.49,2317.98,2292.59,2315.13,163613.74,377046035.882
1778778000000,2315.13,2318.71,2294.86,2307.03,95138.13,219317355.861
1778781600000,2307.03,2315.7,2301.6,2308.37,49368.04,114101055.1932
1778785200000,2308.37,2311.3,2296.03,2297.51,57562.24,132420097.2737
1778788800000,2297.51,2300.5,2287.5,2297.35,41321.83,94740776.9669
1778792400000,2297.35,2299.44,2288.58,2295.99,29109.26,66748285.9937
1778796000000,2295.99,2300.76,2293.87,2296.98,12249.63,28140742.2274
1778799600000,2296.98,2296.98,2279.2,2282.41,35640.91,81527819.3096
1778803200000,2282.41,2299.45,2280.41,2290.1,30946.87,70861325.3639
1778806800000,2290.1,2293.77,2273.38,2274.57,41909.97,95610445.1198
1778810400000,2274.57,2278.65,2258.83,2275.39,89894.38,203896239.3068
1778814000000,2275.39,2278.62,2266.74,2272.08,22451.01,51018111.1163
1778817600000,2272.08,2272.56,2261,2261.87,26927.83,61051046.87
1778821200000,2261.87,2265.78,2235.64,2243.78,119031.86,267552649.7284
1778824800000,2243.78,2255.83,2242.34,2253.93,44045.95,99112229.3008
1778828400000,2253.93,2270.44,2252,2264.16,54109.51,122391452.0539
1778832000000,2264.16,2264.43,2248.07,2256.38,36639.39,82640881.4119
1778835600000,2256.38,2258.89,2248.92,2253.13,33931.59,76446185.2223
1778839200000,2253.13,2263.59,2250.82,2261.31,44774.08,100986680.1689
1778842800000,2261.31,2262.79,2256,2256.22,16320.71,36863383.1414
1778846400000,2256.22,2259.63,2249.4,2252.84,42398.92,95578359.822
1778850000000,2252.84,2252.84,2208.74,2212.44,210193.21,468500481.8318
1778853600000,2212.44,2223.17,2203.5,2212.32,107997.26,239028015.0618
1778857200000,2212.32,2222.99,2208.46,2221.67,47260,104733813.7354
1778860800000,2221.67,2230.43,2217.57,2223.5,38278.98,85129192.0165
1778864400000,2223.5,2231.87,2222.79,2228.38,26751.52,59583722.3931
1778868000000,2228.38,2232,2223.44,2226.92,25174.86,56074738.8107
1778871600000,2226.92,2227.59,2220.79,2222.01,21623.1,48081401.9862
1778875200000,2222.01,2225.07,2215.84,2219,28004.73,62177323.551
1778878800000,2219,2224.46,2213,2216.06,26137.93,58028243.0698
1778882400000,2216.06,2223.85,2215.97,2222.89,11317.84,25134828.6258
1778886000000,2222.89,2226.58,2221.45,2223.64,13572.41,30183146.661
1778889600000,2223.64,2230.99,2222.42,2226.16,13449.26,29959595.8688
1778893200000,2226.16,2229.8,2222.19,2228.52,17953.84,39955390.6206
1778896800000,2228.52,2230.74,2225.74,2228.68,10580.65,23576222.0755
1778900400000,2228.68,2229.65,2225.74,2226.62,7071.96,15755932.9143
1778904000000,2226.62,2227.81,2216.89,2224.86,16309.82,36237512.9277
1778907600000,2224.86,2226.14,2221.58,2224.44,6830.23,15195013.4225
1778911200000,2224.44,2225.92,2208.34,2214.52,31671.59,70175874.3228
1778914800000,2214.52,2214.96,2180.01,2193.43,148783.58,326322125.8191
1778918400000,2193.43,2195.96,2190.54,2192.14,20243.88,44409183.0913
1778922000000,2192.14,2193.14,2160.01,2172.38,141309.99,307147401.1935
1778925600000,2172.38,2174.33,2161.36,2173.2,46413.34,100679313.353
1778929200000,2173.2,2180.31,2173.19,2175.27,26284.92,57223323.4723
1778932800000,2175.27,2178.35,2172.07,2175.26,15283.15,33252436.4145
1778936400000,2175.26,2179.95,2171.2,2176.18,20887.12,45433853.1137
1778940000000,2176.18,2187.9,2172.49,2178.88,35342.45,77041927.3636
1778943600000,2178.88,2183,2175.86,2179.01,15800.8,34438137.9579
1778947200000,2179.01,2182.85,2169.28,2173.42,29872.09,64953698.4172
1778950800000,2173.42,2180.18,2173.16,2177.95,8778.03,19113907.4272
1778954400000,2177.95,2184.11,2175.3,2180.75,13291.2,28963935.6093
1778958000000,2180.75,2182.2,2178.05,2178.76,7495.18,16337850.7809
1778961600000,2178.76,2182.28,2178.76,2180.18,6702.19,14614692.4344
1778965200000,2180.18,2182.62,2179.68,2181.56,7120.78,15532694.1047
1778968800000,2181.56,2182.37,2178.5,2179.26,7180.27,15655827.2021
1778972400000,2179.26,2182.12,2178.2,2179.68,7510.03,16372377.2112
1778976000000,2179.68,2184.77,2172,2176.72,20773.94,45281114.5527
1778979600000,2176.72,2182.72,2166.61,2168.2,37614.7,81750348.0255
1778983200000,2168.2,2175.28,2168.2,2173.23,11133.9,24189940.585
1778986800000,2173.23,2183.9,2173.13,2180.54,17392.09,37901470.3939
1778990400000,2180.54,2189.04,2180.05,2186.35,31821.26,69551933.7714
1778994000000,2186.35,2194.15,2184.5,2185.23,26989.71,59088498.1207
1778997600000,2185.23,2187.11,2180.43,2184.14,13514.64,29509152.0432
1779001200000,2184.14,2187.42,2181.21,2185.24,10971.14,23964858.8215
1779004800000,2185.24,2186.07,2181.88,2185.04,12623.23,27570298.5361
1779008400000,2185.04,2190.75,2184.74,2189.07,11240.95,24594907.4869
1779012000000,2189.07,2197.5,2189.05,2193.29,48692.66,106822319.3168
1779015600000,2193.29,2193.87,2186.35,2191.03,20937.25,45863846.0817
1779019200000,2191.03,2197.31,2190.23,2193.6,23187.34,50877230.2192
1779022800000,2193.6,2194.29,2186.48,2190.99,15727.81,34456363.4538
1779026400000,2190.99,2191.61,2177,2185.72,59916.67,130842312.9678
1779030000000,2185.72,2187.93,2180,2185.27,26751.31,58443931.9646
1779033600000,2185.27,2188.41,2181.1,2181.45,21705.22,47433784.2651
1779037200000,2181.45,2184.31,2175.09,2182.64,27537.14,60006334.3297
1779040800000,2182.64,2188.05,2178.01,2187.41,13994.07,30557185.1043
1779044400000,2187.41,2192.84,2186.3,2191.33,11961.69,26192912.1183
1779048000000,2191.33,2193,2185.65,2188.43,13375.64,29271505.7229
1779051600000,2188.43,2193.93,2186.15,2190.48,15311.09,33535988.8055
1779055200000,2190.48,2190.54,2172.02,2178.54,56027.79,122161846.3611
1779058800000,2178.54,2178.78,2082.46,2129.74,388921.28,827843574.6079
1779062400000,2129.74,2130.91,2103.29,2114.33,98577.88,208530370.5746
1779066000000,2114.33,2120.37,2104.74,2116.51,47417.01,100157947.9137
1779069600000,2116.51,2123.33,2111.51,2115.45,39855.95,84394664.7502
1779073200000,2115.45,2123.01,2114.6,2117.57,35717.91,75691786.1399
1779076800000,2117.57,2124.59,2113.03,2123.77,32264.99,68354038.5343
1779080400000,2123.77,2124.92,2116,2117.58,26848.61,56944843.2061
1779084000000,2117.58,2120.62,2108.45,2118.16,58711.16,124149022.8239
1779087600000,2118.16,2122.99,2110.79,2119.62,41026.11,86911337.5759
1779091200000,2119.62,2123.2,2116.4,2120.35,30663.21,65013076.8769
1779094800000,2120.35,2121,2114.27,2115.91,18932.93,40072976.2182
1779098400000,2115.91,2116.7,2111.25,2113.12,40441.38,85472784.5723
1779102000000,2113.12,2139,2108.95,2132.97,98740.68,210077562.1969
1779105600000,2132.97,2157.52,2132.97,2150.22,156297.38,335571112.63
1779109200000,2150.22,2150.69,2118.67,2129.84,155713.4,332357238.8491
1779112800000,2129.84,2129.84,2096.8,2109.06,137324.3,290168110.4067
1779116400000,2109.06,2110.13,2092,2106.54,109920.33,230851261.5281
1779120000000,2106.54,2110.65,2089.01,2096.47,70087.23,147119841.1567
1779123600000,2096.47,2109.58,2094.05,2107.03,39381.75,82868928.3791
1779127200000,2107.03,2108.53,2076.19,2080.24,95045.59,198328061.6808
1779130800000,2080.24,2128.28,2078.28,2124.48,155994.96,328777695.5608
1779134400000,2124.48,2130.26,2114,2116.51,49440.26,104906188.4312
1779138000000,2116.51,2142.35,2113.56,2136.08,66411.51,141584460.31
1779141600000,2136.08,2141.23,2128.26,2134.72,50110.56,106942591.7378
1779145200000,2134.72,2138.16,2126.5,2129.12,18305.04,39013767.0789
1779148800000,2129.12,2147.82,2127.23,2135,38612.89,82579726.181
1779152400000,2135,2137.39,2122.4,2123.88,32905.23,70010589.5552
1779156000000,2123.88,2134.77,2118.13,2121.86,53776.8,114290956.2565
1779159600000,2121.86,2133.71,2120.6,2130.47,33457.12,71246697.5374
1779163200000,2130.47,2136,2127,2132.95,24793.76,52860339.6785
1779166800000,2132.95,2136.79,2122.22,2134.1,38097.26,81120812.7089
1779170400000,2134.1,2139.5,2131.4,2136.32,28860.21,61627718.0693
1779174000000,2136.32,2143.93,2134.27,2139.71,39123.02,83724647.4947
1779177600000,2139.71,2140.67,2129.82,2132.49,44980.05,96052558.1323
1779181200000,2132.49,2133.55,2109.94,2113.4,88297.1,187042102.6621
1779184800000,2113.4,2121.12,2105.26,2117.4,48401.47,102298845.6067
1779188400000,2117.4,2119.38,2108,2109.5,19776.42,41791574.3731
1779192000000,2109.5,2118.6,2107.61,2117.25,17341.99,36662125.5365
1779195600000,2117.25,2127.07,2106.4,2118.21,102542.98,217077712.1053
1779199200000,2118.21,2122.86,2092.31,2105.7,141764.24,298631602.2511
1779202800000,2105.7,2113,2102.49,2109.36,32185.15,67865864.8103
1779206400000,2109.36,2121.67,2106.22,2120.27,31019.72,65581694.2189
1779210000000,2120.27,2124.69,2111.79,2114.93,52574.82,111381056.6574
1779213600000,2114.93,2119.14,2109.88,2114.22,24986.4,52852214.5575
1779217200000,2114.22,2122.84,2108.42,2112.33,30156.38,63738901.275
1779220800000,2112.33,2118.35,2111.37,2117.33,8566.4,18119094.4565
1779224400000,2117.33,2119.85,2115.63,2116.16,12490.37,26456999.9316
1779228000000,2116.16,2116.16,2101.42,2105.13,35118.11,74017263.0945
1779231600000,2105.13,2117.97,2103.5,2111,14999.74,31681295.3945
1779235200000,2111,2114.9,2102.08,2110.46,20351.85,42895385.0381
1779238800000,2110.46,2118.51,2101.81,2114.16,33044.02,69704322.1529
1779242400000,2114.16,2116.34,2105,2108.31,13848.27,29214038.2301
1779246000000,2108.31,2115.46,2104.79,2110.59,11651.45,24583596.5913
1779249600000,2110.59,2113.95,2105.66,2112.41,16685.91,35194832.2924
1779253200000,2112.41,2129.87,2112.41,2124.75,60430.36,128322081.6337
1779256800000,2124.75,2133.65,2124.36,2133.06,39460.03,84031686.4723
1779260400000,2133.06,2135.72,2127.33,2128.7,26726.71,56956766.1893
1779264000000,2128.7,2137.84,2127.67,2130.83,30099.42,64190710.9363
1779267600000,2130.83,2132.21,2126.44,2128.53,17082.19,36366906.6638
1779271200000,2128.53,2136.42,2128.43,2129.92,25067.05,53458229.1105
1779274800000,2129.92,2131.38,2123.23,2127.18,16050.23,34141126.3144
1779278400000,2127.18,2141.11,2125.64,2133.22,46075.09,98305849.9374
1779282000000,2133.22,2134.79,2114.22,2119.99,79058.31,167771250.2962
1779285600000,2119.99,2138.78,2112.41,2134.06,85786.23,182643450.4662
1779289200000,2134.06,2149.12,2128,2135.71,90961.71,194654580.4898
1779292800000,2135.71,2139.65,2122.76,2134.43,45245.49,96424695.5
1779296400000,2134.43,2148.75,2130.67,2139.51,49603.45,106212281.6073
1779300000000,2139.51,2140.06,2130,2131.13,24981.99,53331584.7942
1779303600000,2131.13,2140.94,2128,2138.31,22315.58,47639349.4764
1779307200000,2138.31,2140.16,2128.2,2134.8,22289.25,47580880.3161
1779310800000,2134.8,2137.91,2129.38,2129.39,10116.99,21581591.7988
1779314400000,2129.39,2129.39,2117.26,2127.09,29795.3,63264407.6698
1779318000000,2127.09,2129.84,2121.41,2128.49,10182.15,21643536.5217
1779321600000,2128.49,2144.49,2127.58,2142.02,25188.44,53838290.2216
1779325200000,2142.02,2157.97,2138.12,2140.24,54813.89,117645962.3583
1779328800000,2140.24,2147.55,2138.59,2140.95,15444.54,33108571.5757
1779332400000,2140.95,2146.2,2139.87,2144.89,8265.66,17715214.1701
1779336000000,2144.89,2147.97,2141.57,2143.97,13098.03,28088874.6686
1779339600000,2143.97,2147.49,2131.3,2135.38,22491.03,48101540.5362
1779343200000,2135.38,2138,2126.51,2127.63,31613.35,67385023.885
1779346800000,2127.63,2136,2123,2134.1,51536.3,109712965.8435
1779350400000,2134.1,2147.81,2133.76,2136.73,47099.96,100822838.837
1779354000000,2136.73,2140.2,2126.6,2127,26701.98,56927078.5367
1779357600000,2127,2129.34,2108.53,2113.27,95471.46,202118078.5626
1779361200000,2113.27,2118.95,2110.75,2114.07,27770.44,58747182.2765
1779364800000,2114.07,2118.87,2110.8,2116.22,30287.92,64062493.5382
1779368400000,2116.22,2123.38,2103.8,2119.6,74888.1,158208828.3793
1779372000000,2119.6,2125.42,2109.68,2121.24,60518.01,128233117.4451
1779375600000,2121.24,2137.49,2118.37,2131.46,70528.07,150271194.6787
1779379200000,2131.46,2135.83,2121.77,2126.95,33002.9,70262808.6197
1779382800000,2126.95,2153.8,2124.92,2145.81,148963.28,319392892.759
1779386400000,2145.81,2147.69,2120.1,2126.01,104635.24,223460651.4096
1779390000000,2126.01,2144.9,2125.31,2142.11,33737.86,72022720.241
1779393600000,2142.11,2142.65,2135.99,2137.66,16666.72,35655827.5723
1779397200000,2137.66,2140.33,2133.07,2134.57,7690.4,16430284.8815
1779400800000,2134.57,2136.14,2129.71,2130.85,13683.5,29180523.5805
1779404400000,2130.85,2135.99,2126.09,2132.8,12880.2,27455800.3684
1779408000000,2132.8,2134.22,2128,2128.26,17873.17,38081684.8402
1779411600000,2128.26,2136.39,2124.32,2135.15,26046.68,55455245.3577
1779415200000,2135.15,2141.4,2133.33,2136.91,38299.61,81837342.8499
1779418800000,2136.91,2140.92,2134.24,2137.1,7446.42,15916791.9906
1779422400000,2137.1,2140.77,2131.68,2132.95,15237.38,32545328.0035
1779426000000,2132.95,2135.17,2126.18,2128.46,28679.9,61111397.1648
1779429600000,2128.46,2130,2122.51,2124.48,31972.58,67969619.0549
1779433200000,2124.48,2131.92,2120.34,2127.64,27262.09,57972802.089
1779436800000,2127.64,2132.3,2118.49,2121.46,32397.96,68843948.3311
1779440400000,2121.46,2124.43,2117.79,2122.73,25125.54,53290719.9725
1779444000000,2122.73,2124.73,2119.92,2122.15,12957.53,27501211.0951
1779447600000,2122.15,2130,2118.81,2129.8,19660.38,41782519.0928
1779451200000,2129.8,2137.64,2128.29,2134.24,37914.03,80877417.4305
1779454800000,2134.24,2135.59,2122.49,2129.37,50285.99,107079106.6187
1779458400000,2129.37,2129.37,2111.12,2116.03,76969.48,163075175.753
1779462000000,2116.03,2124.73,2111,2118.44,46120.6,97682311.2527
1779465600000,2118.44,2123.11,2116.38,2121.9,26069.16,55250238.9133
1779469200000,2121.9,2129.51,2118.2,2118.67,43704.02,92805520.5503
1779472800000,2118.67,2120.82,2083,2099.01,146959.78,308569977.3949
1779476400000,2099.01,2102.26,2056.3,2064.53,211249.6,437724841.8232
1779480000000,2064.53,2078.23,2063.35,2072.4,72487.49,150181291.6886
1779483600000,2072.4,2078.9,2070.46,2077.39,31096.41,64511815.4546
1779487200000,2077.39,2078.96,2065.57,2071.83,34109.13,70671673.5259
1779490800000,2071.83,2076.3,2055.55,2065.1,45321,93636111.4976
1779494400000,2065.1,2069.96,2051.05,2063.51,66153.17,136374457.3714
1779498000000,2063.51,2069.07,2061.29,2067.85,20645.37,42659387.8139
1779501600000,2067.85,2069.45,2063.87,2067.27,14074.99,29087501.5518
1779505200000,2067.27,2071.2,2066.91,2069.88,8832.7,18279421.8292
1779508800000,2069.88,2070.14,2064.13,2066.12,10306.2,21304499.252
1779512400000,2066.12,2066.94,2061,2063.77,11564.73,23867920.9353
1779516000000,2063.77,2064.81,2059.62,2060.98,8932.34,18416211.132
1779519600000,2060.98,2062.17,2007.09,2027.53,281851.5,572104617.669
1779523200000,2027.53,2031.41,2020.04,2029.5,58834.71,119224312.0138
1779526800000,2029.5,2030.23,2026,2026.4,27603.21,55978423.5087
1779530400000,2026.4,2032.66,2025.87,2030.53,11840.27,24028150.7105
1779534000000,2030.53,2035.01,2029.29,2030.44,20401.56,41453826.7922
1779537600000,2030.44,2031.39,2026.07,2030.2,11031.77,22384909.6407
1779541200000,2030.2,2045.71,2030.19,2044.07,74358.39,151767421.8945
1779544800000,2044.07,2064.88,2040,2060.71,84283.37,173102463.5496
1779548400000,2060.71,2068.08,2054.7,2059.61,101737.71,209791459.2377
1779552000000,2059.61,2064.49,2056.52,2060.85,30173.71,62194032.792
1779555600000,2060.85,2065.55,2058.5,2063.29,18850.75,38877845.1462
1779559200000,2063.29,2082.89,2062.9,2073.36,100841.03,209344759.504
1779562800000,2073.36,2080.6,2068.68,2076.55,42437.49,88046100.6003
1779566400000,2076.55,2146,2073.57,2144.99,309517.99,654473815.9935
1779570000000,2144.99,2148.5,2103.6,2115.7,166459.57,353499537.8123
1779573600000,2115.7,2119.12,2101,2115.45,39496.66,83344834.7157
1779577200000,2115.45,2121.06,2113.16,2116.64,19056.64,40357213.5489
1779580800000,2116.64,2120.55,2111.87,2118.4,23130.54,48940836.0031
1779584400000,2118.4,2125.14,2117,2121.42,26279.41,55745066.584
1779588000000,2121.42,2124.69,2117.04,2121.55,18625.34,39507238.7808
1779591600000,2121.55,2127.23,2115.66,2118.17,16745.07,35515456.1376
1779595200000,2118.17,2123,2118.17,2119.1,8424.72,17867301.7256
1779598800000,2119.1,2120.6,2112.71,2119,16274.36,34442549.7335
1779602400000,2119,2129.76,2116.3,2127.23,31053.81,65902871.9447
1779606000000,2127.23,2128.89,2118.36,2120.3,14114.41,29963295.9124
1779609600000,2120.3,2122.84,2118.31,2119.64,9820.63,20821304.9223
1779613200000,2119.64,2123.61,2118.22,2122.64,11653.08,24720803.4298
1779616800000,2122.64,2131.91,2118.49,2121.64,29365.11,62368688.6413
1779620400000,2121.64,2126.92,2121.19,2125.35,12956.95,27531541.0662
1779624000000,2125.35,2125.61,2116.38,2119.25,15609.44,33086891.1428
1779627600000,2119.25,2120.2,2105,2109.25,48257.21,101967596.3675
1779631200000,2109.25,2112.54,2077.29,2097.04,182255.23,381671450.106
1779634800000,2097.04,2099.21,2092.94,2094.8,14702.44,30812445.7568
1779638400000,2094.8,2108.48,2094.07,2102.61,59579.87,125187017.0626
1779642000000,2102.61,2105.78,2100.4,2101.87,11989.93,25217070.3383
1779645600000,2101.87,2103.99,2096.49,2098.77,14859.96,31209383.3358
1779649200000,2098.77,2101.69,2094.99,2099.78,13237.5,27768179.5427
1779652800000,2099.78,2101.33,2089.8,2092.07,25811.57,54053996.3107
1779656400000,2092.07,2098.13,2060.13,2069.72,84094.24,174590527.8331
1779660000000,2069.72,2099.17,2069.5,2091.25,89858.7,187760467.5278
1779663600000,2091.25,2106.34,2090.42,2098.9,40357.23,84739548.2292
1779667200000,2098.9,2108.65,2098.82,2104.2,26628.84,56020997.458
1779670800000,2104.2,2107.21,2092.03,2093.26,20509.58,43091971.1702
1779674400000,2093.26,2112.65,2093.26,2097.21,26780.69,56325225.9984
1779678000000,2097.21,2099.32,2091.51,2094.51,15056.72,31546751.752
1779681600000,2094.51,2107.63,2091,2105.38,38625.39,81135250.4421
1779685200000,2105.38,2110.92,2103.45,2107.46,46255.62,97498420.3584
1779688800000,2107.46,2110.88,2098.4,2108.21,33420.03,70330401.3944
1779692400000,2108.21,2117.39,2105.54,2115.41,40532.53,85586126.2314
1779696000000,2115.41,2117,2110.59,2115.83,16811.95,35533599.6595
1779699600000,2115.83,2124,2115.19,2116,33814.69,71657103.2813
1779703200000,2116,2120.62,2113.97,2116.04,16282.55,34460583.9967
1779706800000,2116.04,2119.61,2113.2,2114.07,21583.35,45676446.8167
1779710400000,2114.07,2118.82,2111.2,2116.31,28518.83,60316311.751
1779714000000,2116.31,2119.41,2113.35,2115.44,14308.51,30269896.4929
1779717600000,2115.44,2129.83,2114.62,2127.84,40216.7,85417086.9439
1779721200000,2127.84,2137.94,2121.9,2126.18,51618.52,109929721.7124
1779724800000,2126.18,2141.7,2124.13,2135.63,32277.82,68861801.8925
1779728400000,2135.63,2140.05,2127.04,2128.02,27574.27,58835004.7362
1779732000000,2128.02,2133.3,2125.8,2126.04,15588.18,33181832.1535
1779735600000,2126.04,2126.26,2115.71,2120.5,23484.81,49801490.1506
1779739200000,2120.5,2122.52,2106.12,2107.85,37765.43,79810189.0227
1779742800000,2107.85,2112.19,2106.79,2110.01,14969.74,31581973.396
1779746400000,2110.01,2114.78,2101.11,2102.75,31039.34,65421215.5655
1779750000000,2102.75,2112.73,2101.14,2111.61,14630.67,30843335.4577
1779753600000,2111.61,2112.99,2083.27,2096.32,83347.22,174916821.8913
1779757200000,2096.32,2099.4,2086.68,2093.24,40886.05,85567636.1425
1779760800000,2093.24,2094.86,2082.92,2087.84,40403.79,84411573.2248
1779764400000,2087.84,2093,2083.4,2092.2,36746.24,76787025.8261
1779768000000,2092.2,2095.41,2087.2,2092.56,30969.42,64756061.9677
1779771600000,2092.56,2102.9,2090.62,2099.87,39340.5,82546486.0675
1779775200000,2099.87,2104.22,2094.06,2100.94,24201.17,50814409.2775
1779778800000,2100.94,2101.75,2089.41,2094.41,36859.84,77207151.077
1779782400000,2094.41,2099.3,2094.07,2096.56,14896.51,31241944.9714
1779786000000,2096.56,2098.99,2093.02,2095.91,18402.58,38567033.5092
1779789600000,2095.91,2136.95,2093.28,2126.72,133547.76,283587138.8205
1779793200000,2126.72,2129.94,2117.5,2120,62762.4,133227181.7083
1779796800000,2120,2126.22,2110.02,2125.65,92180.79,195248391.5654
1779800400000,2125.65,2130.99,2108.37,2124.57,69218.09,146703452.006
1779804000000,2124.57,2140,2104.5,2108,168864.03,358103751.1573
1779807600000,2108,2111.09,2076.5,2086.03,181061.22,378918743.1776
1779811200000,2086.03,2088.73,2072,2078.48,116020.3,241253333.133
1779814800000,2078.48,2082.9,2052.36,2069.6,137816.61,284768057.607
1779818400000,2069.6,2080.14,2065.32,2067.76,42892.8,88891483.768
1779822000000,2067.76,2076.09,2064.46,2073.42,22522.86,46628929.792
1779825600000,2073.42,2077.77,2072.5,2077.45,15209.85,31559182.5073
1779829200000,2077.45,2077.78,2067.82,2072.15,17661.42,36619612.1907
1779832800000,2072.15,2075.51,2064.41,2067.99,13899.99,28762538.2118
1779836400000,2067.99,2075.95,2067.98,2072.95,10817.34,22424620.5022
1779840000000,2072.95,2083.56,2072.57,2082.31,34046.92,70771066.4542
1779843600000,2082.31,2083.06,2070.21,2073.37,23818.96,49433420.385
1779847200000,2073.37,2075,2067.63,2075,15255.82,31594427.5243
1779850800000,2075,2079.04,2067.31,2068.58,19599.52,40637222.0307
1779854400000,2068.58,2072.38,2054.41,2071.06,49394.44,101866872.7363
1779858000000,2071.06,2078,2070.25,2076.13,26615.79,55185175.0084
1779861600000,2076.13,2080.42,2073.68,2078.63,20968.65,43557365.1684
1779865200000,2078.63,2083.21,2074.55,2082.52,17729.19,36857347.7952
1779868800000,2082.52,2096,2082.26,2083.79,72821.24,152176700.7196
1779872400000,2083.79,2087.38,2077.32,2082.48,26985.16,56189600.5565
1779876000000,2082.48,2087,2078.15,2078.57,12770.11,26593659.8849
1779879600000,2078.57,2084.52,2077.31,2079.56,26577.84,55317344.3775
1779883200000,2079.56,2096.71,2072.81,2077.67,68587.26,142948557.5331
1779886800000,2077.67,2079.88,2050.11,2063.41,131974.34,272107921.1218
1779890400000,2063.41,2070.99,2053.17,2061.59,81955.81,168949182.2108
1779894000000,2061.59,2078.79,2060.21,2070.53,53546.01,110912100.5692
1779897600000,2070.53,2073.49,2058.89,2069.42,39166.13,80879787.1479
1779901200000,2069.42,2069.61,2043,2051.01,89241.58,183284217.5314
1779904800000,2051.01,2056.04,2042.15,2055.67,38174.91,78248547.428
1779908400000,2055.67,2061.42,2053.34,2056.7,36424.26,74935930.5745
1779912000000,2056.7,2065.46,2056.08,2062.1,34500.08,71088346.1743
1779915600000,2062.1,2062.1,2014.1,2020.15,138907.57,282366138.6459
1779919200000,2020.15,2034.36,2014.94,2023.97,73769.65,149430740.0277
1779922800000,2023.97,2029.23,2016.76,2023.66,56290.04,113788293.2135
1779926400000,2023.66,2028.23,2019.18,2027.21,30763.18,62273931.1276
1779930000000,2027.21,2028.32,2011.09,2019.27,44583.05,90009845.7815
1779933600000,2019.27,2020.79,2013.34,2016.4,16556.74,33400957.0264
1779937200000,2016.4,2019.75,1967.45,1980.36,271090.73,538633006.957
1779940800000,1980.36,1985.48,1965.81,1980.9,106748.41,210980654.1619
1779944400000,1980.9,1982.28,1973.91,1977.3,45791.64,90535870.0028
1779948000000,1977.3,1983.68,1971,1982.9,47095.47,93130771.9658
1779951600000,1982.9,1995.93,1981.28,1994.13,46244.63,92022750.9427
1779955200000,1994.13,1994.87,1983.32,1987.17,29790.84,59241235.5652
1779958800000,1987.17,1994.44,1983.43,1992.91,18247.1,36320418.1899
1779962400000,1992.91,1997.78,1987.53,1989.21,26458.78,52712096.4935
1779966000000,1989.21,1991.87,1985.3,1988.61,21392.7,42544792.8892
1779969600000,1988.61,1994.01,1980.29,1991.09,39269.33,78104563.0922
1779973200000,1991.09,1994.43,1974.23,1980.7,65965.32,130704995.4183
1779976800000,1980.7,2002.1,1966.44,1992.65,173256.56,344171556.164
1779980400000,1992.65,1998.69,1982.58,1989.51,42372.55,84342763.0408
1779984000000,1989.51,2014.67,1984,2012.35,92909.93,185942617.2422
1779987600000,2012.35,2026.4,2008.02,2018.42,70428.25,142020859.546
1779991200000,2018.42,2029.53,2017,2024.19,38874.15,78659555.2512
1779994800000,2024.19,2024.48,2012.81,2013.86,37495.84,75702082.436
1779998400000,2013.86,2019.27,2005.42,2013.21,44592.18,89766791.3802
1780002000000,2013.21,2023.5,2012.23,2018.82,25190.49,50865446.6048
1780005600000,2018.82,2022.1,2003.6,2004.5,46637.92,93653311.4357
1780009200000,2004.5,2011.17,2004.49,2008.96,20038.4,40247576.3714
1780012800000,2008.96,2016.87,2008.94,2011.5,31893.01,64228860.2878
1780016400000,2011.5,2016,2004.6,2007.03,25790.03,51775534.4104
1780020000000,2007.03,2009.68,1996.33,1998.35,34189.04,68455798.3953
1780023600000,1998.35,2007.11,1998.35,2001.86,14539.57,29124023.7276
1780027200000,2001.86,2007.89,1997.29,2007.41,20086.67,40233035.7403
1780030800000,2007.41,2014.77,2007,2013.49,21588.56,43419561.2687
1780034400000,2013.49,2021,2011.21,2017.22,28127.27,56706315.0593
1780038000000,2017.22,2019.3,2002.54,2006.71,49615.19,99659506.3375
1780041600000,2006.71,2012.99,2004.5,2005.3,29520.14,59300752.1676
1780045200000,2005.3,2015.5,2005.11,2013.72,26327.17,52975445.8902
1780048800000,2013.72,2014.09,2008.9,2010.01,12871.44,25890455.2909
1780052400000,2010.01,2013.71,2001.16,2006.59,23324.62,46815025.2781
1780056000000,2006.59,2006.59,1993.77,1998.61,43495.76,86958807.0372
1780059600000,1998.61,2005.9,1987.06,1998.84,73874.71,147429852.754
1780063200000,1998.84,2003.56,1975.51,2000.92,137623.41,273882313.6441
1780066800000,2000.92,2046,1998.35,2030.9,309692.22,627613743.7921
1780070400000,2030.9,2042.5,2021.27,2039.64,115613.44,235136103.8595
1780074000000,2039.64,2043.75,2025.07,2027.75,54729.57,111447819.9195
1780077600000,2027.75,2030.99,2003.13,2010.23,104467.88,210343957.1539
1780081200000,2010.23,2021.96,2003.55,2016.12,61682.68,124307020.8159
1780084800000,2016.12,2022.99,2014.11,2017.24,25485.23,51446754.922
1780088400000,2017.24,2023.41,2006.74,2008.53,37686.93,75829437.5517
1780092000000,2008.53,2017.4,2006.34,2012.7,40861.27,82191016.1316
1780095600000,2012.7,2014.85,2005.51,2013.24,28852.57,58010891.9356
1780099200000,2013.24,2015.36,2009.46,2013.8,10780.75,21703965.6462
1780102800000,2013.8,2021,2012.34,2018.64,29453.78,59440193.7438
1780106400000,2018.64,2020.42,2015.97,2020.33,11300.82,22810944.3993
1780110000000,2020.33,2022.5,2013.78,2015.82,26053.52,52579116.1915
1780113600000,2015.82,2017.54,2000.67,2009.83,40641.97,81596574.871
1780117200000,2009.83,2018.04,2006.66,2014.8,38570.24,77633094.4791
1780120800000,2014.8,2019.99,2011.77,2016.04,19007.9,38335347.5647
1780124400000,2016.04,2016.88,2012.5,2015.33,8958.54,18046162.2661
1780128000000,2015.33,2015.34,2012.81,2013.47,6643.61,13381085.2011
1780131600000,2013.47,2016.55,2012.89,2015.71,6768.13,13638016.997
1780135200000,2015.71,2021.81,2015.45,2017.15,21629.82,43661602.3004
1780138800000,2017.15,2018.39,2014.2,2016.69,6069.25,12238588.3893
1780142400000,2016.69,2019.95,2016.22,2018.99,10885.42,21969546.625
1780146000000,2018.99,2022.4,2016.38,2019.79,12515.33,25276606.8146
1780149600000,2019.79,2029.67,2019.37,2025.92,38877.08,78737301.0845
1780153200000,2025.92,2031.46,2023.11,2025.74,27559.46,55848868.8778
1780156800000,2025.74,2027.45,2023.52,2025.99,9909.44,20069025.0459
1780160400000,2025.99,2028.28,2018.39,2026.3,18187.72,36795309.6564
1780164000000,2026.3,2029.48,2023.69,2026.67,14984.2,30369941.333
1780167600000,2026.67,2028.56,2023.73,2028.05,16530.58,33500681.6425
1780171200000,2028.05,2029.38,2024.89,2026.46,18335.74,37171010.8124
1780174800000,2026.46,2030.77,2026.45,2027.54,13335.38,27054321.9632
1780178400000,2027.54,2027.54,2019.4,2022.46,12719.84,25728306.0878
1780182000000,2022.46,2025.5,2018.91,2021.49,12493.44,25247917.9075
1780185600000,2021.49,2027.2,2019.31,2026.21,12448.57,25192472.2585
1780189200000,2026.21,2033.46,2025.84,2028.2,25180.55,51118936.9326
1780192800000,2028.2,2037.78,2026.75,2033.29,29938.92,60832293.6427
1780196400000,2033.29,2036.74,2031.07,2032.56,16757.43,34088498.979
1780200000000,2032.56,2034.04,2030.23,2032.73,6179.82,12559453.3026
1780203600000,2032.73,2033.3,2028.53,2029.26,8530.2,17318823.7342
1780207200000,2029.26,2030.02,2027.4,2028.71,11377.38,23077213.9262
1780210800000,2028.71,2028.71,2021.68,2023.11,17413.31,35247673.2825
1780214400000,2023.11,2028.27,2021.72,2026.65,14929.26,30233242.2614
1780218000000,2026.65,2027.44,2016.53,2020.18,20110.06,40670424.992
1780221600000,2020.18,2020.77,2014.47,2020.02,26678.38,53823003.6143
1780225200000,2020.02,2023.47,2020,2022.19,10619.81,21467362.8597
1780228800000,2022.19,2024.14,2018.18,2021.45,10388.26,21001966.995
1780232400000,2021.45,2025.9,2018.56,2019.32,12038.26,24344452.5882
1780236000000,2019.32,2020.58,2004.39,2006.77,115108.64,231410723.0121
1780239600000,2006.77,2014.39,2006.25,2009.31,32472.89,65281085.1819
1780243200000,2009.31,2011.47,1995.71,2001.15,53568.53,107225077.0895
1780246800000,2001.15,2007.1,1995.63,2005.12,39173.38,78412300.6107
1780250400000,2005.12,2005.34,1997.76,1999.64,25757.84,51537019.53
1780254000000,1999.64,2001.73,1992.77,1998.73,23573.37,47051823.7719
1780257600000,1998.73,2008.34,1998.73,2006.59,29983.45,60093876.5019
1780261200000,2006.59,2013.88,2004.3,2011.51,43134.77,86692275.596
1780264800000,2011.51,2013.68,2003.67,2011.86,22221.89,44661812.5145
1780268400000,2011.86,2022.36,1998.84,2006.27,46878.91,94224424.6405
1780272000000,2006.27,2020.93,2005.36,2014.8,41115.84,82789157.1482
1780275600000,2014.8,2016.07,1992.89,1993.83,40208.57,80521835.6219
1780279200000,1993.83,2016.86,1989.6,2010.39,49626.05,99464312.8477
1780282800000,2010.39,2017.4,2007.58,2008.31,22501.62,45301718.9254
1780286400000,2008.31,2011.24,1993,1998.95,47678.81,95288287.2791
1780290000000,1998.95,2000.6,1990.64,1993.67,24759.46,49401605.8977
1780293600000,1993.67,1994.44,1979.14,1986.9,80746.6,160261624.9238
1780297200000,1986.9,1989.64,1970.47,1975.23,79603.46,157516515.0028
1780300800000,1975.23,1984.41,1970.83,1983.11,55269.18,109288420.5877
1780304400000,1983.11,1989.4,1982.85,1986.89,38814.87,77097181.0208
1780308000000,1986.89,1988.2,1980.07,1983.69,26282.2,52143100.3063
1780311600000,1983.69,1986.3,1976.43,1980.7,41519.58,82265920.6043
1780315200000,1980.7,1994,1966.16,1988.73,128941.37,255349690.8732
1780318800000,1988.73,1989.65,1955.03,1970.23,213388.24,420573252.0008
1780322400000,1970.23,1976.82,1963.7,1967.84,77888.99,153369914.1985
1780326000000,1967.84,1980.25,1959.28,1967.54,80559.44,158640959.9699
1780329600000,1967.54,1978.19,1957.66,1977.4,64347.39,126654784.8192
1780333200000,1977.4,1996.46,1976.91,1989.83,99411.28,197658112.8598
1780336800000,1989.83,1995.06,1982.38,1991.85,27075.01,53858705.9648
1780340400000,1991.85,2008.32,1991.1,2003.79,58487.91,117115420.601
1780344000000,2003.79,2007.75,2000.1,2004.99,24036.07,48165661.2256
1780347600000,2004.99,2008.67,1991.33,1993.48,53320.49,106483654.0083
1780351200000,1993.48,2005.6,1982.73,2003.71,67836.12,135263769.7838
1780354800000,2003.71,2008.05,1997.27,2005.92,28778.66,57674897.984
1780358400000,2005.92,2006.39,1994.56,1995.73,20273.24,40558567.7798
1780362000000,1995.73,1998.58,1978.28,1979.35,51894.84,103130043.5981
1780365600000,1979.35,1996.3,1961,1996.05,106836.41,211293388.4385
1780369200000,1996.05,2004.21,1993.92,2003.1,33970.58,67933669.4577
1780372800000,2003.1,2005.71,1994.83,1995.95,44212.12,88470599.0117
1780376400000,1995.95,2000.14,1983.2,1983.67,58865.8,117122801.8719
1780380000000,1983.67,1987.75,1976.69,1981.51,59997.03,118947277.459
1780383600000,1981.51,1989.2,1972.72,1980.84,64051.15,126837181.2356
1780387200000,1980.84,1988.33,1975.49,1978.56,39458.06,78161811.3615
1780390800000,1978.56,1979,1965.54,1974.31,86498.13,170528575.1077
1780394400000,1974.31,1983.16,1970.64,1982.39,40421.09,79907800.9232
1780398000000,1982.39,1982.97,1974.42,1977.33,20515.99,40589870.7166
1780401600000,1977.33,1982.15,1971.1,1975.38,40572.84,80178961.8885
1780405200000,1975.38,1980.95,1969.24,1973.48,82832.95,163673636.191
1780408800000,1973.48,1974.36,1923.51,1940.53,340521.9,662427908.1925
1780412400000,1940.53,1940.68,1886.18,1913.8,353856.84,676644958.4638
1780416000000,1913.8,1943.57,1908.35,1919.67,170452.06,328386290.0748
1780419600000,1919.67,1930.79,1918.47,1923.2,52253.93,100539939.1764
1780423200000,1923.2,1927.46,1901.77,1912.2,56361.99,107761672.5039
1780426800000,1912.2,1917.73,1880,1911.27,177558.59,337203324.3141
1780430400000,1911.27,1917.91,1894.5,1905.76,74983.88,142797240.1374
1780434000000,1905.76,1910.67,1896.04,1899.4,32881.59,62603534.0905
1780437600000,1899.4,1908.82,1860.09,1867.44,212791.46,400713345.9621
1780441200000,1867.44,1872.4,1837.2,1859.08,237695.83,440795319.8508
1780444800000,1859.08,1873.38,1853.52,1866.25,92104.59,171831168.6133
1780448400000,1866.25,1869.27,1848.62,1863.63,54859.81,101973621.7388
1780452000000,1863.63,1864,1850,1853.29,36809.21,68304268.0179
1780455600000,1853.29,1855.69,1815.58,1826.83,164959.79,302426558.3539
1780459200000,1826.83,1851.93,1826.49,1849.94,87338.63,160824372.8544
1780462800000,1849.94,1875.5,1848.83,1872.57,110401.79,206171708.7295
1780466400000,1872.57,1885.05,1869.6,1871.15,89860.78,168564714.886
1780470000000,1871.15,1879.6,1867.05,1877.48,34518.75,64742556.8677
1780473600000,1877.48,1882.73,1872.45,1879.12,31956.64,59986238.5251
1780477200000,1879.12,1886,1869,1875.64,50760.02,95284058.0237
1780480800000,1875.64,1892.07,1873.89,1883.92,41156.85,77584950.1481
1780484400000,1883.92,1887.77,1875.06,1877.33,46465.13,87350630.7253
1780488000000,1877.33,1879.73,1867.03,1875.78,53143.76,99575005.1581
1780491600000,1875.78,1879.04,1860.37,1866.76,65568.89,122503207.8274
1780495200000,1866.76,1867.84,1851.66,1857.85,62621.63,116358672.234
1780498800000,1857.85,1859.2,1835.16,1836.19,70837.66,130769489.5403
1780502400000,1836.19,1843.28,1809.96,1831.76,213734.14,389987763.7047
1780506000000,1831.76,1838.47,1817.08,1827.26,48491.14,88635320.3015
1780509600000,1827.26,1833.84,1820.55,1831.48,30247.48,55271418.912
1780513200000,1831.48,1832.96,1793.75,1802.3,149130.07,270092444.3299
1780516800000,1802.3,1812.52,1767.42,1780.43,162958.09,291648090.1925
1780520400000,1780.43,1849.85,1776.44,1849.77,209059.1,380080402.8372
1780524000000,1849.77,1852,1821.69,1828.66,108311.63,198608311.6468
1780527600000,1828.66,1830.68,1811.53,1812.31,75092.3,136588486.9112
1780531200000,1812.31,1819.98,1781.41,1793,140101.9,251868131.1596
1780534800000,1793,1800.61,1753.94,1758.92,174087.03,308882463.3635
1780538400000,1758.92,1777.99,1715.18,1766.1,320493.1,561057364.6619
1780542000000,1766.1,1812.88,1765.65,1808.57,175879.48,315840950.1482
1780545600000,1808.57,1817.4,1801.52,1804.66,78364.35,141716643.0178
1780549200000,1804.66,1804.66,1778.5,1783.1,115773.93,207086951.8471
1780552800000,1783.1,1800.77,1781,1789.05,53329.24,95634107.0615
1780556400000,1789.05,1789.99,1772.39,1776.32,66283.88,117936232.8393
1780560000000,1776.32,1782.44,1762.82,1772.47,73291.17,129801225.9898
1780563600000,1772.47,1773.16,1743.45,1765.52,118914.49,208732911.3595
1780567200000,1765.52,1766.44,1728.75,1736.01,169358.45,295378916.5888
1780570800000,1736.01,1753.91,1731.53,1750.48,95521.27,166460995.0651
1780574400000,1750.48,1781.76,1743.25,1777.35,116330.38,205543634.6079
1780578000000,1777.35,1789.58,1754.63,1784.83,119315.96,211861934.7322
1780581600000,1784.83,1794.5,1765,1773.55,73637.23,130935824.9953
1780585200000,1773.55,1790.86,1769.49,1776,67533.16,120214169.6961
1780588800000,1776,1780.65,1765.11,1771.28,45295.6,80283433.8874
1780592400000,1771.28,1775.27,1752.76,1766.81,65247.78,115063163.7867
1780596000000,1766.81,1783.16,1758.79,1775.34,72701.4,128958132.0076
1780599600000,1775.34,1786.93,1770.09,1775.97,46532.84,82777379.4349
1780603200000,1775.97,1776.47,1763.31,1773.8,54065.03,95672080.5228
1780606800000,1773.8,1782.09,1755.46,1760.06,41997.23,74307870.7311
1780610400000,1760.06,1769.54,1751.22,1767.54,52768.5,92818777.9147
1780614000000,1767.54,1776.53,1756.04,1769.77,34709.99,61346479.7941
1780617600000,1769.77,1774.04,1757.31,1758.37,27951.23,49351724.1431
1780621200000,1758.37,1763.61,1745.03,1752.15,67911.6,119019541.4738
1780624800000,1752.15,1753.79,1726.2,1729.11,94194.34,163835991.9024
1780628400000,1729.11,1738.79,1720.62,1728.74,61033.11,105542105.4114
1780632000000,1728.74,1745.38,1716.53,1743.71,88730.84,153415909.8255
1780635600000,1743.71,1747.18,1679.6,1683.21,245463.27,419391597.7744
1780639200000,1683.21,1688.9,1622.06,1655.46,415362.75,688107254.6353
1780642800000,1655.46,1679.08,1632.26,1677.98,199025.09,329993381.8292
1780646400000,1677.98,1678.75,1658.11,1662.85,98684.48,164589171.7114
1780650000000,1662.85,1689.27,1661.67,1681.84,100400.81,168560409.8898
1780653600000,1681.84,1684.36,1671.07,1675.8,49953.83,83715406.3599
1780657200000,1675.8,1680.8,1661.75,1662.16,70885.9,118439694.0816
1780660800000,1662.16,1671,1644.7,1655.92,127587.2,211574085.1433
1780664400000,1655.92,1677.23,1612,1613.64,234802.9,386637808.4639
1780668000000,1613.64,1623.45,1589.98,1599.81,327904.3,527174536.857
1780671600000,1599.81,1603.56,1570.82,1582.27,279788.34,443952837.6749
1780675200000,1582.27,1611.72,1546.16,1607.76,473907.68,749734600.1596
1780678800000,1607.76,1612.16,1586.72,1593.33,106558.66,170105956.2109
1780682400000,1593.33,1597.88,1544.29,1551.97,246653.12,385961703.5828
1780686000000,1551.97,1579.6,1538.32,1572.9,222973.73,347255070.3482
1780689600000,1572.9,1607.8,1556.32,1602.85,173411.16,275364877.6699
1780693200000,1602.85,1619.28,1601.47,1609.13,108980.3,175580136.2245
1780696800000,1609.13,1609.72,1585.61,1596.64,198197.97,316417933.6899
1780700400000,1596.64,1603.46,1559.78,1582.41,146820.69,231859980.2208
1780704000000,1582.41,1600.35,1581.7,1592.09,77876.21,124120258.034
1780707600000,1592.09,1596.16,1577.18,1582.24,46844.25,74260990.5772
1780711200000,1582.24,1584.88,1565.65,1575.18,62505.46,98488821.4687
1780714800000,1575.18,1575.52,1553.55,1562.3,94925.41,148414962.1606
1780718400000,1562.3,1568.63,1508.08,1521.12,319086.72,489197813.1825
1780722000000,1521.12,1569.83,1504,1566.2,384927.24,595477838.2323
1780725600000,1566.2,1581.42,1555.13,1559.2,169072.37,265428791.2483
1780729200000,1559.2,1579.83,1555.44,1574.62,93289.13,146515324.6753
1780732800000,1574.62,1592.67,1569.42,1581.84,68704.89,108755453.2763
1780736400000,1581.84,1588.37,1564.35,1569.85,77282.15,121716826.6302
1780740000000,1569.85,1569.86,1534.08,1547.11,206223.9,319067478.9097
1780743600000,1547.11,1566.43,1546.29,1557.95,76111.14,118550275.8943
1780747200000,1557.95,1575,1550.57,1570.83,115147.49,179849359.3388
1780750800000,1570.83,1572.61,1553.4,1556.47,46837.23,73145907.204
1780754400000,1556.47,1566.1,1555.43,1557.05,37924.03,59230568.6661
1780758000000,1557.05,1565.33,1543.56,1559.6,86426.68,134394387.5043
1780761600000,1559.6,1565.88,1551.58,1562.91,60726.89,94699227.8367
1780765200000,1562.91,1566.41,1545.56,1552.31,74451.58,115714861.7518
1780768800000,1552.31,1565.4,1548.73,1555.72,54014.11,84126356.4617
1780772400000,1555.72,1563.42,1552.57,1553.69,27620.01,43023178.8554
1780776000000,1553.69,1559.32,1549.97,1556.69,38535.44,59866272.5831
1780779600000,1556.69,1564.34,1556.69,1557.12,18828.44,29380733.5992
1780783200000,1557.12,1561.08,1550.46,1557.36,31745.28,49389739.3735
1780786800000,1557.36,1569.68,1555.88,1568.82,51821.65,81100254.1459
1780790400000,1568.82,1571.73,1563.09,1564.19,25623.34,40158713.1552
1780794000000,1564.19,1596.06,1563.34,1589.33,113918.43,180559901.2173
1780797600000,1589.33,1594.26,1581.2,1591.71,42977.26,68235343.3564
1780801200000,1591.71,1599.77,1588.58,1593.86,38228.84,60931387.3806
1780804800000,1593.86,1598.66,1583.62,1596.01,36333.52,57827765.3126
1780808400000,1596.01,1609,1592.25,1602.8,75924.87,121701791.6844
1780812000000,1602.8,1622.94,1597.2,1610.73,122333.92,197339231.4243
1780815600000,1610.73,1616.05,1606.14,1614.41,46032.4,74167465.8155
1780819200000,1614.41,1642.78,1607.64,1640.4,127019.62,206681743.6295
1780822800000,1640.4,1648.24,1627.42,1632.44,77660.06,127203632.1716
1780826400000,1632.44,1634.91,1623.76,1624.89,34860.92,56770181.2879
1780830000000,1624.89,1633.15,1621.3,1629.26,38270.12,62294329.4698
1780833600000,1629.26,1630.27,1605.5,1619.02,146326.73,236094548.7954
1780837200000,1619.02,1622.49,1612.02,1616.35,43788.58,70792405.8399
1780840800000,1616.35,1639.44,1615.78,1627.01,82575.58,134409222.3023
1780844400000,1627.01,1635.45,1619.76,1629.17,44287.96,72112126.6833
1780848000000,1629.17,1632.65,1621.52,1627.69,36416.46,59267620.9631
1780851600000,1627.69,1637,1626.71,1630.17,30644.02,50039417.5618
1780855200000,1630.17,1635.77,1627.29,1629.29,23530.96,38402624.343
1780858800000,1629.29,1629.45,1601.09,1611.94,158154.17,254845065.5985
1780862400000,1611.94,1630.88,1608.18,1627.07,49948.36,81042818.1861
1780866000000,1627.07,1634,1622.61,1633.9,32325.16,52634289.6884
1780869600000,1633.9,1721.2,1628.03,1671.7,424091.59,713225879.5939
1780873200000,1671.7,1691.08,1669.81,1689.76,122904.24,206636261.1161
1780876800000,1689.76,1711.35,1682.5,1696.73,165778.55,281076054.9441
1780880400000,1696.73,1699.33,1669.83,1686.15,109181.69,183845358.2334
1780884000000,1686.15,1688.43,1676.71,1682.91,49083.12,82570943.8123
1780887600000,1682.91,1691.57,1675.68,1678.88,59209.86,99617000.138
1780891200000,1678.88,1680,1653.91,1655.89,88839.17,147877491.6897
1780894800000,1655.89,1658.88,1643.74,1652.65,93041.89,153610143.0617
1780898400000,1652.65,1669.2,1651.64,1665.83,100789.08,167491411.823
1780902000000,1665.83,1678.45,1660.84,1672.82,103550.47,173194386.4716
1780905600000,1672.82,1672.82,1657.49,1660.47,53031.16,88281556.6595
1780909200000,1660.47,1671.45,1655.99,1670.11,73364.13,122101689.3852
1780912800000,1670.11,1676.22,1662.29,1671.74,76335.26,127430874.488
1780916400000,1671.74,1696.26,1666.96,1683.02,154423.32,260147020.5463
1780920000000,1683.02,1698.73,1666.04,1694.57,183189.66,307807786.3486
1780923600000,1694.57,1696.36,1677.48,1680.67,116651.06,196802517.2676
1780927200000,1680.67,1693.91,1675.28,1690.56,84227.19,141944644.5573
1780930800000,1690.56,1705.76,1687.31,1690.63,152880.9,259266404.346
1780934400000,1690.63,1703,1681,1681.47,97409.83,164766543.4489
1780938000000,1681.47,1687.2,1674.28,1685.69,131088.5,220282962.1486
1780941600000,1685.69,1691.76,1677.53,1683.69,31647.18,53346099.3183
1780945200000,1683.69,1690.09,1680.11,1683.65,45280.69,76322336.4113
1780948800000,1683.65,1688.59,1677.71,1688.58,51083.49,85958846.771
1780952400000,1688.58,1713.78,1688.58,1702.74,92965.41,158440735.1015
1780956000000,1702.74,1703.14,1687.18,1702.47,74209.85,125745880.5369
1780959600000,1702.47,1713.58,1685.46,1688.92,85748.48,145405493.9773
1780963200000,1688.92,1695.48,1658.02,1661.94,211957.3,354317346.5113
1780966800000,1661.94,1673.35,1657.1,1667.65,58422.33,97372808.6235
1780970400000,1667.65,1670.95,1652.97,1667.05,34661.38,57595927.8901
1780974000000,1667.05,1670.66,1662.9,1668.48,36469.58,60810558.2911
1780977600000,1668.48,1696.07,1663.44,1685.79,135014.42,226833295.2882
1780981200000,1685.79,1695,1680.69,1687.55,43352.98,73197054.5319
1780984800000,1687.55,1694.89,1683.01,1685.33,30765.43,51947592.0446
1780988400000,1685.33,1691,1674.17,1679.11,72026.94,121025455.5407
1780992000000,1679.11,1679.97,1666.99,1674.18,81783.55,136759639.721
1780995600000,1674.18,1679.68,1662.39,1669.38,65085.48,108691057.5598
1780999200000,1669.38,1676.69,1665.37,1673.43,43145.1,72142411.4111
1781002800000,1673.43,1674.36,1665,1670.81,37863.92,63208774.4128
1781006400000,1670.81,1683.09,1670.01,1676.09,75548.04,126673467.7533
1781010000000,1676.09,1679.91,1663.05,1665.96,66673.34,111399439.8053
1781013600000,1665.96,1670.44,1632,1644.77,214922.25,353555323.2623
1781017200000,1644.77,1652.89,1633.39,1635.32,94025.43,154419673.0952
1781020800000,1635.32,1638.61,1612,1631.56,201382.31,327420864.4312
1781024400000,1631.56,1649.22,1631.43,1642.17,129326.78,212309028.75
1781028000000,1642.17,1655,1638.5,1651.66,93991.44,154876941.8013
1781031600000,1651.66,1658.38,1645.99,1656.79,55535.16,91753758.5281
1781035200000,1656.79,1663.75,1654.16,1660.02,37749.51,62609212.7168
1781038800000,1660.02,1661.09,1646,1649.53,32922.46,54403169.0834
1781042400000,1649.53,1654.18,1638.5,1638.85,52107.17,85769582.9002
1781046000000,1638.85,1641.93,1629.29,1638.6,48603.64,79530626.2812
1781049600000,1638.6,1646.23,1628.42,1644.95,40305.84,66024618.3508
1781053200000,1644.95,1646.26,1632.51,1638.16,23585.65,38683763.0079
1781056800000,1638.16,1641.85,1620.38,1623.24,41294.79,67200022.4885
1781060400000,1623.24,1635.73,1622.52,1629.94,30348.48,49466008.1606
1781064000000,1629.94,1631.91,1621.32,1625.19,25416.47,41321631.3742
1781067600000,1625.19,1629.4,1615.04,1627.16,32249.9,52300424.7302
1781071200000,1627.16,1633.6,1621.38,1631.06,26309.88,42855912.363
1781074800000,1631.06,1643.11,1629.67,1639.31,38340.5,62797787.3181
1781078400000,1639.31,1640.17,1616.58,1620.22,68253.08,111040424.0877
1781082000000,1620.22,1626,1604,1622.87,78224.57,126342925.8061
1781085600000,1622.87,1629.36,1617.11,1627.48,27294.73,44314729.4191
1781089200000,1627.48,1629.52,1610.31,1619.06,93535.15,151427230.4687
1781092800000,1619.06,1644.99,1614.54,1634.52,147601.63,241180426.9034
1781096400000,1634.52,1667.92,1629.94,1651.01,183663.89,302901383.5301
1781100000000,1651.01,1654.96,1636.22,1645.95,108536.79,178543017.3753
1781103600000,1645.95,1664.6,1634.71,1657.21,110269.32,181833524.8696
1781107200000,1657.21,1658.44,1631.21,1641.6,110043.13,180965883.7621
1781110800000,1641.6,1646.9,1621.18,1631.33,145192.17,237039355.6065
1781114400000,1631.33,1636.53,1621.29,1630.14,50144.13,81666468.841
1781118000000,1630.14,1632.96,1622,1629.15,34138.5,55575539.0363
1781121600000,1629.15,1635.28,1621.97,1629.64,40579.6,66056023.6347
1781125200000,1629.64,1629.64,1602.47,1610.5,80073.16,129332855.6738
1781128800000,1610.5,1621.61,1603.36,1615.69,58182.04,93838504.4354
1781132400000,1615.69,1624.72,1608.26,1620.71,35946.81,58144588.9552
1781136000000,1620.71,1634.4,1620.7,1627.78,68625.61,111849227.735
1781139600000,1627.78,1647.27,1627.78,1642.3,74610.82,122385413.2109
1781143200000,1642.3,1645.23,1629.75,1640.2,78146.57,128108072.7292
1781146800000,1640.2,1665.37,1635.21,1653.35,135719.54,223991318.3667
1781150400000,1653.35,1659.26,1649.38,1656.24,41524.43,68662519.3493
1781154000000,1656.24,1656.61,1646.84,1647.24,37371.61,61717880.9323
1781157600000,1647.24,1662.49,1645.35,1654,66694.53,110515114.4065
1781161200000,1654,1657.67,1650.74,1653.76,25692.45,42485240.8536
1781164800000,1653.76,1663.98,1653.53,1659.34,32392.72,53766206.8061
1781168400000,1659.34,1661.47,1655.07,1658.29,37386.6,61993890.4193
1781172000000,1658.29,1660.96,1653.5,1658.05,32270.5,53488261.7893
1781175600000,1658.05,1673.58,1655.54,1665.94,93998.79,156402927.9886
1781179200000,1665.94,1666.13,1641.72,1650.8,146993.51,242701839.0159
1781182800000,1650.8,1658.99,1643.53,1652.58,64807.03,107043892.7462
1781186400000,1652.58,1654.78,1637.12,1642.12,71967.72,118450428.748
1781190000000,1642.12,1650.56,1634.38,1644.66,62533.03,102708996.4488
1781193600000,1644.66,1648.9,1637,1638.7,33564.25,55134158.3666
1781197200000,1638.7,1693.23,1631.69,1687.98,329547.3,548399577.6248
1781200800000,1687.98,1691.42,1675.8,1683.23,101694.84,171078378.3622
1781204400000,1683.23,1692.86,1674.88,1680.51,89975.29,151513205.1853
1781208000000,1680.51,1682.46,1666.34,1671.62,48042.96,80397296.7006
1781211600000,1671.62,1683.19,1671.39,1676.42,32602.27,54717203.102
1781215200000,1676.42,1682.45,1674.32,1675.22,20595.03,34564316.1115
1781218800000,1675.22,1678.49,1669.35,1672.79,27881.81,46649989.1581
1781222400000,1672.79,1677.2,1668.44,1671.98,20087.76,33612960.0932
1781226000000,1671.98,1672,1658.19,1666.28,56503.61,94039683.2448
1781229600000,1666.28,1677.74,1665.91,1674.93,27543.66,46084752.34
1781233200000,1674.93,1676,1668,1672.42,13031.37,21784386.9743
1781236800000,1672.42,1681.2,1668.2,1676.68,24210.67,40577549.9302
1781240400000,1676.68,1677.06,1661.17,1663.4,44514.17,74185276.3067
1781244000000,1663.4,1665.89,1651,1656.56,57186.63,94808488.7372
1781247600000,1656.56,1664,1655.14,1661.2,26981.87,44773112.8291
1781251200000,1661.2,1677.53,1661.12,1672.34,50986.33,85193364.7483
1781254800000,1672.34,1685.57,1670.36,1679.26,48057.59,80721501.8752
1781258400000,1679.26,1682.6,1670.86,1673.93,29357.19,49202700.2499
1781262000000,1673.93,1677.96,1671.26,1673.03,16559.65,27739597.535
1781265600000,1673.03,1673.03,1661.59,1665.82,36981.5,61655542.9212
1781269200000,1665.82,1668.19,1651.97,1656.73,69824.79,115909489.5104
1781272800000,1656.73,1685.44,1655.11,1685.03,91919.21,153713045.8651
1781276400000,1685.03,1690.75,1657.01,1658.91,232668.29,390199704.2343
1781280000000,1658.91,1675.02,1656.08,1671.99,87511.16,145755948.8209
1781283600000,1671.99,1677.36,1666.34,1667.93,30452.19,50873504.8519
1781287200000,1667.93,1672.75,1662.48,1665.88,35822.04,59741142.1548
1781290800000,1665.88,1671.92,1663.75,1664.81,16833.88,28063642.3276
1781294400000,1664.81,1667.11,1660.91,1663.96,14261.81,23736834.8119
1781298000000,1663.96,1667.22,1662.24,1663.21,10123.01,16852972.1754
1781301600000,1663.21,1666.73,1660.3,1661.61,12318.54,20482476.1507
1781305200000,1661.61,1665.79,1658.11,1665.62,11234.97,18664794.4873
1781308800000,1665.62,1668.37,1664.5,1666.8,9980.23,16632609.3753
1781312400000,1666.8,1675.83,1665.87,1673.38,25299.96,42277647.7845
1781316000000,1673.38,1673.8,1664.07,1667.27,21984.87,36654948.6463
1781319600000,1667.27,1668.8,1661.93,1664.35,14584.45,24280708.0078
1781323200000,1664.35,1667.6,1662.4,1663.46,8988.29,14966349.8322
1781326800000,1663.46,1664.93,1661.22,1664.62,11944.57,19866997.3193
1781330400000,1664.62,1669.51,1663,1669,8333.49,13885601.391
1781334000000,1669,1677.6,1667.57,1675.43,57523.47,96254047.1789
1781337600000,1675.43,1679.2,1672.89,1673.92,50675.05,84899538.0815
1781341200000,1673.92,1675.8,1671.82,1673.05,12564.19,21026244.0851
1781344800000,1673.05,1675.64,1672.07,1673.39,7919.4,13252908.631
1781348400000,1673.39,1678.19,1672.56,1677.43,13592.62,22786035.2224
1781352000000,1677.43,1683.45,1676,1679.86,19238.64,32306079.5266
1781355600000,1679.86,1680.82,1675.73,1677.2,14838.27,24901930.8911
1781359200000,1677.2,1681.07,1676.72,1679.22,13113.79,22017004.1617
1781362800000,1679.22,1686.27,1677.45,1681.3,26840.75,45131631.7323
1781366400000,1681.3,1681.84,1670.01,1675.91,103953.49,174005941.6406
1781370000000,1675.91,1677.62,1672.24,1673.36,15710.08,26315412.5963
1781373600000,1673.36,1681.93,1673.2,1677.43,14041.4,23557564.04
1781377200000,1677.43,1679.27,1674.8,1677.46,11310.12,18966622.9606
1781380800000,1677.46,1677.55,1674.01,1675.83,6578.35,11023254.6666
1781384400000,1675.83,1698.08,1673.81,1685.75,49933.6,84240055.2355
1781388000000,1685.75,1685.9,1680.47,1680.47,12065.31,20304185.3498
1781391600000,1680.47,1683.41,1677.31,1680.51,8572.46,14402572.7904
1781395200000,1680.51,1682.84,1677.92,1681.21,6876.9,11556901.1026
1781398800000,1681.21,1689.92,1679.41,1683.07,14278.85,24066741.1263
1781402400000,1683.07,1685.04,1680.64,1681.52,7881.16,13260301.6008
1781406000000,1681.52,1682.5,1679.01,1680.99,8157.35,13710022.7069
1781409600000,1680.99,1681.85,1675.35,1677.1,12775.86,21437402.8089
1781413200000,1677.1,1678.58,1672.96,1677.28,13262.88,22228623.6604
1781416800000,1677.28,1681.59,1674.23,1675.49,21986.31,36875854.8586
1781420400000,1675.49,1676.46,1672.41,1674.97,12746.71,21345487.8846
1781424000000,1674.97,1677.73,1673.72,1674.65,12967.03,21728867.3314
1781427600000,1674.65,1678.41,1668.03,1677.7,29070.33,48619300.535
1781431200000,1677.7,1677.92,1672.39,1672.39,10224.54,17129706.4146
1781434800000,1672.39,1676.56,1671.29,1672.84,10889.51,18227140.3932
1781438400000,1672.84,1673.98,1663.67,1666.07,23650.34,39453687.4163
1781442000000,1666.07,1669.46,1663.27,1665.72,20550.52,34249005.7638
1781445600000,1665.72,1669.59,1653.42,1658.85,68573.03,113764765.8184
1781449200000,1658.85,1664.02,1658.74,1662.07,19618.91,32604192.8405
1781452800000,1662.07,1667.65,1658.83,1660.57,26588.26,44232729.8713
1781456400000,1660.57,1666.24,1660.05,1661.56,18570.17,30884681.2904
1781460000000,1661.56,1662.65,1658,1661.16,13305.46,22089491.4021
1781463600000,1661.16,1667.28,1660.05,1664.58,7753.12,12907983.7577
1781467200000,1664.58,1673.03,1661.43,1669.52,22654.11,37809947.9637
1781470800000,1669.52,1731.99,1669.13,1717.92,238192.28,406351042.2837
1781474400000,1717.92,1728.42,1711,1721.74,97688.02,168131495.0179
1781478000000,1721.74,1725.77,1715.41,1724.77,53063.23,91372382.2836
1781481600000,1724.77,1731.91,1719,1720.14,54019.9,93173779.248
1781485200000,1720.14,1721,1708.85,1715.18,41059.5,70426664.2557
1781488800000,1715.18,1726.3,1713.26,1715.98,19712.26,33905967.0379
1781492400000,1715.98,1723.95,1714.72,1720.13,22132.71,38077581.1051
1781496000000,1720.13,1720.89,1715.09,1716.25,26300.9,45186207.6046
1781499600000,1716.25,1722,1715,1719.73,16384.79,28156760.3357
1781503200000,1719.73,1722.69,1717.34,1719.07,13594.08,23385850.1887
1781506800000,1719.07,1723.29,1715.31,1715.74,18919.62,32510684.0991
1781510400000,1715.74,1721,1714.55,1719.74,20559.47,35322100.9468
1781514000000,1719.74,1726.27,1711.19,1717.7,44238.53,76010594.6427
1781517600000,1717.7,1750.27,1717.06,1736.99,156987.72,272500321.084
1781521200000,1736.99,1770,1733.33,1763.81,157378.33,276132423.9823
1781524800000,1763.81,1776.89,1759.22,1776.44,88175.31,155974937.3071
1781528400000,1776.44,1826.57,1773.57,1813.42,323588.99,583966433.1725
1781532000000,1813.42,1817.37,1803.59,1813.38,108054.89,195478891.6663
1781535600000,1813.38,1848.58,1811.89,1844.61,153426.19,281241811.532
1781539200000,1844.61,1846.73,1836.23,1841.91,69912.78,128720954.2706
1781542800000,1841.91,1841.91,1822.82,1828.38,79817.91,146027221.8566
1781546400000,1828.38,1834.76,1824.65,1827.14,27647.1,50569992.981
1781550000000,1827.14,1833.74,1810.65,1821.04,74846.88,136225975.9423
1781553600000,1821.04,1825.91,1814.31,1816.2,19911.82,36233117.5753
1781557200000,1816.2,1821.46,1807.65,1810.5,31460.97,57066781.8986
1781560800000,1810.5,1812.96,1786.1,1788.59,95084.59,170845897.2752
1781564400000,1788.59,1796.83,1781.7,1795.1,41615.41,74509317.9072
1781568000000,1795.1,1801.17,1787.67,1788.71,49355.73,88571868.979
1781571600000,1788.71,1796.5,1788.12,1791.19,23295.58,41763151.1062
1781575200000,1791.19,1793.43,1766.21,1769.37,86004.39,152848799.6642
1781578800000,1769.37,1779.81,1763.69,1778.28,50274.21,89151238.2094
1781582400000,1778.28,1782.3,1757,1759.7,67797.91,119757140.4701
1781586000000,1759.7,1765.44,1759.53,1761.18,41822.27,73716710.4836
1781589600000,1761.18,1773.21,1761.18,1770.34,38215.55,67536931.2146
1781593200000,1770.34,1776.02,1768.01,1773.2,30707.19,54428656.1932
1781596800000,1773.2,1807.5,1772.13,1802.15,124363.1,222357938.8337
1781600400000,1802.15,1805.04,1785.78,1788.85,53454.05,95933115.3845
1781604000000,1788.85,1799.95,1787.7,1793.17,38432.2,68947988.447
1781607600000,1793.17,1799.66,1790.21,1798.91,23823.4,42752344.7889
1781611200000,1798.91,1839.53,1796.05,1814.01,136927.04,249007040.8993
1781614800000,1814.01,1816.53,1790.36,1797.09,110508.82,199135582.6271
1781618400000,1797.09,1804.98,1762.34,1779.43,158985.48,282989772.1875
1781622000000,1779.43,1787.69,1773.6,1781.51,58105.3,103469058.4085
1781625600000,1781.51,1784.9,1772.17,1777.09,36549.38,64964264.9817
1781629200000,1777.09,1799.1,1776.33,1794.34,52683.96,94359759.4717
1781632800000,1794.34,1807.88,1791.27,1798.65,73152.35,131663237.1965
1781636400000,1798.65,1800.58,1788.19,1794.74,41038.63,73639959.464
1781640000000,1794.74,1797.86,1788.38,1797.19,19532.89,35022557.8584
1781643600000,1797.19,1799.8,1789.73,1795.63,12843.57,23055337.4073
1781647200000,1795.63,1798.8,1790.24,1795.58,13789.13,24736349.4661
1781650800000,1795.58,1798.17,1790.3,1792.23,10443.08,18733488.9412
1781654400000,1792.23,1798.56,1791.16,1793.42,20939.11,37578157.1193
1781658000000,1793.42,1798.64,1778.46,1797.06,53571.34,95800348.8371
1781661600000,1797.06,1809.79,1787.55,1794.78,62256.01,111988055.3307
1781665200000,1794.78,1797.31,1786.53,1792.98,23230.66,41618125.0574
1781668800000,1792.98,1801.37,1791.18,1793.45,17522.61,31479351.6516
1781672400000,1793.45,1798.56,1788.1,1793.27,23915.91,42893184.7515
1781676000000,1793.27,1796.82,1785.48,1789.58,25012.98,44764639.801
1781679600000,1789.58,1791.86,1777.08,1784.13,56561.81,100868329.1407
1781683200000,1784.13,1785.39,1758.95,1764.4,79383.56,140459453.7201
1781686800000,1764.4,1777,1763.88,1772.18,47612.58,84298091.4656
1781690400000,1772.18,1775.19,1766.05,1767.53,22419.81,39697857.8393
1781694000000,1767.53,1770,1758.33,1763.11,43385.41,76531752.1329
1781697600000,1763.11,1765.24,1741.5,1758.4,107659.58,188624744.9048
1781701200000,1758.4,1771.28,1753.56,1760.14,71727.51,126440490.7833
1781704800000,1760.14,1764.68,1740.36,1754.06,91002.71,159489577.461
1781708400000,1754.06,1776.95,1750.19,1772.48,68175.6,120404994.9252
1781712000000,1772.48,1791.51,1768.32,1771.2,74542.46,132548264.6559
1781715600000,1771.2,1796.67,1766.62,1788.6,73834.56,131587769.8054
1781719200000,1788.6,1788.78,1744.89,1769.19,242699.25,428844281.0152
1781722800000,1769.19,1775.23,1728.1,1733.61,177429.3,309561233.3796
1781726400000,1733.61,1746.98,1732.07,1746.48,64900.08,112891793.6409
1781730000000,1746.48,1747,1735.36,1738.15,22063.33,38432652.3541
1781733600000,1738.15,1745.55,1724.38,1739.4,53211.83,92315012.0497
1781737200000,1739.4,1750.97,1738.89,1749.68,19408.01,33889836.1741
1781740800000,1749.68,1758.7,1748.97,1752.36,28549.43,50076669.5459
1781744400000,1752.36,1762.63,1752.1,1754.15,24908.98,43780423.7856
1781748000000,1754.15,1758.5,1749.57,1754.99,17525.47,30755419.5213
1781751600000,1754.99,1755.37,1740.16,1743.21,46180.21,80580326.8678
1781755200000,1743.21,1744.81,1728.6,1729.5,54340.71,94239908.4453
1781758800000,1729.5,1732.05,1719.64,1729.91,56646.87,97801791.9475
1781762400000,1729.91,1735.97,1724.49,1734.53,37253.43,64489132.7399
1781766000000,1734.53,1752.99,1732,1748.99,44316.49,77302286.4632
1781769600000,1748.99,1753.05,1745.31,1747.29,71121.53,124439003.4676
1781773200000,1747.29,1751.5,1741.39,1745.59,33719.82,58876429.1573
1781776800000,1745.59,1752.56,1738.59,1746.14,41106.73,71671310.9929
1781780400000,1746.14,1748.92,1738.17,1742.31,29581.48,51532300.9522
1781784000000,1742.31,1752.37,1740.52,1749.36,26725.17,46714668.176
1781787600000,1749.36,1751.78,1726.76,1735.81,81471.76,141591077.698
1781791200000,1735.81,1744.67,1728.42,1738.86,69635.13,120909863.0121
1781794800000,1738.86,1739.42,1678,1681.01,340192.81,579560194.0906
1781798400000,1681.01,1692,1678.84,1685.97,110112.74,185697861.1464
1781802000000,1685.97,1686.82,1670.64,1678.28,109642.4,184097552.697
1781805600000,1678.28,1688.59,1675.41,1684.38,72175.42,121465308.6306
1781809200000,1684.38,1706.97,1682,1704.71,59046.6,100173117.447
1781812800000,1704.71,1716.78,1704.71,1709.78,46687.14,79898028.5104
1781816400000,1709.78,1711.89,1700.93,1707.5,39037.85,66591607.4963
1781820000000,1707.5,1707.91,1699.26,1705.95,19722.88,33606735.7972
1781823600000,1705.95,1711.65,1702,1710.08,14222.82,24291625.1556
1781827200000,1710.08,1715.71,1707.81,1712.99,15456.24,26464642.9484
1781830800000,1712.99,1719.16,1705.16,1712.67,30929.34,52960388.9388
1781834400000,1712.67,1714.47,1700,1706.26,26257.23,44785559.8848
1781838000000,1706.26,1707.67,1678.28,1696.74,131062.15,221491514.1579
1781841600000,1696.74,1702.3,1684.48,1688.58,42397.98,71724946.1452
1781845200000,1688.58,1696.74,1688.4,1696.56,25603.22,43369146.5053
1781848800000,1696.56,1702.64,1695.1,1699.19,27716.95,47073659.4965
1781852400000,1699.19,1700.13,1689,1694.92,35072.45,59409734.4513
1781856000000,1694.92,1698.26,1692.71,1697.18,23736.51,40249255.2956
1781859600000,1697.18,1699,1687.35,1688.45,30506.51,51591707.5243
1781863200000,1688.45,1694,1686.05,1691.81,27707.75,46804352.7128
1781866800000,1691.81,1693.55,1687.8,1690.99,11658.48,19716097.5662
1781870400000,1690.99,1695.76,1678,1694.31,70665.51,119128691.1573
1781874000000,1694.31,1711,1686.4,1702.23,92593.86,157440948.3826
1781877600000,1702.23,1709,1695.32,1705.95,40949.09,69708438.8854
1781881200000,1705.95,1711.79,1696.8,1707.05,54669.94,93198301.7653
1781884800000,1707.05,1711.05,1693.95,1695.85,40871.7,69641982.5752
1781888400000,1695.85,1705.96,1692.4,1703.92,27589.02,46872881.7707
1781892000000,1703.92,1704.74,1697.39,1701.81,12853.06,21865373.8668
1781895600000,1701.81,1703.93,1697.09,1700.32,14218.37,24176642.0171
1781899200000,1700.32,1708.65,1697.64,1707.89,15068.1,25668695.9122
1781902800000,1707.89,1707.9,1700.46,1701.01,9753.56,16624866.1793
1781906400000,1701.01,1710.63,1699.56,1706.69,22772.32,38867974.3829
1781910000000,1706.69,1714.77,1703.97,1710.16,18850.1,32209931.9907
1781913600000,1710.16,1718,1707.09,1707.94,44229.99,75682687.1062
1781917200000,1707.94,1713.07,1705.7,1708.95,11021.63,18835713.6611
1781920800000,1708.95,1709.71,1702.39,1704.18,13369.08,22795302.6092
1781924400000,1704.18,1708.45,1703.71,1707.38,6125.63,10451013.069
1781928000000,1707.38,1714.69,1705.75,1712.72,16339.45,27969037.8961
1781931600000,1712.72,1734.07,1711.54,1725.25,115388.65,199112479.2526
1781935200000,1725.25,1729,1723.13,1726.91,27628.91,47689322.1379
1781938800000,1726.91,1728.94,1722.08,1725.05,13449.24,23211877.0849
1781942400000,1725.05,1726.31,1720.09,1722.04,23796.8,40984480.4687
1781946000000,1722.04,1729.77,1722.04,1727.8,33583.94,58010325.8376
1781949600000,1727.8,1729,1724.68,1726.79,9648.84,16661003.2623
1781953200000,1726.79,1732.7,1725.03,1726.31,21529.32,37221566.1535
1781956800000,1726.31,1729.8,1722.89,1726.07,18213.68,31441534.495
1781960400000,1726.07,1726.5,1711.52,1716.61,48802.54,83823707.6958
1781964000000,1716.61,1746.3,1707.15,1732.74,116953.69,202118012.879
1781967600000,1732.74,1749,1728.57,1740.11,87707.22,152607706.9398
1781971200000,1740.11,1740.26,1729.77,1733.22,33529.48,58136886.9547
1781974800000,1733.22,1733.22,1720.01,1725.84,36026.24,62177927.7323
1781978400000,1725.84,1731.3,1725.07,1725.74,24371.24,42128739.4847
1781982000000,1725.74,1729.35,1723.67,1728.26,22837.2,39426026.9585
1781985600000,1728.26,1730.58,1725.5,1730.12,8353.47,14442111.8034
1781989200000,1730.12,1737.24,1729.45,1734.73,26250.31,45519611.6118
1781992800000,1734.73,1745.73,1732.3,1742.69,39365.72,68516101.631
1781996400000,1742.69,1743.08,1739.69,1740,16368.95,28499694.3024
1782000000000,1740,1740.2,1734.67,1737,18567,32247653.664
1782003600000,1737,1739.4,1733.37,1735.98,13069.5,22685063.5362
1782007200000,1735.98,1737.31,1734.65,1735.28,6103.89,10594568.4541
1782010800000,1735.28,1740.96,1732.5,1737.14,13404.34,23280674.7503
1782014400000,1737.14,1740.66,1730.2,1732.14,15872.17,27529190.2042
1782018000000,1732.14,1735.64,1728.28,1732.48,25553.89,44261366.4204
1782021600000,1732.48,1737.9,1731.45,1735.32,9045.35,15689569.7704
1782025200000,1735.32,1735.52,1730.51,1731.16,14325.42,24819590.0642
1782028800000,1731.16,1732.23,1722.54,1728,23782.8,41079499.1983
1782032400000,1728,1733.62,1725,1732.05,20256.02,35036601.7196
1782036000000,1732.05,1736.55,1730.07,1730.58,19551.04,33881370.2955
1782039600000,1730.58,1734.06,1716.93,1724.45,50550.53,87127780.2057
1782043200000,1724.45,1726.73,1715.15,1724.88,56149.42,96606107.9648
1782046800000,1724.88,1727.35,1721,1724.23,32206.97,55549819.3547
1782050400000,1724.23,1728,1720.78,1727.69,21717.46,37451096.4192
1782054000000,1727.69,1731.97,1726.06,1729.9,30725.89,53150714.7435
1782057600000,1729.9,1729.9,1721.28,1727.41,17277.53,29823741.4378
1782061200000,1727.41,1730.87,1724.81,1726.49,9484.51,16381852.2945
1782064800000,1726.49,1737.36,1720.67,1734.39,38200.48,66084432.9758
1782068400000,1734.39,1738.56,1732.72,1733.29,10097.85,17522149.6116
1782072000000,1733.29,1734.75,1716.03,1720.32,42524.05,73301447.1892
1782075600000,1720.32,1723.44,1700,1717.35,107697.36,184205900.8874
1782079200000,1717.35,1720.27,1707.12,1716.7,44774.32,76750761.609
1782082800000,1716.7,1716.7,1703.19,1706.15,42000.3,71755486.3492
1782086400000,1706.15,1732.19,1705.92,1726.3,90284.32,155465357.7487
1782090000000,1726.3,1759.26,1723.78,1743.07,136131.37,237544373.9799
1782093600000,1743.07,1744.8,1736.23,1736.39,32921.99,57286125.1994
1782097200000,1736.39,1740.6,1725.5,1729.15,70685.93,122434863.2919
1782100800000,1729.15,1735,1726.62,1734.35,29097.6,50392855.4749
1782104400000,1734.35,1739,1732.9,1736.13,22999.49,39930054.6406
1782108000000,1736.13,1739.44,1732.32,1734.11,17156.55,29775096.1229
1782111600000,1734.11,1751.13,1733.81,1745.81,71813.96,125345233.0148
1782115200000,1745.81,1751.85,1742.95,1747.02,29440.42,51435552.2587
1782118800000,1747.02,1749.91,1743,1745.37,18467.45,32252329.2775
1782122400000,1745.37,1750.91,1744.32,1748.04,18828.05,32918465.1403
1782126000000,1748.04,1774.36,1746.47,1766.99,135007.16,237767544.7717
1782129600000,1766.99,1771.65,1760.24,1763.32,63346.34,111808338.96
1782133200000,1763.32,1779.5,1760.89,1776.97,94172.69,166843538.1749
1782136800000,1776.97,1777.33,1748.77,1753.62,143841.2,252838368.9387
1782140400000,1753.62,1757.2,1741.13,1743.81,60345.36,105580402.6816
1782144000000,1743.81,1745.25,1731.85,1739.34,116015.46,201730611.7814
1782147600000,1739.34,1742.39,1730.02,1740.32,58578.97,101716905.9944
1782151200000,1740.32,1747.25,1727.46,1732.67,103767.54,180247889.2406
1782154800000,1732.67,1736,1727.73,1733.68,64621.66,111902019.2524
1782158400000,1733.68,1739,1730.17,1733.89,56640.35,98244738.4337
1782162000000,1733.89,1736.89,1725.65,1731.9,31724.23,54952326.8226
1782165600000,1731.9,1735.18,1715.34,1723.42,63494.04,109321441.8256
1782169200000,1723.42,1729.67,1720.09,1727.19,27601.8,47619895.8695
1782172800000,1727.19,1731.5,1718.75,1730.41,37936.43,65515974.1878
1782176400000,1730.41,1735.85,1719.65,1729.82,62476.5,107975059.2879
1782180000000,1729.82,1734.46,1725.28,1731.95,16098.57,27861026.2294
1782183600000,1731.95,1732.63,1725,1729.17,12326.04,21299137.3267
1782187200000,1729.17,1730.63,1717.05,1718.17,22356.5,38507464.5495
1782190800000,1718.17,1720.67,1708.77,1712.41,78373.92,134329060.4439
1782194400000,1712.41,1712.79,1679,1690.98,179344.81,303760776.4761
1782198000000,1690.98,1695.4,1680.64,1681.76,41257.19,69671888.9729
1782201600000,1681.76,1683.9,1633.25,1647.16,260303.18,431135095.2945
1782205200000,1647.16,1653.33,1647,1649.91,33806.93,55789370.2802
1782208800000,1649.91,1658,1648.21,1651.63,36158.44,59778858.3871
1782212400000,1651.63,1663,1651.58,1659.93,40496.8,67181053.5646
1782216000000,1659.93,1661.52,1652.48,1653.86,32773.98,54288794.5201
1782219600000,1653.86,1663.46,1644.08,1661.81,116047.37,191994907.7687
1782223200000,1661.81,1671.3,1657.01,1661.19,94957.07,157938921.6047
1782226800000,1661.19,1662.47,1650.05,1658.73,52870.79,87541827.8454
1782230400000,1658.73,1673.85,1656.61,1658.52,53989.47,89889270.8218
1782234000000,1658.52,1664,1653.26,1655.89,25118.27,41647325.7818
1782237600000,1655.89,1660,1648.53,1654.4,35522.51,58768531.8917
1782241200000,1654.4,1662.95,1654.28,1661.57,23134.37,38383088.8145
1782244800000,1661.57,1666.76,1660.39,1662.89,21488.43,35741535.0389
1782248400000,1662.89,1667.57,1662.37,1665.77,14885.26,24788562.3999
1782252000000,1665.77,1672.88,1662,1663.57,52105.54,86837524.323
1782255600000,1663.57,1668.52,1659.09,1666.19,17214.55,28626756.8726
1782259200000,1666.19,1673.78,1665.67,1670.44,28200.99,47084477.8673
1782262800000,1670.44,1680.25,1665.12,1671.99,56741.87,95007854.047
1782266400000,1671.99,1672.96,1662.41,1662.98,33201.37,55365849.4385
1782270000000,1662.98,1669.14,1656.51,1665.7,38972.34,64825848.0666
1782273600000,1665.7,1670.22,1657.2,1667.87,27095.56,45095700.2015
1782277200000,1667.87,1679,1666.83,1673.62,36250.01,60649322.6066
1782280800000,1673.62,1676.14,1669.51,1673.9,18886.86,31604135.937
1782284400000,1673.9,1678.35,1669.68,1672.32,43453.96,72746897.3164
1782288000000,1672.32,1674.53,1668.22,1672.32,24465.45,40895886.6115
1782291600000,1672.32,1672.32,1664,1666.14,16462.74,27456444.6686
1782295200000,1666.14,1667.24,1660.84,1662.83,24703.46,41111168.0198
1782298800000,1662.83,1692.67,1654.84,1678.63,127527.64,213610970.1132
1782302400000,1678.63,1680.64,1669.67,1670.85,34068.1,57077222.345
1782306000000,1670.85,1671.67,1640.28,1644.5,233768.27,386295564.835
1782309600000,1644.5,1656.6,1636.56,1646.54,105833.72,174119411.6399
1782313200000,1646.54,1650.53,1615.65,1617,161002.44,262440753.1907
1782316800000,1617,1635,1583.72,1588.8,263499.42,423265947.7301
1782320400000,1588.8,1596.79,1550.91,1559.27,224690.94,353252961.7662
1782324000000,1559.27,1583.92,1555.19,1571.44,112627.78,177065962.9491
1782327600000,1571.44,1584.58,1566.09,1583.66,60461.33,95291539.8931
1782331200000,1583.66,1621.53,1578.8,1612.99,160337.5,257804108.6584
1782334800000,1612.99,1621.22,1604.64,1620.5,47279.94,76250949.7416
1782338400000,1620.5,1628.83,1612.81,1614.59,51553.99,83485976.5531
1782342000000,1614.59,1622.5,1612.8,1621.5,24093.88,38999829.1383
1782345600000,1621.5,1625.99,1615.44,1618.34,39322.69,63741602.1837
1782349200000,1618.34,1623.47,1613.37,1619.67,28624.71,46325856.9087
1782352800000,1619.67,1620.79,1614,1620.04,16678.85,26972853.3107
1782356400000,1620.04,1623.51,1615.36,1618.71,23167.53,37491135.2834
1782360000000,1618.71,1636.34,1616.27,1634.07,87573.55,142730434.0883
1782363600000,1634.07,1652,1632.71,1645.07,119777.67,196961234.4819
1782367200000,1645.07,1660,1643.54,1653.14,48731.9,80505681.2022
1782370800000,1653.14,1659.1,1650.5,1656.45,29837.65,49371128.5875
1782374400000,1656.45,1658.65,1650.03,1652.08,28006.92,46291337.9283
1782378000000,1652.08,1654.5,1645.79,1647.97,28137.98,46400461.5864
1782381600000,1647.97,1648.9,1632.71,1635.69,75130.87,123344274.4694
1782385200000,1635.69,1638.45,1626.89,1632.3,75103.49,122558387.1472
1782388800000,1632.3,1649.61,1623.39,1634.56,85538.2,139997243.6935
1782392400000,1634.56,1639.81,1530.64,1537.1,341039.39,538635470.6909
1782396000000,1537.1,1593.8,1536.99,1567.53,348471.09,546031147.8278
1782399600000,1567.53,1572.67,1542.72,1569.43,190997.73,297604505.8486
1782403200000,1569.43,1586.94,1557.04,1561.13,101895.53,160105517.7637
1782406800000,1561.13,1574.7,1556.32,1574.2,61373.16,96238378.5849
1782410400000,1574.2,1577.14,1559.31,1566.97,56465.24,88527039.4846
1782414000000,1566.97,1567.1,1553.48,1558.69,50432.54,78591138.373
1782417600000,1558.69,1569.99,1555.79,1559.38,42447.9,66393062.72
1782421200000,1559.38,1582.64,1559.36,1580.01,58544.31,92095697.7124
1782424800000,1580.01,1582.87,1565.57,1569.37,58941.34,92651605.5121
1782428400000,1569.37,1579.09,1563.26,1566.94,71852.14,112927185.4536
1782432000000,1566.94,1570.9,1562.4,1563.76,25455.53,39905715.5942
1782435600000,1563.76,1567.78,1554.32,1559.05,35264.8,54992489.7154
1782439200000,1559.05,1560,1518.06,1523.69,250041.04,382751831.002
1782442800000,1523.69,1563.43,1510.84,1557.1,180256.19,277009646.7946
1782446400000,1557.1,1560.11,1546.68,1549.1,59872.14,92973382.666
1782450000000,1549.1,1558.62,1547.49,1555,37584.34,58389438.5149
1782453600000,1555,1573.41,1542.64,1570.17,100550.33,156643419.7457
1782457200000,1570.17,1585.4,1569.91,1579.84,67580.99,106717050.5409
1782460800000,1579.84,1581.37,1562.65,1565.81,62100.76,97599186.1603
1782464400000,1565.81,1566.48,1548.45,1552.07,57021.32,88860701.7883
1782468000000,1552.07,1555.66,1543.83,1547.47,52312.7,81060974.7702
1782471600000,1547.47,1554.49,1539.57,1544.22,48474.7,74952055.8904
1782475200000,1544.22,1560.32,1526.32,1535.51,144943.69,223362210.7631
1782478800000,1535.51,1570.73,1520.1,1568.77,208717.25,321885065.0941
1782482400000,1568.77,1574.94,1552.26,1559.36,117942.97,184379424.4404
1782486000000,1559.36,1587.96,1558.8,1579.33,106284.4,167652737.8782
1782489600000,1579.33,1594.19,1571.65,1577.07,83583.01,132207831.8082
1782493200000,1577.07,1588.61,1575.85,1581.07,37370.77,59181047.4119
1782496800000,1581.07,1584.91,1569.44,1572.6,36378.5,57312925.7257
1782500400000,1572.6,1583.52,1569.64,1573.89,35449.78,55942892.3844
1782504000000,1573.89,1582.91,1566.67,1569.94,56185.01,88325339.5718
1782507600000,1569.94,1578.52,1567.28,1574.21,15509.06,24385332.6033
1782511200000,1574.21,1578.64,1568.06,1577.13,11535.87,18154173.3606
1782514800000,1577.13,1579.93,1573.46,1577.77,12094.37,19074558.3477
1782518400000,1577.77,1581.35,1570.23,1575.88,38826.02,61113966.5035
1782522000000,1575.88,1577.04,1572.9,1574.87,6554.03,10323101.9015
1782525600000,1574.87,1586.32,1573.42,1582.33,20921.9,33108421.2497
1782529200000,1582.33,1584.46,1577.42,1579.76,13160.15,20796383.465
1782532800000,1579.76,1584.53,1578.2,1578.87,16501.67,26088306.218
1782536400000,1578.87,1580.54,1576.02,1577.81,10042.67,15852361.2793
1782540000000,1577.81,1583.87,1574.24,1581.97,16397.38,25909162.1288
1782543600000,1581.97,1585.73,1579.06,1584.82,15720.63,24871709.6512
1782547200000,1584.82,1585.08,1580.87,1583.29,8765.71,13876296.7677
1782550800000,1583.29,1584.22,1578.37,1582.01,10461.61,16535884.7326
1782554400000,1582.01,1584.1,1581.07,1583.34,8358.25,13229790.2864
1782558000000,1583.34,1584.42,1577.84,1583.08,13988.65,22113998.5891
1782561600000,1583.08,1585.8,1580.47,1585.12,10904.62,17263060.7877
1782565200000,1585.12,1592.66,1584.07,1591.31,25909.4,41149061.7025
1782568800000,1591.31,1597.95,1588.5,1593.72,30161.04,48070437.0596
1782572400000,1593.72,1610.48,1593.01,1604.72,99680.45,159899031.0502
1782576000000,1604.72,1607.09,1600.47,1606.11,15776.4,25294962.1077
1782579600000,1606.11,1606.23,1587.18,1590.51,59836.57,95336013.6111
1782583200000,1590.51,1593.99,1588.2,1593.03,18007.32,28653628.5332
1782586800000,1593.03,1594.52,1571.92,1577.42,75770.99,119722498.2235
1782590400000,1577.42,1582.32,1577.04,1580.78,16219.44,25635391.8966
1782594000000,1580.78,1584.4,1573.45,1574.45,17564.97,27748428.3943
1782597600000,1574.45,1578.93,1561.49,1578.15,57966.17,90981586.8947
1782601200000,1578.15,1580.77,1569.49,1573.03,28322.39,44570137.144
1782604800000,1573.03,1577.37,1571.52,1574.05,12476.83,19650396.3176
1782608400000,1574.05,1576.22,1569.15,1574.32,11008.4,17312230.7891
1782612000000,1574.32,1579.12,1567.84,1571.19,14676.72,23082485.2304
1782615600000,1571.19,1575.63,1571.18,1574.09,6323.09,9948460.2076
1782619200000,1574.09,1576.54,1569.52,1573.42,11335.19,17830521.8825
1782622800000,1573.42,1573.58,1563.34,1568.28,23879.93,37427697.2455
1782626400000,1568.28,1569.82,1561.59,1566.74,18462.45,28896368.169
1782630000000,1566.74,1576.44,1566.74,1575.15,30404.16,47850180.9828
1782633600000,1575.15,1584.91,1572.83,1580.39,25203.03,39804794.4073
1782637200000,1580.39,1585.6,1577.55,1578.36,15205.23,24039528.6903
1782640800000,1578.36,1580.87,1571.28,1576.59,20313.66,32014531.9743
1782644400000,1576.59,1583.33,1575.01,1582.19,17733.65,28008110.6814
1782648000000,1582.19,1588.6,1577.35,1582.81,18234.52,28860785.4715
1782651600000,1582.81,1582.97,1573.7,1578.73,20441.95,32260109.8937
1782655200000,1578.73,1585.7,1576.88,1580.6,15654.73,24762857.7225
1782658800000,1580.6,1584.76,1576.4,1580.13,22594.52,35711060.9241
1782662400000,1580.13,1581.17,1565.09,1571.78,55745.7,87526070.6831
1782666000000,1571.78,1576.5,1562.36,1571.39,34698.9,54425312.2429
1782669600000,1571.39,1574.47,1568.01,1570.8,13785.96,21659435.6762
1782673200000,1570.8,1573.74,1555.5,1563.71,43201.33,67514444.4108
1782676800000,1563.71,1575.69,1563.24,1572.43,22771.93,35766182.5819
1782680400000,1572.43,1573.34,1558,1562.78,33689.52,52771635.3286
1782684000000,1562.78,1582,1546.63,1556.03,127715.98,199766786.9949
1782687600000,1556.03,1579.8,1554.26,1571.24,79237.83,124395122.1099
1782691200000,1571.24,1574,1551.03,1572.41,112838.36,176087774.053
1782694800000,1572.41,1573.57,1558.96,1567.61,42206.14,66143438.3473
1782698400000,1567.61,1578.35,1548.85,1575.88,107522.48,168563939.4572
1782702000000,1575.88,1589.12,1575.88,1584.09,50086.01,79282466.197
1782705600000,1584.09,1584.48,1573.87,1574.82,14901.29,23522887.9488
1782709200000,1574.82,1582.97,1561.09,1582.6,71156.36,111738869.0481
1782712800000,1582.6,1588.46,1579.09,1582.48,52909.48,83803161.1488
1782716400000,1582.48,1584.27,1577.12,1579.41,23282.44,36789455.7539
1782720000000,1579.41,1581.58,1569.36,1572.24,39737.28,62574136.7059
1782723600000,1572.24,1579.85,1569.5,1575.4,27490.17,43281182.4372
1782727200000,1575.4,1586.5,1575.4,1577.85,44396.79,70234303.6968
1782730800000,1577.85,1581.95,1569.19,1574.19,44826.18,70551921.7112
1782734400000,1574.19,1596.47,1565.26,1575.29,162385.43,256826549.7353
1782738000000,1575.29,1588.15,1563.73,1571.91,132039.82,207705683.9445
1782741600000,1571.91,1578.76,1556.26,1572.15,112853.98,176776614.9537
1782745200000,1572.15,1585.1,1560.61,1579.51,87373.83,137547272.4436
1782748800000,1579.51,1587.09,1572.83,1584.49,42703.54,67506260.7172
1782752400000,1584.49,1637.68,1584.49,1627.3,210769.67,340836296.1821
1782756000000,1627.3,1628.24,1617.63,1620.33,61254.06,99398105.2776
1782759600000,1620.33,1626.78,1615.41,1624.91,36618.69,59400328.6597
1782763200000,1624.91,1625.95,1616.72,1616.91,27258.99,44190191.9092
1782766800000,1616.91,1622.44,1610.99,1619.53,37483.85,60596678.7331
1782770400000,1619.53,1621.32,1612.02,1612.24,16301.09,26345548.5154
1782774000000,1612.24,1613.29,1607,1612.13,16516.07,26595487.7747
1782777600000,1612.13,1613.55,1591.65,1593.6,60731.53,97154075.3367
1782781200000,1593.6,1599,1588.03,1593.05,33923.62,54045468.8341
1782784800000,1593.05,1593.18,1585.42,1590.05,23134.2,36773217.201
1782788400000,1590.05,1595.28,1585.32,1586.25,21962.46,34931352.5489
1782792000000,1586.25,1590,1578.51,1586.89,56951.81,90259536.2871
1782795600000,1586.89,1591.14,1584.08,1590.64,19979.92,31721394.6081
1782799200000,1590.64,1593.99,1588,1592.95,14846.58,23621200.0403
1782802800000,1592.95,1595.44,1589.24,1591.53,16530.52,26315669.4595
1782806400000,1591.53,1593.56,1578.55,1583.08,58863.52,93259142.1458
1782810000000,1583.08,1586.32,1580.41,1584.6,20424.41,32341961.8668
1782813600000,1584.6,1586.08,1581.26,1583.59,13379.63,21189422.0217
1782817200000,1583.59,1585.42,1574.92,1577.74,38374.94,60597354.1894
1782820800000,1577.74,1577.78,1550.46,1551.89,147437.34,230466885.6642
1782824400000,1551.89,1566.96,1548.96,1566.52,129863.07,202343770.7983
1782828000000,1566.52,1577.43,1560.2,1562.69,97580.84,153193128.5498
1782831600000,1562.69,1576.66,1556.33,1564.53,67459.62,105524044.1732
1782835200000,1564.53,1574.52,1561.09,1571.82,31941.67,50059708.2956
1782838800000,1571.82,1576.6,1568,1570.23,24816.26,39000009.4101
1782842400000,1570.23,1581.46,1568.82,1578.32,23331.17,36761902.8885
1782846000000,1578.32,1581.41,1575,1579.9,24942.31,39364564.8234
1782849600000,1579.9,1582.4,1572.52,1575.51,30385.69,47933639.053
1782853200000,1575.51,1576.64,1569.11,1571.02,18116.58,28474702.1557
1782856800000,1571.02,1574.55,1566,1566.77,17714.26,27801436.8939
1782860400000,1566.77,1571.91,1565.22,1571.21,10766.25,16891301.7379
1782864000000,1571.21,1576.05,1565.5,1574.39,21952.3,34499431.4214
1782867600000,1574.39,1586.49,1551.44,1577.2,91513.54,143513314.5319
1782871200000,1577.2,1589,1573.69,1585.68,31811.26,50349548.8222
1782874800000,1585.68,1598.73,1581.64,1594.15,86582.39,137724153.5485
1782878400000,1594.15,1604.51,1590.14,1598.65,45107.66,72068159.816
1782882000000,1598.65,1600.3,1590.58,1592.01,37155.53,59228998.6222
1782885600000,1592.01,1592.59,1570.29,1575.41,83675.81,132019276.3011
1782889200000,1575.41,1580.45,1571.45,1577.57,25443.45,40097747.5083
1782892800000,1577.57,1581.88,1567.44,1581.71,32388.47,50963104.2482
1782896400000,1581.71,1584.64,1577.58,1580.41,34484.22,54490058.9782
1782900000000,1580.41,1580.99,1571.18,1572.76,25864.86,40732088.3069
1782903600000,1572.76,1575.3,1566.4,1569.02,24430.4,38383853.7052
1782907200000,1569.02,1571.92,1564.42,1569.4,33689.02,52814914.1191
1782910800000,1569.4,1598.43,1569,1596.61,121080.43,191875312.6766
1782914400000,1596.61,1616.79,1590.03,1600.57,160965.44,258250812.5885
1782918000000,1600.57,1630.66,1600.3,1619.27,129465.18,209712302.1414
1782921600000,1619.27,1629.41,1611.82,1614.04,52581.85,85090881.8118
1782925200000,1614.04,1624.55,1606.33,1622.35,60973.93,98593130.7613
1782928800000,1622.35,1624.13,1610.97,1615.91,31761.56,51387135.1113
1782932400000,1615.91,1623.64,1613.65,1617.16,31462.8,50917990.5803
1782936000000,1617.16,1619.95,1609.25,1617.23,58433.56,94325307.1633
1782939600000,1617.23,1638.97,1616.86,1631.32,43956.84,71524127.9101
1782943200000,1631.32,1645.97,1619.77,1621.05,79509.3,129837134.7092
1782946800000,1621.05,1621.05,1607.32,1608.73,55992.95,90266625.6531
1782950400000,1608.73,1608.87,1596,1602.69,49466.82,79249977.9336
1782954000000,1602.69,1624.64,1601.69,1619.95,41065.72,66241176.2996
1782957600000,1619.95,1624.02,1613.91,1620.16,24882.1,40310212.7774
1782961200000,1620.16,1642.01,1617.6,1638.76,58767.74,95879781.3819
1782964800000,1638.76,1639.42,1629.71,1632,23661.15,38647343.199
1782968400000,1632,1634.31,1624.32,1625.95,25909.47,42219439.2098
1782972000000,1625.95,1629,1616.39,1618.13,34074.91,55281449.1173
1782975600000,1618.13,1619.26,1613.65,1615.39,30020.9,48519008.8495
1782979200000,1615.39,1626.49,1614.3,1624.16,54087.92,87702743.2626
1782982800000,1624.16,1651,1619.64,1642.48,103367.1,169533893.9859
1782986400000,1642.48,1649.33,1640.43,1645.73,35955.28,59140830.7993
1782990000000,1645.73,1654.68,1643.8,1649.59,47240.25,77887872.9634
1782993600000,1649.59,1668.86,1646.81,1661.94,109974.28,182467607.3527
1782997200000,1661.94,1713.54,1660.02,1710.14,282628.05,478550694.2307
1783000800000,1710.14,1725,1692.2,1700.64,186691.81,318835151.3771
1783004400000,1700.64,1703.27,1687.8,1696.06,72385.62,122795212.818
1783008000000,1696.06,1703.53,1685.56,1698.72,89314.73,151344585.9527
1783011600000,1698.72,1704.92,1693.4,1694.84,37620.69,63908505.3539
1783015200000,1694.84,1706.5,1694.37,1701.21,27681.66,47105303.5944
1783018800000,1701.21,1705,1693.62,1699.23,29029.61,49346199.336
1783022400000,1699.23,1706.23,1695.16,1704.83,33465,56905410.1991
1783026000000,1704.83,1705.36,1696.13,1699.26,24900.6,42373766.4536
1783029600000,1699.26,1700,1693.12,1695.84,17224.9,29220550.4133
1783033200000,1695.84,1701.24,1691.03,1699.82,17279.15,29303569.232
1783036800000,1699.82,1702.43,1693.75,1695.92,18488.99,31391607.2803
1783040400000,1695.92,1718.65,1694.48,1711.6,84608.56,144699880.9458
1783044000000,1711.6,1714.94,1695.19,1704.01,38773.76,66049981.3952
1783047600000,1704.01,1711.51,1699,1705.82,30236.66,51584016.2137
1783051200000,1705.82,1707.9,1701.3,1702.37,13473.66,22965685.0359
1783054800000,1702.37,1721.29,1701.42,1714.23,27145.66,46510496.5182
1783058400000,1714.23,1720.9,1711.8,1715.07,23689.5,40658880.6713
1783062000000,1715.07,1721.97,1713.05,1717.33,24880.95,42745753.8749
1783065600000,1717.33,1734.86,1714.89,1719.1,83881.6,144811830.76
1783069200000,1719.1,1730.74,1716.17,1725.65,40636.96,70106440.9012
1783072800000,1725.65,1748.5,1725.59,1741.49,108176.04,188084289.7515
1783076400000,1741.49,1747.6,1736.7,1741.7,47870.18,83401514.6737
1783080000000,1741.7,1744.54,1730.67,1735.74,34477.11,59842190.8406
1783083600000,1735.74,1753.48,1735.43,1747.51,51446.42,89776951.4187
1783087200000,1747.51,1747.51,1727.87,1736.36,58663.13,101758739.5394
1783090800000,1736.36,1745.53,1728.83,1730.32,56171.14,97549398.025
1783094400000,1730.32,1734.85,1726.2,1732.88,19691.96,34083169.6601
1783098000000,1732.88,1741.57,1731.59,1737.66,25736.1,44699430.6238
1783101600000,1737.66,1740.43,1735.09,1737.92,13590.03,23614147.1551
1783105200000,1737.92,1752.46,1736.33,1744.67,49100.84,85693561.8132
1783108800000,1744.67,1772.99,1742.7,1765.33,123089.87,216718521.1833
1783112400000,1765.33,1775.74,1755.93,1762.75,46654.29,82360634.5524
1783116000000,1762.75,1763.4,1754.91,1756.57,12646.8,22233240.8215
1783119600000,1756.57,1761.7,1754.53,1757.29,10303.5,18114059.3384
1783123200000,1757.29,1763.37,1755.34,1757.79,16523.97,29072771.3408
1783126800000,1757.79,1757.79,1745.17,1747.13,32429.81,56724364.1567
1783130400000,1747.13,1750.36,1743.08,1748.54,12905.4,22544227.6223
1783134000000,1748.54,1755.87,1746.36,1752.88,16227.2,28416493.3382
1783137600000,1752.88,1763.99,1751.25,1760.88,23800.05,41825660.1093
1783141200000,1760.88,1761.09,1752.11,1755.3,15147.08,26601534.4729
1783144800000,1755.3,1760.66,1750.52,1754.06,14147.23,24823293.8289
1783148400000,1754.06,1758.97,1751.98,1757.42,14621.36,25669513.6914
1783152000000,1757.42,1764.76,1756.32,1761.52,21111.54,37168287.9395
1783155600000,1761.52,1762.37,1754.11,1757.31,12072.58,21224208.7843
1783159200000,1757.31,1760.39,1756.06,1758.28,7388.34,12991836.35
1783162800000,1758.28,1759.53,1755.42,1757.13,9276.3,16301596.2188
1783166400000,1757.13,1765.94,1757.13,1763.5,15466.9,27253169.5278
1783170000000,1763.5,1778.26,1760.78,1763.1,47335.99,83727153.7894
1783173600000,1763.1,1774.53,1762.98,1771.58,27616.19,48879477.2663
1783177200000,1771.58,1798.96,1771.57,1790.42,138734.42,248271753.999
1783180800000,1790.42,1791.54,1782.54,1786.14,29490.38,52696467.6414
1783184400000,1786.14,1809.7,1778.06,1798.75,87119.68,156368453.4294
1783188000000,1798.75,1805.76,1790.81,1792.91,26889.61,48336553.8344
1783191600000,1792.91,1797,1787.09,1791.68,21180.14,37962496.9264
1783195200000,1791.68,1795.35,1782.76,1786.19,23497.42,42008942.6966
1783198800000,1786.19,1793.6,1785.34,1788.36,14863.64,26605545.0571
1783202400000,1788.36,1788.83,1781.19,1783.85,11917.94,21266849.4595
1783206000000,1783.85,1784.76,1771.3,1779.79,38893.34,69086335.6908
1783209600000,1779.79,1780,1768.04,1772,24140.55,42817570.6584
1783213200000,1772,1774,1760.31,1765.79,49417.64,87244265.2913
1783216800000,1765.79,1767.24,1755.25,1760.02,43070.23,75784240.6996
1783220400000,1760.02,1763,1756.81,1760.66,15002.92,26411613.5887
1783224000000,1760.66,1771.9,1759.18,1766.6,28739.81,50784036.5106
1783227600000,1766.6,1766.91,1759.23,1765.21,17075.54,30119452.1656
1783231200000,1765.21,1767.42,1761.12,1763.84,9741.55,17184205.8668
1783234800000,1763.84,1771.9,1760.86,1769.21,22208.67,39236803.6872
1783238400000,1769.21,1772.44,1765.63,1766.63,15175.65,26834924.1066
1783242000000,1766.63,1766.94,1747.88,1757.27,54910.18,96374805.8309
1783245600000,1757.27,1761.14,1754.05,1760.63,15318.2,26938050.5913
1783249200000,1760.63,1764.26,1757.79,1759.32,14615.08,25736441.4745
1783252800000,1759.32,1769.19,1755.2,1764.22,25079.32,44223120.9582
1783256400000,1764.22,1766.95,1760.01,1765.58,11429.25,20160793.9891
1783260000000,1765.58,1771.97,1764.01,1771.51,17434.53,30811164.3241
1783263600000,1771.51,1782.92,1769.36,1773.85,65882.41,116972394.0532
1783267200000,1773.85,1777.02,1769.4,1771.94,17192.23,30468706.4802
1783270800000,1771.94,1786.95,1771.94,1778.51,52909.29,94235130.3394
1783274400000,1778.51,1786.66,1776.85,1780.33,34485.15,61462916.8383
1783278000000,1780.33,1784.05,1776.69,1780.67,13014.4,23168746.8249
1783281600000,1780.67,1782.88,1775.27,1776.47,9662.83,17176479.6603
1783285200000,1776.47,1795.02,1768.5,1786.04,73962.45,131842627.8569
1783288800000,1786.04,1808.37,1783.26,1789.22,83906.1,150584434.8691
1783292400000,1789.22,1802.53,1781.64,1785.02,31423.7,56305198.3322
1783296000000,1785.02,1793.43,1773.09,1792.55,46450.89,82837504.687
1783299600000,1792.55,1798.69,1784.11,1785.38,27408.79,49094399.821
1783303200000,1785.38,1789.75,1778.04,1782.73,24281.13,43286005.6126
1783306800000,1782.73,1784.5,1770.72,1778.94,26853.09,47718552.5846
1783310400000,1778.94,1784.43,1775.34,1777.11,14929.13,26573462.2542
1783314000000,1777.11,1777.52,1763.53,1773.2,38229.96,67674802.9339
1783317600000,1773.2,1774.6,1768.5,1768.73,16677.57,29546270.1151
1783321200000,1768.73,1774.93,1766.09,1771.51,19734.49,34944561.0627
1783324800000,1771.51,1777.93,1761.58,1764.96,34429.2,60893005.8508
1783328400000,1764.96,1765.32,1755.05,1758.02,42030.47,73947579.3764
1783332000000,1758.02,1773.74,1757.34,1770.44,38670.93,68364016.0478
1783335600000,1770.44,1774.93,1758.41,1758.41,36490.46,64514015.0351
1783339200000,1758.41,1760.25,1734.2,1739.81,208010.73,362807558.2929
1783342800000,1739.81,1752.84,1727.97,1743.69,122301.54,212729742.321
1783346400000,1743.69,1762.83,1740.83,1750.99,82343.3,144290810.5744
1783350000000,1750.99,1788.56,1750.61,1787.99,142915.8,253281700.1227
1783353600000,1787.99,1804.77,1781.61,1791.84,183075.38,328406767.1756
1783357200000,1791.84,1799.85,1786.22,1787.44,33610.64,60224688.3025
1783360800000,1787.44,1795.82,1785.77,1791.99,20470.62,36674635.9762
1783364400000,1791.99,1798.16,1790.49,1791.81,19020.88,34124339.6127
1783368000000,1791.81,1795.82,1786.44,1792.34,19433.37,34800155.6239
1783371600000,1792.34,1834.54,1791.92,1814.4,188849.85,343082880.8306
1783375200000,1814.4,1816.47,1803.24,1805.56,18889.05,34171476.7042
1783378800000,1805.56,1809.42,1796.31,1799.01,34726.09,62517540.4914
1783382400000,1799.01,1809.6,1792.66,1802.86,74352.73,133926833.959
1783386000000,1802.86,1802.86,1787.05,1791.9,40443.03,72488938.8317
1783389600000,1791.9,1793.78,1775.92,1777.38,59087.69,105314025.5672
1783393200000,1777.38,1780.5,1768,1770.61,35399.97,62788968.8319
1783396800000,1770.61,1772.92,1761.67,1765.63,31468.02,55634411.2598
1783400400000,1765.63,1772.84,1756.61,1769.6,42829.21,75596897.1199
1783404000000,1769.6,1781.81,1763.65,1778.38,40579.79,71975155.7403
1783407600000,1778.38,1781.89,1770,1770.49,28856.84,51233732.6957
1783411200000,1770.49,1774.72,1767.17,1769.64,20801.38,36825092.1473
1783414800000,1769.64,1782.06,1767.49,1777.28,23629,41961110.2202
1783418400000,1777.28,1783.99,1773.01,1775.11,26851.47,47763850.6966
1783422000000,1775.11,1784.41,1770.86,1779.96,20946.66,37227973.9554
1783425600000,1779.96,1793.9,1779.41,1781.2,54235.11,96924629.8288
1783429200000,1781.2,1782.49,1764.89,1768.1,88453.44,156744269.5487
1783432800000,1768.1,1792.45,1760.01,1788.7,110568.17,195945795.9084
1783436400000,1788.7,1802.65,1782.13,1796.75,73607.6,131983319.6372
1783440000000,1796.75,1812.48,1791.86,1801.59,57285.61,103204847.9695
1783443600000,1801.59,1809.95,1797.44,1809.87,30958.52,55855684.1979
1783447200000,1809.87,1809.88,1784.79,1785.51,47952.86,86106616.5792
1783450800000,1785.51,1791.43,1772.62,1789.66,57008.19,101601132.4854
1783454400000,1789.66,1792.5,1780.41,1783.32,16925.28,30225644.8131
1783458000000,1783.32,1788.77,1770.01,1772.84,33151.98,58924555.4908
1783461600000,1772.84,1778.11,1764.03,1774.48,45079.06,79859194.3872
1783465200000,1774.48,1780.03,1766.83,1770.55,25156.74,44583390.4334
1783468800000,1770.55,1784.38,1768.93,1779.7,42449.54,75442732.4956
1783472400000,1779.7,1780.09,1748.31,1755.07,89658.78,157948566.4618
1783476000000,1755.07,1758.79,1740.42,1756.67,59911.03,104866952.2754
1783479600000,1756.67,1763.37,1747.94,1750.68,62377.91,109573939.9659
1783483200000,1750.68,1757.25,1748.42,1755.42,22488.81,39424531.3667
1783486800000,1755.42,1758.85,1749.31,1753.2,19337.06,33903430.5575
1783490400000,1753.2,1754.46,1745.28,1750.89,28255.19,49439831.8639
1783494000000,1750.89,1757.03,1743.82,1755.74,49655.5,87014162.9435
1783497600000,1755.74,1758,1723.66,1734.47,173755.93,301587659.0788
1783501200000,1734.47,1739.94,1729.04,1735.25,39415.17,68387807.1923
1783504800000,1735.25,1741.49,1731.49,1738.5,28269.8,49104089.7799
1783508400000,1738.5,1750.77,1734.75,1747.35,47322.21,82539073.7232
1783512000000,1747.35,1750.9,1737.05,1737.58,53111.65,92727071.7482
1783515600000,1737.58,1743.79,1729.53,1736.95,75038.79,130353286.0788
1783519200000,1736.95,1740.13,1721.07,1728.89,83478.02,144482739.293
1783522800000,1728.89,1729.78,1712.07,1721.98,72569.6,124716819.852
1783526400000,1721.98,1737.64,1721.92,1735.6,47190.67,81651705.9313
1783530000000,1735.6,1745.94,1730,1732.46,48993.35,85160159.1102
1783533600000,1732.46,1740.76,1729.01,1736.74,28852.43,50059292.7057
1783537200000,1736.74,1740.97,1732.51,1740.22,26448.53,45942864.9309
1783540800000,1740.22,1740.72,1733.86,1735.79,21974.48,38169357.5107
1783544400000,1735.79,1739.4,1730.42,1737.23,17438.49,30244955.9282
1783548000000,1737.23,1742.84,1735.66,1740.43,12617.19,21939666.4382
1783551600000,1740.43,1745.22,1737.7,1742.53,13737.6,23923044.5189
1783555200000,1742.53,1743.84,1735.82,1737.35,15601.17,27142551.0761
1783558800000,1737.35,1755.31,1729.12,1730.71,66971.8,116791692.6798
1783562400000,1730.71,1738.71,1722.19,1726.19,31022.77,53662980.636
1783566000000,1726.19,1733.72,1720.26,1729.75,26150.93,45157057.8896
1783569600000,1729.75,1744.11,1729.15,1741.73,27637.34,48037342.6781
1783573200000,1741.73,1749.24,1736.73,1748.73,37116.7,64718513.9633
1783576800000,1748.73,1755.19,1745.13,1754.67,42931.64,75181545.3856
1783580400000,1754.67,1761.94,1749.14,1752.4,52412.57,91982817.0859
1783584000000,1752.4,1758.44,1749.72,1753.56,26140.52,45855612.7525
1783587600000,1753.56,1755.65,1748.44,1754.83,20610.92,36113066.5839
1783591200000,1754.83,1756.8,1743.13,1745.46,22035.75,38525588.0876
1783594800000,1745.46,1747.66,1740.26,1743.3,26240.86,45738224.3654
1783598400000,1743.3,1747.05,1734,1740.87,77264.45,134447969.2145
1783602000000,1740.87,1751.72,1734.82,1746.22,49345.15,86033334.4267
1783605600000,1746.22,1749.32,1732.68,1742.52,51004.52,88679645.4393
1783609200000,1742.52,1748.72,1736.31,1738.45,35999.98,62753783.2754
1783612800000,1738.45,1743,1730.84,1738.27,28927.16,50215843.3928
1783616400000,1738.27,1752.61,1737.51,1747.74,34405.78,60060616.9931
1783620000000,1747.74,1759.6,1746.7,1750.71,41658.23,73048607.2514
1783623600000,1750.71,1752.28,1746.05,1747.83,13961.25,24414513.333
1783627200000,1747.83,1749.62,1744.1,1747.89,15608.71,27264431.1721
1783630800000,1747.89,1750.41,1744.02,1747.37,7434.94,12986382.2164
1783634400000,1747.37,1750.58,1745.31,1746.59,7032.07,12292648.0429
1783638000000,1746.59,1748.58,1740.62,1744.26,14969.26,26110664.7268
1783641600000,1744.26,1745.57,1736.48,1742.1,21676.55,37730520.3183
1783645200000,1742.1,1777.82,1737.03,1766.93,108326.71,191135362.3501
1783648800000,1766.93,1774.7,1764,1772.21,42724.19,75547699.2911
1783652400000,1772.21,1779.81,1768.12,1775.54,38043.34,67516569.426
1783656000000,1775.54,1779.66,1771.13,1773.99,27156.68,48225262.3854
1783659600000,1773.99,1779.28,1771.57,1778.27,21151.44,37560473.3575
1783663200000,1778.27,1779.28,1768.28,1770.6,29152.68,51661142.8219
1783666800000,1770.6,1776.99,1767.87,1772.68,20900.21,37041060.9313
1783670400000,1772.68,1789.04,1771.79,1783.25,53148.21,94791264.6805
1783674000000,1783.25,1794.51,1780.3,1792.01,47729.09,85357651.6299
1783677600000,1792.01,1802.3,1788.57,1796.03,42892.87,77042486.5736
1783681200000,1796.03,1801.94,1793.43,1800.49,28381.98,51034812.6813
1783684800000,1800.49,1807.46,1792.11,1793.41,53164.73,95718605.8509
1783688400000,1793.41,1812.38,1792.78,1803.14,49752.46,89606568.4004
1783692000000,1803.14,1803.89,1773.44,1784.08,110880.21,197985954.9124
1783695600000,1784.08,1796,1783,1790.37,33402.93,59780255.5102
1783699200000,1790.37,1799,1784.99,1796.67,48491.55,86878500.8318
1783702800000,1796.67,1798,1787,1787.22,36599.87,65592626.0132
1783706400000,1787.22,1792.5,1780.03,1784.05,24930.7,44522167.8249
1783710000000,1784.05,1797.57,1783.07,1791.97,40529.98,72643109.335
1783713600000,1791.97,1793.77,1788.54,1789.04,17361.11,31094391.1308
1783717200000,1789.04,1796,1788.65,1793.71,13557.75,24295279.8606
1783720800000,1793.71,1796,1791.91,1794.34,8253.44,14808099.9844
1783724400000,1794.34,1797.42,1791.42,1796,14823.28,26611191.5682
1783728000000,1796,1796.37,1789.13,1792.32,14304.69,25633195.9145
1783731600000,1792.32,1798.48,1787.5,1788.44,16615.96,29770436.7855
1783735200000,1788.44,1795.35,1785,1794.9,15418.07,27590972.3439
1783738800000,1794.9,1797.47,1791.87,1795.66,11843.3,21262513.7535
1783742400000,1795.66,1799.93,1795,1795.69,10093.98,18141438.961
1783746000000,1795.69,1801.71,1794.02,1798.5,10189.41,18324045.7006
1783749600000,1798.5,1803.26,1793.43,1798.29,20533.26,36956934.0802
1783753200000,1798.29,1801.28,1797.03,1799.17,9190.92,16535133.5029
1783756800000,1799.17,1802.75,1798.61,1800.85,8694.54,15655578.14
1783760400000,1800.85,1801.97,1794.29,1794.69,10170.07,18287328.6694
1783764000000,1794.69,1798.6,1794.42,1797.45,7042.53,12651240.168
1783767600000,1797.45,1800.23,1795.88,1799.6,6996.18,12581880.8465
1783771200000,1799.6,1800.79,1797.41,1799.4,8984.33,16163083.8942
1783774800000,1799.4,1807.99,1797.92,1801.96,25610.55,46170238.4665
1783778400000,1801.96,1817.34,1801.7,1809.88,55266.93,100086780.0892
1783782000000,1809.88,1827.91,1807.66,1814.01,110298.49,200590588.1996
1783785600000,1814.01,1823.84,1809.72,1822.56,41789.17,75926496.3033
1783789200000,1822.56,1829.98,1817.35,1823.86,21671.8,39540944.211
1783792800000,1823.86,1829.44,1822.69,1825.55,19485.2,35574521.7476
1783796400000,1825.55,1827.17,1818.17,1823.77,18004.79,32810616.6307
1783800000000,1823.77,1827.89,1823.09,1825.02,8470.87,15461030.6236
1783803600000,1825.02,1828.46,1821.72,1823.01,9797.25,17883625.7786
1783807200000,1823.01,1823.31,1807.99,1812.84,38628.66,70099943.1207
1783810800000,1812.84,1814.88,1785.5,1786.81,87685.88,157524731.0265
1783814400000,1786.81,1790.15,1777.84,1788.11,59815.95,106749068.6388
1783818000000,1788.11,1807.86,1787.05,1805.72,56528.26,101767053.0973
1783821600000,1805.72,1807,1801.55,1804.2,20526.84,37031831.4154
1783825200000,1804.2,1814.28,1801.81,1810.77,20460.49,37014215.0928
1783828800000,1810.77,1811.97,1803.22,1805.04,15068.12,27230516.1777
1783832400000,1805.04,1806.39,1800.19,1802.18,11498,20725235.386
1783836000000,1802.18,1802.19,1787.81,1794.07,57259.42,102696825.8929
1783839600000,1794.07,1798.47,1793.03,1798.13,16537.68,29713544.0353
1783843200000,1798.13,1808.57,1797.79,1804.41,39031.79,70405092.4363
1783846800000,1804.41,1805,1795.73,1801.59,19682.23,35424414.2422
1783850400000,1801.59,1801.84,1798.02,1798.65,9694.61,17448824.6686
1783854000000,1798.65,1806.12,1795.25,1802.89,15458.44,27850533.6588
1783857600000,1802.89,1808.78,1802,1806.16,12023.96,21706844.888
1783861200000,1806.16,1808.9,1804.46,1805.08,10584.4,19120379.7079
1783864800000,1805.08,1822.65,1803,1818.8,48206.78,87462798.966
1783868400000,1818.8,1826.2,1815.62,1820.13,51686.45,94146575.5035
1783872000000,1820.13,1823.68,1816.38,1820.84,20323.67,36987433.1177
1783875600000,1820.84,1821.8,1814.22,1817.5,17385.3,31617364.2296
1783879200000,1817.5,1821.86,1813.95,1820.78,27020.47,49103787.2183
1783882800000,1820.78,1822.85,1817.82,1820.61,8180.82,14893489.1338
1783886400000,1820.61,1824.1,1817.82,1820.62,19007.07,34611911.5663
1783890000000,1820.62,1822.99,1810.37,1811.82,30789.74,55879550.0746
1783893600000,1811.82,1811.82,1796.15,1804.07,67752.73,122064667.3148
1783897200000,1804.07,1808.37,1800.01,1806.21,18487.63,33357573.4691
1783900800000,1806.21,1846.89,1803.42,1825.79,211064.99,385608663.8357
1783904400000,1825.79,1829.54,1804.31,1805.85,70750.07,128511238.7616
1783908000000,1805.85,1814.31,1797.81,1805.94,75246.43,135832903.8358
1783911600000,1805.94,1805.94,1772.62,1779.74,159851.06,285653215.3732
1783915200000,1779.74,1784.37,1775,1777.96,33541.43,59698746.4474
1783918800000,1777.96,1785.84,1773.28,1780.74,53386.18,95028795.3235
1783922400000,1780.74,1782.8,1774.63,1776.95,36594.19,65033965.9677
1783926000000,1776.95,1790.49,1775.48,1786.54,33172.59,59199975.5265
1783929600000,1786.54,1792.7,1782.55,1789.45,37648.31,67313068.79
1783933200000,1789.45,1789.78,1783.7,1785,15449.47,27593929.9508
1783936800000,1785,1786.21,1775.69,1778.94,37578.49,66910765.5048
1783940400000,1778.94,1784.5,1778.58,1779.87,28436.34,50663816.2049
1783944000000,1779.87,1782.63,1766.42,1771.39,94671.27,167954826.7259
1783947600000,1771.39,1775.97,1762.06,1770.56,82196.15,145347343.6588
1783951200000,1770.56,1781.94,1760.61,1780.98,109115.77,193350305.2793
1783954800000,1780.98,1786.98,1774.59,1775.85,50907.2,90627434.8371
1783958400000,1775.85,1780.15,1766.01,1770.9,54888.01,97275072.5776
1783962000000,1770.9,1775.58,1751.58,1752.53,81292.71,143218329.4276
1783965600000,1752.53,1766.55,1748.14,1764.03,57811.46,101558630.2063
1783969200000,1764.03,1774.99,1763.46,1774.07,42876.81,75860991.5187
1783972800000,1774.07,1776.87,1760.34,1766.29,41390.68,73209243.0231
1783976400000,1766.29,1766.4,1751.21,1760.93,40835.71,71805678.69
1783980000000,1760.93,1767.99,1755.18,1757.11,28716.54,50612080.2349
1783983600000,1757.11,1777.76,1755.2,1776,33429.23,59119524.0981
1783987200000,1776,1788.6,1772.43,1785.41,82704.17,147186201.7306
1783990800000,1785.41,1793.94,1782.38,1784.1,48563.17,86796510.6219
1783994400000,1784.1,1788.33,1773.92,1781.87,41248.23,73436183.226
1783998000000,1781.87,1783.45,1773.71,1782.86,20084.01,35714328.3018
1784001600000,1782.86,1789,1781.29,1784.96,27123.95,48443955.8132
1784005200000,1784.96,1792.63,1783.67,1786.27,26146.27,46769453.9561
1784008800000,1786.27,1786.76,1781,1782.37,13778.73,24581636.9705
1784012400000,1782.37,1785.49,1778.16,1779.86,26373.13,46979753.4537
1784016000000,1779.86,1788.94,1777.63,1785.17,21626,38577322.9331
1784019600000,1785.17,1788.94,1782,1785.33,17723.66,31650159.287
1784023200000,1785.33,1804.78,1785.11,1799.53,71009.78,127442135.6038
1784026800000,1799.53,1802.42,1794.9,1797.4,36980.66,66496659.2387
1784030400000,1797.4,1866,1793.5,1860.5,422339.63,773146928.6997
1784034000000,1860.5,1882.58,1854.15,1870.94,272397.77,509236966.125
1784037600000,1870.94,1884.35,1858.63,1880.17,102607.66,191765142.8874
1784041200000,1880.17,1888,1871.02,1874.49,116220.67,218447622.0774
1784044800000,1874.49,1876.57,1867.77,1873.04,40444.84,75730908.2659
1784048400000,1873.04,1873.05,1860.03,1870.82,51645.31,96374361.5624
1784052000000,1870.82,1876.28,1867.32,1873.92,26793.54,50153674.7401
1784055600000,1873.92,1881.24,1873.36,1875.98,29841.08,56019088.3591
1784059200000,1875.98,1878,1872.95,1874.56,17617.35,33035955.4961
1784062800000,1874.56,1879.42,1873.43,1875.56,16273.47,30535017.6919
1784066400000,1875.56,1898,1871.01,1881.17,82104.64,154848064.031
1784070000000,1881.17,1892.74,1877.58,1891.08,32414.71,61140617.9517
1784073600000,1891.08,1892.84,1877.22,1880.82,33233.48,62594786.4304
1784077200000,1880.82,1881.37,1866.42,1869.67,38413.66,71931497.2141
1784080800000,1869.67,1872.17,1863.29,1863.46,36829.18,68723816.4225
1784084400000,1863.46,1878.59,1863.46,1875.53,34622.06,64822422.9485
1784088000000,1875.53,1880,1873,1875.92,24033.43,45112112.1994
1784091600000,1875.92,1882.89,1870.78,1882.1,38046.46,71377776.2063
1784095200000,1882.1,1891.34,1874.01,1874.67,71436.93,134622855.3489
1784098800000,1874.67,1876.44,1863.53,1869.03,92860.67,173505559.7489
1784102400000,1869.03,1878.72,1868.86,1878.39,39540.91,74096137.1452
1784106000000,1878.39,1886.02,1878.11,1878.99,46547.12,87607654.3414
1784109600000,1878.99,1885.61,1874.08,1877.06,38560.6,72501179.9883
1784113200000,1877.06,1885,1876.42,1883.82,26843.73,50484472.2545
1784116800000,1883.82,1929.25,1878.27,1926.4,208573.04,397962682.8405
1784120400000,1926.4,1945.91,1916.2,1924.75,230320.87,445274965.0275
1784124000000,1924.75,1934.86,1918.17,1932.13,113167.27,218167863.9197
1784127600000,1932.13,1936.67,1924.78,1930.86,48861.09,94381002.9008
1784131200000,1930.86,1932.13,1903.01,1918.72,112395.22,215343228.1217
1784134800000,1918.72,1931.46,1918.44,1927.26,49770.23,95792073.3163
1784138400000,1927.26,1936.2,1921.76,1923.78,47040.78,90764596.8193
1784142000000,1923.78,1928.6,1918.33,1923.13,38049.17,73193666.4716
1784145600000,1923.13,1929.76,1918.54,1922.59,20081.91,38631247.0044
1784149200000,1922.59,1924.91,1918.67,1921.18,14016.68,26931828.1282
1784152800000,1921.18,1927.49,1917.17,1922.26,18703.16,35958181.4849
1784156400000,1922.26,1926.4,1913.62,1916.95,33517.4,64289207.2795
1784160000000,1916.95,1924.31,1910.48,1914.06,36196.01,69373163.5951
1784163600000,1914.06,1925.56,1907,1922.01,38913.5,74522240.2954
1784167200000,1922.01,1925.93,1918.16,1924.59,18602.34,35753899.2093
1784170800000,1924.59,1928.49,1916,1917.71,33699.06,64730661.6725
1784174400000,1917.71,1920.35,1913,1917.57,24140.99,46280694.3579
1784178000000,1917.57,1927,1916.3,1924.77,30973.49,59555485.794
1784181600000,1924.77,1929.34,1914.34,1921.94,35011.88,67295852.8652
1784185200000,1921.94,1921.94,1904.09,1909.71,56135.47,107229981.4718
1784188800000,1909.71,1912.11,1874.52,1885.39,250635.43,473545299.6785
1784192400000,1885.39,1888.52,1879.09,1883.82,41839.42,78840500.6399
1784196000000,1883.82,1890.84,1882.97,1887.56,23833.92,44973423.3163
1784199600000,1887.56,1887.71,1877.72,1884.2,36339.14,68440641.5903
1784203200000,1884.2,1884.2,1866.41,1871.7,73296.42,137374997.4186
1784206800000,1871.7,1889.7,1870,1881.83,69003.65,129710564.4726
1784210400000,1881.83,1892.64,1872.72,1882.68,86373.16,162634387.8341
1784214000000,1882.68,1895,1870.03,1881.1,94674.52,178311836.8605
1784217600000,1881.1,1882.31,1873.44,1878.03,49762.48,93425500.3054
1784221200000,1878.03,1878.62,1860.02,1868.14,102746.63,191887053.2543
1784224800000,1868.14,1878.95,1867.06,1874.95,34748.1,65123699.5162
1784228400000,1874.95,1877.04,1869.84,1874.82,15904.03,29793344.2511
1784232000000,1874.82,1875.16,1870.6,1871,11590.77,21707755.0797
1784235600000,1871,1880.95,1870.94,1877.9,14638.02,27472993.3498
1784239200000,1877.9,1880.83,1866.55,1867.98,32728.33,61282569.6864
1784242800000,1867.98,1869.86,1855.51,1863.6,66865.39,124454185.8348
1784246400000,1863.6,1865.86,1846.6,1864.99,80478.67,149385206.6165
1784250000000,1864.99,1870,1847.01,1850.32,52865.5,98328014.9577
1784253600000,1850.32,1855,1842.38,1847.4,41788.25,77220976.866
1784257200000,1847.4,1858.99,1846.52,1851.74,39760.38,73738309.2641
1784260800000,1851.74,1852.14,1843,1849.12,32150.41,59393549.9968
1784264400000,1849.12,1849.12,1820.7,1823.12,97097.87,177936782.6446
1784268000000,1823.12,1835.74,1819.67,1831.46,67909.82,124143872.0302
1784271600000,1831.46,1832.57,1825.15,1827.21,33368.55,61023091.832
1784275200000,1827.21,1831.69,1819.7,1829.05,50135.84,91517570.331
1784278800000,1829.05,1835.3,1828.06,1834.15,25094.18,45965006.3178
1784282400000,1834.15,1839.48,1832.89,1835.81,36993.24,67948750.5304
1784286000000,1835.81,1842.35,1832.33,1838.1,33219.88,61072908.215
1784289600000,1838.1,1839.51,1826.21,1827.8,42380.76,77634578.8106
1784293200000,1827.8,1828.43,1802.56,1824.83,149809.75,271683281.1773
1784296800000,1824.83,1833.34,1816.09,1821.43,97634.38,178152470.565
1784300400000,1821.43,1830.83,1810,1830.23,76746.26,139634487.1041
1784304000000,1830.23,1840,1825.35,1835.19,55895.95,102496549.4571
1784307600000,1835.19,1855.96,1835.19,1842.99,79081.42,146011167.8196
1784311200000,1842.99,1848.99,1834.15,1846.06,52686.64,96967230.8128
1784314800000,1846.06,1846.45,1834.67,1842.49,22800.14,41978588.6319
1784318400000,1842.49,1845.44,1836.21,1842.04,21917.24,40328539.4518
1784322000000,1842.04,1845.99,1839.71,1840.79,11075.34,20405529.8256
1784325600000,1840.79,1843.1,1836.6,1839.02,13827.35,25428946.1695
1784329200000,1839.02,1843.66,1834.24,1841.16,11521.59,21184335.9828
1784332800000,1841.16,1844.47,1839.16,1840.01,7868.57,14486033.473
1784336400000,1840.01,1842.59,1838.32,1841.72,5480.48,10085989.0431
1784340000000,1841.72,1845.99,1840.28,1841.05,11028.18,20326876.1978
1784343600000,1841.05,1845.51,1840.41,1845.2,6943.28,12796515.0598
1784347200000,1845.2,1845.44,1841.57,1844.03,5215.57,9612934.5116
1784350800000,1844.03,1849.03,1842.06,1845.14,10294.54,18998647.9124
1784354400000,1845.14,1847.22,1842.02,1843.91,5368.85,9901391.4909
1784358000000,1843.91,1845.18,1841.95,1843.36,8204.91,15126219.1954
1784361600000,1843.36,1848.59,1841.34,1846.73,10311.89,19026891.6672
1784365200000,1846.73,1847.24,1842,1844,8077.48,14894936.8718
1784368800000,1844,1845.96,1842.74,1844.6,5681.49,10477881.146
1784372400000,1844.6,1845.91,1843.41,1844.67,3327.7,6138300.6043
1784376000000,1844.67,1849.98,1839.11,1844.01,19513.99,35976352.1165
1784379600000,1844.01,1844.01,1836.4,1840.76,16218.04,29833313.9362
1784383200000,1840.76,1845.5,1839.7,1845.12,12574.72,23186194.1995
1784386800000,1845.12,1845.37,1841.18,1843.12,8158.59,15041108.3325
1784390400000,1843.12,1846.59,1840.65,1845.35,14374.62,26501064.245
1784394000000,1845.35,1852.73,1842.62,1851.95,35673.18,65947561.2449
1784397600000,1851.95,1868.6,1849.1,1856.66,59652.29,110884685.3073
1784401200000,1856.66,1860.91,1854.95,1857.67,21100.03,39190848.1293
1784404800000,1857.67,1862.78,1854.25,1856.25,30267.22,56236263.5848
1784408400000,1856.25,1863,1854.9,1860.17,28053.15,52168975.5589
1784412000000,1860.17,1865.16,1858.98,1862.59,13132.55,24456965.1
1784415600000,1862.59,1863.49,1859.1,1861.88,6490.67,12079345.8287
1784419200000,1861.88,1862.8,1858.15,1860.68,13283.81,24711353.0497
1784422800000,1860.68,1860.84,1857.4,1858.19,17064.76,31724380.5119
1784426400000,1858.19,1876.92,1857.43,1870.67,54924.05,102689816.8823
1784430000000,1870.67,1872.15,1863,1866.56,14226.26,26544924.08
1784433600000,1866.56,1869.45,1863.43,1866.53,11694.96,21820510.9816
1784437200000,1866.53,1869.75,1864.35,1867.66,8186.42,15284605.8014
1784440800000,1867.66,1870.82,1867.56,1868.28,7748.37,14480775.2372
1784444400000,1868.28,1871.29,1866,1869.4,10473.6,19569579.7482
1784448000000,1869.4,1874.78,1866.48,1872.87,15311.76,28634481.8315
1784451600000,1872.87,1873.39,1864.3,1865.47,30333.15,56632750.0878
1784455200000,1865.47,1879.38,1862.03,1871.66,39763.28,74395225.8417
1784458800000,1871.66,1877.87,1868.94,1870.42,18178.73,34054467.6192
1784462400000,1870.42,1873.61,1863.35,1869.58,34637.63,64711981.771
1784466000000,1869.58,1873.56,1864.62,1871.11,18536.82,34647184.35
1784469600000,1871.11,1878.68,1867.63,1873.95,34815.07,65235950.6412
1784473200000,1873.95,1875.37,1867.77,1870.19,27070.77,50620530.0695
1784476800000,1870.19,1872.99,1864.7,1865.72,33930.27,63397503.8901
1784480400000,1865.72,1873.93,1855.85,1866.29,43470.09,81067593.6243
1784484000000,1866.29,1866.92,1850,1860.24,72804.3,135336077.6769
1784487600000,1860.24,1862.08,1853.75,1861.45,12269.31,22799771.6106
1784491200000,1861.45,1866.52,1861.28,1866.52,19189.72,35765736.0383
1784494800000,1866.52,1867.55,1856.58,1861.16,28469.31,52973037.503
1784498400000,1861.16,1877.97,1855.86,1869.84,83497.09,156073817.1885
1784502000000,1869.84,1874.26,1864,1871.37,32993.85,61653540.0148
1784505600000,1871.37,1891.45,1861.51,1871.21,112809.69,211983872.4952
1784509200000,1871.21,1889.47,1864.56,1868.47,79271.74,148789723.9976
1784512800000,1868.47,1882.89,1866.56,1878.21,58700.71,110094234.8512
1784516400000,1878.21,1881.49,1869.67,1878.98,34358.5,64446807.7704
1784520000000,1878.98,1879.3,1867.05,1867.86,41040.26,76862348.9936
1784523600000,1867.86,1868.95,1850,1854.53,88456.22,164376701.8832
1784527200000,1854.53,1859.17,1841.67,1848.72,91689.09,169584538.4528
1784530800000,1848.72,1864.71,1847.85,1863.08,52201.83,96891560.3705
1784534400000,1863.08,1867.77,1852.66,1859.9,67132.71,124913328.2955
1784538000000,1859.9,1866.86,1856.86,1863.37,31138.05,58033387.6521
1784541600000,1863.37,1871.74,1861.8,1868.07,26070.06,48694399.2445
1784545200000,1868.07,1896.75,1867.09,1892.93,161580.66,304728612.4216
1784548800000,1892.93,1893.35,1870.76,1872.39,75077.89,141095928.4307
1784552400000,1872.39,1879.96,1856.33,1861.68,117497.88,219627743.4732
1784556000000,1861.68,1871.86,1852.2,1867.13,67929.35,126489265.8781
1784559600000,1867.13,1904.77,1866.51,1901.75,128357.47,242380602.2828
1784563200000,1901.75,1906.57,1892.94,1898.51,79866.63,151679960.7954
1784566800000,1898.51,1909.23,1894.12,1907.09,57085.03,108646009.3386
1784570400000,1907.09,1917.88,1896.63,1898.54,82292.1,157021971.5247
1784574000000,1898.54,1900.22,1889.08,1897.55,49879.99,94508772.9217
1784577600000,1897.55,1905.78,1895.16,1904.21,27594.15,52488601.7852
1784581200000,1904.21,1907.55,1900.9,1901.64,28660.45,54563579.6828
1784584800000,1901.64,1901.9,1893.3,1894.68,41150.76,78083310.5879
1784588400000,1894.68,1904.45,1894.11,1903.67,14005.2,26617874.7083
1784592000000,1903.67,1918,1899.55,1914.29,44503.58,84999946.8827
1784595600000,1914.29,1917.75,1906.32,1906.88,38702.23,73985925.1843
1784599200000,1906.88,1923.85,1903.6,1916.55,37342.62,71484983.2992
1784602800000,1916.55,1929.5,1916.15,1926.03,46066.35,88632494.3085
1784606400000,1926.03,1930.82,1921.69,1923.91,42259.83,81369799.6011
1784610000000,1923.91,1935.32,1921.05,1929.73,36708.34,70752489.2168
1784613600000,1929.73,1939.46,1927,1934.12,37019.5,71604393.4703
1784617200000,1934.12,1939.99,1932.3,1933.15,30712.33,59429673.2924
1784620800000,1933.15,1953.39,1930.78,1939.06,87606.6,170108515.8881
1784624400000,1939.06,1943,1935.7,1941.19,25447.08,49340747.9999
1784628000000,1941.19,1946.41,1931,1933.01,41201.79,79850752.2946
1784631600000,1933.01,1936.57,1926.14,1934.83,47949.47,92565653.6428
1784635200000,1934.83,1944.77,1931.81,1941.76,58344.97,113184315.7999
1784638800000,1941.76,1943,1926.36,1939.44,59884.79,115869970.6585
1784642400000,1939.44,1943.5,1926.78,1930.86,76611.3,148288115.064
1784646000000,1930.86,1931.87,1922.11,1931.01,49815.19,95993477.1521
1784649600000,1931.01,1934.83,1920.64,1925.51,42838.56,82496499.9011
1784653200000,1925.51,1927.5,1913.01,1917.83,46419.68,89126383.8405
1784656800000,1917.83,1922.08,1914.14,1919.26,30218.93,57982466.7758
1784660400000,1919.26,1925.51,1917.37,1922.7,44613.13,85774545.4737
1784664000000,1922.7,1925.39,1920.42,1922.1,11070.42,21283899.2071
1784667600000,1922.1,1925.93,1918.86,1923.13,13824,26583544.2534
1784671200000,1923.13,1923.13,1916.95,1919.89,16169.63,31053319.7101
1784674800000,1919.89,1931.9,1915.7,1929.32,30912.73,59499755.3628
1784678400000,1929.32,1943.95,1928.16,1938.56,65006.81,125898868.0165
1784682000000,1938.56,1939.97,1926.8,1932.68,30057.07,58097782.2815
1784685600000,1932.68,1935.61,1925.84,1929.43,18423.81,35552231.8154
1784689200000,1929.43,1935,1925.46,1927.39,19936.3,38470199.1283
1784692800000,1927.39,1938.65,1926.87,1935.71,18515.15,35812395.0182
1784696400000,1935.71,1935.98,1916.75,1918.65,42431.85,81590085.4212
1784700000000,1918.65,1920.24,1912.13,1916.61,33068.81,63361913.2605
1784703600000,1916.61,1918.15,1909.41,1913.44,38780.87,74199819.9302
1784707200000,1913.44,1924.7,1913,1920.27,34532.43,66297202.5439
1784710800000,1920.27,1926.04,1918.66,1924.08,33841.33,65063599.9001
1784714400000,1924.08,1932.99,1922.62,1929.8,31254.21,60255890.0293
1784718000000,1929.8,1930.88,1921,1926.4,26197.15,50451785.6656
1784721600000,1926.4,1926.4,1912.41,1916.05,37481.5,71916514.2761
1784725200000,1916.05,1942.21,1915.67,1939.01,92719.26,179098637.3182
1784728800000,1939.01,1957.31,1921.72,1932.43,139743.95,270882246.7166
1784732400000,1932.43,1951.87,1932.1,1942.02,90404.37,175744551.3784
1784736000000,1942.02,1956.34,1934.6,1949.06,81834.3,159381447.4448
1784739600000,1949.06,1949.77,1933.61,1937.62,41750.27,81022679.7089
1784743200000,1937.62,1939.21,1922.09,1929.56,73580.64,141938973.3547
1784746800000,1929.56,1931.16,1919.88,1923.94,36924.84,71060570.9228
1784750400000,1923.94,1930,1921.84,1925.73,27560.32,53092263.3033
1784754000000,1925.73,1938.86,1925.72,1937.97,30995.22,59885562.9434
1784757600000,1937.97,1938.35,1929.14,1937.35,23983.17,46365784.0563
1784761200000,1937.35,1937.79,1922.34,1933.3,32622.81,62918368.1451
1784764800000,1933.3,1941.27,1931.3,1931.4,39602.95,76697882.7204
1784768400000,1931.4,1935.93,1925.45,1927.36,33081.82,63828943.1591
1784772000000,1927.36,1928.58,1920.51,1926.66,27517.21,52964193.1278
1784775600000,1926.66,1927.01,1916.5,1919.55,30652.02,58879424.0601
1784779200000,1919.55,1924.95,1917.54,1919.05,24407.56,46884387.2126
1784782800000,1919.05,1928,1917.2,1921.82,22664.46,43569097.918
1784786400000,1921.82,1926.04,1920,1924.52,16706.5,32134813.4637
1784790000000,1924.52,1924.52,1911.5,1914.78,49302.62,94422270.7973
1784793600000,1914.78,1926.67,1913.45,1925.56,27528.48,52898408.3527
1784797200000,1925.56,1930.88,1922.4,1923.1,38304.85,73833908.6484
1784800800000,1923.1,1929.48,1921,1927.22,18743.83,36115125.859
1784804400000,1927.22,1928.29,1923.41,1924.74,18625.92,35864237.6923
1784808000000,1924.74,1927.02,1892.21,1903.5,132964.91,253386509.5274
1784811600000,1903.5,1908.4,1894.6,1897.79,73935.8,140602597.9156
1784815200000,1897.79,1906.69,1890.69,1895.38,65849.33,125028434.5533
1784818800000,1895.38,1897.19,1881.23,1894.51,128676.3,243178833.9805
1784822400000,1894.51,1894.72,1883.6,1886.99,72021.95,135948513.9536
1784826000000,1886.99,1891.94,1870.24,1877.6,47402.89,89198508.112
1784829600000,1877.6,1883.6,1874.52,1879.95,61300.63,115175232.419
1784833200000,1879.95,1882.51,1867,1874.77,51820.82,97121003.9239
1784836800000,1874.77,1888.22,1873.53,1884.96,33761.49,63580394.9829
1784840400000,1884.96,1887.93,1879.77,1881.78,18376.22,34596364.7841
1784844000000,1881.78,1883.18,1873.19,1882.46,27976.27,52560465.9125
1784847600000,1882.46,1883.99,1873.6,1877.44,24806.27,46581451.8333
1784851200000,1877.44,1878,1858.12,1870.47,72757.76,135849961.4299
1784854800000,1870.47,1876.68,1869.33,1871.88,34882.17,65364760.2724
1784858400000,1871.88,1877.49,1863.51,1868.67,26235.98,49049912.2923
1784862000000,1868.67,1880.88,1867.27,1879.69,25071.13,47048724.7143
1784865600000,1879.69,1881.17,1873.8,1875.15,10672.44,20040104.603
1784869200000,1875.15,1881.34,1872.22,1880.03,42676.21,80178650.4027
1784872800000,1880.03,1887.5,1878.02,1887.32,40074.65,75447176.8053
1784876400000,1887.32,1909.3,1886.24,1895.22,153190.9,290646935.7752
1784880000000,1895.22,1895.29,1884.68,1887.19,29254.19,55308858.1431
1784883600000,1887.19,1888.28,1877.28,1887.04,45019.05,84770152.745
1784887200000,1887.04,1887.81,1879.19,1882.68,16591.99,31249730.7356
1784890800000,1882.68,1883.81,1875.6,1882.93,26361.05,49553353.2122
1784894400000,1882.93,1885.19,1870.89,1871.61,37795.85,70978272.5953
1784898000000,1871.61,1874.65,1846.6,1856.97,144867.75,269458087.3434
1784901600000,1856.97,1862.4,1846.83,1861.87,84691.17,157074365.2555
1784905200000,1861.87,1868.67,1853.07,1861.21,73314.54,136536788.327
1784908800000,1861.21,1865.46,1852.29,1856.52,34557.78,64233974.8059
1784912400000,1856.52,1866.11,1854.09,1865.71,26242.19,48843209.8306
1784916000000,1865.71,1865.9,1857.6,1861.85,18017.3,33542320.9052
1784919600000,1861.85,1863.75,1856.97,1862.83,11666.51,21706769.8714
1784923200000,1862.83,1864.7,1857.32,1859.75,12972.4,24141516.1252
1784926800000,1859.75,1860.7,1855.39,1856.84,13789.36,25626758.6476
1784930400000,1856.84,1860.92,1855.85,1858.7,8768.14,16298508.0347
1784934000000,1858.7,1861.12,1858.04,1860.52,6256.17,11635872.565
1784937600000,1860.52,1863.99,1855.71,1859.5,19229.92,35765174.3364
1784941200000,1859.5,1863,1857.2,1859.31,10659.97,19823387.4181
1784944800000,1859.31,1860.86,1857.06,1858.55,11288.08,20977561.4508
1784948400000,1858.55,1859.58,1854.36,1857.77,8548.44,15876961.8067
1784952000000,1857.77,1862.17,1857.6,1860.49,6480.91,12055390.1325
1784955600000,1860.49,1862.11,1855.9,1857.6,10504,19526142.6895
1784959200000,1857.6,1859.48,1853.68,1857.64,12671.19,23517834.1846
1784962800000,1857.64,1857.94,1855.17,1855.17,7036.54,13063010.125
1784966400000,1855.17,1855.29,1850.04,1853,15180.42,28129424.0217
1784970000000,1853,1858.43,1850.75,1857.61,8362.81,15514362.2948
1784973600000,1857.61,1858.72,1855.78,1857.87,8158.95,15153695.3061
1784977200000,1857.87,1859.43,1856.6,1857.14,5525.11,10266861.8029
1784980800000,1857.14,1859.77,1856.13,1859.45,8248.02,15319974.156
1784984400000,1859.45,1871.58,1859.01,1866.45,49358.04,92126446.9112
1784988000000,1866.45,1868.45,1864.41,1867.79,12301.58,22961019.6433
1784991600000,1867.79,1870.51,1866.22,1867.18,14068.47,26282228.4687
1784995200000,1867.18,1870.35,1863.63,1867.29,14958.89,27915131.9784
1784998800000,1867.29,1874.3,1867.12,1872.23,15842.81,29655030.1215
1785002400000,1872.23,1876,1871.41,1874.42,16676.49,31251697.6514
1785006000000,1874.42,1875.75,1873.44,1873.88,8325.39,15606447.5765
1785009600000,1873.88,1874.1,1869.31,1871.39,11807.69,22093349.217
1785013200000,1871.39,1874.8,1866.51,1871.76,12588.75,23548992.5304
1785016800000,1871.76,1876.47,1871.42,1874.95,8376.24,15698741.1732
1785020400000,1874.95,1875.49,1872.52,1873.74,5103.69,9564208.1763
1785024000000,1873.74,1880.99,1872.78,1880.26,18093.88,33974320.9343
1785027600000,1880.26,1880.94,1876.88,1877.81,11003.37,20670400.0966
1785031200000,1877.81,1880.67,1876,1879.85,5360.53,10068258.4416
1785034800000,1879.85,1883.25,1877.8,1881.3,12021.16,22614848.2287
1785038400000,1881.3,1888.75,1879.43,1885.47,18114.72,34134369.4335
1785042000000,1885.47,1886.64,1882.04,1882.71,10290.97,19390680.4369
1785045600000,1882.71,1884.61,1877.4,1884.06,16219.27,30501877.5935
1785049200000,1884.06,1885.66,1879.73,1880.98,13165.5,24783654.1174
1785052800000,1880.98,1882.08,1878.25,1880.68,8463.29,15912580.3577
1785056400000,1880.68,1885.14,1880.6,1883.18,7446.11,14021027.2505
1785060000000,1883.18,1886.99,1881.49,1885.37,12018.27,22652631.3505
1785063600000,1885.37,1887,1883.81,1885.22,8257.51,15572347.6966
1785067200000,1885.22,1893.56,1884.74,1885.43,23349.2,44106582.3594
1785070800000,1885.43,1888,1880.86,1885.82,20661.29,38933320.5466
1785074400000,1885.82,1899.51,1885.65,1897.98,45490.87,86192045.0605
1785078000000,1897.98,1916.7,1897.03,1913.82,96299.8,183864954.0842
1785081600000,1913.82,1927.9,1907.83,1915.31,63752.15,122303416.8624
1785085200000,1915.31,1917.12,1909.55,1910.35,21710.95,41527592.7306
1785088800000,1910.35,1915.75,1909.69,1913.58,12284.84,23498395.7434
1785092400000,1913.58,1915.18,1910.99,1913.4,8976.82,17173802.6187
1785096000000,1913.4,1913.95,1910.52,1912.85,7519.22,14377132.7842
1785099600000,1912.85,1929.99,1912.67,1925.37,36981.84,71103141.19
1785103200000,1925.37,1953.09,1925.37,1949.19,108546.71,210669313.9611
1785106800000,1949.19,1966.8,1945.59,1953.82,92907.42,181718804.0061
1785110400000,1953.82,1954.71,1938.59,1941.6,50481.01,98199527.3248
1785114000000,1941.6,1947.88,1935.02,1947.54,29175.39,56665147.7134
1785117600000,1947.54,1948.5,1940.76,1942.47,19972.5,38850784.0937
1785121200000,1942.47,1949.7,1941.48,1948.93,12606.14,24522819.4577
1785124800000,1948.93,1962,1947.7,1952.61,45999.39,89866962.7833
1785128400000,1952.61,1969.94,1951.62,1964.47,44987.48,88185975.9691
1785132000000,1964.47,1981.29,1962.67,1967.44,74743.6,147283361.4285
1785135600000,1967.44,1970.83,1959.63,1963.82,41390.23,81373957.8759
1785139200000,1963.82,1968.29,1960.96,1963.38,26934.74,52928442.258
1785142800000,1963.38,1967.94,1955.84,1964.23,42610.55,83559461.0537
1785146400000,1964.23,1971,1962.7,1966.69,21004.85,41317576.8422
1785150000000,1966.69,1966.69,1957,1958.73,24203.13,47457012.4487
1785153600000,1958.73,1964.01,1942,1956.64,86833.82,169456296.4339
1785157200000,1956.64,1977.43,1949.89,1959.99,137971.64,271070083.0692
1785160800000,1959.99,1965.9,1917.67,1931.44,194750.56,377547382.683
1785164400000,1931.44,1936.88,1923.17,1926.69,56607.81,109236966.318
1785168000000,1926.69,1946,1921.53,1939.86,69772.89,135099344.4369
1785171600000,1939.86,1945.49,1934.07,1942.86,25831.53,50135080.2734
1785175200000,1942.86,1943.82,1928.14,1938.21,47193.18,91307218.3736
1785178800000,1938.21,1954.97,1936.72,1947.78,57030.73,111094333.7633
1785182400000,1947.78,1950.22,1942.55,1946,22284.74,43377421.8778
1785186000000,1946,1949.35,1939.72,1941.24,18891.36,36730856.5569
1785189600000,1941.24,1941.24,1890.59,1892.29,138677.62,265512879.4018
1785193200000,1892.29,1894.9,1880.52,1891.53,95106.55,179578875.1834
1785196800000,1891.53,1893.52,1875.79,1877.89,66585.16,125403826.0632
1785200400000,1877.89,1881.87,1864.17,1874.97,92024.04,172417928.7842
1785204000000,1874.97,1879.6,1871.3,1874.89,25088.65,47057096.9179
1785207600000,1874.89,1882.45,1871.27,1880.3,31677.43,59473252.2445
1785211200000,1880.3,1881.92,1875.54,1878.34,23783.39,44695578.5877
1785214800000,1878.34,1888.73,1877.58,1882.09,41778.33,78713797.6723
1785218400000,1882.09,1887.88,1877.45,1887.68,22069.46,41542934.4886
1785222000000,1887.68,1888.19,1879.7,1882.86,23871.3,44971639.6533
1785225600000,1882.86,1884.82,1878.8,1883.52,47766.93,89870369.8579
1785229200000,1883.52,1884.07,1873.37,1875.24,27975.3,52566727.5411
1785232800000,1875.24,1879.99,1872.27,1877.71,27319.17,51275653.3616
1785236400000,1877.71,1881.87,1870.78,1875.98,39921.32,74873368.2456
1785240000000,1875.98,1892.65,1873.69,1891.48,63421.95,119437652.9289
1785243600000,1891.48,1895.7,1855.08,1872.97,157201,294347830.3214
1785247200000,1872.97,1893.71,1866.3,1887.88,130619.51,245660188.5294
1785250800000,1887.88,1923.68,1883.5,1919.09,199021.36,379747560.5044
1785254400000,1919.09,1929.41,1913.45,1924.88,60838.35,116870852.6408
1785258000000,1924.88,1924.88,1892,1900.92,121151.37,230697820.8161
1785261600000,1900.92,1914.17,1900.59,1910.39,38731.62,73930212.3276
1785265200000,1910.39,1921.35,1910.37,1921.35,30312,58104199.593
1785268800000,1921.35,1923,1915.34,1917.49,23110.31,44348211.4118
1785272400000,1917.49,1929.94,1917.27,1922.88,21334.75,41039800.1067
1785276000000,1922.88,1926.33,1908.7,1910.82,44757.65,85773882.8866
1785279600000,1910.82,1922.6,1903.05,1921.26,55136.62,105469980.34
1785283200000,1921.26,1928.3,1915.85,1916.3,40144.41,77172486.1604
1785286800000,1916.3,1917.47,1904.01,1904.47,36077.28,68921814.6008
1785290400000,1904.47,1918.84,1900,1910,47294.55,90328177.2261
1785294000000,1910,1912.24,1889.44,1891.81,54123.63,102792112.9423
1785297600000,1891.81,1905.59,1883.23,1904.52,62438.81,118261624.435
1785301200000,1904.52,1914.32,1902.67,1911.62,37714,71978201.6426
1785304800000,1911.62,1920.97,1908,1919.32,52707.62,100994321.845
1785308400000,1919.32,1924.58,1913.22,1923.76,40968.65,78589006.8056
1785312000000,1923.76,1924.39,1910.83,1914.23,33089.48,63407694.6181
1785315600000,1914.23,1923.94,1913.94,1921.47,34681.81,66581958.0351
1785319200000,1921.47,1921.75,1908.2,1911.24,36393.2,69706365.9639
1785322800000,1911.24,1916.2,1909.09,1914.43,27999.35,53555704.5654
1785326400000,1914.43,1914.43,1901.88,1904.44,35897.53,68441593.7981
1785330000000,1904.44,1910.9,1895.02,1908.68,81193.94,154582030.0874
1785333600000,1908.68,1910.5,1889.95,1894.5,111229.97,211100893.2918
1785337200000,1894.5,1898.27,1886.17,1891.13,59491.09,112558044.4042
1785340800000,1891.13,1898.94,1885.64,1894.42,46132.56,87287953.3646
1785344400000,1894.42,1916.4,1893.53,1915.37,63307.53,120542278.3658
1785348000000,1915.37,1938.31,1892.4,1919.94,311226.79,596790229.3365
1785351600000,1919.94,1922,1882.2,1887.72,176162.86,334512156.7834
1785355200000,1887.72,1890.93,1876.75,1883.1,133324.07,251211109.9077
1785358800000,1883.1,1898.02,1873.01,1897.7,80097.25,151119572.0505
1785362400000,1897.7,1910.89,1897.69,1906.62,43192.85,82306132.3846
1785366000000,1906.62,1912.69,1901.17,1909.76,39972.31,76190651.9081
1785369600000,1909.76,1914.41,1892.99,1897.57,36688.57,69814134.1745
1785373200000,1897.57,1920.91,1896.64,1916.26,68927.81,131671619.4081
1785376800000,1916.26,1919.4,1909.56,1910.49,22646.46,43366868.4796
1785380400000,1910.49,1914.52,1906.7,1909.4,14675.7,28038785.5692
1785384000000,1909.4,1910.11,1900.69,1901.2,15400.42,29339600.9849
1785387600000,1901.2,1908.75,1899.2,1905.32,19790.19,37669076.1829
1785391200000,1905.32,1905.96,1898.11,1900.34,11327.29,21541805.4076
1785394800000,1900.34,1907.28,1899.24,1902.33,24482.28,46620031.4066
1785398400000,1902.33,1917.78,1899.46,1914.29,33584.94,64188195.9154
1785402000000,1914.29,1924.23,1913.11,1917.41,40226.33,77176415.9881
1785405600000,1917.41,1921.19,1915.55,1917.49,30607.55,58712738.3312
1785409200000,1917.49,1925.71,1915.74,1922.31,28161.98,54109739.1958
1785412800000,1922.31,1926.79,1919,1924.3,30645.36,58925718.2114
1785416400000,1924.3,1936.72,1916.4,1929,80024.38,154238969.6833
1785420000000,1929,1929.59,1912.49,1916.49,65483.68,125742249.8653
1785423600000,1916.49,1923.48,1913.07,1918.13,34013.31,65196392.3638
1785427200000,1918.13,1925.3,1914.93,1918.45,31527.85,60555092.4264
1785430800000,1918.45,1924.97,1915.05,1919.98,17753.35,34094705.2547
1785434400000,1919.98,1921.99,1913.45,1915.09,15227.11,29204336.6796
1785438000000,1915.09,1928.69,1914.8,1923,30972.18,59574302.1196
1785441600000,1923,1926.8,1919.02,1920.96,28669.25,55114707.1986
1785445200000,1920.96,1924.05,1916.58,1917.73,15899.31,30538615.4453
1785448800000,1917.73,1933.7,1915.22,1924.93,68570.04,132164023.9339
1785452400000,1924.93,1936,1916.53,1917.28,101951.32,196223271.9978
1785456000000,1917.28,1921.4,1914.02,1916.03,34739.2,66607709.1536
1785459600000,1916.03,1935.68,1906,1909.3,98881.66,189860076.2735
1785463200000,1909.3,1911.3,1900.35,1903.19,45427.77,86528003.7767
1785466800000,1903.19,1910.77,1897.03,1907.78,47506.2,90461491.7995
1785470400000,1907.78,1908.5,1902.04,1904.78,20385.23,38830026.2037
1785474000000,1904.78,1908.25,1900.44,1905.3,23132.93,44046264.1632
1785477600000,1905.3,1910.37,1899.06,1901.53,34029,64796788.6804
1785481200000,1901.53,1901.66,1883.43,1888.77,80720.79,152573545.7683
1785484800000,1888.77,1892.29,1887.01,1889.54,32450.43,61319826.4779
1785488400000,1889.54,1890.3,1879.65,1882.68,37033.24,69767938.7224
1785492000000,1882.68,1889.07,1876.05,1886.03,40929.66,77093638.1942
1785495600000,1886.03,1888.79,1881.42,1883.5,21456.89,40441672.7378
1785499200000,1883.5,1883.84,1872.2,1881.71,66939.3,125621561.3995
1785502800000,1881.71,1889.5,1863.51,1866.12,115531,216617568.1129
1785506400000,1866.12,1869.66,1847.07,1859.09,247463.98,460220309.837
1785510000000,1859.09,1865,1853.15,1861.84,53525.44,99545552.1334
1785513600000,1861.84,1866.22,1859.31,1863.52,33531.57,62465741.5892
1785517200000,1863.52,1877.49,1862.45,1873.98,39451.21,73806764.6495
1785520800000,1873.98,1875.84,1864,1870.96,30076.33,56244113.8112
1785524400000,1870.96,1873.45,1864.61,1867.41,25133.47,46942956.3072
1785528000000,1867.41,1870,1860.4,1861.38,37492.43,69932164.2026
1785531600000,1861.38,1864,1858.46,1860.92,21024.87,39127018.9142
1785535200000,1860.92,1864.62,1857.29,1860.42,16552.08,30807256.9426
1785538800000,1860.42,1863.87,1859.7,1861.59,7360.9,13706190.2818
1785542400000,1861.59,1866.75,1861.35,1863.95,13893.06,25905599.0653
1785546000000,1863.95,1866.69,1863.95,1865.99,8325.2,15528504.5412
1785549600000,1865.99,1869.19,1865.65,1867.15,7775.99,14521515.7599
1785553200000,1867.15,1869,1865.54,1868.99,7024.32,13118431.4547
1785556800000,1868.99,1869.99,1866.97,1868.72,9501.67,17755565.1282
1785560400000,1868.72,1870.45,1864.43,1866.68,9191.16,17158257.8253
1785564000000,1866.68,1870.07,1865.43,1869.58,5883.28,10991971.0954
1785567600000,1869.58,1871.05,1867.31,1868.9,6962.55,13012798.11
1785571200000,1868.9,1869.39,1866.48,1868.34,7531.96,14068010.628
1785574800000,1868.34,1869.84,1866.71,1867.04,7426.61,13878573.6264
1785578400000,1867.04,1868.06,1861.99,1866.32,21126.83,39391186.8735
1785582000000,1866.32,1866.87,1865,1866,4997.28,9324705.4216
1785585600000,1866,1869.05,1865.99,1868.09,8065.23,15061257.1164
1785589200000,1868.09,1868.72,1866.84,1868.3,3959.06,7395276.5203
1785592800000,1868.3,1874.67,1868.28,1874.45,21773.65,40754352.3134
1785596400000,1874.45,1874.89,1869.36,1869.36,17306.6,32394890.2029
1785600000000,1869.36,1872.83,1865.58,1868.11,10672.12,19944405.8248
1785603600000,1868.11,1869.49,1856.01,1860.93,37951.87,70638365.7951
1785607200000,1860.93,1862,1820.58,1835.64,185598.26,341212312.7704
1785610800000,1835.64,1839.5,1832.75,1836.33,37115.82,68165910.2462
1785614400000,1836.33,1839.5,1831.68,1837.5,22918.3,42066585.5021
1785618000000,1837.5,1844.86,1835.48,1844.74,23019.18,42377453.7758
1785621600000,1844.74,1848.59,1843.72,1846.43,12225.01,22573401.8042
1785625200000,1846.43,1848.17,1842.44,1843.92,8768.04,16172834.528
1785628800000,1843.92,1849.85,1841.97,1845.75,31244.05,57666399.483
1785632400000,1845.75,1858.99,1845.75,1856.19,53876.99,99915799.2137
1785636000000,1856.19,1884,1855.5,1876.21,107983.01,202323245.6764
1785639600000,1876.21,1879.78,1873.48,1876.67,24052.25,45129615.746
1785643200000,1876.67,1882.55,1876.67,1880.15,25389.85,47715693.164
1785646800000,1880.15,1882,1874.04,1875.39,21078.63,39564016.106
1785650400000,1875.39,1878.9,1874.08,1876.78,12944.72,24287746.5195
1785654000000,1876.78,1878,1874.35,1875.26,8805.14,16519154.2579
1785657600000,1875.26,1878.26,1866.15,1867.34,28720.28,53749901.9886
1785661200000,1867.34,1871.98,1861.08,1870.06,19046.14,35563095.0927
1785664800000,1870.06,1870.1,1864.68,1867.62,8892.52,16609000.89
1785668400000,1867.62,1868.83,1848.4,1851.6,57360.54,106582948.7064
1785672000000,1851.6,1859.85,1851.25,1855.91,25069.33,46535381.5259
1785675600000,1855.91,1857.3,1851.11,1854.07,14125.93,26200068.445
1785679200000,1854.07,1858.48,1851.31,1853.93,17366.38,32220830.9522
1785682800000,1853.93,1862.64,1852.78,1857.78,22716.24,42209893.0606
1785686400000,1857.78,1865.08,1855,1862.18,17449.03,32473405.2223
1785690000000,1862.18,1869.84,1861.27,1867.74,14775.45,27576256.4539
1785693600000,1867.74,1887.87,1867.49,1875.04,63010.51,118361143.8605
1785697200000,1875.04,1883.12,1873.93,1881.33,16615.31,31200025.5451
1785700800000,1881.33,1884.88,1878.89,1882.7,13877.92,26109293.3049
1785704400000,1882.7,1898,1881.23,1889.7,54696.6,103364908.6639
1785708000000,1889.7,1897.57,1879.69,1881.15,50526.22,95447392.7409
1785711600000,1881.15,1884.8,1875.05,1884.48,25015.89,47035255.5404
1785715200000,1884.48,1885,1870.62,1872.97,33370.2,62586805.3901
1785718800000,1872.97,1874.82,1865.01,1866.13,28793.46,53824792.2031
1785722400000,1866.13,1871.44,1861.66,1863.24,26333.19,49143955.5466
1785726000000,1863.24,1864.86,1850.12,1856.18,36636.43,68077623.4852
1785729600000,1856.18,1862,1853.52,1853.91,39775.26,73904239.2544
1785733200000,1853.91,1859.81,1852.19,1858.74,22382.74,41554195.4312
1785736800000,1858.74,1860,1845.36,1848.43,38600.56,71495652.5443
1785740400000,1848.43,1849.27,1838.87,1843.12,49613.74,91466082.48
1785744000000,1843.12,1844.7,1827.32,1839.2,69636.75,127739163.7333
1785747600000,1839.2,1853.1,1838.18,1851.5,52180.81,96293640.984
1785751200000,1851.5,1853.74,1840.37,1845.49,39273.85,72535044.6905
1785754800000,1845.49,1847.44,1837.04,1838.96,31862.69,58704948.6842
1785758400000,1838.96,1844.62,1835.55,1842.6,27260.2,50164762.9661
1785762000000,1842.6,1860,1837.44,1858.18,75121.33,138889434.4425
1785765600000,1858.18,1873.61,1850.38,1873,132775.17,247439017.0022
1785769200000,1873,1873.31,1858.89,1862.68,53677.8,100108151.9354
1785772800000,1862.68,1871.63,1860.5,1865.46,44288.23,82676821.2817
1785776400000,1865.46,1874.21,1862.27,1868.09,32409.9,60563390.4916
1785780000000,1868.09,1873.3,1865.39,1868.07,22519.28,42094166.3629
1785783600000,1868.07,1875.96,1867.01,1869.17,20891.02,39095613.7725
1785787200000,1869.17,1875.21,1865.52,1868.36,29801.19,55738386.6316
1785790800000,1868.36,1868.61,1862.39,1862.78,23977.5,44728407.3241
1785794400000,1862.78,1865.52,1850.54,1859.59,49046.26,91144911.2992
1785798000000,1859.59,1859.66,1855.26,1859.63,13019,24182911.1382
1785801600000,1859.63,1862.28,1847.06,1850.33,52374.56,97070495.4205
1785805200000,1850.33,1869,1848.01,1866.91,51340.24,95543638.5815
1785808800000,1866.91,1871.1,1861.11,1865.36,22392.58,41785386.4554
1785812400000,1865.36,1866.88,1857.33,1863.47,29863.99,55630192.6535
1785816000000,1863.47,1873.99,1861,1867.21,30437.37,56899208.208
1785819600000,1867.21,1869.82,1863.21,1863.53,23887.59,44558554.242
1785823200000,1863.53,1868.08,1853.5,1855.99,35812.51,66614888.1871
1785826800000,1855.99,1864.35,1852.4,1863,30901.3,57421450.5342
1785830400000,1863,1865.4,1856,1856.87,20468.01,38069192.3424
1785834000000,1856.87,1858,1852.32,1857.75,22723.57,42155223.8554
1785837600000,1857.75,1872,1852.9,1865.98,44159.29,82316792.6249
1785841200000,1865.98,1874,1865.26,1871.97,27884.44,52147586.7821
1785844800000,1871.97,1881,1867.02,1874.16,48918.45,91730144.9759
1785848400000,1874.16,1876.77,1858.81,1860.93,87860.45,164256722.1257
1785852000000,1860.93,1875,1857.42,1872.19,76440.14,142697907.7941
1785855600000,1872.19,1877,1860.75,1872.26,59083.77,110480612.632
1785859200000,1872.26,1874.87,1864.54,1868.82,29349.48,54899205.3076
1785862800000,1868.82,1877,1865.69,1868.57,48436.83,90701468.6229
1785866400000,1868.57,1880.22,1868.21,1874.35,50868.55,95425731.3752
1785870000000,1874.35,1882.96,1872.74,1874.42,28305.4,53128156.2667
1785873600000,1874.42,1879,1865.18,1875.78,44628.31,83585086.8312
1785877200000,1875.78,1875.92,1871,1871.48,15697.69,29400792.2095
1785880800000,1871.48,1876,1867.46,1874.61,9254.52,17330297.0059
1785884400000,1874.61,1880.52,1867.98,1868.78,25645.43,48051099.3275
1785888000000,1868.78,1872.84,1862.08,1863.02,37167.57,69368419.0082
1785891600000,1863.02,1873.58,1860.22,1872.54,20538.61,38342625.1883
1785895200000,1872.54,1877.57,1871.64,1873.76,38853.01,72848968.943
1785898800000,1873.76,1876.03,1862.8,1866.76,64955.87,121269990.1696
1785902400000,1866.76,1868.89,1864,1866.29,11097.54,20712883.3639
1785906000000,1866.29,1876.99,1865.99,1872.44,34921.02,65397362.4393
1785909600000,1872.44,1872.96,1867.24,1869.04,26969.91,50438785.9855
1785913200000,1869.04,1871.75,1862.34,1871.74,30899.73,57627895.8294
1785916800000,1871.74,1873.8,1866.74,1869.05,21940.22,41040592.1109
1785920400000,1869.05,1873.99,1868.04,1870.99,12940.99,24225273.1618
1785924000000,1870.99,1875,1865.03,1867.2,19810.67,37041928.8822
1785927600000,1867.2,1870.92,1866.12,1867.92,16598.98,31015690.3269
1785931200000,1867.92,1884.5,1866.53,1875.18,82591.71,155093173.8095
1785934800000,1875.18,1878.86,1853.55,1877.99,170465.33,318098436.7558
1785938400000,1877.99,1882,1868.01,1874.86,88904.73,166753926.6036
1785942000000,1874.86,1882,1871.71,1872.72,51961.39,97549871.0635
1785945600000,1872.72,1897.33,1872.2,1894.9,107024.78,202122395.9515
1785949200000,1894.9,1917.13,1890.05,1916.03,101836.76,193973331.0756
1785952800000,1916.03,1927.74,1913,1917.26,84350.01,161859431.6678
1785956400000,1917.26,1920.24,1914.76,1916.07,26197.49,50246443.2222
1785960000000,1916.07,1924,1915.44,1916.23,33059.06,63433944.7096
1785963600000,1916.23,1916.64,1906.24,1907.98,43456.55,82994637.5812
1785967200000,1907.98,1912.67,1905.64,1906.05,20259.78,38680745.7496
1785970800000,1906.05,1911.38,1903.04,1908.1,13014.3,24824585.9506
1785974400000,1908.1,1913.18,1906.22,1909.58,17531.72,33483506.3917
1785978000000,1909.58,1910.48,1902.36,1905.96,16082.05,30657009.912
1785981600000,1905.96,1910.19,1893.76,1898.38,47649.9,90559278.3354
1785985200000,1898.38,1898.85,1894.43,1898.03,13419.73,25454375.4635
1785988800000,1898.03,1907.76,1894.69,1906.93,23600.81,44894313.2339
1785992400000,1906.93,1918.26,1906.36,1913.73,46237.26,88475668.0218
1785996000000,1913.73,1914.12,1908.7,1912.91,9733.25,18604819.4273
1785999600000,1912.91,1914.7,1906.51,1908.5,16224.33,30995495.4512
1786003200000,1908.5,1920.58,1907.61,1915.51,25538.47,48878028.632
1786006800000,1915.51,1916.1,1903.59,1906.77,69971.69,133589989.3427
1786010400000,1906.77,1906.78,1900.45,1901.5,24790.85,47175841.0328
1786014000000,1901.5,1908.51,1895.37,1906.86,36464.64,69372532.4049
1786017600000,1906.86,1907.26,1897.6,1898.24,39964.7,76018985.7881
1786021200000,1898.24,1910.55,1891.33,1906.36,69181.1,131424298.1943
1786024800000,1906.36,1917.79,1902.13,1914.16,69135.95,132080255.6972
1786028400000,1914.16,1919,1908.87,1910.06,65904.03,126216325.938
1786032000000,1910.06,1916.2,1907.72,1914.91,30883.88,59039363.9432
1786035600000,1914.91,1917.84,1909.52,1913.26,15868.14,30373585.8892
1786039200000,1913.26,1913.41,1903.02,1905.25,34070.57,64969852.9499
1786042800000,1905.25,1910.38,1905.04,1908.73,20554.59,39209616.1634
1786046400000,1908.73,1909.92,1904.77,1906.01,10487.54,19999027.5731
1786050000000,1906.01,1908.89,1904.83,1905.25,11284.08,21516672.0647
1786053600000,1905.25,1907.01,1901.03,1904.04,16036.06,30527806.5817
1786057200000,1904.04,1904.94,1897.66,1903.02,24112.01,45824414.3967
1786060800000,1903.02,1904.59,1898.52,1902.88,20333.02,38649328.3368
1786064400000,1902.88,1906.84,1897.6,1902.37,26439.42,50283569.2975
1786068000000,1902.37,1907.94,1896.2,1901.7,27148.13,51621476.4413
1786071600000,1901.7,1902.88,1894.83,1896.64,16585.06,31491869.4137
1786075200000,1896.64,1899.91,1893.27,1896.38,14840.28,28147152.6976
1786078800000,1896.38,1901.74,1894.56,1900.55,12856.65,24397555.9316
1786082400000,1900.55,1907.18,1899.31,1903.84,25296.37,48159243.2367
1786086000000,1903.84,1906.52,1901.51,1901.52,21658.95,41225364.0443
1786089600000,1901.52,1913.9,1900.9,1909.91,36060.35,68790281.3607
1786093200000,1909.91,1917,1909.5,1912.42,59795.05,114416225.5811
1786096800000,1912.42,1915.28,1911.69,1912.1,15925.41,30469540.9717
1786100400000,1912.1,1920.34,1911.78,1915.56,50609.71,96983582.3053
1786104000000,1915.56,1943.65,1915.56,1931.29,175200.22,338276158.5422
1786107600000,1931.29,1934.44,1920.33,1922.62,59595.69,114840659.8019
1786111200000,1922.62,1925.94,1909.54,1912.99,112166.93,215000051.6841
1786114800000,1912.99,1920.55,1912.03,1917.23,38587.33,73979536.0477
1786118400000,1917.23,1924.58,1908.45,1908.8,43833.62,83915413.357
1786122000000,1908.8,1912.6,1904.09,1911.4,69724.61,133023976.0849
1786125600000,1911.4,1914.53,1904.9,1908.91,25812.02,49313570.231
1786129200000,1908.91,1919.38,1908.91,1917.81,23377.53,44787248.3165
1786132800000,1917.81,1919.57,1913.12,1913.79,12933.05,24778360.031
1786136400000,1913.79,1921,1911.57,1915.61,27425.48,52563028.9519
1786140000000,1915.61,1915.75,1912.91,1913.96,6277.81,12017041.631
1786143600000,1913.96,1915.57,1913.03,1913.03,5742.26,10992173.1956
1786147200000,1913.03,1913.95,1911.29,1913.39,7941.63,15191328.5398
1786150800000,1913.39,1915.27,1913.03,1913.6,6112,11697924.2108
1786154400000,1913.6,1913.61,1911.19,1912.3,5345.53,10222931.7258
1786158000000,1912.3,1918.47,1912.27,1917.06,8321.22,15945536.1833
1786161600000,1917.06,1918.58,1915.39,1916.14,4408.09,8450150.4707
1786165200000,1916.14,1918.01,1914.84,1916.78,5369.74,10291012.2811
1786168800000,1916.78,1917.33,1915.22,1915.59,5163.07,9892807.5627
1786172400000,1915.59,1915.83,1912.9,1914.35,11646.41,22296364.7478
1786176000000,1914.35,1917.05,1913.72,1916.05,4462.09,8547816.6989
1786179600000,1916.05,1922.47,1915.23,1917.85,15676.88,30080924.7532
1786183200000,1917.85,1921.93,1917.85,1920.19,8425.91,16178216.3663
1786186800000,1920.19,1923.19,1918.27,1919.71,8992.4,17266108.1002
1786190400000,1919.71,1921.57,1917.68,1918.36,8171.47,15685330.0936
1786194000000,1918.36,1919.86,1917.44,1919.23,4326.3,8300343.6907
1786197600000,1919.23,1925.84,1919.23,1923.1,34615.83,66586131.095
1786201200000,1923.1,1923.82,1920.28,1921.72,8612.01,16552074.417
1786204800000,1921.72,1924.01,1920.78,1921.79,4779.39,9186514.7614
1786208400000,1921.79,1925.56,1921.18,1923.02,8303.7,15972703.9277
1786212000000,1923.02,1923.02,1918.29,1920.43,9718.84,18665941.2131
1786215600000,1920.43,1920.9,1918.79,1919.68,5335.52,10243963.9634
1786219200000,1919.68,1920.41,1918.7,1919.21,3452.08,6626263.594
1786222800000,1919.21,1921.98,1919.2,1919.84,4645.74,8920616.0802
1786226400000,1919.84,1920.78,1915.29,1915.94,7382.85,14160738.2538
1786230000000,1915.94,1918.17,1913.65,1916.07,14431.2,27651310.9507
1786233600000,1916.07,1917.83,1915.48,1917.24,5845.21,11203318.5452
1786237200000,1917.24,1919.91,1912.29,1915.22,14461.69,27707785.9778
1786240800000,1915.22,1916.09,1912.76,1914.06,7608.13,14566690.832
1786244400000,1914.06,1914.06,1911.52,1913.21,7994.15,15291305.1095
1786248000000,1913.21,1915.3,1912.11,1912.37,6920.76,13243666.5471
1786251600000,1912.37,1914.4,1912.15,1913.87,5205.07,9959239.1163
1786255200000,1913.87,1918.74,1912.95,1918.45,14072.34,26963241.0734
1786258800000,1918.45,1918.67,1916.23,1918.29,7677.4,14720633.5171
1786262400000,1918.29,1924.46,1913.17,1915.06,20299.31,38954712.0443
1786266000000,1915.06,1921.08,1912.59,1920.7,14417.19,27621877.128
1786269600000,1920.7,1922.26,1918.89,1919.4,12002.82,23053499.3531
1786273200000,1919.4,1920.82,1917.72,1918.42,6101.21,11710379.1351
1786276800000,1918.42,1918.43,1915.43,1916.75,8757.33,16786425.0963
1786280400000,1916.75,1925,1916.71,1922.62,29103.08,55958612.7025
1786284000000,1922.62,1925.79,1921.5,1924.13,26767.63,51500193.4073
1786287600000,1924.13,1926.73,1923.2,1925.51,19446.39,37449875.724
1786291200000,1925.51,1926.27,1920.34,1923.26,10331.46,19874230.8479
1786294800000,1923.26,1924.17,1922,1922.18,5101.13,9810035.5002
1786298400000,1922.18,1923.13,1919.35,1920.55,7587.25,14572754.8431
1786302000000,1920.55,1921.79,1920.22,1921.05,3520.71,6763858.1014
1786305600000,1921.05,1921.61,1916.72,1920,7516.55,14424471.3206
1786309200000,1920,1926.23,1918.81,1923.87,9007.86,17326606.9068
1786312800000,1923.87,1937.56,1913.92,1918.78,73238.32,141007352.6118
1786316400000,1918.78,1919.71,1905.99,1909.67,58358.79,111634050.8926
1786320000000,1909.67,1927.63,1904.8,1911.98,63050.15,120744978.5375
1786323600000,1911.98,1931,1906.86,1924.57,49755.16,95485945.2856
1786327200000,1924.57,1926.16,1911.7,1922.61,34490.06,66194129.8366
1786330800000,1922.61,1924,1912.38,1916.4,39842.31,76416531.3678
1786334400000,1916.4,1920.16,1911.44,1914.67,21315.35,40844064.7495
1786338000000,1914.67,1924.45,1914.23,1922.6,22961.27,44097794.883
1786341600000,1922.6,1929.5,1922.27,1927.12,26908.13,51821658.4363
1786345200000,1927.12,1930,1923.9,1924.47,19955.33,38463189.2416
1786348800000,1924.47,1929,1922.27,1925.84,13865.44,26699619.4691
1786352400000,1925.84,1926.48,1915.21,1915.57,25754.96,49423775.7965
1786356000000,1915.57,1920.14,1915,1916.75,13617.11,26111879.4609
1786359600000,1916.75,1920.38,1913.6,1919.69,16795.96,32201808.5887
1786363200000,1919.69,1922.52,1903.78,1905.1,58476.39,111777527.624
1786366800000,1905.1,1909.67,1893.15,1896.65,114576.98,217845823.9945
1786370400000,1896.65,1901.99,1890.38,1892.56,66203.74,125606372.175
1786374000000,1892.56,1892.56,1870.28,1875.86,184030.41,345739605.8933
1786377600000,1875.86,1877.67,1867,1871.41,75999.31,142345392.0376
1786381200000,1871.41,1876.72,1867.6,1872.99,31590.96,59164103.7989
1786384800000,1872.99,1874.42,1866.25,1871.61,29459.19,55114782.1312
1786388400000,1871.61,1879.79,1871.03,1877.56,19740.63,37041895.6137
1786392000000,1877.56,1880.5,1876.62,1878.85,13249.4,24888923.6041
1786395600000,1878.85,1878.85,1872.51,1873.51,13797.82,25870905.2247
1786399200000,1873.51,1877.26,1871.12,1875.43,12754.44,23904399.4636
1786402800000,1875.43,1875.43,1868.62,1872.26,14677.7,27473532.4079
1786406400000,1872.26,1875.15,1869.96,1874.2,13411.16,25112056.5701
1786410000000,1874.2,1877.94,1872.27,1877.05,12102.29,22698637.9617
1786413600000,1877.05,1878.99,1876.15,1877.66,8964.42,16830133.3059
1786417200000,1877.66,1880.8,1877.65,1880.12,10044.41,18879296.2907
1786420800000,1880.12,1881.14,1875.08,1875.23,8693.69,16327888.8922
1786424400000,1875.23,1876.08,1870.62,1873.09,20768.89,38897732.897
1786428000000,1873.09,1874.2,1870.3,1873.49,15690.29,29374920.8051
1786431600000,1873.49,1878.65,1869.67,1876.97,26708.36,50073157.7575
1786435200000,1876.97,1879.68,1874.53,1878.42,12634.25,23711268.5207
1786438800000,1878.42,1884.99,1876.17,1884.63,29606.5,55690496.5923
1786442400000,1884.63,1888.49,1882,1885.39,37647.67,70986009.7344
1786446000000,1885.39,1895.32,1885.38,1892.13,48488.17,91732605.1093
1786449600000,1892.13,1897.65,1886.33,1886.87,53259.79,100764761.9663
1786453200000,1886.87,1892,1882.61,1889.18,48248.98,91086513.1631
1786456800000,1889.18,1890.9,1869.1,1872.58,108460.81,203484725.2759
1786460400000,1872.58,1877.01,1852,1861.92,172738.45,322107582.4904
1786464000000,1861.92,1866.33,1858.76,1863.97,35609.27,66354587.8303
1786467600000,1863.97,1867.26,1862.02,1863.73,15545.4,28979636.7003
1786471200000,1863.73,1866.2,1858.76,1865.23,32316.87,60217923.2764
1786474800000,1865.23,1884.37,1861.76,1881.14,76599.05,143659296.7246
1786478400000,1881.14,1884.72,1878.2,1881.61,47576.53,89518770.4111
1786482000000,1881.61,1884.99,1879.53,1883.78,30592.95,57578170.6548
1786485600000,1883.78,1886.85,1878.54,1881.48,18384.57,34619462.6755
1786489200000,1881.48,1883.74,1878,1881.65,9342.27,17566339.9409
1786492800000,1881.65,1883,1880,1881.8,9519.24,17909283.5972
1786496400000,1881.8,1885.95,1880.16,1884.1,15314.8,28843847.8657
1786500000000,1884.1,1887.71,1882.63,1883.68,11522.66,21719726.9741
1786503600000,1883.68,1886.87,1882,1885.78,8732.09,16457163.7811
1786507200000,1885.78,1892.99,1884.59,1888.73,21934.31,41435446.1751
1786510800000,1888.73,1891.73,1885.81,1890.72,11619.67,21955000.3509
1786514400000,1890.72,1890.73,1884.51,1887,20625.07,38915179.7476
1786518000000,1887,1891.17,1885.14,1890.99,19332.38,36510539.2461
1786521600000,1890.99,1896.06,1889.81,1890.12,28923.29,54737260.3864
1786525200000,1890.12,1909,1889.01,1905.05,69654.39,132483696.5793
1786528800000,1905.05,1914.88,1904.95,1908.5,61567.2,117630785.9
1786532400000,1908.5,1915,1906.39,1914.82,30044.73,57438642.2205
1786536000000,1914.82,1926,1904.65,1910.69,165911.66,317494862.3181
1786539600000,1910.69,1911.83,1898.77,1900.27,72315.15,137755383.4291
1786543200000,1900.27,1902.77,1883.55,1886.88,126357.86,239166081.0447
1786546800000,1886.88,1895.66,1883.34,1891.76,45466.67,86015241.3999
1786550400000,1891.76,1895.16,1888.21,1889.79,25512.54,48250900.2154
1786554000000,1889.79,1891.17,1884.03,1887.21,26734.84,50461092.132
1786557600000,1887.21,1890.89,1884.48,1884.69,24972.46,47138067.5436
1786561200000,1884.69,1886.25,1876.7,1878.46,38373.79,72193125.4208
1786564800000,1878.46,1887.12,1876.86,1885.91,22627.73,42595628.6109
1786568400000,1885.91,1888.8,1871.71,1877.05,36155.84,67966984.6628
1786572000000,1877.05,1880.53,1874.55,1877.87,13184.49,24756694.8519
1786575600000,1877.87,1879.54,1873.8,1878.81,16648.98,31245324.2791
1786579200000,1878.81,1884.77,1876.48,1879.46,32657.8,61419014.0138
1786582800000,1879.46,1882.1,1874.01,1877.25,18910.34,35509560.759
1786586400000,1877.25,1882.39,1872,1881.01,19375.4,36370645.3246
1786590000000,1881.01,1888.01,1880.62,1886.8,56378.69,106214519.2426
1786593600000,1886.8,1894.77,1884.7,1891.56,26965.14,50954770.8343
1786597200000,1891.56,1899.71,1890.84,1895.01,56405.28,106964899.5636
1786600800000,1895.01,1898,1891.23,1898,17881.68,33867289.3135
1786604400000,1898,1898.24,1894.33,1894.76,10948.03,20759048.4113
1786608000000,1894.76,1896.31,1887.63,1889.28,23521.98,44479299.4036
1786611600000,1889.28,1890,1880.46,1888.89,24218.35,45664780.2496
1786615200000,1888.89,1889,1881,1882.27,61942.8,116723578.4949
1786618800000,1882.27,1882.7,1874.39,1879.68,39642.92,74458948.3121
1786622400000,1879.68,1889.86,1878.2,1888.04,41508.41,78270740.24
1786626000000,1888.04,1894.99,1885.6,1889.63,46246.94,87424116.8943
1786629600000,1889.63,1896.85,1887.66,1892.56,32944.25,62362438.6742
1786633200000,1892.56,1895.45,1878.73,1879.15,46150.04,87060578.9449
1786636800000,1879.15,1884.38,1862.52,1874.11,157776.1,295514614.0116
1786640400000,1874.11,1880.35,1872.7,1876.1,36505,68510796.1773
1786644000000,1876.1,1886.48,1875.54,1884.52,20576.73,38700311.4527
1786647600000,1884.52,1892.47,1884.24,1886.62,46796.3,88321110.1107
1786651200000,1886.62,1888.85,1884.44,1885.45,13946.49,26314506.0152
1786654800000,1885.45,1888.74,1885.09,1887.96,8956.58,16901467.3889
1786658400000,1887.96,1893.5,1887.63,1888.63,21403.37,40466695.4443
1786662000000,1888.63,1888.74,1883.71,1885.52,8094.2,15262283.0732
1786665600000,1885.52,1888.84,1882.88,1888.67,10869.5,20500660.2763
1786669200000,1888.67,1889.56,1883.84,1888.8,12789.38,24131871.1567
1786672800000,1888.8,1890.91,1885.01,1885.9,15221.19,28717149.6558
1786676400000,1885.9,1888.49,1881.33,1882.17,16117.79,30369312.2964
1786680000000,1882.17,1887.32,1881.03,1884.02,16929.18,31915970.0587
1786683600000,1884.02,1884.84,1879.19,1883.06,14325.84,26962676.1932
1786687200000,1883.06,1883.15,1871.75,1871.81,32248.67,60507390.5375
1786690800000,1871.81,1877.37,1871.09,1872.34,36000.76,67477955.0508
1786694400000,1872.34,1877.92,1868.28,1877.91,52304.7,97946213.395
1786698000000,1877.91,1877.97,1870.23,1872.3,14873.35,27868842.8028
1786701600000,1872.3,1877.38,1871.58,1875.12,14712.37,27587844.6468
1786705200000,1875.12,1880.33,1874.08,1877.26,14642.88,27487706.0932
1786708800000,1877.26,1878.78,1872.06,1872.46,17803.11,33386690.2244
1786712400000,1872.46,1873.06,1865.07,1869.29,66870.22,124964716.3275
1786716000000,1869.29,1872.81,1863.24,1865.86,49023.59,91566163.1913
1786719600000,1865.86,1883.83,1865.13,1880.67,44752.23,83995568.351
1786723200000,1880.67,1887.65,1878.5,1884.82,29888.21,56285832.0133
1786726800000,1884.82,1887,1875.24,1877.76,38371.7,72182146.241
1786730400000,1877.76,1878.04,1872.62,1874.66,28999.69,54379291.9682
1786734000000,1874.66,1881.12,1872.73,1879.76,15451.95,29000980.3867
1786737600000,1879.76,1880.98,1877.73,1879.66,9466.74,17789676.8566
1786741200000,1879.66,1880.53,1876,1878.41,13854.44,26021088.7847
1786744800000,1878.41,1880.3,1875.14,1878.67,10835.18,20339833.1312
1786748400000,1878.67,1881.88,1877.66,1881.42,7114.59,13373775.8522
1786752000000,1881.42,1882.75,1880.73,1881.68,6435.42,12110197.3886
1786755600000,1881.68,1883.89,1880.22,1883.26,6355.71,11963507.6601
1786759200000,1883.26,1884.94,1883.19,1884.06,5694.22,10728498.9198
1786762800000,1884.06,1885.98,1881.61,1881.95,14858.44,27999709.6803
1786766400000,1881.95,1884.89,1881.95,1883.48,3871.19,7290872.065
1786770000000,1883.48,1884.37,1878.69,1879.97,8720.25,16404219.4731
1786773600000,1879.97,1883.07,1879.1,1881.52,13177.97,24782333.2383
1786777200000,1881.52,1881.92,1879.29,1879.53,6885.28,12947342.6003
1786780800000,1879.53,1880.85,1875.7,1876.26,10564.09,19839281.8662
1786784400000,1876.26,1880.53,1875.2,1879.63,9525.77,17888540.3586
1786788000000,1879.63,1880.78,1877.09,1880.25,10940.59,20554379.2206
1786791600000,1880.25,1880.62,1878.22,1878.51,3358.16,6310814.7766
1786795200000,1878.51,1883.75,1877.01,1883.11,24351.29,45814258.7911
1786798800000,1883.11,1884.4,1881.54,1882.8,11039.11,20784700.0873
1786802400000,1882.8,1884,1880.49,1882.65,8617.27,16218580.0028
1786806000000,1882.65,1884.94,1882.21,1884.15,6026.7,11353467.9531
1786809600000,1884.15,1884.98,1882.94,1883.99,6082.75,11461688.1287
1786813200000,1883.99,1885.58,1882.14,1883.74,13661.45,25743047.072
1786816800000,1883.74,1884.95,1881.42,1881.9,6155.97,11591597.6074
1786820400000,1881.9,1884.12,1881.81,1883.58,2806.76,5285301.2654
1786824000000,1883.58,1883.59,1881.79,1882.39,2144.51,4037490.0059
1786827600000,1882.39,1884.78,1882.38,1884.19,5607.79,10564406.0315
1786831200000,1884.19,1884.98,1883.48,1883.64,4705.9,8867383.4467
1786834800000,1883.64,1883.74,1881.1,1881.94,5928.91,11159058.5841
1786838400000,1881.94,1882.61,1880.64,1881.68,4611.5,8677053.7619
1786842000000,1881.68,1881.68,1876.17,1879.68,24435.42,45899292.2223
1786845600000,1879.68,1884.88,1878.32,1882.84,24909.17,46906002.8577
1786849200000,1882.84,1883.42,1881.94,1882.29,2977.84,5606698.3509
1786852800000,1882.29,1883.85,1879.71,1880.76,3892.03,7324851.0155
1786856400000,1880.76,1881.46,1878.58,1879.06,5209.05,9792671.6319
1786860000000,1879.06,1880.99,1878.17,1880.01,5488.07,10316389.9142
1786863600000,1880.01,1881.1,1879.11,1880.69,3039.61,5715123.719
1786867200000,1880.69,1880.75,1879.62,1880.27,3613.87,6794636.1648
1786870800000,1880.27,1881.8,1878.32,1879.45,7776.51,14620119.1365
1786874400000,1879.45,1880.51,1878.75,1880.13,8276.51,15556041.378
1786878000000,1880.13,1880.54,1879.24,1880.1,2416.23,4542028.1683
1786881600000,1880.1,1880.1,1878.48,1879.05,3765.31,7075791.3553
1786885200000,1879.05,1881.25,1879.05,1881.17,6997.71,13158456.249
1786888800000,1881.17,1883.83,1880.89,1882.5,10121.93,19050792.3727
1786892400000,1882.5,1884.17,1881.4,1883.05,8345.68,15714790.2931
1786896000000,1883.05,1891.62,1883.05,1888.74,44210.48,83436543.8228
1786899600000,1888.74,1890.41,1883.2,1884.29,12268.76,23142863.5298
1786903200000,1884.29,1885.73,1881.51,1884.72,9039.01,17030537.4554
1786906800000,1884.72,1888,1883.15,1884.91,23959.86,45190250.5988
1786910400000,1884.91,1886.64,1880.38,1880.85,11431.83,21531056.3457
1786914000000,1880.85,1882.12,1867.89,1874.56,50588.87,94828140.8323
1786917600000,1874.56,1877.44,1868.06,1875.48,37987.33,71113993.6787
1786921200000,1875.48,1876.97,1872.59,1875.31,16140.46,30255632.3731
1786924800000,1875.31,1879.57,1871.49,1878.13,14713.01,27588632.5981
1786928400000,1878.13,1896.99,1877.36,1890.63,79811.17,150970433.7864
1786932000000,1890.63,1907.76,1887.8,1901.64,75592.22,143549880.9016
1786935600000,1901.64,1903.66,1897.18,1900.13,30942.99,58811884.8627
1786939200000,1900.13,1904,1900.13,1902.67,27549.32,52404294.6827
1786942800000,1902.67,1903.44,1897.12,1898.89,19098.27,36297547.4868
1786946400000,1898.89,1911.77,1897.09,1906.29,54509.76,103886044.6685
1786950000000,1906.29,1907.14,1900,1900.04,23612.33,44943584.5566
1786953600000,1900.04,1901.01,1890.59,1893.61,64046.17,121373104.3323
1786957200000,1893.61,1896.89,1892.36,1893.17,15932.73,30187934.1094
1786960800000,1893.17,1908.95,1891.37,1906.28,58255.65,110839764.0244
1786964400000,1906.28,1907.97,1903.01,1903.73,25833.75,49221977.1251
1786968000000,1903.73,1905.86,1895.7,1898.28,38628.13,73396811.1192
1786971600000,1898.28,1908.56,1895.05,1904.23,52190.11,99318296.9905
1786975200000,1904.23,1910,1897.41,1908.79,36343.27,69197258.0386
1786978800000,1908.79,1914.96,1903.46,1912.4,78395.93,149707804.209
1786982400000,1912.4,1913.11,1904.29,1906.11,29100.48,55536380.471
1786986000000,1906.11,1913.78,1903.42,1908.06,46579.06,88879333.1178
1786989600000,1908.06,1912.05,1906.31,1909.4,24667.33,47105134.9235
1786993200000,1909.4,1910.29,1905.78,1906.56,24104.81,45989371.6995
1786996800000,1906.56,1910,1904.09,1905.9,15497.1,29548312.768
1787000400000,1905.9,1908.29,1905.22,1905.63,9705.47,18503426.6807
1787004000000,1905.63,1907.32,1902.45,1903.61,18060.4,34383973.7343
1787007600000,1903.61,1918,1903,1912.75,41693.04,79731487.4112
1787011200000,1912.75,1913.73,1907.8,1909.11,13325.34,25452661.1818
1787014800000,1909.11,1909.44,1898.64,1900.67,42858.41,81543670.3817
1787018400000,1900.67,1902.91,1888.45,1892.4,62126.17,117665836.9631
1787022000000,1892.4,1894.72,1884.12,1893.69,55749.1,105398044.2496
1787025600000,1893.69,1896.5,1890.51,1895.62,20755.85,39308508.6471
1787029200000,1895.62,1897.76,1891.62,1894.44,18836.71,35697435.0432
1787032800000,1894.44,1906,1892.47,1901.88,32513.95,61782570.8728
1787036400000,1901.88,1902.45,1896.09,1897.58,14339.84,27233927.7854
1787040000000,1897.58,1901.18,1892.53,1899.32,19217.34,36456165.4917
1787043600000,1899.32,1899.32,1894.47,1895.8,11023.7,20902467.3225
1787047200000,1895.8,1898.27,1894.18,1897.17,8654.88,16411770.6026
1787050800000,1897.17,1905.19,1896.73,1902.39,27836.29,52964398.2441
1787054400000,1902.39,1903.39,1897.94,1898.53,12593.25,23932665.7001
1787058000000,1898.53,1899.28,1892.89,1896.94,35432.25,67181472.6698
1787061600000,1896.94,1922.9,1896.26,1910.44,146846.99,280813454.3408
1787065200000,1910.44,1918.93,1907.41,1916.95,66863.9,128002854.4042
1787068800000,1916.95,1921.71,1911.76,1917.7,37150.73,71204182.6047
1787072400000,1917.7,1917.97,1910.27,1910.47,25730.98,49241865.299
1787076000000,1910.47,1916.7,1909.81,1915.77,11104.43,21255020.159
1787079600000,1915.77,1917.15,1912.01,1912.71,18194.78,34837717.5572
1787083200000,1912.71,1915.32,1910.73,1911.97,26415,50518179.4611
1787086800000,1911.97,1914.36,1910.15,1911.3,9206.9,17606439.329
1787090400000,1911.3,1914.7,1910.72,1912.64,12074.62,23096460.8081
1787094000000,1912.64,1919.96,1912.18,1917.15,20481.68,39268235.8511
1787097600000,1917.15,1918.5,1911.09,1912.49,21124.36,40434052.7902
1787101200000,1912.49,1917.5,1911.38,1912.7,26016.69,49783779.426
1787104800000,1912.7,1913,1906.5,1906.92,39946.03,76272294.0706
1787108400000,1906.92,1915.21,1905,1911.18,45480.96,86875632.7212
1787112000000,1911.18,1914.22,1909.26,1909.84,10645.56,20345694.69
1787115600000,1909.84,1913.33,1908.69,1909.46,14793.3,28272325.5875
1787119200000,1909.46,1916.99,1905.37,1916.99,35149.43,67165748.4547
1787122800000,1916.99,1920.78,1914.56,1915.13,41241.9,79110587.1429
1787126400000,1915.13,1929.09,1914.35,1920.72,63327.02,121782891.3006
1787130000000,1920.72,1923.3,1917.23,1918.4,13624.77,26162014.6198
1787133600000,1918.4,1919.85,1916.34,1919.52,25105.13,48149735.8187
1787137200000,1919.52,1925.56,1919.21,1922.24,30136.93,57946012.0989
1787140800000,1922.24,1942.53,1921.5,1936.29,111757.06,215956635.3884
1787144400000,1936.29,1940.71,1927.06,1931.8,91929.6,177626870.0545
1787148000000,1931.8,1979.88,1931.79,1969.85,234084.13,457621984.6631
1787151600000,1969.85,2117.55,1966.56,2084.94,800259.57,1637176207.1073
1787155200000,2084.94,2107.82,2081.56,2088.61,158107.82,331081440.8863
1787158800000,2088.61,2092.22,2065.81,2090.07,96544.05,200727930.58
1787162400000,2090.07,2091.95,2078.16,2090.69,39083.57,81541987.0089
1787166000000,2090.69,2104.85,2087.91,2101.05,71387.02,149660224.4959
1787169600000,2101.05,2246.27,2100.97,2217.44,411241.42,893741667.8361
1787173200000,2217.44,2338.21,2215.16,2285.98,516961.18,1176588120.977
1787176800000,2285.98,2289.99,2240.59,2249.79,159906.28,361555606.4267
1787180400000,2249.79,2262.59,2243,2252.29,64630.36,145459516.6982
1787184000000,2252.29,2273.66,2251.32,2261.79,92911.57,210248946.3069
1787187600000,2261.79,2270.51,2249.18,2265.87,86784.32,196086968.8934
1787191200000,2265.87,2270.25,2249.28,2251.25,42904.85,96955568.4883
1787194800000,2251.25,2258.37,2219.87,2250.92,98447.49,220248810.7116
1787198400000,2250.92,2258.09,2247.95,2249.8,31103.25,70099837.0365
1787202000000,2249.8,2256.66,2243.27,2248.08,20140.08,45318688.2041
1787205600000,2248.08,2267,2238.08,2262.09,73000.21,164499553.4106
1787209200000,2262.09,2263.5,2243.98,2252.11,51417.43,115767457.2344
1787212800000,2252.11,2287.42,2249,2281.8,136686.12,310733309.5762
1787216400000,2281.8,2297.84,2274.25,2278.31,106321.37,243148429.8964
1787220000000,2278.31,2294.67,2275,2285.98,51084.15,116727365.4007
1787223600000,2285.98,2318.36,2281.05,2295.26,124449.3,286462226.6198
1787227200000,2295.26,2299.88,2266.11,2289.46,146909.78,334934377.1161
1787230800000,2289.46,2298.28,2252.19,2275.78,152599.8,347106887.9545
1787234400000,2275.78,2289.07,2270.4,2280.33,76782.09,174999795.5969
1787238000000,2280.33,2337.66,2280.33,2325.01,231029.06,533305864.7883
1787241600000,2325.01,2359.2,2313.03,2343.98,157333.22,367560216.9456
1787245200000,2343.98,2353.35,2331.65,2343.13,64262.99,150529399.1185
1787248800000,2343.13,2346.95,2309.44,2315.5,105933.58,246229003.9735
1787252400000,2315.5,2332.04,2310.4,2322.98,55643.66,129285099.3087
1787256000000,2322.98,2330.71,2312.7,2317.34,37472.84,86986884.5989
1787259600000,2317.34,2325.16,2312.16,2317.77,20587.21,47725620.9718
1787263200000,2317.77,2318.1,2304.63,2313.29,38087.16,88052240.1227
1787266800000,2313.29,2340.3,2312.07,2326.24,37814.74,88046753.0204
1787270400000,2326.24,2351.15,2324.05,2340,85269.82,199447112.3994
1787274000000,2340,2381.58,2336.9,2358.5,149129.51,351842000.7345
1787277600000,2358.5,2364.69,2341.54,2344.64,62546.77,147086755.9865
1787281200000,2344.64,2354,2336.14,2340.09,41200.13,96648432.8856
1787284800000,2340.09,2355.4,2340.09,2353.7,30672.6,72016757.6931
1787288400000,2353.7,2368.73,2348.66,2367.48,52432.93,123584311.4243
1787292000000,2367.48,2384.54,2353.85,2371.64,108593.47,257350433.6315
1787295600000,2371.64,2398.9,2367.38,2371.87,157770.31,375918941.9846
1787299200000,2371.87,2449.48,2370.1,2444.9,265178.81,640092269.2217
1787302800000,2444.9,2447.22,2375.29,2403.78,225104.23,540766078.4726
1787306400000,2403.78,2411.89,2390.2,2394.87,53304.21,127894527.1417
1787310000000,2394.87,2398.8,2355.64,2370.38,128779.92,305770688.9673
1787313600000,2370.38,2397.37,2364.92,2387.88,69628.46,165846632.2642
1787317200000,2387.88,2406.34,2367,2386.94,119870.44,286135700.107
1787320800000,2386.94,2397.33,2368.01,2393.06,104481.33,248800375.2979
1787324400000,2393.06,2408.2,2390.8,2392.88,52832.92,126783010.9862
1787328000000,2392.88,2413.09,2382.84,2405.35,65365.07,156607136.788
1787331600000,2405.35,2427.1,2401.17,2422.9,78281.81,189198579.8966
1787335200000,2422.9,2431.72,2394.54,2419.76,93663.75,226074077.2188
1787338800000,2419.76,2420.19,2406.17,2412.42,31494.13,75993833.3923
1787342400000,2412.42,2447.87,2407.55,2440.15,94281.74,229473540.2568
1787346000000,2440.15,2522.5,2433.55,2513.51,191378.63,474833019.4031
1787349600000,2513.51,2549.15,2506.84,2521.65,147361.4,372956233.8656
1787353200000,2521.65,2547.55,2509.19,2515.9,96445.88,243544088.4433
